ISO-10303-21;
HEADER;
FILE_DESCRIPTION((''),'2;1');
FILE_NAME('C-2492111-5','2025-03-23T22:51:07',('workeradm'),(''),
'CREO PARAMETRIC BY PTC INC, 2024374','CREO PARAMETRIC BY PTC INC, 2024374','');
FILE_SCHEMA(('AUTOMOTIVE_DESIGN { 1 0 10303 214 1 1 1 1 }'));
ENDSEC;
DATA;
#14=CARTESIAN_POINT('',(2.049E0,7.E-1,-3.95E0));
#15=DIRECTION('',(0.E0,-1.E0,0.E0));
#16=DIRECTION('',(-1.E0,0.E0,0.E0));
#17=AXIS2_PLACEMENT_3D('',#14,#15,#16);
#19=DIRECTION('',(0.E0,-1.E0,0.E0));
#20=VECTOR('',#19,2.85E-1);
#21=CARTESIAN_POINT('',(2.049E0,9.85E-1,-4.05E0));
#22=LINE('',#21,#20);
#23=DIRECTION('',(1.558207753860E-14,-1.E0,0.E0));
#24=VECTOR('',#23,2.85E-1);
#25=CARTESIAN_POINT('',(2.939945256222E0,9.85E-1,-4.05E0));
#26=LINE('',#25,#24);
#27=DIRECTION('',(0.E0,-1.E0,0.E0));
#28=VECTOR('',#27,2.85E-1);
#29=CARTESIAN_POINT('',(2.049E0,-7.E-1,-4.05E0));
#30=LINE('',#29,#28);
#31=DIRECTION('',(-1.558207753860E-14,-1.E0,0.E0));
#32=VECTOR('',#31,2.85E-1);
#33=CARTESIAN_POINT('',(2.939945256222E0,-7.E-1,-4.05E0));
#34=LINE('',#33,#32);
#35=DIRECTION('',(0.E0,0.E0,1.E0));
#36=VECTOR('',#35,5.E-2);
#37=CARTESIAN_POINT('',(-2.72E0,7.E-1,-1.3E0));
#38=LINE('',#37,#36);
#39=DIRECTION('',(-1.E0,0.E0,0.E0));
#40=VECTOR('',#39,3.8E-1);
#41=CARTESIAN_POINT('',(-2.72E0,7.E-1,-1.25E0));
#42=LINE('',#41,#40);
#43=DIRECTION('',(0.E0,0.E0,1.E0));
#44=VECTOR('',#43,5.E-2);
#45=CARTESIAN_POINT('',(-3.1E0,7.E-1,-1.3E0));
#46=LINE('',#45,#44);
#47=DIRECTION('',(0.E0,0.E0,-1.E0));
#48=VECTOR('',#47,5.E-2);
#49=CARTESIAN_POINT('',(2.72E0,7.E-1,-1.25E0));
#50=LINE('',#49,#48);
#51=DIRECTION('',(0.E0,0.E0,-1.E0));
#52=VECTOR('',#51,5.E-2);
#53=CARTESIAN_POINT('',(3.1E0,7.E-1,-1.25E0));
#54=LINE('',#53,#52);
#55=DIRECTION('',(-1.E0,0.E0,0.E0));
#56=VECTOR('',#55,3.8E-1);
#57=CARTESIAN_POINT('',(3.1E0,7.E-1,-1.25E0));
#58=LINE('',#57,#56);
#59=DIRECTION('',(0.E0,0.E0,1.E0));
#60=VECTOR('',#59,3.E-1);
#61=CARTESIAN_POINT('',(-1.1E0,7.E-1,-4.15E0));
#62=LINE('',#61,#60);
#63=DIRECTION('',(0.E0,0.E0,1.E0));
#64=VECTOR('',#63,2.6E0);
#65=CARTESIAN_POINT('',(-1.45E0,7.E-1,-3.85E0));
#66=LINE('',#65,#64);
#67=DIRECTION('',(-1.E0,0.E0,0.E0));
#68=VECTOR('',#67,2.5E-1);
#69=CARTESIAN_POINT('',(-1.45E0,7.E-1,-1.25E0));
#70=LINE('',#69,#68);
#71=DIRECTION('',(0.E0,0.E0,-1.E0));
#72=VECTOR('',#71,5.E-2);
#73=CARTESIAN_POINT('',(-1.7E0,7.E-1,-1.25E0));
#74=LINE('',#73,#72);
#75=CARTESIAN_POINT('',(-1.67E0,7.E-1,-1.5E0));
#76=DIRECTION('',(0.E0,1.E0,0.E0));
#77=DIRECTION('',(0.E0,0.E0,1.E0));
#78=AXIS2_PLACEMENT_3D('',#75,#76,#77);
#80=DIRECTION('',(0.E0,0.E0,-1.E0));
#81=VECTOR('',#80,3.5E-1);
#82=CARTESIAN_POINT('',(-1.47E0,7.E-1,-1.5E0));
#83=LINE('',#82,#81);
#84=DIRECTION('',(0.E0,0.E0,-1.E0));
#85=VECTOR('',#84,1.9E0);
#86=CARTESIAN_POINT('',(-1.452180148829E0,7.E-1,-1.85E0));
#87=LINE('',#86,#85);
#88=DIRECTION('',(0.E0,0.E0,-1.E0));
#89=VECTOR('',#88,1.E-1);
#90=CARTESIAN_POINT('',(-1.7E0,7.E-1,-3.75E0));
#91=LINE('',#90,#89);
#92=DIRECTION('',(-1.E0,0.E0,0.E0));
#93=VECTOR('',#92,2.49E-1);
#94=CARTESIAN_POINT('',(-1.7E0,7.E-1,-3.85E0));
#95=LINE('',#94,#93);
#96=DIRECTION('',(-1.E0,0.E0,0.E0));
#97=VECTOR('',#96,8.909452562225E-1);
#98=CARTESIAN_POINT('',(-2.049E0,7.E-1,-4.05E0));
#99=LINE('',#98,#97);
#100=CARTESIAN_POINT('',(-2.939945256222E0,7.E-1,-3.85E0));
#101=DIRECTION('',(0.E0,1.E0,0.E0));
#102=DIRECTION('',(-6.217248937901E-14,0.E0,-1.E0));
#103=AXIS2_PLACEMENT_3D('',#100,#101,#102);
#105=DIRECTION('',(-9.074770925238E-1,0.E0,4.201015669389E-1));
#106=VECTOR('',#105,7.497096174682E-2);
#107=CARTESIAN_POINT('',(-3.023965569610E0,7.E-1,-4.031495418505E0));
#108=LINE('',#107,#106);
#109=DIRECTION('',(1.E0,0.E0,0.E0));
#110=VECTOR('',#109,7.999999999997E-3);
#111=CARTESIAN_POINT('',(-3.1E0,7.E-1,-4.E0));
#112=LINE('',#111,#110);
#113=DIRECTION('',(0.E0,0.E0,1.E0));
#114=VECTOR('',#113,1.5E-1);
#115=CARTESIAN_POINT('',(-3.1E0,7.E-1,-4.15E0));
#116=LINE('',#115,#114);
#117=DIRECTION('',(1.E0,0.E0,0.E0));
#118=VECTOR('',#117,2.E0);
#119=CARTESIAN_POINT('',(-3.1E0,7.E-1,-4.15E0));
#120=LINE('',#119,#118);
#121=DIRECTION('',(0.E0,0.E0,1.E0));
#122=VECTOR('',#121,3.E-1);
#123=CARTESIAN_POINT('',(-6.E-1,7.E-1,-4.15E0));
#124=LINE('',#123,#122);
#125=DIRECTION('',(0.E0,0.E0,1.E0));
#126=VECTOR('',#125,3.E-1);
#127=CARTESIAN_POINT('',(-9.E-1,7.E-1,-4.15E0));
#128=LINE('',#127,#126);
#129=DIRECTION('',(1.E0,0.E0,0.E0));
#130=VECTOR('',#129,3.E-1);
#131=CARTESIAN_POINT('',(-9.E-1,7.E-1,-4.15E0));
#132=LINE('',#131,#130);
#133=DIRECTION('',(0.E0,0.E0,1.E0));
#134=VECTOR('',#133,3.E-1);
#135=CARTESIAN_POINT('',(-1.E-1,7.E-1,-4.15E0));
#136=LINE('',#135,#134);
#137=DIRECTION('',(0.E0,0.E0,1.E0));
#138=VECTOR('',#137,3.E-1);
#139=CARTESIAN_POINT('',(-4.E-1,7.E-1,-4.15E0));
#140=LINE('',#139,#138);
#141=DIRECTION('',(1.E0,0.E0,0.E0));
#142=VECTOR('',#141,3.E-1);
#143=CARTESIAN_POINT('',(-4.E-1,7.E-1,-4.15E0));
#144=LINE('',#143,#142);
#145=DIRECTION('',(0.E0,0.E0,1.E0));
#146=VECTOR('',#145,3.E-1);
#147=CARTESIAN_POINT('',(4.E-1,7.E-1,-4.15E0));
#148=LINE('',#147,#146);
#149=DIRECTION('',(0.E0,0.E0,1.E0));
#150=VECTOR('',#149,3.E-1);
#151=CARTESIAN_POINT('',(1.E-1,7.E-1,-4.15E0));
#152=LINE('',#151,#150);
#153=DIRECTION('',(1.E0,0.E0,0.E0));
#154=VECTOR('',#153,3.E-1);
#155=CARTESIAN_POINT('',(1.E-1,7.E-1,-4.15E0));
#156=LINE('',#155,#154);
#157=DIRECTION('',(0.E0,0.E0,1.E0));
#158=VECTOR('',#157,3.E-1);
#159=CARTESIAN_POINT('',(9.E-1,7.E-1,-4.15E0));
#160=LINE('',#159,#158);
#161=DIRECTION('',(0.E0,0.E0,1.E0));
#162=VECTOR('',#161,3.E-1);
#163=CARTESIAN_POINT('',(6.E-1,7.E-1,-4.15E0));
#164=LINE('',#163,#162);
#165=DIRECTION('',(1.E0,0.E0,0.E0));
#166=VECTOR('',#165,3.E-1);
#167=CARTESIAN_POINT('',(6.E-1,7.E-1,-4.15E0));
#168=LINE('',#167,#166);
#169=DIRECTION('',(0.E0,0.E0,1.E0));
#170=VECTOR('',#169,3.E-1);
#171=CARTESIAN_POINT('',(1.1E0,7.E-1,-4.15E0));
#172=LINE('',#171,#170);
#173=DIRECTION('',(1.E0,0.E0,0.E0));
#174=VECTOR('',#173,2.E0);
#175=CARTESIAN_POINT('',(1.1E0,7.E-1,-4.15E0));
#176=LINE('',#175,#174);
#177=DIRECTION('',(0.E0,0.E0,-1.E0));
#178=VECTOR('',#177,1.5E-1);
#179=CARTESIAN_POINT('',(3.1E0,7.E-1,-4.E0));
#180=LINE('',#179,#178);
#181=DIRECTION('',(1.E0,0.E0,0.E0));
#182=VECTOR('',#181,7.999999999997E-3);
#183=CARTESIAN_POINT('',(3.092E0,7.E-1,-4.E0));
#184=LINE('',#183,#182);
#185=DIRECTION('',(-9.074770925238E-1,0.E0,-4.201015669389E-1));
#186=VECTOR('',#185,7.497096174683E-2);
#187=CARTESIAN_POINT('',(3.092E0,7.E-1,-4.E0));
#188=LINE('',#187,#186);
#189=CARTESIAN_POINT('',(2.939945256222E0,7.E-1,-3.85E0));
#190=DIRECTION('',(0.E0,1.E0,0.E0));
#191=DIRECTION('',(4.201015669389E-1,0.E0,-9.074770925238E-1));
#192=AXIS2_PLACEMENT_3D('',#189,#190,#191);
#194=DIRECTION('',(-1.E0,0.E0,0.E0));
#195=VECTOR('',#194,8.909452562225E-1);
#196=CARTESIAN_POINT('',(2.939945256222E0,7.E-1,-4.05E0));
#197=LINE('',#196,#195);
#198=DIRECTION('',(-1.E0,0.E0,0.E0));
#199=VECTOR('',#198,2.49E-1);
#200=CARTESIAN_POINT('',(1.949E0,7.E-1,-3.85E0));
#201=LINE('',#200,#199);
#202=DIRECTION('',(0.E0,0.E0,-1.E0));
#203=VECTOR('',#202,1.E-1);
#204=CARTESIAN_POINT('',(1.7E0,7.E-1,-3.75E0));
#205=LINE('',#204,#203);
#206=DIRECTION('',(0.E0,0.E0,-1.E0));
#207=VECTOR('',#206,1.9E0);
#208=CARTESIAN_POINT('',(1.452180148829E0,7.E-1,-1.85E0));
#209=LINE('',#208,#207);
#210=DIRECTION('',(0.E0,0.E0,1.E0));
#211=VECTOR('',#210,3.5E-1);
#212=CARTESIAN_POINT('',(1.47E0,7.E-1,-1.85E0));
#213=LINE('',#212,#211);
#214=CARTESIAN_POINT('',(1.67E0,7.E-1,-1.5E0));
#215=DIRECTION('',(0.E0,1.E0,0.E0));
#216=DIRECTION('',(-1.E0,0.E0,0.E0));
#217=AXIS2_PLACEMENT_3D('',#214,#215,#216);
#219=DIRECTION('',(0.E0,0.E0,-1.E0));
#220=VECTOR('',#219,5.E-2);
#221=CARTESIAN_POINT('',(1.7E0,7.E-1,-1.25E0));
#222=LINE('',#221,#220);
#223=DIRECTION('',(-1.E0,0.E0,0.E0));
#224=VECTOR('',#223,2.5E-1);
#225=CARTESIAN_POINT('',(1.7E0,7.E-1,-1.25E0));
#226=LINE('',#225,#224);
#227=DIRECTION('',(0.E0,0.E0,-1.E0));
#228=VECTOR('',#227,2.6E0);
#229=CARTESIAN_POINT('',(1.45E0,7.E-1,-1.25E0));
#230=LINE('',#229,#228);
#231=DIRECTION('',(1.E0,0.E0,0.E0));
#232=VECTOR('',#231,9.6E-2);
#233=CARTESIAN_POINT('',(-3.196E0,-4.75E-1,-1.3E0));
#234=LINE('',#233,#232);
#235=DIRECTION('',(1.E0,0.E0,0.E0));
#236=VECTOR('',#235,3.8E-1);
#237=CARTESIAN_POINT('',(-3.1E0,-7.E-1,-1.3E0));
#238=LINE('',#237,#236);
#239=DIRECTION('',(0.E0,-1.E0,0.E0));
#240=VECTOR('',#239,8.5E-2);
#241=CARTESIAN_POINT('',(-2.72E0,-7.E-1,-1.3E0));
#242=LINE('',#241,#240);
#243=DIRECTION('',(1.E0,0.E0,0.E0));
#244=VECTOR('',#243,1.02E0);
#245=CARTESIAN_POINT('',(-2.72E0,-7.85E-1,-1.3E0));
#246=LINE('',#245,#244);
#247=DIRECTION('',(0.E0,-1.E0,0.E0));
#248=VECTOR('',#247,8.5E-2);
#249=CARTESIAN_POINT('',(-1.7E0,-7.E-1,-1.3E0));
#250=LINE('',#249,#248);
#251=DIRECTION('',(1.E0,0.E0,0.E0));
#252=VECTOR('',#251,3.E-2);
#253=CARTESIAN_POINT('',(-1.7E0,-7.E-1,-1.3E0));
#254=LINE('',#253,#252);
#255=DIRECTION('',(-1.E0,0.E0,0.E0));
#256=VECTOR('',#255,1.58E0);
#257=CARTESIAN_POINT('',(-1.67E0,-9.85E-1,-1.3E0));
#258=LINE('',#257,#256);
#259=CARTESIAN_POINT('',(-3.25E0,-7.35E-1,-1.3E0));
#260=DIRECTION('',(0.E0,0.E0,-1.E0));
#261=DIRECTION('',(0.E0,-1.E0,0.E0));
#262=AXIS2_PLACEMENT_3D('',#259,#260,#261);
#264=DIRECTION('',(0.E0,1.E0,0.E0));
#265=VECTOR('',#264,1.47E0);
#266=CARTESIAN_POINT('',(-3.5E0,-7.35E-1,-1.3E0));
#267=LINE('',#266,#265);
#268=CARTESIAN_POINT('',(-3.25E0,7.35E-1,-1.3E0));
#269=DIRECTION('',(0.E0,0.E0,-1.E0));
#270=DIRECTION('',(-1.E0,0.E0,0.E0));
#271=AXIS2_PLACEMENT_3D('',#268,#269,#270);
#273=DIRECTION('',(1.E0,0.E0,0.E0));
#274=VECTOR('',#273,1.58E0);
#275=CARTESIAN_POINT('',(-3.25E0,9.85E-1,-1.3E0));
#276=LINE('',#275,#274);
#277=DIRECTION('',(-1.E0,0.E0,0.E0));
#278=VECTOR('',#277,3.E-2);
#279=CARTESIAN_POINT('',(-1.67E0,7.E-1,-1.3E0));
#280=LINE('',#279,#278);
#281=DIRECTION('',(0.E0,1.E0,0.E0));
#282=VECTOR('',#281,8.5E-2);
#283=CARTESIAN_POINT('',(-1.7E0,7.E-1,-1.3E0));
#284=LINE('',#283,#282);
#285=DIRECTION('',(1.E0,0.E0,0.E0));
#286=VECTOR('',#285,1.02E0);
#287=CARTESIAN_POINT('',(-2.72E0,7.85E-1,-1.3E0));
#288=LINE('',#287,#286);
#289=DIRECTION('',(0.E0,1.E0,0.E0));
#290=VECTOR('',#289,8.5E-2);
#291=CARTESIAN_POINT('',(-2.72E0,7.E-1,-1.3E0));
#292=LINE('',#291,#290);
#293=DIRECTION('',(-1.E0,0.E0,0.E0));
#294=VECTOR('',#293,3.8E-1);
#295=CARTESIAN_POINT('',(-2.72E0,7.E-1,-1.3E0));
#296=LINE('',#295,#294);
#297=DIRECTION('',(1.E0,0.E0,0.E0));
#298=VECTOR('',#297,9.6E-2);
#299=CARTESIAN_POINT('',(-3.196E0,4.75E-1,-1.3E0));
#300=LINE('',#299,#298);
#301=DIRECTION('',(0.E0,1.E0,0.E0));
#302=VECTOR('',#301,9.5E-1);
#303=CARTESIAN_POINT('',(-3.196E0,-4.75E-1,-1.3E0));
#304=LINE('',#303,#302);
#305=DIRECTION('',(1.E0,0.E0,0.E0));
#306=VECTOR('',#305,9.6E-2);
#307=CARTESIAN_POINT('',(3.1E0,-4.75E-1,-1.3E0));
#308=LINE('',#307,#306);
#309=DIRECTION('',(0.E0,1.E0,0.E0));
#310=VECTOR('',#309,9.5E-1);
#311=CARTESIAN_POINT('',(3.196E0,-4.75E-1,-1.3E0));
#312=LINE('',#311,#310);
#313=DIRECTION('',(1.E0,0.E0,0.E0));
#314=VECTOR('',#313,9.6E-2);
#315=CARTESIAN_POINT('',(3.1E0,4.75E-1,-1.3E0));
#316=LINE('',#315,#314);
#317=DIRECTION('',(-1.E0,0.E0,0.E0));
#318=VECTOR('',#317,3.8E-1);
#319=CARTESIAN_POINT('',(3.1E0,7.E-1,-1.3E0));
#320=LINE('',#319,#318);
#321=DIRECTION('',(0.E0,1.E0,0.E0));
#322=VECTOR('',#321,8.5E-2);
#323=CARTESIAN_POINT('',(2.72E0,7.E-1,-1.3E0));
#324=LINE('',#323,#322);
#325=DIRECTION('',(1.E0,0.E0,0.E0));
#326=VECTOR('',#325,1.02E0);
#327=CARTESIAN_POINT('',(1.7E0,7.85E-1,-1.3E0));
#328=LINE('',#327,#326);
#329=DIRECTION('',(0.E0,1.E0,0.E0));
#330=VECTOR('',#329,8.5E-2);
#331=CARTESIAN_POINT('',(1.7E0,7.E-1,-1.3E0));
#332=LINE('',#331,#330);
#333=DIRECTION('',(-1.E0,0.E0,0.E0));
#334=VECTOR('',#333,3.E-2);
#335=CARTESIAN_POINT('',(1.7E0,7.E-1,-1.3E0));
#336=LINE('',#335,#334);
#337=DIRECTION('',(0.E0,-1.E0,0.E0));
#338=VECTOR('',#337,2.85E-1);
#339=CARTESIAN_POINT('',(1.67E0,9.85E-1,-1.3E0));
#340=LINE('',#339,#338);
#341=DIRECTION('',(1.E0,0.E0,0.E0));
#342=VECTOR('',#341,1.58E0);
#343=CARTESIAN_POINT('',(1.67E0,9.85E-1,-1.3E0));
#344=LINE('',#343,#342);
#345=CARTESIAN_POINT('',(3.25E0,7.35E-1,-1.3E0));
#346=DIRECTION('',(0.E0,0.E0,-1.E0));
#347=DIRECTION('',(0.E0,1.E0,0.E0));
#348=AXIS2_PLACEMENT_3D('',#345,#346,#347);
#350=DIRECTION('',(0.E0,-1.E0,0.E0));
#351=VECTOR('',#350,1.47E0);
#352=CARTESIAN_POINT('',(3.5E0,7.35E-1,-1.3E0));
#353=LINE('',#352,#351);
#354=CARTESIAN_POINT('',(3.25E0,-7.35E-1,-1.3E0));
#355=DIRECTION('',(0.E0,0.E0,-1.E0));
#356=DIRECTION('',(1.E0,0.E0,0.E0));
#357=AXIS2_PLACEMENT_3D('',#354,#355,#356);
#359=DIRECTION('',(-1.E0,0.E0,0.E0));
#360=VECTOR('',#359,1.58E0);
#361=CARTESIAN_POINT('',(3.25E0,-9.85E-1,-1.3E0));
#362=LINE('',#361,#360);
#363=DIRECTION('',(0.E0,1.E0,0.E0));
#364=VECTOR('',#363,2.85E-1);
#365=CARTESIAN_POINT('',(1.67E0,-9.85E-1,-1.3E0));
#366=LINE('',#365,#364);
#367=DIRECTION('',(1.E0,0.E0,0.E0));
#368=VECTOR('',#367,3.E-2);
#369=CARTESIAN_POINT('',(1.67E0,-7.E-1,-1.3E0));
#370=LINE('',#369,#368);
#371=DIRECTION('',(0.E0,-1.E0,0.E0));
#372=VECTOR('',#371,8.5E-2);
#373=CARTESIAN_POINT('',(1.7E0,-7.E-1,-1.3E0));
#374=LINE('',#373,#372);
#375=DIRECTION('',(1.E0,0.E0,0.E0));
#376=VECTOR('',#375,1.02E0);
#377=CARTESIAN_POINT('',(1.7E0,-7.85E-1,-1.3E0));
#378=LINE('',#377,#376);
#379=DIRECTION('',(0.E0,-1.E0,0.E0));
#380=VECTOR('',#379,8.5E-2);
#381=CARTESIAN_POINT('',(2.72E0,-7.E-1,-1.3E0));
#382=LINE('',#381,#380);
#383=DIRECTION('',(1.E0,0.E0,0.E0));
#384=VECTOR('',#383,3.8E-1);
#385=CARTESIAN_POINT('',(2.72E0,-7.E-1,-1.3E0));
#386=LINE('',#385,#384);
#387=DIRECTION('',(-7.974522228288E-2,0.E0,9.968152785361E-1));
#388=VECTOR('',#387,5.015974481594E-2);
#389=CARTESIAN_POINT('',(-3.196E0,-4.75E-1,-1.3E0));
#390=LINE('',#389,#388);
#391=DIRECTION('',(-7.974522228288E-2,0.E0,-9.968152785361E-1));
#392=VECTOR('',#391,5.015974481594E-2);
#393=CARTESIAN_POINT('',(3.2E0,-4.75E-1,-1.25E0));
#394=LINE('',#393,#392);
#395=DIRECTION('',(1.E0,0.E0,0.E0));
#396=VECTOR('',#395,1.E-1);
#397=CARTESIAN_POINT('',(-3.2E0,-4.75E-1,-1.25E0));
#398=LINE('',#397,#396);
#399=DIRECTION('',(0.E0,1.E0,0.E0));
#400=VECTOR('',#399,9.5E-1);
#401=CARTESIAN_POINT('',(-3.2E0,-4.75E-1,-1.25E0));
#402=LINE('',#401,#400);
#403=DIRECTION('',(1.E0,0.E0,0.E0));
#404=VECTOR('',#403,1.E-1);
#405=CARTESIAN_POINT('',(-3.2E0,4.75E-1,-1.25E0));
#406=LINE('',#405,#404);
#407=DIRECTION('',(0.E0,1.E0,0.E0));
#408=VECTOR('',#407,2.25E-1);
#409=CARTESIAN_POINT('',(-3.1E0,4.75E-1,-1.25E0));
#410=LINE('',#409,#408);
#411=DIRECTION('',(0.E0,1.E0,0.E0));
#412=VECTOR('',#411,8.5E-2);
#413=CARTESIAN_POINT('',(-2.72E0,7.E-1,-1.25E0));
#414=LINE('',#413,#412);
#415=DIRECTION('',(1.E0,0.E0,0.E0));
#416=VECTOR('',#415,1.02E0);
#417=CARTESIAN_POINT('',(-2.72E0,7.85E-1,-1.25E0));
#418=LINE('',#417,#416);
#419=DIRECTION('',(0.E0,1.E0,0.E0));
#420=VECTOR('',#419,8.5E-2);
#421=CARTESIAN_POINT('',(-1.7E0,7.E-1,-1.25E0));
#422=LINE('',#421,#420);
#423=DIRECTION('',(0.E0,1.E0,0.E0));
#424=VECTOR('',#423,2.E-1);
#425=CARTESIAN_POINT('',(-1.45E0,7.E-1,-1.25E0));
#426=LINE('',#425,#424);
#427=DIRECTION('',(1.E0,0.E0,0.E0));
#428=VECTOR('',#427,2.6E0);
#429=CARTESIAN_POINT('',(-4.05E0,9.E-1,-1.25E0));
#430=LINE('',#429,#428);
#431=DIRECTION('',(0.E0,1.E0,0.E0));
#432=VECTOR('',#431,1.8E0);
#433=CARTESIAN_POINT('',(-4.05E0,-9.E-1,-1.25E0));
#434=LINE('',#433,#432);
#435=DIRECTION('',(-1.E0,0.E0,0.E0));
#436=VECTOR('',#435,2.45E0);
#437=CARTESIAN_POINT('',(-1.6E0,-9.E-1,-1.25E0));
#438=LINE('',#437,#436);
#439=DIRECTION('',(0.E0,1.E0,0.E0));
#440=VECTOR('',#439,2.E-1);
#441=CARTESIAN_POINT('',(-1.6E0,-9.E-1,-1.25E0));
#442=LINE('',#441,#440);
#443=DIRECTION('',(1.E0,0.E0,0.E0));
#444=VECTOR('',#443,1.E-1);
#445=CARTESIAN_POINT('',(-1.7E0,-7.E-1,-1.25E0));
#446=LINE('',#445,#444);
#447=DIRECTION('',(0.E0,-1.E0,0.E0));
#448=VECTOR('',#447,8.5E-2);
#449=CARTESIAN_POINT('',(-1.7E0,-7.E-1,-1.25E0));
#450=LINE('',#449,#448);
#451=DIRECTION('',(1.E0,0.E0,0.E0));
#452=VECTOR('',#451,1.02E0);
#453=CARTESIAN_POINT('',(-2.72E0,-7.85E-1,-1.25E0));
#454=LINE('',#453,#452);
#455=DIRECTION('',(0.E0,-1.E0,0.E0));
#456=VECTOR('',#455,8.5E-2);
#457=CARTESIAN_POINT('',(-2.72E0,-7.E-1,-1.25E0));
#458=LINE('',#457,#456);
#459=DIRECTION('',(1.E0,0.E0,0.E0));
#460=VECTOR('',#459,3.8E-1);
#461=CARTESIAN_POINT('',(-3.1E0,-7.E-1,-1.25E0));
#462=LINE('',#461,#460);
#463=DIRECTION('',(0.E0,1.E0,0.E0));
#464=VECTOR('',#463,2.25E-1);
#465=CARTESIAN_POINT('',(-3.1E0,-7.E-1,-1.25E0));
#466=LINE('',#465,#464);
#467=DIRECTION('',(1.E0,0.E0,0.E0));
#468=VECTOR('',#467,1.E-1);
#469=CARTESIAN_POINT('',(3.1E0,-4.75E-1,-1.25E0));
#470=LINE('',#469,#468);
#471=DIRECTION('',(0.E0,1.E0,0.E0));
#472=VECTOR('',#471,2.25E-1);
#473=CARTESIAN_POINT('',(3.1E0,-7.E-1,-1.25E0));
#474=LINE('',#473,#472);
#475=DIRECTION('',(1.E0,0.E0,0.E0));
#476=VECTOR('',#475,3.8E-1);
#477=CARTESIAN_POINT('',(2.72E0,-7.E-1,-1.25E0));
#478=LINE('',#477,#476);
#479=DIRECTION('',(0.E0,-1.E0,0.E0));
#480=VECTOR('',#479,8.5E-2);
#481=CARTESIAN_POINT('',(2.72E0,-7.E-1,-1.25E0));
#482=LINE('',#481,#480);
#483=DIRECTION('',(1.E0,0.E0,0.E0));
#484=VECTOR('',#483,1.02E0);
#485=CARTESIAN_POINT('',(1.7E0,-7.85E-1,-1.25E0));
#486=LINE('',#485,#484);
#487=DIRECTION('',(0.E0,-1.E0,0.E0));
#488=VECTOR('',#487,8.5E-2);
#489=CARTESIAN_POINT('',(1.7E0,-7.E-1,-1.25E0));
#490=LINE('',#489,#488);
#491=DIRECTION('',(1.E0,0.E0,0.E0));
#492=VECTOR('',#491,1.E-1);
#493=CARTESIAN_POINT('',(1.6E0,-7.E-1,-1.25E0));
#494=LINE('',#493,#492);
#495=DIRECTION('',(0.E0,1.E0,0.E0));
#496=VECTOR('',#495,2.E-1);
#497=CARTESIAN_POINT('',(1.6E0,-9.E-1,-1.25E0));
#498=LINE('',#497,#496);
#499=DIRECTION('',(-1.E0,0.E0,0.E0));
#500=VECTOR('',#499,2.45E0);
#501=CARTESIAN_POINT('',(4.05E0,-9.E-1,-1.25E0));
#502=LINE('',#501,#500);
#503=DIRECTION('',(0.E0,-1.E0,0.E0));
#504=VECTOR('',#503,1.8E0);
#505=CARTESIAN_POINT('',(4.05E0,9.E-1,-1.25E0));
#506=LINE('',#505,#504);
#507=DIRECTION('',(1.E0,0.E0,0.E0));
#508=VECTOR('',#507,2.6E0);
#509=CARTESIAN_POINT('',(1.45E0,9.E-1,-1.25E0));
#510=LINE('',#509,#508);
#511=DIRECTION('',(0.E0,1.E0,0.E0));
#512=VECTOR('',#511,2.E-1);
#513=CARTESIAN_POINT('',(1.45E0,7.E-1,-1.25E0));
#514=LINE('',#513,#512);
#515=DIRECTION('',(0.E0,1.E0,0.E0));
#516=VECTOR('',#515,8.5E-2);
#517=CARTESIAN_POINT('',(1.7E0,7.E-1,-1.25E0));
#518=LINE('',#517,#516);
#519=DIRECTION('',(1.E0,0.E0,0.E0));
#520=VECTOR('',#519,1.02E0);
#521=CARTESIAN_POINT('',(1.7E0,7.85E-1,-1.25E0));
#522=LINE('',#521,#520);
#523=DIRECTION('',(0.E0,1.E0,0.E0));
#524=VECTOR('',#523,8.5E-2);
#525=CARTESIAN_POINT('',(2.72E0,7.E-1,-1.25E0));
#526=LINE('',#525,#524);
#527=DIRECTION('',(0.E0,1.E0,0.E0));
#528=VECTOR('',#527,2.25E-1);
#529=CARTESIAN_POINT('',(3.1E0,4.75E-1,-1.25E0));
#530=LINE('',#529,#528);
#531=DIRECTION('',(1.E0,0.E0,0.E0));
#532=VECTOR('',#531,1.E-1);
#533=CARTESIAN_POINT('',(3.1E0,4.75E-1,-1.25E0));
#534=LINE('',#533,#532);
#535=DIRECTION('',(0.E0,1.E0,0.E0));
#536=VECTOR('',#535,9.5E-1);
#537=CARTESIAN_POINT('',(3.2E0,-4.75E-1,-1.25E0));
#538=LINE('',#537,#536);
#539=DIRECTION('',(-7.974522228288E-2,0.E0,9.968152785361E-1));
#540=VECTOR('',#539,5.015974481594E-2);
#541=CARTESIAN_POINT('',(-3.196E0,4.75E-1,-1.3E0));
#542=LINE('',#541,#540);
#543=DIRECTION('',(-7.974522228288E-2,0.E0,-9.968152785361E-1));
#544=VECTOR('',#543,5.015974481594E-2);
#545=CARTESIAN_POINT('',(3.2E0,4.75E-1,-1.25E0));
#546=LINE('',#545,#544);
#547=DIRECTION('',(0.E0,0.E0,-1.E0));
#548=VECTOR('',#547,5.E-2);
#549=CARTESIAN_POINT('',(-3.1E0,-4.75E-1,-1.25E0));
#550=LINE('',#549,#548);
#551=DIRECTION('',(0.E0,1.E0,0.E0));
#552=VECTOR('',#551,2.25E-1);
#553=CARTESIAN_POINT('',(-3.1E0,-7.E-1,-1.3E0));
#554=LINE('',#553,#552);
#555=DIRECTION('',(0.E0,0.E0,-1.E0));
#556=VECTOR('',#555,5.E-2);
#557=CARTESIAN_POINT('',(-3.1E0,4.75E-1,-1.25E0));
#558=LINE('',#557,#556);
#559=DIRECTION('',(0.E0,1.E0,0.E0));
#560=VECTOR('',#559,2.25E-1);
#561=CARTESIAN_POINT('',(-3.1E0,4.75E-1,-1.3E0));
#562=LINE('',#561,#560);
#563=DIRECTION('',(0.E0,-1.E0,0.E0));
#564=VECTOR('',#563,8.357864376269E-2);
#565=CARTESIAN_POINT('',(-3.1E0,7.E-1,-4.15E0));
#566=LINE('',#565,#564);
#567=DIRECTION('',(0.E0,1.E0,0.E0));
#568=VECTOR('',#567,8.357864376269E-2);
#569=CARTESIAN_POINT('',(-3.1E0,6.164213562373E-1,-4.E0));
#570=LINE('',#569,#568);
#571=DIRECTION('',(0.E0,0.E0,1.E0));
#572=VECTOR('',#571,1.5E-1);
#573=CARTESIAN_POINT('',(-3.1E0,6.164213562373E-1,-4.15E0));
#574=LINE('',#573,#572);
#575=DIRECTION('',(0.E0,-1.E0,0.E0));
#576=VECTOR('',#575,8.357864376269E-2);
#577=CARTESIAN_POINT('',(-3.1E0,-6.164213562373E-1,-4.15E0));
#578=LINE('',#577,#576);
#579=DIRECTION('',(0.E0,0.E0,1.E0));
#580=VECTOR('',#579,1.5E-1);
#581=CARTESIAN_POINT('',(-3.1E0,-6.164213562373E-1,-4.15E0));
#582=LINE('',#581,#580);
#583=DIRECTION('',(0.E0,1.E0,0.E0));
#584=VECTOR('',#583,8.357864376269E-2);
#585=CARTESIAN_POINT('',(-3.1E0,-7.E-1,-4.E0));
#586=LINE('',#585,#584);
#587=DIRECTION('',(0.E0,0.E0,-1.E0));
#588=VECTOR('',#587,5.E-2);
#589=CARTESIAN_POINT('',(-2.72E0,-7.E-1,-1.25E0));
#590=LINE('',#589,#588);
#591=DIRECTION('',(0.E0,0.E0,1.E0));
#592=VECTOR('',#591,5.E-2);
#593=CARTESIAN_POINT('',(-3.1E0,-7.E-1,-1.3E0));
#594=LINE('',#593,#592);
#595=DIRECTION('',(0.E0,0.E0,-1.E0));
#596=VECTOR('',#595,5.E-2);
#597=CARTESIAN_POINT('',(2.72E0,-7.E-1,-1.25E0));
#598=LINE('',#597,#596);
#599=DIRECTION('',(0.E0,0.E0,-1.E0));
#600=VECTOR('',#599,5.E-2);
#601=CARTESIAN_POINT('',(3.1E0,-7.E-1,-1.25E0));
#602=LINE('',#601,#600);
#603=DIRECTION('',(0.E0,0.E0,-1.E0));
#604=VECTOR('',#603,3.E-1);
#605=CARTESIAN_POINT('',(-1.1E0,-7.E-1,-3.85E0));
#606=LINE('',#605,#604);
#607=DIRECTION('',(-1.E0,0.E0,0.E0));
#608=VECTOR('',#607,2.E0);
#609=CARTESIAN_POINT('',(-1.1E0,-7.E-1,-4.15E0));
#610=LINE('',#609,#608);
#611=DIRECTION('',(0.E0,0.E0,1.E0));
#612=VECTOR('',#611,1.5E-1);
#613=CARTESIAN_POINT('',(-3.1E0,-7.E-1,-4.15E0));
#614=LINE('',#613,#612);
#615=DIRECTION('',(1.E0,0.E0,0.E0));
#616=VECTOR('',#615,7.999999999997E-3);
#617=CARTESIAN_POINT('',(-3.1E0,-7.E-1,-4.E0));
#618=LINE('',#617,#616);
#619=DIRECTION('',(-9.074770925238E-1,0.E0,4.201015669389E-1));
#620=VECTOR('',#619,7.497096174682E-2);
#621=CARTESIAN_POINT('',(-3.023965569610E0,-7.E-1,-4.031495418505E0));
#622=LINE('',#621,#620);
#623=CARTESIAN_POINT('',(-2.939945256222E0,-7.E-1,-3.85E0));
#624=DIRECTION('',(0.E0,1.E0,0.E0));
#625=DIRECTION('',(-6.217248937901E-14,0.E0,-1.E0));
#626=AXIS2_PLACEMENT_3D('',#623,#624,#625);
#628=DIRECTION('',(-1.E0,0.E0,0.E0));
#629=VECTOR('',#628,8.909452562225E-1);
#630=CARTESIAN_POINT('',(-2.049E0,-7.E-1,-4.05E0));
#631=LINE('',#630,#629);
#632=DIRECTION('',(-1.E0,0.E0,0.E0));
#633=VECTOR('',#632,2.49E-1);
#634=CARTESIAN_POINT('',(-1.7E0,-7.E-1,-3.85E0));
#635=LINE('',#634,#633);
#636=DIRECTION('',(0.E0,0.E0,-1.E0));
#637=VECTOR('',#636,1.E-1);
#638=CARTESIAN_POINT('',(-1.7E0,-7.E-1,-3.75E0));
#639=LINE('',#638,#637);
#640=DIRECTION('',(0.E0,0.E0,-1.E0));
#641=VECTOR('',#640,1.9E0);
#642=CARTESIAN_POINT('',(-1.453985600994E0,-7.E-1,-1.85E0));
#643=LINE('',#642,#641);
#644=DIRECTION('',(0.E0,0.E0,-1.E0));
#645=VECTOR('',#644,3.5E-1);
#646=CARTESIAN_POINT('',(-1.47E0,-7.E-1,-1.5E0));
#647=LINE('',#646,#645);
#648=CARTESIAN_POINT('',(-1.67E0,-7.E-1,-1.5E0));
#649=DIRECTION('',(0.E0,1.E0,0.E0));
#650=DIRECTION('',(0.E0,0.E0,1.E0));
#651=AXIS2_PLACEMENT_3D('',#648,#649,#650);
#653=DIRECTION('',(0.E0,0.E0,-1.E0));
#654=VECTOR('',#653,5.E-2);
#655=CARTESIAN_POINT('',(-1.7E0,-7.E-1,-1.25E0));
#656=LINE('',#655,#654);
#657=DIRECTION('',(1.E0,0.E0,0.E0));
#658=VECTOR('',#657,1.5E-1);
#659=CARTESIAN_POINT('',(-1.6E0,-7.E-1,-1.25E0));
#660=LINE('',#659,#658);
#661=DIRECTION('',(0.E0,0.E0,-1.E0));
#662=VECTOR('',#661,2.6E0);
#663=CARTESIAN_POINT('',(-1.45E0,-7.E-1,-1.25E0));
#664=LINE('',#663,#662);
#665=DIRECTION('',(-1.E0,0.E0,0.E0));
#666=VECTOR('',#665,3.5E-1);
#667=CARTESIAN_POINT('',(-1.1E0,-7.E-1,-3.85E0));
#668=LINE('',#667,#666);
#669=DIRECTION('',(0.E0,0.E0,-1.E0));
#670=VECTOR('',#669,3.E-1);
#671=CARTESIAN_POINT('',(-6.E-1,-7.E-1,-3.85E0));
#672=LINE('',#671,#670);
#673=DIRECTION('',(-1.E0,0.E0,0.E0));
#674=VECTOR('',#673,3.E-1);
#675=CARTESIAN_POINT('',(-6.E-1,-7.E-1,-4.15E0));
#676=LINE('',#675,#674);
#677=DIRECTION('',(0.E0,0.E0,-1.E0));
#678=VECTOR('',#677,3.E-1);
#679=CARTESIAN_POINT('',(-9.E-1,-7.E-1,-3.85E0));
#680=LINE('',#679,#678);
#681=DIRECTION('',(-1.E0,0.E0,0.E0));
#682=VECTOR('',#681,3.E-1);
#683=CARTESIAN_POINT('',(-6.E-1,-7.E-1,-3.85E0));
#684=LINE('',#683,#682);
#685=DIRECTION('',(0.E0,0.E0,-1.E0));
#686=VECTOR('',#685,3.E-1);
#687=CARTESIAN_POINT('',(-1.E-1,-7.E-1,-3.85E0));
#688=LINE('',#687,#686);
#689=DIRECTION('',(-1.E0,0.E0,0.E0));
#690=VECTOR('',#689,3.E-1);
#691=CARTESIAN_POINT('',(-1.E-1,-7.E-1,-4.15E0));
#692=LINE('',#691,#690);
#693=DIRECTION('',(0.E0,0.E0,-1.E0));
#694=VECTOR('',#693,3.E-1);
#695=CARTESIAN_POINT('',(-4.E-1,-7.E-1,-3.85E0));
#696=LINE('',#695,#694);
#697=DIRECTION('',(-1.E0,0.E0,0.E0));
#698=VECTOR('',#697,3.E-1);
#699=CARTESIAN_POINT('',(-1.E-1,-7.E-1,-3.85E0));
#700=LINE('',#699,#698);
#701=DIRECTION('',(0.E0,0.E0,-1.E0));
#702=VECTOR('',#701,3.E-1);
#703=CARTESIAN_POINT('',(4.E-1,-7.E-1,-3.85E0));
#704=LINE('',#703,#702);
#705=DIRECTION('',(-1.E0,0.E0,0.E0));
#706=VECTOR('',#705,3.E-1);
#707=CARTESIAN_POINT('',(4.E-1,-7.E-1,-4.15E0));
#708=LINE('',#707,#706);
#709=DIRECTION('',(0.E0,0.E0,-1.E0));
#710=VECTOR('',#709,3.E-1);
#711=CARTESIAN_POINT('',(1.E-1,-7.E-1,-3.85E0));
#712=LINE('',#711,#710);
#713=DIRECTION('',(-1.E0,0.E0,0.E0));
#714=VECTOR('',#713,3.E-1);
#715=CARTESIAN_POINT('',(4.E-1,-7.E-1,-3.85E0));
#716=LINE('',#715,#714);
#717=DIRECTION('',(0.E0,0.E0,-1.E0));
#718=VECTOR('',#717,3.E-1);
#719=CARTESIAN_POINT('',(9.E-1,-7.E-1,-3.85E0));
#720=LINE('',#719,#718);
#721=DIRECTION('',(-1.E0,0.E0,0.E0));
#722=VECTOR('',#721,3.E-1);
#723=CARTESIAN_POINT('',(9.E-1,-7.E-1,-4.15E0));
#724=LINE('',#723,#722);
#725=DIRECTION('',(0.E0,0.E0,-1.E0));
#726=VECTOR('',#725,3.E-1);
#727=CARTESIAN_POINT('',(6.E-1,-7.E-1,-3.85E0));
#728=LINE('',#727,#726);
#729=DIRECTION('',(-1.E0,0.E0,0.E0));
#730=VECTOR('',#729,3.E-1);
#731=CARTESIAN_POINT('',(9.E-1,-7.E-1,-3.85E0));
#732=LINE('',#731,#730);
#733=DIRECTION('',(0.E0,0.E0,-1.E0));
#734=VECTOR('',#733,3.E-1);
#735=CARTESIAN_POINT('',(1.1E0,-7.E-1,-3.85E0));
#736=LINE('',#735,#734);
#737=DIRECTION('',(-1.E0,0.E0,0.E0));
#738=VECTOR('',#737,3.5E-1);
#739=CARTESIAN_POINT('',(1.45E0,-7.E-1,-3.85E0));
#740=LINE('',#739,#738);
#741=DIRECTION('',(0.E0,0.E0,1.E0));
#742=VECTOR('',#741,2.6E0);
#743=CARTESIAN_POINT('',(1.45E0,-7.E-1,-3.85E0));
#744=LINE('',#743,#742);
#745=DIRECTION('',(1.E0,0.E0,0.E0));
#746=VECTOR('',#745,1.5E-1);
#747=CARTESIAN_POINT('',(1.45E0,-7.E-1,-1.25E0));
#748=LINE('',#747,#746);
#749=DIRECTION('',(0.E0,0.E0,-1.E0));
#750=VECTOR('',#749,5.E-2);
#751=CARTESIAN_POINT('',(1.7E0,-7.E-1,-1.25E0));
#752=LINE('',#751,#750);
#753=CARTESIAN_POINT('',(1.67E0,-7.E-1,-1.5E0));
#754=DIRECTION('',(0.E0,1.E0,0.E0));
#755=DIRECTION('',(-1.E0,0.E0,0.E0));
#756=AXIS2_PLACEMENT_3D('',#753,#754,#755);
#758=DIRECTION('',(0.E0,0.E0,1.E0));
#759=VECTOR('',#758,3.5E-1);
#760=CARTESIAN_POINT('',(1.47E0,-7.E-1,-1.85E0));
#761=LINE('',#760,#759);
#762=DIRECTION('',(0.E0,0.E0,-1.E0));
#763=VECTOR('',#762,1.9E0);
#764=CARTESIAN_POINT('',(1.453985600994E0,-7.E-1,-1.85E0));
#765=LINE('',#764,#763);
#766=DIRECTION('',(0.E0,0.E0,-1.E0));
#767=VECTOR('',#766,1.E-1);
#768=CARTESIAN_POINT('',(1.7E0,-7.E-1,-3.75E0));
#769=LINE('',#768,#767);
#770=DIRECTION('',(-1.E0,0.E0,0.E0));
#771=VECTOR('',#770,2.49E-1);
#772=CARTESIAN_POINT('',(1.949E0,-7.E-1,-3.85E0));
#773=LINE('',#772,#771);
#774=DIRECTION('',(-1.E0,0.E0,0.E0));
#775=VECTOR('',#774,8.909452562225E-1);
#776=CARTESIAN_POINT('',(2.939945256222E0,-7.E-1,-4.05E0));
#777=LINE('',#776,#775);
#778=CARTESIAN_POINT('',(2.939945256222E0,-7.E-1,-3.85E0));
#779=DIRECTION('',(0.E0,1.E0,0.E0));
#780=DIRECTION('',(4.201015669389E-1,0.E0,-9.074770925238E-1));
#781=AXIS2_PLACEMENT_3D('',#778,#779,#780);
#783=DIRECTION('',(-9.074770925238E-1,0.E0,-4.201015669389E-1));
#784=VECTOR('',#783,7.497096174683E-2);
#785=CARTESIAN_POINT('',(3.092E0,-7.E-1,-4.E0));
#786=LINE('',#785,#784);
#787=DIRECTION('',(1.E0,0.E0,0.E0));
#788=VECTOR('',#787,7.999999999997E-3);
#789=CARTESIAN_POINT('',(3.092E0,-7.E-1,-4.E0));
#790=LINE('',#789,#788);
#791=DIRECTION('',(0.E0,0.E0,-1.E0));
#792=VECTOR('',#791,1.5E-1);
#793=CARTESIAN_POINT('',(3.1E0,-7.E-1,-4.E0));
#794=LINE('',#793,#792);
#795=DIRECTION('',(-1.E0,0.E0,0.E0));
#796=VECTOR('',#795,2.E0);
#797=CARTESIAN_POINT('',(3.1E0,-7.E-1,-4.15E0));
#798=LINE('',#797,#796);
#799=DIRECTION('',(0.E0,0.E0,1.E0));
#800=VECTOR('',#799,5.E-2);
#801=CARTESIAN_POINT('',(-2.72E0,-7.85E-1,-1.3E0));
#802=LINE('',#801,#800);
#803=DIRECTION('',(0.E0,0.E0,-1.E0));
#804=VECTOR('',#803,5.E-2);
#805=CARTESIAN_POINT('',(-1.7E0,-7.85E-1,-1.25E0));
#806=LINE('',#805,#804);
#807=DIRECTION('',(0.E0,0.E0,1.E0));
#808=VECTOR('',#807,5.E-2);
#809=CARTESIAN_POINT('',(1.7E0,-7.85E-1,-1.3E0));
#810=LINE('',#809,#808);
#811=DIRECTION('',(0.E0,0.E0,-1.E0));
#812=VECTOR('',#811,5.E-2);
#813=CARTESIAN_POINT('',(2.72E0,-7.85E-1,-1.25E0));
#814=LINE('',#813,#812);
#815=CARTESIAN_POINT('',(-1.849E0,-7.85E-1,-3.85E0));
#816=DIRECTION('',(0.E0,-1.E0,0.E0));
#817=DIRECTION('',(0.E0,0.E0,1.E0));
#818=AXIS2_PLACEMENT_3D('',#815,#816,#817);
#820=DIRECTION('',(0.E0,0.E0,-1.E0));
#821=VECTOR('',#820,1.E-1);
#822=CARTESIAN_POINT('',(-1.7E0,-7.85E-1,-3.75E0));
#823=LINE('',#822,#821);
#824=DIRECTION('',(-1.E0,0.E0,0.E0));
#825=VECTOR('',#824,2.49E-1);
#826=CARTESIAN_POINT('',(-1.7E0,-7.85E-1,-3.85E0));
#827=LINE('',#826,#825);
#828=CARTESIAN_POINT('',(1.849E0,-7.85E-1,-3.85E0));
#829=DIRECTION('',(0.E0,-1.E0,0.E0));
#830=DIRECTION('',(1.E0,0.E0,0.E0));
#831=AXIS2_PLACEMENT_3D('',#828,#829,#830);
#833=DIRECTION('',(-1.E0,0.E0,0.E0));
#834=VECTOR('',#833,2.49E-1);
#835=CARTESIAN_POINT('',(1.949E0,-7.85E-1,-3.85E0));
#836=LINE('',#835,#834);
#837=DIRECTION('',(0.E0,0.E0,1.E0));
#838=VECTOR('',#837,1.E-1);
#839=CARTESIAN_POINT('',(1.7E0,-7.85E-1,-3.85E0));
#840=LINE('',#839,#838);
#841=DIRECTION('',(0.E0,-1.E0,0.E0));
#842=VECTOR('',#841,2.E-1);
#843=CARTESIAN_POINT('',(-1.849E0,9.85E-1,-3.75E0));
#844=LINE('',#843,#842);
#845=DIRECTION('',(-1.E0,0.E0,0.E0));
#846=VECTOR('',#845,1.49E-1);
#847=CARTESIAN_POINT('',(-1.7E0,7.85E-1,-3.75E0));
#848=LINE('',#847,#846);
#849=DIRECTION('',(0.E0,1.E0,0.E0));
#850=VECTOR('',#849,8.5E-2);
#851=CARTESIAN_POINT('',(-1.7E0,7.E-1,-3.75E0));
#852=LINE('',#851,#850);
#853=DIRECTION('',(-1.E0,0.E0,0.E0));
#854=VECTOR('',#853,2.478198511713E-1);
#855=CARTESIAN_POINT('',(-1.452180148829E0,7.E-1,-3.75E0));
#856=LINE('',#855,#854);
#857=DIRECTION('',(0.E0,1.E0,0.E0));
#858=VECTOR('',#857,2.E-1);
#859=CARTESIAN_POINT('',(1.849E0,7.85E-1,-3.75E0));
#860=LINE('',#859,#858);
#861=DIRECTION('',(-1.E0,0.E0,0.E0));
#862=VECTOR('',#861,2.478198511713E-1);
#863=CARTESIAN_POINT('',(1.7E0,7.E-1,-3.75E0));
#864=LINE('',#863,#862);
#865=DIRECTION('',(0.E0,1.E0,0.E0));
#866=VECTOR('',#865,8.5E-2);
#867=CARTESIAN_POINT('',(1.7E0,7.E-1,-3.75E0));
#868=LINE('',#867,#866);
#869=DIRECTION('',(1.E0,0.E0,0.E0));
#870=VECTOR('',#869,1.49E-1);
#871=CARTESIAN_POINT('',(1.7E0,7.85E-1,-3.75E0));
#872=LINE('',#871,#870);
#873=DIRECTION('',(0.E0,-1.E0,0.E0));
#874=VECTOR('',#873,2.E-1);
#875=CARTESIAN_POINT('',(-1.849E0,-7.85E-1,-3.75E0));
#876=LINE('',#875,#874);
#877=DIRECTION('',(1.E0,0.E0,0.E0));
#878=VECTOR('',#877,2.460143990061E-1);
#879=CARTESIAN_POINT('',(-1.7E0,-7.E-1,-3.75E0));
#880=LINE('',#879,#878);
#881=DIRECTION('',(0.E0,-1.E0,0.E0));
#882=VECTOR('',#881,8.5E-2);
#883=CARTESIAN_POINT('',(-1.7E0,-7.E-1,-3.75E0));
#884=LINE('',#883,#882);
#885=DIRECTION('',(-1.E0,0.E0,0.E0));
#886=VECTOR('',#885,1.49E-1);
#887=CARTESIAN_POINT('',(-1.7E0,-7.85E-1,-3.75E0));
#888=LINE('',#887,#886);
#889=DIRECTION('',(0.E0,1.E0,0.E0));
#890=VECTOR('',#889,2.E-1);
#891=CARTESIAN_POINT('',(1.849E0,-9.85E-1,-3.75E0));
#892=LINE('',#891,#890);
#893=DIRECTION('',(-1.E0,0.E0,0.E0));
#894=VECTOR('',#893,1.49E-1);
#895=CARTESIAN_POINT('',(1.849E0,-7.85E-1,-3.75E0));
#896=LINE('',#895,#894);
#897=DIRECTION('',(0.E0,-1.E0,0.E0));
#898=VECTOR('',#897,8.5E-2);
#899=CARTESIAN_POINT('',(1.7E0,-7.E-1,-3.75E0));
#900=LINE('',#899,#898);
#901=DIRECTION('',(1.E0,0.E0,0.E0));
#902=VECTOR('',#901,2.460143990061E-1);
#903=CARTESIAN_POINT('',(1.453985600994E0,-7.E-1,-3.75E0));
#904=LINE('',#903,#902);
#905=CARTESIAN_POINT('',(-1.849E0,9.85E-1,-3.85E0));
#906=DIRECTION('',(0.E0,-1.E0,0.E0));
#907=DIRECTION('',(0.E0,0.E0,1.E0));
#908=AXIS2_PLACEMENT_3D('',#905,#906,#907);
#910=DIRECTION('',(0.E0,0.E0,-1.E0));
#911=VECTOR('',#910,5.E-2);
#912=CARTESIAN_POINT('',(-1.7E0,7.85E-1,-1.25E0));
#913=LINE('',#912,#911);
#914=DIRECTION('',(0.E0,0.E0,1.E0));
#915=VECTOR('',#914,5.E-2);
#916=CARTESIAN_POINT('',(-2.72E0,7.85E-1,-1.3E0));
#917=LINE('',#916,#915);
#918=DIRECTION('',(0.E0,0.E0,1.E0));
#919=VECTOR('',#918,5.E-2);
#920=CARTESIAN_POINT('',(1.7E0,7.85E-1,-1.3E0));
#921=LINE('',#920,#919);
#922=DIRECTION('',(0.E0,0.E0,-1.E0));
#923=VECTOR('',#922,5.E-2);
#924=CARTESIAN_POINT('',(2.72E0,7.85E-1,-1.25E0));
#925=LINE('',#924,#923);
#926=CARTESIAN_POINT('',(-1.849E0,7.85E-1,-3.85E0));
#927=DIRECTION('',(0.E0,1.E0,0.E0));
#928=DIRECTION('',(-1.E0,0.E0,0.E0));
#929=AXIS2_PLACEMENT_3D('',#926,#927,#928);
#931=DIRECTION('',(-1.E0,0.E0,0.E0));
#932=VECTOR('',#931,2.49E-1);
#933=CARTESIAN_POINT('',(-1.7E0,7.85E-1,-3.85E0));
#934=LINE('',#933,#932);
#935=DIRECTION('',(0.E0,0.E0,-1.E0));
#936=VECTOR('',#935,1.E-1);
#937=CARTESIAN_POINT('',(-1.7E0,7.85E-1,-3.75E0));
#938=LINE('',#937,#936);
#939=CARTESIAN_POINT('',(1.849E0,7.85E-1,-3.85E0));
#940=DIRECTION('',(0.E0,1.E0,0.E0));
#941=DIRECTION('',(0.E0,0.E0,1.E0));
#942=AXIS2_PLACEMENT_3D('',#939,#940,#941);
#944=DIRECTION('',(0.E0,0.E0,1.E0));
#945=VECTOR('',#944,1.E-1);
#946=CARTESIAN_POINT('',(1.7E0,7.85E-1,-3.85E0));
#947=LINE('',#946,#945);
#948=DIRECTION('',(-1.E0,0.E0,0.E0));
#949=VECTOR('',#948,2.49E-1);
#950=CARTESIAN_POINT('',(1.949E0,7.85E-1,-3.85E0));
#951=LINE('',#950,#949);
#952=DIRECTION('',(0.E0,1.E0,0.E0));
#953=VECTOR('',#952,8.5E-2);
#954=CARTESIAN_POINT('',(-1.7E0,7.E-1,-3.85E0));
#955=LINE('',#954,#953);
#956=DIRECTION('',(0.E0,-1.E0,0.E0));
#957=VECTOR('',#956,2.85E-1);
#958=CARTESIAN_POINT('',(-1.949E0,9.85E-1,-3.95E0));
#959=LINE('',#958,#957);
#960=DIRECTION('',(0.E0,0.E0,1.E0));
#961=VECTOR('',#960,1.E-1);
#962=CARTESIAN_POINT('',(-1.949E0,7.E-1,-3.95E0));
#963=LINE('',#962,#961);
#964=DIRECTION('',(0.E0,1.E0,0.E0));
#965=VECTOR('',#964,8.5E-2);
#966=CARTESIAN_POINT('',(-1.949E0,7.E-1,-3.85E0));
#967=LINE('',#966,#965);
#968=DIRECTION('',(0.E0,-1.E0,0.E0));
#969=VECTOR('',#968,2.E-1);
#970=CARTESIAN_POINT('',(-1.949E0,9.85E-1,-3.85E0));
#971=LINE('',#970,#969);
#972=DIRECTION('',(0.E0,0.E0,-1.E0));
#973=VECTOR('',#972,1.E-1);
#974=CARTESIAN_POINT('',(-1.949E0,9.85E-1,-3.85E0));
#975=LINE('',#974,#973);
#976=DIRECTION('',(0.E0,-1.E0,0.E0));
#977=VECTOR('',#976,2.85E-1);
#978=CARTESIAN_POINT('',(-1.949E0,-7.E-1,-3.95E0));
#979=LINE('',#978,#977);
#980=DIRECTION('',(0.E0,-1.E0,0.E0));
#981=VECTOR('',#980,2.E-1);
#982=CARTESIAN_POINT('',(-1.949E0,-7.85E-1,-3.85E0));
#983=LINE('',#982,#981);
#984=DIRECTION('',(0.E0,-1.E0,0.E0));
#985=VECTOR('',#984,8.5E-2);
#986=CARTESIAN_POINT('',(-1.949E0,-7.E-1,-3.85E0));
#987=LINE('',#986,#985);
#988=DIRECTION('',(0.E0,0.E0,-1.E0));
#989=VECTOR('',#988,1.E-1);
#990=CARTESIAN_POINT('',(-1.949E0,-7.E-1,-3.85E0));
#991=LINE('',#990,#989);
#992=CARTESIAN_POINT('',(-2.049E0,7.E-1,-3.95E0));
#993=DIRECTION('',(0.E0,-1.E0,0.E0));
#994=DIRECTION('',(0.E0,0.E0,-1.E0));
#995=AXIS2_PLACEMENT_3D('',#992,#993,#994);
#997=CARTESIAN_POINT('',(-2.049E0,9.85E-1,-3.95E0));
#998=DIRECTION('',(0.E0,1.E0,0.E0));
#999=DIRECTION('',(1.E0,0.E0,1.332267629550E-14));
#1000=AXIS2_PLACEMENT_3D('',#997,#998,#999);
#1002=DIRECTION('',(-1.E0,0.E0,0.E0));
#1003=VECTOR('',#1002,1.390426759993E-1);
#1004=CARTESIAN_POINT('',(-1.709957324001E0,9.85E-1,-3.75E0));
#1005=LINE('',#1004,#1003);
#1006=DIRECTION('',(-1.E0,-1.437280375206E-9,0.E0));
#1007=VECTOR('',#1006,2.399893422497E-1);
#1008=CARTESIAN_POINT('',(-1.47E0,9.85E-1,-1.85E0));
#1009=LINE('',#1008,#1007);
#1010=DIRECTION('',(0.E0,0.E0,-1.E0));
#1011=VECTOR('',#1010,3.5E-1);
#1012=CARTESIAN_POINT('',(-1.47E0,9.85E-1,-1.5E0));
#1013=LINE('',#1012,#1011);
#1014=CARTESIAN_POINT('',(-1.67E0,9.85E-1,-1.5E0));
#1015=DIRECTION('',(0.E0,1.E0,0.E0));
#1016=DIRECTION('',(0.E0,0.E0,1.E0));
#1017=AXIS2_PLACEMENT_3D('',#1014,#1015,#1016);
#1019=DIRECTION('',(0.E0,0.E0,-1.E0));
#1020=VECTOR('',#1019,2.7E0);
#1021=CARTESIAN_POINT('',(-3.25E0,9.85E-1,-1.3E0));
#1022=LINE('',#1021,#1020);
#1023=DIRECTION('',(-9.074770925238E-1,0.E0,4.201015669389E-1));
#1024=VECTOR('',#1023,7.497096174683E-2);
#1025=CARTESIAN_POINT('',(-3.023965569610E0,9.85E-1,-4.031495418505E0));
#1026=LINE('',#1025,#1024);
#1027=CARTESIAN_POINT('',(-2.939945256222E0,9.85E-1,-3.85E0));
#1028=DIRECTION('',(0.E0,1.E0,0.E0));
#1029=DIRECTION('',(-3.108624468950E-14,0.E0,-1.E0));
#1030=AXIS2_PLACEMENT_3D('',#1027,#1028,#1029);
#1032=DIRECTION('',(-1.E0,0.E0,0.E0));
#1033=VECTOR('',#1032,8.909452562225E-1);
#1034=CARTESIAN_POINT('',(-2.049E0,9.85E-1,-4.05E0));
#1035=LINE('',#1034,#1033);
#1036=CARTESIAN_POINT('',(2.049E0,9.85E-1,-3.95E0));
#1037=DIRECTION('',(0.E0,1.E0,0.E0));
#1038=DIRECTION('',(0.E0,0.E0,-1.E0));
#1039=AXIS2_PLACEMENT_3D('',#1036,#1037,#1038);
#1041=DIRECTION('',(-1.E0,0.E0,0.E0));
#1042=VECTOR('',#1041,8.909452562225E-1);
#1043=CARTESIAN_POINT('',(2.939945256222E0,9.85E-1,-4.05E0));
#1044=LINE('',#1043,#1042);
#1045=CARTESIAN_POINT('',(2.939945256222E0,9.85E-1,-3.85E0));
#1046=DIRECTION('',(0.E0,1.E0,0.E0));
#1047=DIRECTION('',(4.201015669389E-1,0.E0,-9.074770925238E-1));
#1048=AXIS2_PLACEMENT_3D('',#1045,#1046,#1047);
#1050=DIRECTION('',(-9.074770925238E-1,0.E0,-4.201015669389E-1));
#1051=VECTOR('',#1050,7.497096174683E-2);
#1052=CARTESIAN_POINT('',(3.092E0,9.85E-1,-4.E0));
#1053=LINE('',#1052,#1051);
#1054=CARTESIAN_POINT('',(1.67E0,9.85E-1,-1.5E0));
#1055=DIRECTION('',(0.E0,1.E0,0.E0));
#1056=DIRECTION('',(-1.E0,0.E0,0.E0));
#1057=AXIS2_PLACEMENT_3D('',#1054,#1055,#1056);
#1059=DIRECTION('',(0.E0,0.E0,1.E0));
#1060=VECTOR('',#1059,3.5E-1);
#1061=CARTESIAN_POINT('',(1.47E0,9.85E-1,-1.85E0));
#1062=LINE('',#1061,#1060);
#1063=DIRECTION('',(-1.E0,1.437365642221E-9,0.E0));
#1064=VECTOR('',#1063,2.399751056670E-1);
#1065=CARTESIAN_POINT('',(1.709975105667E0,9.849999996551E-1,-1.85E0));
#1066=LINE('',#1065,#1064);
#1067=DIRECTION('',(-9.358771729221E-6,1.815431430836E-10,-9.999999999562E-1));
#1068=VECTOR('',#1067,1.900000000083E0);
#1069=CARTESIAN_POINT('',(1.709975105667E0,9.849999996551E-1,-1.85E0));
#1070=LINE('',#1069,#1068);
#1071=DIRECTION('',(1.E0,0.E0,0.E0));
#1072=VECTOR('',#1071,1.390426759993E-1);
#1073=CARTESIAN_POINT('',(1.709957324001E0,9.85E-1,-3.75E0));
#1074=LINE('',#1073,#1072);
#1075=CARTESIAN_POINT('',(-1.709957324001E0,7.65E-1,-1.85E0));
#1076=DIRECTION('',(0.E0,0.E0,-1.E0));
#1077=DIRECTION('',(-1.941352152520E-4,9.999999811558E-1,0.E0));
#1078=AXIS2_PLACEMENT_3D('',#1075,#1076,#1077);
#1080=DIRECTION('',(1.685171000083E-5,1.815431430658E-10,-9.999999998580E-1));
#1081=VECTOR('',#1080,1.900000000270E0);
#1082=CARTESIAN_POINT('',(-1.709989342250E0,9.849999996551E-1,-1.85E0));
#1083=LINE('',#1082,#1081);
#1084=CARTESIAN_POINT('',(-1.709957324001E0,7.65E-1,-3.75E0));
#1085=DIRECTION('',(0.E0,0.E0,-1.E0));
#1086=DIRECTION('',(0.E0,1.E0,0.E0));
#1087=AXIS2_PLACEMENT_3D('',#1084,#1085,#1086);
#1089=DIRECTION('',(0.E0,-1.E0,0.E0));
#1090=VECTOR('',#1089,2.360403612887E-1);
#1091=CARTESIAN_POINT('',(-1.47E0,9.85E-1,-1.85E0));
#1092=LINE('',#1091,#1090);
#1093=DIRECTION('',(3.420201433257E-1,-9.396926207859E-1,0.E0));
#1094=VECTOR('',#1093,9.714324748451E-2);
#1095=CARTESIAN_POINT('',(-1.503224947428E0,8.402444315316E-1,-1.85E0));
#1096=LINE('',#1095,#1094);
#1097=DIRECTION('',(0.E0,0.E0,-1.E0));
#1098=VECTOR('',#1097,1.9E0);
#1099=CARTESIAN_POINT('',(-1.503224947428E0,8.402444315316E-1,-1.85E0));
#1100=LINE('',#1099,#1098);
#1101=DIRECTION('',(3.420201433257E-1,-9.396926207859E-1,0.E0));
#1102=VECTOR('',#1101,1.492450067495E-1);
#1103=CARTESIAN_POINT('',(-1.503224947428E0,8.402444315316E-1,-3.75E0));
#1104=LINE('',#1103,#1102);
#1105=DIRECTION('',(3.420201433257E-1,-9.396926207859E-1,0.E0));
#1106=VECTOR('',#1105,5.210175926499E-2);
#1107=CARTESIAN_POINT('',(-1.47E0,7.489596387113E-1,-1.85E0));
#1108=LINE('',#1107,#1106);
#1109=DIRECTION('',(0.E0,1.E0,0.E0));
#1110=VECTOR('',#1109,4.895963871128E-2);
#1111=CARTESIAN_POINT('',(-1.47E0,7.E-1,-1.85E0));
#1112=LINE('',#1111,#1110);
#1113=DIRECTION('',(1.E0,0.E0,0.E0));
#1114=VECTOR('',#1113,1.781985117133E-2);
#1115=CARTESIAN_POINT('',(-1.47E0,7.E-1,-1.85E0));
#1116=LINE('',#1115,#1114);
#1117=DIRECTION('',(0.E0,1.E0,0.E0));
#1118=VECTOR('',#1117,4.895963871128E-2);
#1119=CARTESIAN_POINT('',(1.47E0,7.E-1,-1.85E0));
#1120=LINE('',#1119,#1118);
#1121=DIRECTION('',(1.E0,0.E0,0.E0));
#1122=VECTOR('',#1121,1.781985117133E-2);
#1123=CARTESIAN_POINT('',(1.452180148829E0,7.E-1,-1.85E0));
#1124=LINE('',#1123,#1122);
#1125=DIRECTION('',(0.E0,-1.E0,0.E0));
#1126=VECTOR('',#1125,2.85E-1);
#1127=CARTESIAN_POINT('',(-1.47E0,9.85E-1,-1.5E0));
#1128=LINE('',#1127,#1126);
#1129=DIRECTION('',(0.E0,-1.E0,0.E0));
#1130=VECTOR('',#1129,2.85E-1);
#1131=CARTESIAN_POINT('',(-1.67E0,9.85E-1,-1.3E0));
#1132=LINE('',#1131,#1130);
#1133=DIRECTION('',(0.E0,-1.E0,0.E0));
#1134=VECTOR('',#1133,2.360403612887E-1);
#1135=CARTESIAN_POINT('',(1.47E0,9.85E-1,-1.85E0));
#1136=LINE('',#1135,#1134);
#1137=DIRECTION('',(3.420201433257E-1,9.396926207859E-1,0.E0));
#1138=VECTOR('',#1137,9.714324748451E-2);
#1139=CARTESIAN_POINT('',(1.47E0,7.489596387113E-1,-1.85E0));
#1140=LINE('',#1139,#1138);
#1141=DIRECTION('',(3.420201433257E-1,9.396926207859E-1,0.E0));
#1142=VECTOR('',#1141,5.210175926499E-2);
#1143=CARTESIAN_POINT('',(1.452180148829E0,7.E-1,-1.85E0));
#1144=LINE('',#1143,#1142);
#1145=DIRECTION('',(3.420201433257E-1,9.396926207859E-1,0.E0));
#1146=VECTOR('',#1145,1.492450067495E-1);
#1147=CARTESIAN_POINT('',(1.452180148829E0,7.E-1,-3.75E0));
#1148=LINE('',#1147,#1146);
#1149=CARTESIAN_POINT('',(1.709957324001E0,7.65E-1,-1.85E0));
#1150=DIRECTION('',(0.E0,0.E0,-1.E0));
#1151=DIRECTION('',(-9.396926207859E-1,3.420201433257E-1,0.E0));
#1152=AXIS2_PLACEMENT_3D('',#1149,#1150,#1151);
#1154=DIRECTION('',(0.E0,0.E0,-1.E0));
#1155=VECTOR('',#1154,1.9E0);
#1156=CARTESIAN_POINT('',(1.503224947428E0,8.402444315316E-1,-1.85E0));
#1157=LINE('',#1156,#1155);
#1158=CARTESIAN_POINT('',(1.709957324001E0,7.65E-1,-3.75E0));
#1159=DIRECTION('',(0.E0,0.E0,-1.E0));
#1160=DIRECTION('',(-9.396926207859E-1,3.420201433257E-1,0.E0));
#1161=AXIS2_PLACEMENT_3D('',#1158,#1159,#1160);
#1163=DIRECTION('',(0.E0,-1.E0,0.E0));
#1164=VECTOR('',#1163,2.85E-1);
#1165=CARTESIAN_POINT('',(1.47E0,9.85E-1,-1.5E0));
#1166=LINE('',#1165,#1164);
#1167=DIRECTION('',(0.E0,0.E0,-1.E0));
#1168=VECTOR('',#1167,2.7E0);
#1169=CARTESIAN_POINT('',(-3.5E0,7.35E-1,-1.3E0));
#1170=LINE('',#1169,#1168);
#1171=DIRECTION('',(0.E0,1.E0,0.E0));
#1172=VECTOR('',#1171,6.E-1);
#1173=CARTESIAN_POINT('',(-3.5E0,-3.E-1,-4.1E0));
#1174=LINE('',#1173,#1172);
#1175=DIRECTION('',(0.E0,0.E0,-1.E0));
#1176=VECTOR('',#1175,2.7E0);
#1177=CARTESIAN_POINT('',(-3.5E0,-7.35E-1,-1.3E0));
#1178=LINE('',#1177,#1176);
#1179=DIRECTION('',(0.E0,0.E0,-1.E0));
#1180=VECTOR('',#1179,1.E-1);
#1181=CARTESIAN_POINT('',(-3.5E0,-3.E-1,-4.E0));
#1182=LINE('',#1181,#1180);
#1183=CARTESIAN_POINT('',(-3.25E0,4.E-1,-4.35E0));
#1184=CARTESIAN_POINT('',(-3.25E0,3.940323986798E-1,-4.35E0));
#1185=CARTESIAN_POINT('',(-3.252218455268E0,3.822653452550E-1,
-4.350022815687E0));
#1186=CARTESIAN_POINT('',(-3.263525200150E0,3.638519902937E-1,
-4.349769052383E0));
#1187=CARTESIAN_POINT('',(-3.280293699945E0,3.484722973594E-1,
-4.348398285593E0));
#1188=CARTESIAN_POINT('',(-3.301111618906E0,3.350645334800E-1,
-4.345084660965E0));
#1189=CARTESIAN_POINT('',(-3.325580723058E0,3.235799963012E-1,
-4.338812367803E0));
#1190=CARTESIAN_POINT('',(-3.352729262227E0,3.140832451345E-1,
-4.328621644560E0));
#1191=CARTESIAN_POINT('',(-3.382201378456E0,3.065152833809E-1,
-4.313160479358E0));
#1192=CARTESIAN_POINT('',(-3.412743794545E0,3.014188254107E-1,
-4.291183510499E0));
#1193=CARTESIAN_POINT('',(-3.433030613118E0,3.E-1,-4.270961305371E0));
#1194=CARTESIAN_POINT('',(-3.442653128049E0,3.E-1,-4.259325993651E0));
#1196=DIRECTION('',(0.E0,0.E0,-1.E0));
#1197=VECTOR('',#1196,2.593259936509E-1);
#1198=CARTESIAN_POINT('',(-3.442653128049E0,3.E-1,-4.E0));
#1199=LINE('',#1198,#1197);
#1200=DIRECTION('',(0.E0,0.E0,-1.E0));
#1201=VECTOR('',#1200,3.5E-1);
#1202=CARTESIAN_POINT('',(-3.25E0,4.E-1,-4.E0));
#1203=LINE('',#1202,#1201);
#1204=DIRECTION('',(0.E0,-1.E0,0.E0));
#1205=VECTOR('',#1204,8.E-1);
#1206=CARTESIAN_POINT('',(3.25E0,4.E-1,-4.35E0));
#1207=LINE('',#1206,#1205);
#1208=DIRECTION('',(0.E0,-1.E0,0.E0));
#1209=VECTOR('',#1208,2.5E-2);
#1210=CARTESIAN_POINT('',(3.25E0,4.25E-1,-4.35E0));
#1211=LINE('',#1210,#1209);
#1212=CARTESIAN_POINT('',(3.15E0,4.25E-1,-4.35E0));
#1213=DIRECTION('',(0.E0,0.E0,-1.E0));
#1214=DIRECTION('',(7.071067811866E-1,7.071067811865E-1,0.E0));
#1215=AXIS2_PLACEMENT_3D('',#1212,#1213,#1214);
#1217=DIRECTION('',(7.071067811865E-1,-7.071067811865E-1,0.E0));
#1218=VECTOR('',#1217,2.121320343560E-1);
#1219=CARTESIAN_POINT('',(3.070710678119E0,6.457106781187E-1,-4.35E0));
#1220=LINE('',#1219,#1218);
#1221=CARTESIAN_POINT('',(3.E0,5.75E-1,-4.35E0));
#1222=DIRECTION('',(0.E0,0.E0,-1.E0));
#1223=DIRECTION('',(0.E0,1.E0,0.E0));
#1224=AXIS2_PLACEMENT_3D('',#1221,#1222,#1223);
#1226=DIRECTION('',(1.E0,0.E0,0.E0));
#1227=VECTOR('',#1226,9.001973534738E-1);
#1228=CARTESIAN_POINT('',(2.099802646526E0,6.75E-1,-4.35E0));
#1229=LINE('',#1228,#1227);
#1230=CARTESIAN_POINT('',(2.099802646526E0,4.75E-1,-4.35E0));
#1231=DIRECTION('',(0.E0,0.E0,-1.E0));
#1232=DIRECTION('',(-9.745066163156E-1,2.243587634953E-1,0.E0));
#1233=AXIS2_PLACEMENT_3D('',#1230,#1231,#1232);
#1235=CARTESIAN_POINT('',(1.71E0,5.647435053981E-1,-4.35E0));
#1236=DIRECTION('',(0.E0,0.E0,1.E0));
#1237=DIRECTION('',(2.25E-1,-9.743587634953E-1,0.E0));
#1238=AXIS2_PLACEMENT_3D('',#1235,#1236,#1237);
#1240=CARTESIAN_POINT('',(1.8E0,1.75E-1,-4.35E0));
#1241=DIRECTION('',(0.E0,0.E0,-1.E0));
#1242=DIRECTION('',(-1.E0,0.E0,0.E0));
#1243=AXIS2_PLACEMENT_3D('',#1240,#1241,#1242);
#1245=DIRECTION('',(0.E0,1.E0,0.E0));
#1246=VECTOR('',#1245,3.5E-1);
#1247=CARTESIAN_POINT('',(1.6E0,-1.75E-1,-4.35E0));
#1248=LINE('',#1247,#1246);
#1249=CARTESIAN_POINT('',(1.8E0,-1.75E-1,-4.35E0));
#1250=DIRECTION('',(0.E0,0.E0,-1.E0));
#1251=DIRECTION('',(-2.25E-1,-9.743587634953E-1,0.E0));
#1252=AXIS2_PLACEMENT_3D('',#1249,#1250,#1251);
#1254=CARTESIAN_POINT('',(1.71E0,-5.647435053981E-1,-4.35E0));
#1255=DIRECTION('',(0.E0,0.E0,1.E0));
#1256=DIRECTION('',(9.745066163156E-1,2.243587634952E-1,0.E0));
#1257=AXIS2_PLACEMENT_3D('',#1254,#1255,#1256);
#1259=CARTESIAN_POINT('',(2.099802646526E0,-4.75E-1,-4.35E0));
#1260=DIRECTION('',(0.E0,0.E0,-1.E0));
#1261=DIRECTION('',(0.E0,-1.E0,0.E0));
#1262=AXIS2_PLACEMENT_3D('',#1259,#1260,#1261);
#1264=DIRECTION('',(-1.E0,0.E0,0.E0));
#1265=VECTOR('',#1264,9.001973534738E-1);
#1266=CARTESIAN_POINT('',(3.E0,-6.75E-1,-4.35E0));
#1267=LINE('',#1266,#1265);
#1268=CARTESIAN_POINT('',(3.E0,-5.75E-1,-4.35E0));
#1269=DIRECTION('',(0.E0,0.E0,-1.E0));
#1270=DIRECTION('',(7.071067811865E-1,-7.071067811865E-1,0.E0));
#1271=AXIS2_PLACEMENT_3D('',#1268,#1269,#1270);
#1273=DIRECTION('',(-7.071067811865E-1,-7.071067811865E-1,0.E0));
#1274=VECTOR('',#1273,2.121320343560E-1);
#1275=CARTESIAN_POINT('',(3.220710678119E0,-4.957106781187E-1,-4.35E0));
#1276=LINE('',#1275,#1274);
#1277=CARTESIAN_POINT('',(3.15E0,-4.25E-1,-4.35E0));
#1278=DIRECTION('',(0.E0,0.E0,-1.E0));
#1279=DIRECTION('',(1.E0,0.E0,0.E0));
#1280=AXIS2_PLACEMENT_3D('',#1277,#1278,#1279);
#1282=DIRECTION('',(0.E0,-1.E0,0.E0));
#1283=VECTOR('',#1282,2.5E-2);
#1284=CARTESIAN_POINT('',(3.25E0,-4.E-1,-4.35E0));
#1285=LINE('',#1284,#1283);
#1286=DIRECTION('',(0.E0,1.E0,0.E0));
#1287=VECTOR('',#1286,8.E-1);
#1288=CARTESIAN_POINT('',(-3.25E0,-4.E-1,-4.35E0));
#1289=LINE('',#1288,#1287);
#1290=DIRECTION('',(1.776356839400E-14,1.E0,0.E0));
#1291=VECTOR('',#1290,2.5E-2);
#1292=CARTESIAN_POINT('',(-3.25E0,-4.25E-1,-4.35E0));
#1293=LINE('',#1292,#1291);
#1294=CARTESIAN_POINT('',(-3.15E0,-4.25E-1,-4.35E0));
#1295=DIRECTION('',(0.E0,0.E0,-1.E0));
#1296=DIRECTION('',(-7.071067811865E-1,-7.071067811865E-1,0.E0));
#1297=AXIS2_PLACEMENT_3D('',#1294,#1295,#1296);
#1299=DIRECTION('',(-7.071067811865E-1,7.071067811865E-1,0.E0));
#1300=VECTOR('',#1299,2.121320343560E-1);
#1301=CARTESIAN_POINT('',(-3.070710678119E0,-6.457106781187E-1,-4.35E0));
#1302=LINE('',#1301,#1300);
#1303=CARTESIAN_POINT('',(-3.E0,-5.75E-1,-4.35E0));
#1304=DIRECTION('',(0.E0,0.E0,-1.E0));
#1305=DIRECTION('',(0.E0,-1.E0,0.E0));
#1306=AXIS2_PLACEMENT_3D('',#1303,#1304,#1305);
#1308=DIRECTION('',(-1.E0,0.E0,0.E0));
#1309=VECTOR('',#1308,9.001973534738E-1);
#1310=CARTESIAN_POINT('',(-2.099802646526E0,-6.75E-1,-4.35E0));
#1311=LINE('',#1310,#1309);
#1312=CARTESIAN_POINT('',(-2.099802646526E0,-4.75E-1,-4.35E0));
#1313=DIRECTION('',(0.E0,0.E0,-1.E0));
#1314=DIRECTION('',(9.745066163156E-1,-2.243587634954E-1,0.E0));
#1315=AXIS2_PLACEMENT_3D('',#1312,#1313,#1314);
#1317=CARTESIAN_POINT('',(-1.71E0,-5.647435053981E-1,-4.35E0));
#1318=DIRECTION('',(0.E0,0.E0,1.E0));
#1319=DIRECTION('',(-2.25E-1,9.743587634953E-1,0.E0));
#1320=AXIS2_PLACEMENT_3D('',#1317,#1318,#1319);
#1322=CARTESIAN_POINT('',(-1.8E0,-1.75E-1,-4.35E0));
#1323=DIRECTION('',(0.E0,0.E0,-1.E0));
#1324=DIRECTION('',(1.E0,0.E0,0.E0));
#1325=AXIS2_PLACEMENT_3D('',#1322,#1323,#1324);
#1327=DIRECTION('',(0.E0,-1.E0,0.E0));
#1328=VECTOR('',#1327,3.5E-1);
#1329=CARTESIAN_POINT('',(-1.6E0,1.75E-1,-4.35E0));
#1330=LINE('',#1329,#1328);
#1331=CARTESIAN_POINT('',(-1.8E0,1.75E-1,-4.35E0));
#1332=DIRECTION('',(0.E0,0.E0,-1.E0));
#1333=DIRECTION('',(2.25E-1,9.743587634953E-1,0.E0));
#1334=AXIS2_PLACEMENT_3D('',#1331,#1332,#1333);
#1336=CARTESIAN_POINT('',(-1.71E0,5.647435053981E-1,-4.35E0));
#1337=DIRECTION('',(0.E0,0.E0,1.E0));
#1338=DIRECTION('',(-9.745066163156E-1,-2.243587634951E-1,0.E0));
#1339=AXIS2_PLACEMENT_3D('',#1336,#1337,#1338);
#1341=CARTESIAN_POINT('',(-2.099802646526E0,4.75E-1,-4.35E0));
#1342=DIRECTION('',(0.E0,0.E0,-1.E0));
#1343=DIRECTION('',(0.E0,1.E0,0.E0));
#1344=AXIS2_PLACEMENT_3D('',#1341,#1342,#1343);
#1346=DIRECTION('',(1.E0,0.E0,0.E0));
#1347=VECTOR('',#1346,9.001973534738E-1);
#1348=CARTESIAN_POINT('',(-3.E0,6.75E-1,-4.35E0));
#1349=LINE('',#1348,#1347);
#1350=CARTESIAN_POINT('',(-3.E0,5.75E-1,-4.35E0));
#1351=DIRECTION('',(0.E0,0.E0,-1.E0));
#1352=DIRECTION('',(-7.071067811865E-1,7.071067811866E-1,0.E0));
#1353=AXIS2_PLACEMENT_3D('',#1350,#1351,#1352);
#1355=DIRECTION('',(7.071067811865E-1,7.071067811865E-1,0.E0));
#1356=VECTOR('',#1355,2.121320343560E-1);
#1357=CARTESIAN_POINT('',(-3.220710678119E0,4.957106781187E-1,-4.35E0));
#1358=LINE('',#1357,#1356);
#1359=CARTESIAN_POINT('',(-3.15E0,4.25E-1,-4.35E0));
#1360=DIRECTION('',(0.E0,0.E0,-1.E0));
#1361=DIRECTION('',(-1.E0,0.E0,0.E0));
#1362=AXIS2_PLACEMENT_3D('',#1359,#1360,#1361);
#1364=DIRECTION('',(0.E0,1.E0,0.E0));
#1365=VECTOR('',#1364,2.5E-2);
#1366=CARTESIAN_POINT('',(-3.25E0,4.E-1,-4.35E0));
#1367=LINE('',#1366,#1365);
#1368=CARTESIAN_POINT('',(3.25E0,-4.E-1,-4.35E0));
#1369=CARTESIAN_POINT('',(3.25E0,-3.940308162063E-1,-4.35E0));
#1370=CARTESIAN_POINT('',(3.252217002928E0,-3.822685099814E-1,
-4.350023240216E0));
#1371=CARTESIAN_POINT('',(3.263519772597E0,-3.638696311116E-1,
-4.349767715690E0));
#1372=CARTESIAN_POINT('',(3.280180357714E0,-3.485615540947E-1,
-4.348411096820E0));
#1373=CARTESIAN_POINT('',(3.301018163482E0,-3.351141713062E-1,
-4.345103589579E0));
#1374=CARTESIAN_POINT('',(3.325451242984E0,-3.236315598120E-1,
-4.338854099355E0));
#1375=CARTESIAN_POINT('',(3.352672356408E0,-3.140987282682E-1,
-4.328648952253E0));
#1376=CARTESIAN_POINT('',(3.382139508389E0,-3.065282548099E-1,
-4.313199140481E0));
#1377=CARTESIAN_POINT('',(3.412722724786E0,-3.014200650930E-1,
-4.291204654401E0));
#1378=CARTESIAN_POINT('',(3.433023802932E0,-3.E-1,-4.270969540082E0));
#1379=CARTESIAN_POINT('',(3.442653128049E0,-3.E-1,-4.259325993651E0));
#1381=DIRECTION('',(0.E0,0.E0,-1.E0));
#1382=VECTOR('',#1381,2.593259936509E-1);
#1383=CARTESIAN_POINT('',(3.442653128049E0,-3.E-1,-4.E0));
#1384=LINE('',#1383,#1382);
#1385=DIRECTION('',(0.E0,0.E0,-1.E0));
#1386=VECTOR('',#1385,3.5E-1);
#1387=CARTESIAN_POINT('',(3.25E0,-4.E-1,-4.E0));
#1388=LINE('',#1387,#1386);
#1389=DIRECTION('',(0.E0,0.E0,-1.E0));
#1390=VECTOR('',#1389,3.5E-1);
#1391=CARTESIAN_POINT('',(3.25E0,-4.25E-1,-4.E0));
#1392=LINE('',#1391,#1390);
#1393=DIRECTION('',(-7.071067811866E-1,7.071067811865E-1,0.E0));
#1394=VECTOR('',#1393,1.707106781187E-1);
#1395=CARTESIAN_POINT('',(-3.1E0,-6.164213562373E-1,-4.E0));
#1396=LINE('',#1395,#1394);
#1397=CARTESIAN_POINT('',(-3.15E0,-4.25E-1,-4.E0));
#1398=DIRECTION('',(0.E0,0.E0,-1.E0));
#1399=DIRECTION('',(-7.071067811866E-1,-7.071067811865E-1,0.E0));
#1400=AXIS2_PLACEMENT_3D('',#1397,#1398,#1399);
#1402=DIRECTION('',(0.E0,1.E0,0.E0));
#1403=VECTOR('',#1402,2.5E-2);
#1404=CARTESIAN_POINT('',(-3.25E0,-4.25E-1,-4.E0));
#1405=LINE('',#1404,#1403);
#1406=CARTESIAN_POINT('',(-3.442653128049E0,-3.E-1,-4.E0));
#1407=CARTESIAN_POINT('',(-3.436276771524E0,-3.E-1,-4.E0));
#1408=CARTESIAN_POINT('',(-3.422739244354E0,-3.006508285254E-1,-4.E0));
#1409=CARTESIAN_POINT('',(-3.401651864318E0,-3.031797706800E-1,-4.E0));
#1410=CARTESIAN_POINT('',(-3.379329419732E0,-3.073248809863E-1,-4.E0));
#1411=CARTESIAN_POINT('',(-3.357053738248E0,-3.129828410735E-1,-4.E0));
#1412=CARTESIAN_POINT('',(-3.336042329506E0,-3.198040852508E-1,-4.E0));
#1413=CARTESIAN_POINT('',(-3.317129781854E0,-3.274295736679E-1,-4.E0));
#1414=CARTESIAN_POINT('',(-3.300605925668E0,-3.356993257493E-1,-4.E0));
#1415=CARTESIAN_POINT('',(-3.286473846062E0,-3.444557557883E-1,-4.E0));
#1416=CARTESIAN_POINT('',(-3.274697006662E0,-3.535613879521E-1,-4.E0));
#1417=CARTESIAN_POINT('',(-3.265274409293E0,-3.629028931170E-1,-4.E0));
#1418=CARTESIAN_POINT('',(-3.258212181626E0,-3.723533768046E-1,-4.E0));
#1419=CARTESIAN_POINT('',(-3.253380072743E0,-3.817435173289E-1,-4.E0));
#1420=CARTESIAN_POINT('',(-3.250607170963E0,-3.909469783471E-1,-4.E0));
#1421=CARTESIAN_POINT('',(-3.25E0,-3.970565624760E-1,-4.E0));
#1422=CARTESIAN_POINT('',(-3.25E0,-4.E-1,-4.E0));
#1424=DIRECTION('',(1.E0,0.E0,0.E0));
#1425=VECTOR('',#1424,5.734687195073E-2);
#1426=CARTESIAN_POINT('',(-3.5E0,-3.E-1,-4.E0));
#1427=LINE('',#1426,#1425);
#1428=DIRECTION('',(0.E0,1.E0,0.E0));
#1429=VECTOR('',#1428,4.35E-1);
#1430=CARTESIAN_POINT('',(-3.5E0,-7.35E-1,-4.E0));
#1431=LINE('',#1430,#1429);
#1432=CARTESIAN_POINT('',(-3.25E0,-7.35E-1,-4.E0));
#1433=DIRECTION('',(0.E0,0.E0,-1.E0));
#1434=DIRECTION('',(0.E0,-1.E0,0.E0));
#1435=AXIS2_PLACEMENT_3D('',#1432,#1433,#1434);
#1437=DIRECTION('',(-1.E0,0.E0,0.E0));
#1438=VECTOR('',#1437,1.58E-1);
#1439=CARTESIAN_POINT('',(-3.092E0,-9.85E-1,-4.E0));
#1440=LINE('',#1439,#1438);
#1441=DIRECTION('',(0.E0,-1.E0,0.E0));
#1442=VECTOR('',#1441,2.85E-1);
#1443=CARTESIAN_POINT('',(-3.092E0,-7.E-1,-4.E0));
#1444=LINE('',#1443,#1442);
#1445=DIRECTION('',(0.E0,-1.E0,0.E0));
#1446=VECTOR('',#1445,2.85E-1);
#1447=CARTESIAN_POINT('',(-3.092E0,9.85E-1,-4.E0));
#1448=LINE('',#1447,#1446);
#1449=DIRECTION('',(1.E0,0.E0,0.E0));
#1450=VECTOR('',#1449,1.58E-1);
#1451=CARTESIAN_POINT('',(-3.25E0,9.85E-1,-4.E0));
#1452=LINE('',#1451,#1450);
#1453=CARTESIAN_POINT('',(-3.25E0,7.35E-1,-4.E0));
#1454=DIRECTION('',(0.E0,0.E0,-1.E0));
#1455=DIRECTION('',(-1.E0,0.E0,0.E0));
#1456=AXIS2_PLACEMENT_3D('',#1453,#1454,#1455);
#1458=DIRECTION('',(0.E0,1.E0,0.E0));
#1459=VECTOR('',#1458,4.35E-1);
#1460=CARTESIAN_POINT('',(-3.5E0,3.E-1,-4.E0));
#1461=LINE('',#1460,#1459);
#1462=DIRECTION('',(1.E0,0.E0,0.E0));
#1463=VECTOR('',#1462,5.734687195073E-2);
#1464=CARTESIAN_POINT('',(-3.5E0,3.E-1,-4.E0));
#1465=LINE('',#1464,#1463);
#1466=CARTESIAN_POINT('',(-3.25E0,4.E-1,-4.E0));
#1467=CARTESIAN_POINT('',(-3.25E0,3.970587151582E-1,-4.E0));
#1468=CARTESIAN_POINT('',(-3.250606229311E0,3.909540544612E-1,-4.E0));
#1469=CARTESIAN_POINT('',(-3.253375710121E0,3.817547099878E-1,-4.E0));
#1470=CARTESIAN_POINT('',(-3.258204144816E0,3.723660721763E-1,-4.E0));
#1471=CARTESIAN_POINT('',(-3.265265538640E0,3.629127132897E-1,-4.E0));
#1472=CARTESIAN_POINT('',(-3.274688771039E0,3.535682786233E-1,-4.E0));
#1473=CARTESIAN_POINT('',(-3.286467814200E0,3.444598083565E-1,-4.E0));
#1474=CARTESIAN_POINT('',(-3.300601915101E0,3.357014380108E-1,-4.E0));
#1475=CARTESIAN_POINT('',(-3.317127878335E0,3.274303462586E-1,-4.E0));
#1476=CARTESIAN_POINT('',(-3.336042142811E0,3.198041353658E-1,-4.E0));
#1477=CARTESIAN_POINT('',(-3.357053403398E0,3.129829597309E-1,-4.E0));
#1478=CARTESIAN_POINT('',(-3.379328596168E0,3.073250790375E-1,-4.E0));
#1479=CARTESIAN_POINT('',(-3.401651186812E0,3.031798496252E-1,-4.E0));
#1480=CARTESIAN_POINT('',(-3.422739116797E0,3.006508214621E-1,-4.E0));
#1481=CARTESIAN_POINT('',(-3.436277050982E0,3.E-1,-4.E0));
#1482=CARTESIAN_POINT('',(-3.442653128049E0,3.E-1,-4.E0));
#1484=DIRECTION('',(0.E0,1.E0,0.E0));
#1485=VECTOR('',#1484,2.5E-2);
#1486=CARTESIAN_POINT('',(-3.25E0,4.E-1,-4.E0));
#1487=LINE('',#1486,#1485);
#1488=CARTESIAN_POINT('',(-3.15E0,4.25E-1,-4.E0));
#1489=DIRECTION('',(0.E0,0.E0,-1.E0));
#1490=DIRECTION('',(-1.E0,3.386180225107E-14,0.E0));
#1491=AXIS2_PLACEMENT_3D('',#1488,#1489,#1490);
#1493=DIRECTION('',(7.071067811865E-1,7.071067811865E-1,0.E0));
#1494=VECTOR('',#1493,1.707106781187E-1);
#1495=CARTESIAN_POINT('',(-3.220710678119E0,4.957106781187E-1,-4.E0));
#1496=LINE('',#1495,#1494);
#1497=DIRECTION('',(-1.E0,0.E0,0.E0));
#1498=VECTOR('',#1497,5.734687195073E-2);
#1499=CARTESIAN_POINT('',(3.5E0,-3.E-1,-4.E0));
#1500=LINE('',#1499,#1498);
#1501=CARTESIAN_POINT('',(3.442653128049E0,-3.E-1,-4.E0));
#1502=CARTESIAN_POINT('',(3.436276771524E0,-3.E-1,-4.E0));
#1503=CARTESIAN_POINT('',(3.422739244354E0,-3.006508285254E-1,-4.E0));
#1504=CARTESIAN_POINT('',(3.401651864318E0,-3.031797706800E-1,-4.E0));
#1505=CARTESIAN_POINT('',(3.379329419732E0,-3.073248809863E-1,-4.E0));
#1506=CARTESIAN_POINT('',(3.357053738248E0,-3.129828410735E-1,-4.E0));
#1507=CARTESIAN_POINT('',(3.336042329506E0,-3.198040852508E-1,-4.E0));
#1508=CARTESIAN_POINT('',(3.317129781854E0,-3.274295736679E-1,-4.E0));
#1509=CARTESIAN_POINT('',(3.300605925668E0,-3.356993257493E-1,-4.E0));
#1510=CARTESIAN_POINT('',(3.286473846062E0,-3.444557557883E-1,-4.E0));
#1511=CARTESIAN_POINT('',(3.274697006662E0,-3.535613879521E-1,-4.E0));
#1512=CARTESIAN_POINT('',(3.265274409293E0,-3.629028931170E-1,-4.E0));
#1513=CARTESIAN_POINT('',(3.258212181626E0,-3.723533768046E-1,-4.E0));
#1514=CARTESIAN_POINT('',(3.253380072743E0,-3.817435173289E-1,-4.E0));
#1515=CARTESIAN_POINT('',(3.250607170963E0,-3.909469783471E-1,-4.E0));
#1516=CARTESIAN_POINT('',(3.25E0,-3.970565624760E-1,-4.E0));
#1517=CARTESIAN_POINT('',(3.25E0,-4.E-1,-4.E0));
#1519=DIRECTION('',(0.E0,-1.E0,0.E0));
#1520=VECTOR('',#1519,2.5E-2);
#1521=CARTESIAN_POINT('',(3.25E0,-4.E-1,-4.E0));
#1522=LINE('',#1521,#1520);
#1523=CARTESIAN_POINT('',(3.15E0,-4.25E-1,-4.E0));
#1524=DIRECTION('',(0.E0,0.E0,-1.E0));
#1525=DIRECTION('',(1.E0,0.E0,0.E0));
#1526=AXIS2_PLACEMENT_3D('',#1523,#1524,#1525);
#1528=DIRECTION('',(-7.071067811865E-1,-7.071067811866E-1,0.E0));
#1529=VECTOR('',#1528,1.707106781187E-1);
#1530=CARTESIAN_POINT('',(3.220710678119E0,-4.957106781187E-1,-4.E0));
#1531=LINE('',#1530,#1529);
#1532=DIRECTION('',(0.E0,-1.E0,0.E0));
#1533=VECTOR('',#1532,2.85E-1);
#1534=CARTESIAN_POINT('',(3.092E0,-7.E-1,-4.E0));
#1535=LINE('',#1534,#1533);
#1536=DIRECTION('',(-1.E0,0.E0,0.E0));
#1537=VECTOR('',#1536,1.58E-1);
#1538=CARTESIAN_POINT('',(3.25E0,-9.85E-1,-4.E0));
#1539=LINE('',#1538,#1537);
#1540=CARTESIAN_POINT('',(3.25E0,-7.35E-1,-4.E0));
#1541=DIRECTION('',(0.E0,0.E0,-1.E0));
#1542=DIRECTION('',(1.E0,0.E0,0.E0));
#1543=AXIS2_PLACEMENT_3D('',#1540,#1541,#1542);
#1545=DIRECTION('',(0.E0,-1.E0,0.E0));
#1546=VECTOR('',#1545,4.35E-1);
#1547=CARTESIAN_POINT('',(3.5E0,-3.E-1,-4.E0));
#1548=LINE('',#1547,#1546);
#1549=DIRECTION('',(7.071067811865E-1,-7.071067811866E-1,0.E0));
#1550=VECTOR('',#1549,1.707106781187E-1);
#1551=CARTESIAN_POINT('',(3.1E0,6.164213562373E-1,-4.E0));
#1552=LINE('',#1551,#1550);
#1553=CARTESIAN_POINT('',(3.15E0,4.25E-1,-4.E0));
#1554=DIRECTION('',(0.E0,0.E0,-1.E0));
#1555=DIRECTION('',(7.071067811865E-1,7.071067811866E-1,0.E0));
#1556=AXIS2_PLACEMENT_3D('',#1553,#1554,#1555);
#1558=DIRECTION('',(0.E0,-1.E0,0.E0));
#1559=VECTOR('',#1558,2.5E-2);
#1560=CARTESIAN_POINT('',(3.25E0,4.25E-1,-4.E0));
#1561=LINE('',#1560,#1559);
#1562=CARTESIAN_POINT('',(3.25E0,4.E-1,-4.E0));
#1563=CARTESIAN_POINT('',(3.25E0,3.970587151582E-1,-4.E0));
#1564=CARTESIAN_POINT('',(3.250606229311E0,3.909540544612E-1,-4.E0));
#1565=CARTESIAN_POINT('',(3.253375710121E0,3.817547099878E-1,-4.E0));
#1566=CARTESIAN_POINT('',(3.258204144816E0,3.723660721763E-1,-4.E0));
#1567=CARTESIAN_POINT('',(3.265265538640E0,3.629127132897E-1,-4.E0));
#1568=CARTESIAN_POINT('',(3.274688771039E0,3.535682786233E-1,-4.E0));
#1569=CARTESIAN_POINT('',(3.286467814200E0,3.444598083565E-1,-4.E0));
#1570=CARTESIAN_POINT('',(3.300601915101E0,3.357014380108E-1,-4.E0));
#1571=CARTESIAN_POINT('',(3.317127878335E0,3.274303462586E-1,-4.E0));
#1572=CARTESIAN_POINT('',(3.336042142811E0,3.198041353658E-1,-4.E0));
#1573=CARTESIAN_POINT('',(3.357053403398E0,3.129829597309E-1,-4.E0));
#1574=CARTESIAN_POINT('',(3.379328596168E0,3.073250790375E-1,-4.E0));
#1575=CARTESIAN_POINT('',(3.401651186812E0,3.031798496252E-1,-4.E0));
#1576=CARTESIAN_POINT('',(3.422739116797E0,3.006508214621E-1,-4.E0));
#1577=CARTESIAN_POINT('',(3.436277050982E0,3.E-1,-4.E0));
#1578=CARTESIAN_POINT('',(3.442653128049E0,3.E-1,-4.E0));
#1580=DIRECTION('',(-1.E0,0.E0,0.E0));
#1581=VECTOR('',#1580,5.734687195073E-2);
#1582=CARTESIAN_POINT('',(3.5E0,3.E-1,-4.E0));
#1583=LINE('',#1582,#1581);
#1584=DIRECTION('',(0.E0,-1.E0,0.E0));
#1585=VECTOR('',#1584,4.35E-1);
#1586=CARTESIAN_POINT('',(3.5E0,7.35E-1,-4.E0));
#1587=LINE('',#1586,#1585);
#1588=CARTESIAN_POINT('',(3.25E0,7.35E-1,-4.E0));
#1589=DIRECTION('',(0.E0,0.E0,-1.E0));
#1590=DIRECTION('',(0.E0,1.E0,0.E0));
#1591=AXIS2_PLACEMENT_3D('',#1588,#1589,#1590);
#1593=DIRECTION('',(1.E0,0.E0,0.E0));
#1594=VECTOR('',#1593,1.58E-1);
#1595=CARTESIAN_POINT('',(3.092E0,9.85E-1,-4.E0));
#1596=LINE('',#1595,#1594);
#1597=DIRECTION('',(0.E0,-1.E0,0.E0));
#1598=VECTOR('',#1597,2.85E-1);
#1599=CARTESIAN_POINT('',(3.092E0,9.85E-1,-4.E0));
#1600=LINE('',#1599,#1598);
#1601=DIRECTION('',(0.E0,0.E0,-1.E0));
#1602=VECTOR('',#1601,2.E-1);
#1603=CARTESIAN_POINT('',(-3.070710678119E0,-6.457106781187E-1,-4.15E0));
#1604=LINE('',#1603,#1602);
#1605=DIRECTION('',(0.E0,-1.E0,0.E0));
#1606=VECTOR('',#1605,8.357864376269E-2);
#1607=CARTESIAN_POINT('',(3.1E0,-6.164213562373E-1,-4.15E0));
#1608=LINE('',#1607,#1606);
#1609=DIRECTION('',(-7.071067811865E-1,-7.071067811866E-1,0.E0));
#1610=VECTOR('',#1609,4.142135623731E-2);
#1611=CARTESIAN_POINT('',(3.1E0,-6.164213562373E-1,-4.15E0));
#1612=LINE('',#1611,#1610);
#1613=CARTESIAN_POINT('',(3.E0,-5.75E-1,-4.15E0));
#1614=DIRECTION('',(0.E0,0.E0,-1.E0));
#1615=DIRECTION('',(7.071067811865E-1,-7.071067811866E-1,0.E0));
#1616=AXIS2_PLACEMENT_3D('',#1613,#1614,#1615);
#1618=DIRECTION('',(-1.E0,0.E0,0.E0));
#1619=VECTOR('',#1618,9.001973534738E-1);
#1620=CARTESIAN_POINT('',(3.E0,-6.75E-1,-4.15E0));
#1621=LINE('',#1620,#1619);
#1622=CARTESIAN_POINT('',(2.099802646526E0,-4.75E-1,-4.15E0));
#1623=DIRECTION('',(0.E0,0.E0,-1.E0));
#1624=DIRECTION('',(0.E0,-1.E0,0.E0));
#1625=AXIS2_PLACEMENT_3D('',#1622,#1623,#1624);
#1627=CARTESIAN_POINT('',(1.71E0,-5.647435053981E-1,-4.15E0));
#1628=DIRECTION('',(0.E0,0.E0,-1.E0));
#1629=DIRECTION('',(2.25E-1,9.743587634953E-1,0.E0));
#1630=AXIS2_PLACEMENT_3D('',#1627,#1628,#1629);
#1632=CARTESIAN_POINT('',(1.8E0,-1.75E-1,-4.15E0));
#1633=DIRECTION('',(0.E0,0.E0,-1.E0));
#1634=DIRECTION('',(-2.25E-1,-9.743587634952E-1,0.E0));
#1635=AXIS2_PLACEMENT_3D('',#1632,#1633,#1634);
#1637=DIRECTION('',(0.E0,1.E0,0.E0));
#1638=VECTOR('',#1637,3.5E-1);
#1639=CARTESIAN_POINT('',(1.6E0,-1.75E-1,-4.15E0));
#1640=LINE('',#1639,#1638);
#1641=CARTESIAN_POINT('',(1.8E0,1.75E-1,-4.15E0));
#1642=DIRECTION('',(0.E0,0.E0,-1.E0));
#1643=DIRECTION('',(-1.E0,0.E0,0.E0));
#1644=AXIS2_PLACEMENT_3D('',#1641,#1642,#1643);
#1646=CARTESIAN_POINT('',(1.71E0,5.647435053981E-1,-4.15E0));
#1647=DIRECTION('',(0.E0,0.E0,-1.E0));
#1648=DIRECTION('',(9.745066163156E-1,-2.243587634951E-1,0.E0));
#1649=AXIS2_PLACEMENT_3D('',#1646,#1647,#1648);
#1651=CARTESIAN_POINT('',(2.099802646526E0,4.75E-1,-4.15E0));
#1652=DIRECTION('',(0.E0,0.E0,-1.E0));
#1653=DIRECTION('',(-9.745066163156E-1,2.243587634954E-1,0.E0));
#1654=AXIS2_PLACEMENT_3D('',#1651,#1652,#1653);
#1656=DIRECTION('',(1.E0,0.E0,0.E0));
#1657=VECTOR('',#1656,9.001973534738E-1);
#1658=CARTESIAN_POINT('',(2.099802646526E0,6.75E-1,-4.15E0));
#1659=LINE('',#1658,#1657);
#1660=CARTESIAN_POINT('',(3.E0,5.75E-1,-4.15E0));
#1661=DIRECTION('',(0.E0,0.E0,-1.E0));
#1662=DIRECTION('',(0.E0,1.E0,0.E0));
#1663=AXIS2_PLACEMENT_3D('',#1660,#1661,#1662);
#1665=DIRECTION('',(-7.071067811866E-1,7.071067811865E-1,0.E0));
#1666=VECTOR('',#1665,4.142135623731E-2);
#1667=CARTESIAN_POINT('',(3.1E0,6.164213562373E-1,-4.15E0));
#1668=LINE('',#1667,#1666);
#1669=DIRECTION('',(0.E0,-1.E0,0.E0));
#1670=VECTOR('',#1669,8.357864376269E-2);
#1671=CARTESIAN_POINT('',(3.1E0,7.E-1,-4.15E0));
#1672=LINE('',#1671,#1670);
#1673=DIRECTION('',(0.E0,1.E0,0.E0));
#1674=VECTOR('',#1673,2.386131243139E-1);
#1675=CARTESIAN_POINT('',(1.1E0,4.613868756861E-1,-4.15E0));
#1676=LINE('',#1675,#1674);
#1677=DIRECTION('',(-1.E0,0.E0,0.E0));
#1678=VECTOR('',#1677,2.E-1);
#1679=CARTESIAN_POINT('',(1.1E0,4.613868756861E-1,-4.15E0));
#1680=LINE('',#1679,#1678);
#1681=DIRECTION('',(0.E0,1.E0,0.E0));
#1682=VECTOR('',#1681,2.386131243139E-1);
#1683=CARTESIAN_POINT('',(9.E-1,4.613868756861E-1,-4.15E0));
#1684=LINE('',#1683,#1682);
#1685=DIRECTION('',(0.E0,1.E0,0.E0));
#1686=VECTOR('',#1685,2.386131243139E-1);
#1687=CARTESIAN_POINT('',(6.E-1,4.613868756861E-1,-4.15E0));
#1688=LINE('',#1687,#1686);
#1689=DIRECTION('',(-1.E0,0.E0,0.E0));
#1690=VECTOR('',#1689,2.E-1);
#1691=CARTESIAN_POINT('',(6.E-1,4.613868756861E-1,-4.15E0));
#1692=LINE('',#1691,#1690);
#1693=DIRECTION('',(0.E0,1.E0,0.E0));
#1694=VECTOR('',#1693,2.386131243139E-1);
#1695=CARTESIAN_POINT('',(4.E-1,4.613868756861E-1,-4.15E0));
#1696=LINE('',#1695,#1694);
#1697=DIRECTION('',(0.E0,1.E0,0.E0));
#1698=VECTOR('',#1697,2.386131243139E-1);
#1699=CARTESIAN_POINT('',(1.E-1,4.613868756861E-1,-4.15E0));
#1700=LINE('',#1699,#1698);
#1701=DIRECTION('',(-1.E0,0.E0,0.E0));
#1702=VECTOR('',#1701,2.E-1);
#1703=CARTESIAN_POINT('',(1.E-1,4.613868756861E-1,-4.15E0));
#1704=LINE('',#1703,#1702);
#1705=DIRECTION('',(0.E0,1.E0,0.E0));
#1706=VECTOR('',#1705,2.386131243139E-1);
#1707=CARTESIAN_POINT('',(-1.E-1,4.613868756861E-1,-4.15E0));
#1708=LINE('',#1707,#1706);
#1709=DIRECTION('',(0.E0,1.E0,0.E0));
#1710=VECTOR('',#1709,2.386131243139E-1);
#1711=CARTESIAN_POINT('',(-4.E-1,4.613868756861E-1,-4.15E0));
#1712=LINE('',#1711,#1710);
#1713=DIRECTION('',(-1.E0,0.E0,0.E0));
#1714=VECTOR('',#1713,2.E-1);
#1715=CARTESIAN_POINT('',(-4.E-1,4.613868756861E-1,-4.15E0));
#1716=LINE('',#1715,#1714);
#1717=DIRECTION('',(0.E0,1.E0,0.E0));
#1718=VECTOR('',#1717,2.386131243139E-1);
#1719=CARTESIAN_POINT('',(-6.E-1,4.613868756861E-1,-4.15E0));
#1720=LINE('',#1719,#1718);
#1721=DIRECTION('',(0.E0,1.E0,0.E0));
#1722=VECTOR('',#1721,2.386131243139E-1);
#1723=CARTESIAN_POINT('',(-9.E-1,4.613868756861E-1,-4.15E0));
#1724=LINE('',#1723,#1722);
#1725=DIRECTION('',(-1.E0,0.E0,0.E0));
#1726=VECTOR('',#1725,2.E-1);
#1727=CARTESIAN_POINT('',(-9.E-1,4.613868756861E-1,-4.15E0));
#1728=LINE('',#1727,#1726);
#1729=DIRECTION('',(0.E0,1.E0,0.E0));
#1730=VECTOR('',#1729,2.386131243139E-1);
#1731=CARTESIAN_POINT('',(-1.1E0,4.613868756861E-1,-4.15E0));
#1732=LINE('',#1731,#1730);
#1733=DIRECTION('',(7.071067811866E-1,7.071067811865E-1,0.E0));
#1734=VECTOR('',#1733,4.142135623731E-2);
#1735=CARTESIAN_POINT('',(-3.1E0,6.164213562373E-1,-4.15E0));
#1736=LINE('',#1735,#1734);
#1737=CARTESIAN_POINT('',(-3.E0,5.75E-1,-4.15E0));
#1738=DIRECTION('',(0.E0,0.E0,-1.E0));
#1739=DIRECTION('',(-7.071067811865E-1,7.071067811866E-1,0.E0));
#1740=AXIS2_PLACEMENT_3D('',#1737,#1738,#1739);
#1742=DIRECTION('',(1.E0,0.E0,0.E0));
#1743=VECTOR('',#1742,9.001973534738E-1);
#1744=CARTESIAN_POINT('',(-3.E0,6.75E-1,-4.15E0));
#1745=LINE('',#1744,#1743);
#1746=CARTESIAN_POINT('',(-2.099802646526E0,4.75E-1,-4.15E0));
#1747=DIRECTION('',(0.E0,0.E0,-1.E0));
#1748=DIRECTION('',(0.E0,1.E0,0.E0));
#1749=AXIS2_PLACEMENT_3D('',#1746,#1747,#1748);
#1751=CARTESIAN_POINT('',(-1.71E0,5.647435053981E-1,-4.15E0));
#1752=DIRECTION('',(0.E0,0.E0,-1.E0));
#1753=DIRECTION('',(-2.25E-1,-9.743587634953E-1,0.E0));
#1754=AXIS2_PLACEMENT_3D('',#1751,#1752,#1753);
#1756=CARTESIAN_POINT('',(-1.8E0,1.75E-1,-4.15E0));
#1757=DIRECTION('',(0.E0,0.E0,-1.E0));
#1758=DIRECTION('',(2.25E-1,9.743587634953E-1,0.E0));
#1759=AXIS2_PLACEMENT_3D('',#1756,#1757,#1758);
#1761=DIRECTION('',(0.E0,-1.E0,0.E0));
#1762=VECTOR('',#1761,3.5E-1);
#1763=CARTESIAN_POINT('',(-1.6E0,1.75E-1,-4.15E0));
#1764=LINE('',#1763,#1762);
#1765=CARTESIAN_POINT('',(-1.8E0,-1.75E-1,-4.15E0));
#1766=DIRECTION('',(0.E0,0.E0,-1.E0));
#1767=DIRECTION('',(1.E0,1.762479051592E-14,0.E0));
#1768=AXIS2_PLACEMENT_3D('',#1765,#1766,#1767);
#1770=CARTESIAN_POINT('',(-1.71E0,-5.647435053981E-1,-4.15E0));
#1771=DIRECTION('',(0.E0,0.E0,-1.E0));
#1772=DIRECTION('',(-9.745066163157E-1,2.243587634948E-1,0.E0));
#1773=AXIS2_PLACEMENT_3D('',#1770,#1771,#1772);
#1775=CARTESIAN_POINT('',(-2.099802646526E0,-4.75E-1,-4.15E0));
#1776=DIRECTION('',(0.E0,0.E0,-1.E0));
#1777=DIRECTION('',(9.745066163155E-1,-2.243587634957E-1,0.E0));
#1778=AXIS2_PLACEMENT_3D('',#1775,#1776,#1777);
#1780=DIRECTION('',(-1.E0,0.E0,0.E0));
#1781=VECTOR('',#1780,9.001973534738E-1);
#1782=CARTESIAN_POINT('',(-2.099802646526E0,-6.75E-1,-4.15E0));
#1783=LINE('',#1782,#1781);
#1784=CARTESIAN_POINT('',(-3.E0,-5.75E-1,-4.15E0));
#1785=DIRECTION('',(0.E0,0.E0,-1.E0));
#1786=DIRECTION('',(0.E0,-1.E0,0.E0));
#1787=AXIS2_PLACEMENT_3D('',#1784,#1785,#1786);
#1789=DIRECTION('',(7.071067811865E-1,-7.071067811866E-1,0.E0));
#1790=VECTOR('',#1789,4.142135623731E-2);
#1791=CARTESIAN_POINT('',(-3.1E0,-6.164213562373E-1,-4.15E0));
#1792=LINE('',#1791,#1790);
#1793=CARTESIAN_POINT('',(9.E-1,-8.3E-1,-3.95E0));
#1794=DIRECTION('',(-1.E0,0.E0,0.E0));
#1795=DIRECTION('',(0.E0,-4.841229182759E-1,-8.75E-1));
#1796=AXIS2_PLACEMENT_3D('',#1793,#1794,#1795);
#1798=DIRECTION('',(0.E0,-1.E0,0.E0));
#1799=VECTOR('',#1798,1.3E-1);
#1800=CARTESIAN_POINT('',(9.E-1,-7.E-1,-4.15E0));
#1801=LINE('',#1800,#1799);
#1802=DIRECTION('',(0.E0,-5.735764363510E-1,8.191520442890E-1));
#1803=VECTOR('',#1802,4.653457720939E-1);
#1804=CARTESIAN_POINT('',(9.E-1,7.282982453147E-1,-4.531188940512E0));
#1805=LINE('',#1804,#1803);
#1806=CARTESIAN_POINT('',(9.E-1,6.3E-1,-4.600018112874E0));
#1807=DIRECTION('',(1.E0,0.E0,0.E0));
#1808=DIRECTION('',(0.E0,1.E0,1.480297366167E-14));
#1809=AXIS2_PLACEMENT_3D('',#1806,#1807,#1808);
#1811=DIRECTION('',(0.E0,0.E0,1.E0));
#1812=VECTOR('',#1811,5.999818871259E-1);
#1813=CARTESIAN_POINT('',(9.E-1,7.5E-1,-5.2E0));
#1814=LINE('',#1813,#1812);
#1815=DIRECTION('',(0.E0,-1.E0,0.E0));
#1816=VECTOR('',#1815,2.7E-1);
#1817=CARTESIAN_POINT('',(9.E-1,1.02E0,-5.2E0));
#1818=LINE('',#1817,#1816);
#1819=DIRECTION('',(0.E0,0.E0,-1.E0));
#1820=VECTOR('',#1819,7.507976036404E-1);
#1821=CARTESIAN_POINT('',(9.E-1,1.02E0,-4.449202396360E0));
#1822=LINE('',#1821,#1820);
#1823=CARTESIAN_POINT('',(9.E-1,9.2E-1,-4.449202396360E0));
#1824=DIRECTION('',(-1.E0,0.E0,0.E0));
#1825=DIRECTION('',(0.E0,8.010762509420E-1,5.985623110226E-1));
#1826=AXIS2_PLACEMENT_3D('',#1823,#1824,#1825);
#1828=DIRECTION('',(0.E0,5.985623110226E-1,-8.010762509420E-1));
#1829=VECTOR('',#1828,2.552690008157E-1);
#1830=CARTESIAN_POINT('',(9.E-1,8.473132220336E-1,-4.184856231102E0));
#1831=LINE('',#1830,#1829);
#1832=DIRECTION('',(1.E0,0.E0,0.E0));
#1833=VECTOR('',#1832,2.E-1);
#1834=CARTESIAN_POINT('',(9.E-1,-8.784122918276E-1,-4.0375E0));
#1835=LINE('',#1834,#1833);
#1836=DIRECTION('',(0.E0,-1.E0,0.E0));
#1837=VECTOR('',#1836,1.3E-1);
#1838=CARTESIAN_POINT('',(9.E-1,-7.E-1,-3.85E0));
#1839=LINE('',#1838,#1837);
#1840=DIRECTION('',(0.E0,1.E0,0.E0));
#1841=VECTOR('',#1840,1.3E-1);
#1842=CARTESIAN_POINT('',(6.E-1,-8.3E-1,-3.85E0));
#1843=LINE('',#1842,#1841);
#1844=DIRECTION('',(-1.E0,0.E0,0.E0));
#1845=VECTOR('',#1844,2.E-1);
#1846=CARTESIAN_POINT('',(6.E-1,-8.3E-1,-3.85E0));
#1847=LINE('',#1846,#1845);
#1848=DIRECTION('',(0.E0,1.E0,0.E0));
#1849=VECTOR('',#1848,1.3E-1);
#1850=CARTESIAN_POINT('',(4.E-1,-8.3E-1,-3.85E0));
#1851=LINE('',#1850,#1849);
#1852=DIRECTION('',(0.E0,1.E0,0.E0));
#1853=VECTOR('',#1852,1.3E-1);
#1854=CARTESIAN_POINT('',(1.E-1,-8.3E-1,-3.85E0));
#1855=LINE('',#1854,#1853);
#1856=DIRECTION('',(-1.E0,0.E0,0.E0));
#1857=VECTOR('',#1856,2.E-1);
#1858=CARTESIAN_POINT('',(1.E-1,-8.3E-1,-3.85E0));
#1859=LINE('',#1858,#1857);
#1860=DIRECTION('',(0.E0,1.E0,0.E0));
#1861=VECTOR('',#1860,1.3E-1);
#1862=CARTESIAN_POINT('',(-1.E-1,-8.3E-1,-3.85E0));
#1863=LINE('',#1862,#1861);
#1864=DIRECTION('',(0.E0,1.E0,0.E0));
#1865=VECTOR('',#1864,1.3E-1);
#1866=CARTESIAN_POINT('',(-4.E-1,-8.3E-1,-3.85E0));
#1867=LINE('',#1866,#1865);
#1868=DIRECTION('',(-1.E0,0.E0,0.E0));
#1869=VECTOR('',#1868,2.E-1);
#1870=CARTESIAN_POINT('',(-4.E-1,-8.3E-1,-3.85E0));
#1871=LINE('',#1870,#1869);
#1872=DIRECTION('',(0.E0,1.E0,0.E0));
#1873=VECTOR('',#1872,1.3E-1);
#1874=CARTESIAN_POINT('',(-6.E-1,-8.3E-1,-3.85E0));
#1875=LINE('',#1874,#1873);
#1876=DIRECTION('',(0.E0,1.E0,0.E0));
#1877=VECTOR('',#1876,1.3E-1);
#1878=CARTESIAN_POINT('',(-9.E-1,-8.3E-1,-3.85E0));
#1879=LINE('',#1878,#1877);
#1880=DIRECTION('',(-1.E0,0.E0,0.E0));
#1881=VECTOR('',#1880,2.E-1);
#1882=CARTESIAN_POINT('',(-9.E-1,-8.3E-1,-3.85E0));
#1883=LINE('',#1882,#1881);
#1884=DIRECTION('',(0.E0,1.E0,0.E0));
#1885=VECTOR('',#1884,1.3E-1);
#1886=CARTESIAN_POINT('',(-1.1E0,-8.3E-1,-3.85E0));
#1887=LINE('',#1886,#1885);
#1888=DIRECTION('',(-1.E0,0.E0,0.E0));
#1889=VECTOR('',#1888,2.9E0);
#1890=CARTESIAN_POINT('',(1.45E0,-1.E0,-3.85E0));
#1891=LINE('',#1890,#1889);
#1892=DIRECTION('',(0.E0,-1.E0,0.E0));
#1893=VECTOR('',#1892,1.3E-1);
#1894=CARTESIAN_POINT('',(1.1E0,-7.E-1,-3.85E0));
#1895=LINE('',#1894,#1893);
#1896=DIRECTION('',(-1.E0,0.E0,0.E0));
#1897=VECTOR('',#1896,2.E-1);
#1898=CARTESIAN_POINT('',(1.1E0,-8.3E-1,-3.85E0));
#1899=LINE('',#1898,#1897);
#1900=DIRECTION('',(0.E0,-1.E0,0.E0));
#1901=VECTOR('',#1900,1.3E-1);
#1902=CARTESIAN_POINT('',(6.E-1,-7.E-1,-4.15E0));
#1903=LINE('',#1902,#1901);
#1904=CARTESIAN_POINT('',(6.E-1,-8.3E-1,-3.95E0));
#1905=DIRECTION('',(-1.E0,0.E0,0.E0));
#1906=DIRECTION('',(0.E0,-4.841229182759E-1,-8.75E-1));
#1907=AXIS2_PLACEMENT_3D('',#1904,#1905,#1906);
#1909=DIRECTION('',(0.E0,5.985623110226E-1,-8.010762509420E-1));
#1910=VECTOR('',#1909,2.552690008157E-1);
#1911=CARTESIAN_POINT('',(6.E-1,8.473132220336E-1,-4.184856231102E0));
#1912=LINE('',#1911,#1910);
#1913=CARTESIAN_POINT('',(6.E-1,9.2E-1,-4.449202396360E0));
#1914=DIRECTION('',(-1.E0,0.E0,0.E0));
#1915=DIRECTION('',(0.E0,8.010762509420E-1,5.985623110226E-1));
#1916=AXIS2_PLACEMENT_3D('',#1913,#1914,#1915);
#1918=DIRECTION('',(0.E0,0.E0,-1.E0));
#1919=VECTOR('',#1918,7.507976036404E-1);
#1920=CARTESIAN_POINT('',(6.E-1,1.02E0,-4.449202396360E0));
#1921=LINE('',#1920,#1919);
#1922=DIRECTION('',(0.E0,-1.E0,0.E0));
#1923=VECTOR('',#1922,2.7E-1);
#1924=CARTESIAN_POINT('',(6.E-1,1.02E0,-5.2E0));
#1925=LINE('',#1924,#1923);
#1926=DIRECTION('',(0.E0,0.E0,1.E0));
#1927=VECTOR('',#1926,5.999818871259E-1);
#1928=CARTESIAN_POINT('',(6.E-1,7.5E-1,-5.2E0));
#1929=LINE('',#1928,#1927);
#1930=CARTESIAN_POINT('',(6.E-1,6.3E-1,-4.600018112874E0));
#1931=DIRECTION('',(1.E0,0.E0,0.E0));
#1932=DIRECTION('',(0.E0,1.E0,1.480297366167E-14));
#1933=AXIS2_PLACEMENT_3D('',#1930,#1931,#1932);
#1935=DIRECTION('',(0.E0,-5.735764363510E-1,8.191520442890E-1));
#1936=VECTOR('',#1935,4.653457720939E-1);
#1937=CARTESIAN_POINT('',(6.E-1,7.282982453147E-1,-4.531188940512E0));
#1938=LINE('',#1937,#1936);
#1939=CARTESIAN_POINT('',(4.E-1,-9.268245836552E-1,-4.125E0));
#1940=DIRECTION('',(1.E0,0.E0,0.E0));
#1941=DIRECTION('',(0.E0,9.682458365519E-1,-2.5E-1));
#1942=AXIS2_PLACEMENT_3D('',#1939,#1940,#1941);
#1944=CARTESIAN_POINT('',(6.E-1,-9.268245836552E-1,-4.125E0));
#1945=DIRECTION('',(-1.E0,0.E0,0.E0));
#1946=DIRECTION('',(0.E0,4.841229182760E-1,8.75E-1));
#1947=AXIS2_PLACEMENT_3D('',#1944,#1945,#1946);
#1949=DIRECTION('',(1.E0,0.E0,0.E0));
#1950=VECTOR('',#1949,2.E-1);
#1951=CARTESIAN_POINT('',(4.E-1,-8.3E-1,-4.15E0));
#1952=LINE('',#1951,#1950);
#1953=CARTESIAN_POINT('',(4.E-1,-8.3E-1,-3.95E0));
#1954=DIRECTION('',(-1.E0,0.E0,0.E0));
#1955=DIRECTION('',(0.E0,-4.841229182759E-1,-8.75E-1));
#1956=AXIS2_PLACEMENT_3D('',#1953,#1954,#1955);
#1958=DIRECTION('',(0.E0,-1.E0,0.E0));
#1959=VECTOR('',#1958,1.3E-1);
#1960=CARTESIAN_POINT('',(4.E-1,-7.E-1,-4.15E0));
#1961=LINE('',#1960,#1959);
#1962=DIRECTION('',(0.E0,-5.735764363510E-1,8.191520442890E-1));
#1963=VECTOR('',#1962,4.653457720939E-1);
#1964=CARTESIAN_POINT('',(4.E-1,7.282982453147E-1,-4.531188940512E0));
#1965=LINE('',#1964,#1963);
#1966=CARTESIAN_POINT('',(4.E-1,6.3E-1,-4.600018112874E0));
#1967=DIRECTION('',(1.E0,0.E0,0.E0));
#1968=DIRECTION('',(0.E0,1.E0,1.480297366167E-14));
#1969=AXIS2_PLACEMENT_3D('',#1966,#1967,#1968);
#1971=DIRECTION('',(0.E0,0.E0,1.E0));
#1972=VECTOR('',#1971,5.999818871259E-1);
#1973=CARTESIAN_POINT('',(4.E-1,7.5E-1,-5.2E0));
#1974=LINE('',#1973,#1972);
#1975=DIRECTION('',(0.E0,-1.E0,0.E0));
#1976=VECTOR('',#1975,2.7E-1);
#1977=CARTESIAN_POINT('',(4.E-1,1.02E0,-5.2E0));
#1978=LINE('',#1977,#1976);
#1979=DIRECTION('',(0.E0,0.E0,-1.E0));
#1980=VECTOR('',#1979,7.507976036404E-1);
#1981=CARTESIAN_POINT('',(4.E-1,1.02E0,-4.449202396360E0));
#1982=LINE('',#1981,#1980);
#1983=CARTESIAN_POINT('',(4.E-1,9.2E-1,-4.449202396360E0));
#1984=DIRECTION('',(-1.E0,0.E0,0.E0));
#1985=DIRECTION('',(0.E0,8.010762509420E-1,5.985623110226E-1));
#1986=AXIS2_PLACEMENT_3D('',#1983,#1984,#1985);
#1988=DIRECTION('',(0.E0,5.985623110226E-1,-8.010762509420E-1));
#1989=VECTOR('',#1988,2.552690008157E-1);
#1990=CARTESIAN_POINT('',(4.E-1,8.473132220336E-1,-4.184856231102E0));
#1991=LINE('',#1990,#1989);
#1992=DIRECTION('',(1.E0,0.E0,0.E0));
#1993=VECTOR('',#1992,2.E-1);
#1994=CARTESIAN_POINT('',(4.E-1,-8.784122918276E-1,-4.0375E0));
#1995=LINE('',#1994,#1993);
#1996=DIRECTION('',(1.E0,0.E0,0.E0));
#1997=VECTOR('',#1996,2.E-1);
#1998=CARTESIAN_POINT('',(4.E-1,7.282982453147E-1,-4.531188940512E0));
#1999=LINE('',#1998,#1997);
#2000=DIRECTION('',(1.E0,0.E0,0.E0));
#2001=VECTOR('',#2000,2.E-1);
#2002=CARTESIAN_POINT('',(4.E-1,7.5E-1,-4.600018112874E0));
#2003=LINE('',#2002,#2001);
#2004=DIRECTION('',(1.E0,0.E0,0.E0));
#2005=VECTOR('',#2004,2.E-1);
#2006=CARTESIAN_POINT('',(4.E-1,7.5E-1,-5.2E0));
#2007=LINE('',#2006,#2005);
#2008=DIRECTION('',(1.E0,0.E0,0.E0));
#2009=VECTOR('',#2008,2.E-1);
#2010=CARTESIAN_POINT('',(4.E-1,1.02E0,-5.2E0));
#2011=LINE('',#2010,#2009);
#2012=DIRECTION('',(1.E0,0.E0,0.E0));
#2013=VECTOR('',#2012,2.E-1);
#2014=CARTESIAN_POINT('',(4.E-1,1.02E0,-4.449202396360E0));
#2015=LINE('',#2014,#2013);
#2016=DIRECTION('',(1.E0,0.E0,0.E0));
#2017=VECTOR('',#2016,2.E-1);
#2018=CARTESIAN_POINT('',(4.E-1,1.000107625094E0,-4.389346165257E0));
#2019=LINE('',#2018,#2017);
#2020=DIRECTION('',(1.E0,0.E0,0.E0));
#2021=VECTOR('',#2020,2.E-1);
#2022=CARTESIAN_POINT('',(4.E-1,8.473132220336E-1,-4.184856231102E0));
#2023=LINE('',#2022,#2021);
#2024=CARTESIAN_POINT('',(4.E-1,9.274208471278E-1,-4.125E0));
#2025=DIRECTION('',(1.E0,0.E0,0.E0));
#2026=DIRECTION('',(0.E0,-4.841229182760E-1,8.75E-1));
#2027=AXIS2_PLACEMENT_3D('',#2024,#2025,#2026);
#2029=CARTESIAN_POINT('',(6.E-1,9.274208471278E-1,-4.125E0));
#2030=DIRECTION('',(-1.E0,0.E0,0.E0));
#2031=DIRECTION('',(0.E0,-8.010762509420E-1,-5.985623110226E-1));
#2032=AXIS2_PLACEMENT_3D('',#2029,#2030,#2031);
#2034=DIRECTION('',(1.E0,0.E0,0.E0));
#2035=VECTOR('',#2034,2.E-1);
#2036=CARTESIAN_POINT('',(4.E-1,8.790085553002E-1,-4.0375E0));
#2037=LINE('',#2036,#2035);
#2038=CARTESIAN_POINT('',(4.E-1,8.305962634726E-1,-3.95E0));
#2039=DIRECTION('',(-1.E0,0.E0,0.E0));
#2040=DIRECTION('',(0.E0,0.E0,1.E0));
#2041=AXIS2_PLACEMENT_3D('',#2038,#2039,#2040);
#2043=CARTESIAN_POINT('',(6.E-1,8.305962634726E-1,-3.95E0));
#2044=DIRECTION('',(1.E0,0.E0,0.E0));
#2045=DIRECTION('',(0.E0,4.841229182759E-1,-8.75E-1));
#2046=AXIS2_PLACEMENT_3D('',#2043,#2044,#2045);
#2048=DIRECTION('',(0.E0,1.E0,0.E0));
#2049=VECTOR('',#2048,1.305962634726E-1);
#2050=CARTESIAN_POINT('',(9.E-1,7.E-1,-3.85E0));
#2051=LINE('',#2050,#2049);
#2052=DIRECTION('',(-1.E0,0.E0,0.E0));
#2053=VECTOR('',#2052,2.E-1);
#2054=CARTESIAN_POINT('',(1.1E0,8.305962634726E-1,-3.85E0));
#2055=LINE('',#2054,#2053);
#2056=DIRECTION('',(0.E0,1.E0,0.E0));
#2057=VECTOR('',#2056,1.305962634726E-1);
#2058=CARTESIAN_POINT('',(1.1E0,7.E-1,-3.85E0));
#2059=LINE('',#2058,#2057);
#2060=DIRECTION('',(-1.E0,0.E0,0.E0));
#2061=VECTOR('',#2060,3.5E-1);
#2062=CARTESIAN_POINT('',(1.45E0,7.E-1,-3.85E0));
#2063=LINE('',#2062,#2061);
#2064=DIRECTION('',(-1.E0,0.E0,0.E0));
#2065=VECTOR('',#2064,3.5E-1);
#2066=CARTESIAN_POINT('',(-1.1E0,7.E-1,-3.85E0));
#2067=LINE('',#2066,#2065);
#2068=DIRECTION('',(0.E0,1.E0,0.E0));
#2069=VECTOR('',#2068,1.305962634726E-1);
#2070=CARTESIAN_POINT('',(-1.1E0,7.E-1,-3.85E0));
#2071=LINE('',#2070,#2069);
#2072=DIRECTION('',(-1.E0,0.E0,0.E0));
#2073=VECTOR('',#2072,2.E-1);
#2074=CARTESIAN_POINT('',(-9.E-1,8.305962634726E-1,-3.85E0));
#2075=LINE('',#2074,#2073);
#2076=DIRECTION('',(0.E0,1.E0,0.E0));
#2077=VECTOR('',#2076,1.305962634726E-1);
#2078=CARTESIAN_POINT('',(-9.E-1,7.E-1,-3.85E0));
#2079=LINE('',#2078,#2077);
#2080=DIRECTION('',(-1.E0,0.E0,0.E0));
#2081=VECTOR('',#2080,3.E-1);
#2082=CARTESIAN_POINT('',(-6.E-1,7.E-1,-3.85E0));
#2083=LINE('',#2082,#2081);
#2084=DIRECTION('',(0.E0,1.E0,0.E0));
#2085=VECTOR('',#2084,1.305962634726E-1);
#2086=CARTESIAN_POINT('',(-6.E-1,7.E-1,-3.85E0));
#2087=LINE('',#2086,#2085);
#2088=DIRECTION('',(-1.E0,0.E0,0.E0));
#2089=VECTOR('',#2088,2.E-1);
#2090=CARTESIAN_POINT('',(-4.E-1,8.305962634726E-1,-3.85E0));
#2091=LINE('',#2090,#2089);
#2092=DIRECTION('',(0.E0,1.E0,0.E0));
#2093=VECTOR('',#2092,1.305962634726E-1);
#2094=CARTESIAN_POINT('',(-4.E-1,7.E-1,-3.85E0));
#2095=LINE('',#2094,#2093);
#2096=DIRECTION('',(-1.E0,0.E0,0.E0));
#2097=VECTOR('',#2096,3.E-1);
#2098=CARTESIAN_POINT('',(-1.E-1,7.E-1,-3.85E0));
#2099=LINE('',#2098,#2097);
#2100=DIRECTION('',(0.E0,1.E0,0.E0));
#2101=VECTOR('',#2100,1.305962634726E-1);
#2102=CARTESIAN_POINT('',(-1.E-1,7.E-1,-3.85E0));
#2103=LINE('',#2102,#2101);
#2104=DIRECTION('',(-1.E0,0.E0,0.E0));
#2105=VECTOR('',#2104,2.E-1);
#2106=CARTESIAN_POINT('',(1.E-1,8.305962634726E-1,-3.85E0));
#2107=LINE('',#2106,#2105);
#2108=DIRECTION('',(0.E0,1.E0,0.E0));
#2109=VECTOR('',#2108,1.305962634726E-1);
#2110=CARTESIAN_POINT('',(1.E-1,7.E-1,-3.85E0));
#2111=LINE('',#2110,#2109);
#2112=DIRECTION('',(-1.E0,0.E0,0.E0));
#2113=VECTOR('',#2112,3.E-1);
#2114=CARTESIAN_POINT('',(4.E-1,7.E-1,-3.85E0));
#2115=LINE('',#2114,#2113);
#2116=DIRECTION('',(0.E0,1.E0,0.E0));
#2117=VECTOR('',#2116,1.305962634726E-1);
#2118=CARTESIAN_POINT('',(4.E-1,7.E-1,-3.85E0));
#2119=LINE('',#2118,#2117);
#2120=DIRECTION('',(-1.E0,0.E0,0.E0));
#2121=VECTOR('',#2120,2.E-1);
#2122=CARTESIAN_POINT('',(6.E-1,8.305962634726E-1,-3.85E0));
#2123=LINE('',#2122,#2121);
#2124=DIRECTION('',(0.E0,1.E0,0.E0));
#2125=VECTOR('',#2124,1.305962634726E-1);
#2126=CARTESIAN_POINT('',(6.E-1,7.E-1,-3.85E0));
#2127=LINE('',#2126,#2125);
#2128=DIRECTION('',(-1.E0,0.E0,0.E0));
#2129=VECTOR('',#2128,3.E-1);
#2130=CARTESIAN_POINT('',(9.E-1,7.E-1,-3.85E0));
#2131=LINE('',#2130,#2129);
#2132=CARTESIAN_POINT('',(9.E-1,8.305962634726E-1,-3.95E0));
#2133=DIRECTION('',(-1.E0,0.E0,0.E0));
#2134=DIRECTION('',(0.E0,0.E0,1.E0));
#2135=AXIS2_PLACEMENT_3D('',#2132,#2133,#2134);
#2137=CARTESIAN_POINT('',(1.1E0,8.305962634726E-1,-3.95E0));
#2138=DIRECTION('',(1.E0,0.E0,0.E0));
#2139=DIRECTION('',(0.E0,4.841229182759E-1,-8.75E-1));
#2140=AXIS2_PLACEMENT_3D('',#2137,#2138,#2139);
#2142=CARTESIAN_POINT('',(9.E-1,9.274208471278E-1,-4.125E0));
#2143=DIRECTION('',(1.E0,0.E0,0.E0));
#2144=DIRECTION('',(0.E0,-4.841229182760E-1,8.75E-1));
#2145=AXIS2_PLACEMENT_3D('',#2142,#2143,#2144);
#2147=CARTESIAN_POINT('',(1.1E0,9.274208471278E-1,-4.125E0));
#2148=DIRECTION('',(-1.E0,0.E0,0.E0));
#2149=DIRECTION('',(0.E0,-8.010762509420E-1,-5.985623110226E-1));
#2150=AXIS2_PLACEMENT_3D('',#2147,#2148,#2149);
#2152=DIRECTION('',(1.E0,0.E0,0.E0));
#2153=VECTOR('',#2152,2.E-1);
#2154=CARTESIAN_POINT('',(9.E-1,8.790085553002E-1,-4.0375E0));
#2155=LINE('',#2154,#2153);
#2156=DIRECTION('',(1.E0,0.E0,0.E0));
#2157=VECTOR('',#2156,2.E-1);
#2158=CARTESIAN_POINT('',(9.E-1,8.473132220336E-1,-4.184856231102E0));
#2159=LINE('',#2158,#2157);
#2160=DIRECTION('',(1.E0,0.E0,0.E0));
#2161=VECTOR('',#2160,2.E-1);
#2162=CARTESIAN_POINT('',(9.E-1,1.000107625094E0,-4.389346165257E0));
#2163=LINE('',#2162,#2161);
#2164=DIRECTION('',(1.E0,0.E0,0.E0));
#2165=VECTOR('',#2164,2.E-1);
#2166=CARTESIAN_POINT('',(9.E-1,1.02E0,-4.449202396360E0));
#2167=LINE('',#2166,#2165);
#2168=DIRECTION('',(1.E0,0.E0,0.E0));
#2169=VECTOR('',#2168,2.E-1);
#2170=CARTESIAN_POINT('',(9.E-1,1.02E0,-5.2E0));
#2171=LINE('',#2170,#2169);
#2172=DIRECTION('',(1.E0,0.E0,0.E0));
#2173=VECTOR('',#2172,2.E-1);
#2174=CARTESIAN_POINT('',(9.E-1,7.5E-1,-5.2E0));
#2175=LINE('',#2174,#2173);
#2176=DIRECTION('',(1.E0,0.E0,0.E0));
#2177=VECTOR('',#2176,2.E-1);
#2178=CARTESIAN_POINT('',(9.E-1,7.5E-1,-4.600018112874E0));
#2179=LINE('',#2178,#2177);
#2180=DIRECTION('',(1.E0,0.E0,0.E0));
#2181=VECTOR('',#2180,2.E-1);
#2182=CARTESIAN_POINT('',(9.E-1,7.282982453147E-1,-4.531188940512E0));
#2183=LINE('',#2182,#2181);
#2184=DIRECTION('',(0.E0,-1.E0,0.E0));
#2185=VECTOR('',#2184,1.3E-1);
#2186=CARTESIAN_POINT('',(1.1E0,-7.E-1,-4.15E0));
#2187=LINE('',#2186,#2185);
#2188=CARTESIAN_POINT('',(1.1E0,-8.3E-1,-3.95E0));
#2189=DIRECTION('',(-1.E0,0.E0,0.E0));
#2190=DIRECTION('',(0.E0,-4.841229182759E-1,-8.75E-1));
#2191=AXIS2_PLACEMENT_3D('',#2188,#2189,#2190);
#2193=DIRECTION('',(0.E0,5.985623110226E-1,-8.010762509420E-1));
#2194=VECTOR('',#2193,2.552690008157E-1);
#2195=CARTESIAN_POINT('',(1.1E0,8.473132220336E-1,-4.184856231102E0));
#2196=LINE('',#2195,#2194);
#2197=CARTESIAN_POINT('',(1.1E0,9.2E-1,-4.449202396360E0));
#2198=DIRECTION('',(-1.E0,0.E0,0.E0));
#2199=DIRECTION('',(0.E0,8.010762509420E-1,5.985623110226E-1));
#2200=AXIS2_PLACEMENT_3D('',#2197,#2198,#2199);
#2202=DIRECTION('',(0.E0,0.E0,-1.E0));
#2203=VECTOR('',#2202,7.507976036404E-1);
#2204=CARTESIAN_POINT('',(1.1E0,1.02E0,-4.449202396360E0));
#2205=LINE('',#2204,#2203);
#2206=DIRECTION('',(0.E0,-1.E0,0.E0));
#2207=VECTOR('',#2206,2.7E-1);
#2208=CARTESIAN_POINT('',(1.1E0,1.02E0,-5.2E0));
#2209=LINE('',#2208,#2207);
#2210=DIRECTION('',(0.E0,0.E0,1.E0));
#2211=VECTOR('',#2210,5.999818871259E-1);
#2212=CARTESIAN_POINT('',(1.1E0,7.5E-1,-5.2E0));
#2213=LINE('',#2212,#2211);
#2214=CARTESIAN_POINT('',(1.1E0,6.3E-1,-4.600018112874E0));
#2215=DIRECTION('',(1.E0,0.E0,0.E0));
#2216=DIRECTION('',(0.E0,1.E0,1.480297366167E-14));
#2217=AXIS2_PLACEMENT_3D('',#2214,#2215,#2216);
#2219=DIRECTION('',(0.E0,-5.735764363510E-1,8.191520442890E-1));
#2220=VECTOR('',#2219,4.653457720939E-1);
#2221=CARTESIAN_POINT('',(1.1E0,7.282982453147E-1,-4.531188940512E0));
#2222=LINE('',#2221,#2220);
#2223=CARTESIAN_POINT('',(9.E-1,-9.268245836552E-1,-4.125E0));
#2224=DIRECTION('',(1.E0,0.E0,0.E0));
#2225=DIRECTION('',(0.E0,9.682458365519E-1,-2.5E-1));
#2226=AXIS2_PLACEMENT_3D('',#2223,#2224,#2225);
#2228=CARTESIAN_POINT('',(1.1E0,-9.268245836552E-1,-4.125E0));
#2229=DIRECTION('',(-1.E0,0.E0,0.E0));
#2230=DIRECTION('',(0.E0,4.841229182760E-1,8.75E-1));
#2231=AXIS2_PLACEMENT_3D('',#2228,#2229,#2230);
#2233=DIRECTION('',(1.E0,0.E0,0.E0));
#2234=VECTOR('',#2233,2.E-1);
#2235=CARTESIAN_POINT('',(9.E-1,-8.3E-1,-4.15E0));
#2236=LINE('',#2235,#2234);
#2237=DIRECTION('',(0.E0,1.E0,0.E0));
#2238=VECTOR('',#2237,3.E-1);
#2239=CARTESIAN_POINT('',(1.45E0,-1.E0,-3.85E0));
#2240=LINE('',#2239,#2238);
#2241=DIRECTION('',(0.E0,0.E0,-1.E0));
#2242=VECTOR('',#2241,3.7E0);
#2243=CARTESIAN_POINT('',(1.45E0,-1.E0,-1.5E-1));
#2244=LINE('',#2243,#2242);
#2245=DIRECTION('',(0.E0,-1.E0,0.E0));
#2246=VECTOR('',#2245,3.E-1);
#2247=CARTESIAN_POINT('',(1.45E0,-7.E-1,-1.5E-1));
#2248=LINE('',#2247,#2246);
#2249=DIRECTION('',(0.E0,-5.881716976750E-1,8.087360843032E-1));
#2250=VECTOR('',#2249,6.800735254368E-1);
#2251=CARTESIAN_POINT('',(1.45E0,-3.E-1,-7.E-1));
#2252=LINE('',#2251,#2250);
#2253=DIRECTION('',(0.E0,0.E0,1.E0));
#2254=VECTOR('',#2253,5.5E-1);
#2255=CARTESIAN_POINT('',(1.45E0,-3.E-1,-1.25E0));
#2256=LINE('',#2255,#2254);
#2257=DIRECTION('',(0.E0,-1.E0,0.E0));
#2258=VECTOR('',#2257,4.E-1);
#2259=CARTESIAN_POINT('',(1.45E0,-3.E-1,-1.25E0));
#2260=LINE('',#2259,#2258);
#2261=DIRECTION('',(0.E0,-1.E0,0.E0));
#2262=VECTOR('',#2261,1.E-1);
#2263=CARTESIAN_POINT('',(1.45E0,1.E0,-1.25E0));
#2264=LINE('',#2263,#2262);
#2265=DIRECTION('',(0.E0,0.E0,1.E0));
#2266=VECTOR('',#2265,2.6E0);
#2267=CARTESIAN_POINT('',(1.45E0,1.E0,-3.85E0));
#2268=LINE('',#2267,#2266);
#2269=DIRECTION('',(0.E0,1.E0,0.E0));
#2270=VECTOR('',#2269,3.E-1);
#2271=CARTESIAN_POINT('',(1.45E0,7.E-1,-3.85E0));
#2272=LINE('',#2271,#2270);
#2273=DIRECTION('',(-1.E0,0.E0,0.E0));
#2274=VECTOR('',#2273,2.9E0);
#2275=CARTESIAN_POINT('',(1.45E0,-1.E0,-1.5E-1));
#2276=LINE('',#2275,#2274);
#2277=DIRECTION('',(0.E0,-1.E0,0.E0));
#2278=VECTOR('',#2277,4.E-1);
#2279=CARTESIAN_POINT('',(-1.45E0,-3.E-1,-1.25E0));
#2280=LINE('',#2279,#2278);
#2281=DIRECTION('',(0.E0,0.E0,1.E0));
#2282=VECTOR('',#2281,5.5E-1);
#2283=CARTESIAN_POINT('',(-1.45E0,-3.E-1,-1.25E0));
#2284=LINE('',#2283,#2282);
#2285=DIRECTION('',(0.E0,-5.881716976750E-1,8.087360843032E-1));
#2286=VECTOR('',#2285,6.800735254368E-1);
#2287=CARTESIAN_POINT('',(-1.45E0,-3.E-1,-7.E-1));
#2288=LINE('',#2287,#2286);
#2289=DIRECTION('',(0.E0,-1.E0,0.E0));
#2290=VECTOR('',#2289,3.E-1);
#2291=CARTESIAN_POINT('',(-1.45E0,-7.E-1,-1.5E-1));
#2292=LINE('',#2291,#2290);
#2293=DIRECTION('',(0.E0,0.E0,-1.E0));
#2294=VECTOR('',#2293,3.7E0);
#2295=CARTESIAN_POINT('',(-1.45E0,-1.E0,-1.5E-1));
#2296=LINE('',#2295,#2294);
#2297=DIRECTION('',(0.E0,1.E0,0.E0));
#2298=VECTOR('',#2297,3.E-1);
#2299=CARTESIAN_POINT('',(-1.45E0,-1.E0,-3.85E0));
#2300=LINE('',#2299,#2298);
#2301=DIRECTION('',(0.E0,1.E0,0.E0));
#2302=VECTOR('',#2301,3.E-1);
#2303=CARTESIAN_POINT('',(-1.45E0,7.E-1,-3.85E0));
#2304=LINE('',#2303,#2302);
#2305=DIRECTION('',(0.E0,0.E0,1.E0));
#2306=VECTOR('',#2305,2.6E0);
#2307=CARTESIAN_POINT('',(-1.45E0,1.E0,-3.85E0));
#2308=LINE('',#2307,#2306);
#2309=DIRECTION('',(0.E0,-1.E0,0.E0));
#2310=VECTOR('',#2309,1.E-1);
#2311=CARTESIAN_POINT('',(-1.45E0,1.E0,-1.25E0));
#2312=LINE('',#2311,#2310);
#2313=DIRECTION('',(-1.E0,0.E0,0.E0));
#2314=VECTOR('',#2313,2.9E0);
#2315=CARTESIAN_POINT('',(1.45E0,1.E0,-1.25E0));
#2316=LINE('',#2315,#2314);
#2317=CARTESIAN_POINT('',(-3.65E0,9.E-1,-4.E-1));
#2318=DIRECTION('',(0.E0,1.E0,0.E0));
#2319=DIRECTION('',(-1.E0,0.E0,0.E0));
#2320=AXIS2_PLACEMENT_3D('',#2317,#2318,#2319);
#2322=DIRECTION('',(1.E0,0.E0,0.E0));
#2323=VECTOR('',#2322,2.9E0);
#2324=CARTESIAN_POINT('',(-1.45E0,9.E-1,-1.25E0));
#2325=LINE('',#2324,#2323);
#2326=DIRECTION('',(0.E0,0.E0,1.E0));
#2327=VECTOR('',#2326,8.5E-1);
#2328=CARTESIAN_POINT('',(4.05E0,9.E-1,-1.25E0));
#2329=LINE('',#2328,#2327);
#2330=CARTESIAN_POINT('',(3.65E0,9.E-1,-4.E-1));
#2331=DIRECTION('',(0.E0,1.E0,0.E0));
#2332=DIRECTION('',(0.E0,0.E0,1.E0));
#2333=AXIS2_PLACEMENT_3D('',#2330,#2331,#2332);
#2335=DIRECTION('',(-7.071067811865E-1,0.E0,7.071067811865E-1));
#2336=VECTOR('',#2335,4.242640687119E-1);
#2337=CARTESIAN_POINT('',(-1.6E0,-9.E-1,-3.E-1));
#2338=LINE('',#2337,#2336);
#2339=DIRECTION('',(0.E0,0.E0,-1.E0));
#2340=VECTOR('',#2339,9.5E-1);
#2341=CARTESIAN_POINT('',(-1.6E0,-9.E-1,-3.E-1));
#2342=LINE('',#2341,#2340);
#2343=DIRECTION('',(0.E0,0.E0,1.E0));
#2344=VECTOR('',#2343,8.5E-1);
#2345=CARTESIAN_POINT('',(-4.05E0,-9.E-1,-1.25E0));
#2346=LINE('',#2345,#2344);
#2347=CARTESIAN_POINT('',(-3.65E0,-9.E-1,-4.E-1));
#2348=DIRECTION('',(0.E0,-1.E0,0.E0));
#2349=DIRECTION('',(0.E0,0.E0,1.E0));
#2350=AXIS2_PLACEMENT_3D('',#2347,#2348,#2349);
#2352=DIRECTION('',(-7.071067811865E-1,0.E0,-7.071067811865E-1));
#2353=VECTOR('',#2352,4.242640687119E-1);
#2354=CARTESIAN_POINT('',(1.9E0,-9.E-1,0.E0));
#2355=LINE('',#2354,#2353);
#2356=CARTESIAN_POINT('',(3.65E0,-9.E-1,-4.E-1));
#2357=DIRECTION('',(0.E0,-1.E0,0.E0));
#2358=DIRECTION('',(1.E0,0.E0,0.E0));
#2359=AXIS2_PLACEMENT_3D('',#2356,#2357,#2358);
#2361=DIRECTION('',(0.E0,0.E0,-1.E0));
#2362=VECTOR('',#2361,9.5E-1);
#2363=CARTESIAN_POINT('',(1.6E0,-9.E-1,-3.E-1));
#2364=LINE('',#2363,#2362);
#2365=DIRECTION('',(7.071067811865E-1,0.E0,-7.071067811865E-1));
#2366=VECTOR('',#2365,4.242640687119E-1);
#2367=CARTESIAN_POINT('',(-1.9E0,1.E-1,0.E0));
#2368=LINE('',#2367,#2366);
#2369=DIRECTION('',(0.E0,1.E0,0.E0));
#2370=VECTOR('',#2369,4.E-1);
#2371=CARTESIAN_POINT('',(-1.6E0,-3.E-1,-1.3E0));
#2372=LINE('',#2371,#2370);
#2373=DIRECTION('',(0.E0,-1.E0,0.E0));
#2374=VECTOR('',#2373,4.E-1);
#2375=CARTESIAN_POINT('',(-1.6E0,-3.E-1,-1.25E0));
#2376=LINE('',#2375,#2374);
#2377=DIRECTION('',(0.E0,1.E0,0.E0));
#2378=VECTOR('',#2377,1.E0);
#2379=CARTESIAN_POINT('',(-1.6E0,-9.E-1,-3.E-1));
#2380=LINE('',#2379,#2378);
#2381=DIRECTION('',(0.E0,0.E0,-1.E0));
#2382=VECTOR('',#2381,1.E0);
#2383=CARTESIAN_POINT('',(-1.6E0,1.E-1,-3.E-1));
#2384=LINE('',#2383,#2382);
#2385=DIRECTION('',(-3.162277660168E-1,0.E0,9.486832980505E-1));
#2386=VECTOR('',#2385,1.581138830084E-1);
#2387=CARTESIAN_POINT('',(-1.55E0,-3.E-1,-1.45E0));
#2388=LINE('',#2387,#2386);
#2389=DIRECTION('',(3.162277660168E-1,0.E0,-9.486832980505E-1));
#2390=VECTOR('',#2389,1.581138830084E-1);
#2391=CARTESIAN_POINT('',(-1.6E0,1.E-1,-1.3E0));
#2392=LINE('',#2391,#2390);
#2393=DIRECTION('',(0.E0,1.E0,0.E0));
#2394=VECTOR('',#2393,4.E-1);
#2395=CARTESIAN_POINT('',(-1.55E0,-3.E-1,-1.45E0));
#2396=LINE('',#2395,#2394);
#2397=DIRECTION('',(0.E0,0.E0,-1.E0));
#2398=VECTOR('',#2397,1.4E0);
#2399=CARTESIAN_POINT('',(-1.55E0,1.E-1,-1.45E0));
#2400=LINE('',#2399,#2398);
#2401=DIRECTION('',(0.E0,0.E0,-1.E0));
#2402=VECTOR('',#2401,1.4E0);
#2403=CARTESIAN_POINT('',(1.55E0,1.E-1,-1.45E0));
#2404=LINE('',#2403,#2402);
#2405=DIRECTION('',(1.E0,0.E0,0.E0));
#2406=VECTOR('',#2405,3.8E0);
#2407=CARTESIAN_POINT('',(-1.9E0,1.E-1,0.E0));
#2408=LINE('',#2407,#2406);
#2409=DIRECTION('',(0.E0,-1.E0,0.E0));
#2410=VECTOR('',#2409,4.E-1);
#2411=CARTESIAN_POINT('',(1.6E0,1.E-1,-1.3E0));
#2412=LINE('',#2411,#2410);
#2413=DIRECTION('',(0.E0,0.E0,1.E0));
#2414=VECTOR('',#2413,1.E0);
#2415=CARTESIAN_POINT('',(1.6E0,1.E-1,-1.3E0));
#2416=LINE('',#2415,#2414);
#2417=DIRECTION('',(0.E0,-1.E0,0.E0));
#2418=VECTOR('',#2417,1.E0);
#2419=CARTESIAN_POINT('',(1.6E0,1.E-1,-3.E-1));
#2420=LINE('',#2419,#2418);
#2421=DIRECTION('',(0.E0,-1.E0,0.E0));
#2422=VECTOR('',#2421,4.E-1);
#2423=CARTESIAN_POINT('',(1.6E0,-3.E-1,-1.25E0));
#2424=LINE('',#2423,#2422);
#2425=DIRECTION('',(0.E0,0.E0,-1.E0));
#2426=VECTOR('',#2425,5.E-2);
#2427=CARTESIAN_POINT('',(1.6E0,-3.E-1,-1.25E0));
#2428=LINE('',#2427,#2426);
#2429=DIRECTION('',(3.162277660168E-1,0.E0,9.486832980505E-1));
#2430=VECTOR('',#2429,1.581138830084E-1);
#2431=CARTESIAN_POINT('',(1.55E0,1.E-1,-1.45E0));
#2432=LINE('',#2431,#2430);
#2433=DIRECTION('',(-3.162277660168E-1,0.E0,-9.486832980505E-1));
#2434=VECTOR('',#2433,1.581138830084E-1);
#2435=CARTESIAN_POINT('',(1.6E0,-3.E-1,-1.3E0));
#2436=LINE('',#2435,#2434);
#2437=DIRECTION('',(0.E0,-1.E0,0.E0));
#2438=VECTOR('',#2437,4.E-1);
#2439=CARTESIAN_POINT('',(1.55E0,1.E-1,-1.45E0));
#2440=LINE('',#2439,#2438);
#2441=DIRECTION('',(0.E0,0.E0,-1.E0));
#2442=VECTOR('',#2441,1.4E0);
#2443=CARTESIAN_POINT('',(1.55E0,-3.E-1,-1.45E0));
#2444=LINE('',#2443,#2442);
#2445=DIRECTION('',(-1.E0,0.E0,0.E0));
#2446=VECTOR('',#2445,1.5E-1);
#2447=CARTESIAN_POINT('',(1.6E0,-3.E-1,-1.25E0));
#2448=LINE('',#2447,#2446);
#2449=DIRECTION('',(-1.E0,0.E0,0.E0));
#2450=VECTOR('',#2449,1.5E-1);
#2451=CARTESIAN_POINT('',(-1.45E0,-3.E-1,-1.25E0));
#2452=LINE('',#2451,#2450);
#2453=DIRECTION('',(0.E0,0.E0,-1.E0));
#2454=VECTOR('',#2453,5.E-2);
#2455=CARTESIAN_POINT('',(-1.6E0,-3.E-1,-1.25E0));
#2456=LINE('',#2455,#2454);
#2457=DIRECTION('',(0.E0,0.E0,-1.E0));
#2458=VECTOR('',#2457,1.4E0);
#2459=CARTESIAN_POINT('',(-1.55E0,-3.E-1,-1.45E0));
#2460=LINE('',#2459,#2458);
#2461=DIRECTION('',(-1.E0,0.E0,0.E0));
#2462=VECTOR('',#2461,2.9E0);
#2463=CARTESIAN_POINT('',(1.45E0,-3.E-1,-7.E-1));
#2464=LINE('',#2463,#2462);
#2465=DIRECTION('',(-1.E0,0.E0,0.E0));
#2466=VECTOR('',#2465,2.9E0);
#2467=CARTESIAN_POINT('',(1.45E0,-7.E-1,-1.5E-1));
#2468=LINE('',#2467,#2466);
#2469=DIRECTION('',(-1.E0,0.E0,0.E0));
#2470=VECTOR('',#2469,3.1E0);
#2471=CARTESIAN_POINT('',(1.55E0,-3.E-1,-2.85E0));
#2472=LINE('',#2471,#2470);
#2473=DIRECTION('',(0.E0,-1.E0,0.E0));
#2474=VECTOR('',#2473,4.E-1);
#2475=CARTESIAN_POINT('',(-1.55E0,1.E-1,-2.85E0));
#2476=LINE('',#2475,#2474);
#2477=DIRECTION('',(-1.E0,0.E0,0.E0));
#2478=VECTOR('',#2477,3.1E0);
#2479=CARTESIAN_POINT('',(1.55E0,1.E-1,-2.85E0));
#2480=LINE('',#2479,#2478);
#2481=DIRECTION('',(0.E0,1.E0,0.E0));
#2482=VECTOR('',#2481,4.E-1);
#2483=CARTESIAN_POINT('',(1.55E0,-3.E-1,-2.85E0));
#2484=LINE('',#2483,#2482);
#2485=DIRECTION('',(7.071067811865E-1,0.E0,7.071067811865E-1));
#2486=VECTOR('',#2485,4.242640687119E-1);
#2487=CARTESIAN_POINT('',(1.6E0,1.E-1,-3.E-1));
#2488=LINE('',#2487,#2486);
#2489=DIRECTION('',(0.E0,1.E0,0.E0));
#2490=VECTOR('',#2489,1.E0);
#2491=CARTESIAN_POINT('',(-1.9E0,-9.E-1,0.E0));
#2492=LINE('',#2491,#2490);
#2493=DIRECTION('',(-1.E0,0.E0,0.E0));
#2494=VECTOR('',#2493,1.75E0);
#2495=CARTESIAN_POINT('',(-1.9E0,-9.E-1,0.E0));
#2496=LINE('',#2495,#2494);
#2497=DIRECTION('',(0.E0,-1.E0,0.E0));
#2498=VECTOR('',#2497,1.8E0);
#2499=CARTESIAN_POINT('',(-3.65E0,9.E-1,0.E0));
#2500=LINE('',#2499,#2498);
#2501=DIRECTION('',(1.E0,0.E0,0.E0));
#2502=VECTOR('',#2501,7.3E0);
#2503=CARTESIAN_POINT('',(-3.65E0,9.E-1,0.E0));
#2504=LINE('',#2503,#2502);
#2505=DIRECTION('',(0.E0,1.E0,0.E0));
#2506=VECTOR('',#2505,1.8E0);
#2507=CARTESIAN_POINT('',(3.65E0,-9.E-1,0.E0));
#2508=LINE('',#2507,#2506);
#2509=DIRECTION('',(-1.E0,0.E0,0.E0));
#2510=VECTOR('',#2509,1.75E0);
#2511=CARTESIAN_POINT('',(3.65E0,-9.E-1,0.E0));
#2512=LINE('',#2511,#2510);
#2513=DIRECTION('',(0.E0,-1.E0,0.E0));
#2514=VECTOR('',#2513,1.E0);
#2515=CARTESIAN_POINT('',(1.9E0,1.E-1,0.E0));
#2516=LINE('',#2515,#2514);
#2517=DIRECTION('',(0.E0,1.E0,0.E0));
#2518=VECTOR('',#2517,1.8E0);
#2519=CARTESIAN_POINT('',(4.05E0,-9.E-1,-4.E-1));
#2520=LINE('',#2519,#2518);
#2521=DIRECTION('',(0.E0,0.E0,1.E0));
#2522=VECTOR('',#2521,8.5E-1);
#2523=CARTESIAN_POINT('',(4.05E0,-9.E-1,-1.25E0));
#2524=LINE('',#2523,#2522);
#2525=DIRECTION('',(0.E0,-1.E0,0.E0));
#2526=VECTOR('',#2525,1.8E0);
#2527=CARTESIAN_POINT('',(-4.05E0,9.E-1,-4.E-1));
#2528=LINE('',#2527,#2526);
#2529=DIRECTION('',(0.E0,0.E0,1.E0));
#2530=VECTOR('',#2529,8.5E-1);
#2531=CARTESIAN_POINT('',(-4.05E0,9.E-1,-1.25E0));
#2532=LINE('',#2531,#2530);
#2533=DIRECTION('',(-1.E0,0.E0,0.E0));
#2534=VECTOR('',#2533,2.9E0);
#2535=CARTESIAN_POINT('',(1.45E0,1.E0,-3.85E0));
#2536=LINE('',#2535,#2534);
#2537=CARTESIAN_POINT('',(-1.1E0,-8.3E-1,-3.95E0));
#2538=DIRECTION('',(-1.E0,0.E0,0.E0));
#2539=DIRECTION('',(0.E0,-4.841229182759E-1,-8.75E-1));
#2540=AXIS2_PLACEMENT_3D('',#2537,#2538,#2539);
#2542=DIRECTION('',(0.E0,-1.E0,0.E0));
#2543=VECTOR('',#2542,1.3E-1);
#2544=CARTESIAN_POINT('',(-1.1E0,-7.E-1,-4.15E0));
#2545=LINE('',#2544,#2543);
#2546=DIRECTION('',(0.E0,-5.735764363510E-1,8.191520442890E-1));
#2547=VECTOR('',#2546,4.653457720939E-1);
#2548=CARTESIAN_POINT('',(-1.1E0,7.282982453147E-1,-4.531188940512E0));
#2549=LINE('',#2548,#2547);
#2550=CARTESIAN_POINT('',(-1.1E0,6.3E-1,-4.600018112874E0));
#2551=DIRECTION('',(1.E0,0.E0,0.E0));
#2552=DIRECTION('',(0.E0,1.E0,1.480297366167E-14));
#2553=AXIS2_PLACEMENT_3D('',#2550,#2551,#2552);
#2555=DIRECTION('',(0.E0,0.E0,1.E0));
#2556=VECTOR('',#2555,5.999818871259E-1);
#2557=CARTESIAN_POINT('',(-1.1E0,7.5E-1,-5.2E0));
#2558=LINE('',#2557,#2556);
#2559=DIRECTION('',(0.E0,-1.E0,0.E0));
#2560=VECTOR('',#2559,2.7E-1);
#2561=CARTESIAN_POINT('',(-1.1E0,1.02E0,-5.2E0));
#2562=LINE('',#2561,#2560);
#2563=DIRECTION('',(0.E0,0.E0,-1.E0));
#2564=VECTOR('',#2563,7.507976036404E-1);
#2565=CARTESIAN_POINT('',(-1.1E0,1.02E0,-4.449202396360E0));
#2566=LINE('',#2565,#2564);
#2567=CARTESIAN_POINT('',(-1.1E0,9.2E-1,-4.449202396360E0));
#2568=DIRECTION('',(-1.E0,0.E0,0.E0));
#2569=DIRECTION('',(0.E0,8.010762509420E-1,5.985623110226E-1));
#2570=AXIS2_PLACEMENT_3D('',#2567,#2568,#2569);
#2572=DIRECTION('',(0.E0,5.985623110226E-1,-8.010762509420E-1));
#2573=VECTOR('',#2572,2.552690008157E-1);
#2574=CARTESIAN_POINT('',(-1.1E0,8.473132220336E-1,-4.184856231102E0));
#2575=LINE('',#2574,#2573);
#2576=DIRECTION('',(1.E0,0.E0,0.E0));
#2577=VECTOR('',#2576,2.E-1);
#2578=CARTESIAN_POINT('',(-1.1E0,-8.784122918276E-1,-4.0375E0));
#2579=LINE('',#2578,#2577);
#2580=DIRECTION('',(0.E0,-1.E0,0.E0));
#2581=VECTOR('',#2580,1.3E-1);
#2582=CARTESIAN_POINT('',(-9.E-1,-7.E-1,-4.15E0));
#2583=LINE('',#2582,#2581);
#2584=CARTESIAN_POINT('',(-9.E-1,-8.3E-1,-3.95E0));
#2585=DIRECTION('',(-1.E0,0.E0,0.E0));
#2586=DIRECTION('',(0.E0,-4.841229182759E-1,-8.75E-1));
#2587=AXIS2_PLACEMENT_3D('',#2584,#2585,#2586);
#2589=DIRECTION('',(0.E0,5.985623110226E-1,-8.010762509420E-1));
#2590=VECTOR('',#2589,2.552690008157E-1);
#2591=CARTESIAN_POINT('',(-9.E-1,8.473132220336E-1,-4.184856231102E0));
#2592=LINE('',#2591,#2590);
#2593=CARTESIAN_POINT('',(-9.E-1,9.2E-1,-4.449202396360E0));
#2594=DIRECTION('',(-1.E0,0.E0,0.E0));
#2595=DIRECTION('',(0.E0,8.010762509420E-1,5.985623110226E-1));
#2596=AXIS2_PLACEMENT_3D('',#2593,#2594,#2595);
#2598=DIRECTION('',(0.E0,0.E0,-1.E0));
#2599=VECTOR('',#2598,7.507976036404E-1);
#2600=CARTESIAN_POINT('',(-9.E-1,1.02E0,-4.449202396360E0));
#2601=LINE('',#2600,#2599);
#2602=DIRECTION('',(0.E0,-1.E0,0.E0));
#2603=VECTOR('',#2602,2.7E-1);
#2604=CARTESIAN_POINT('',(-9.E-1,1.02E0,-5.2E0));
#2605=LINE('',#2604,#2603);
#2606=DIRECTION('',(0.E0,0.E0,1.E0));
#2607=VECTOR('',#2606,5.999818871259E-1);
#2608=CARTESIAN_POINT('',(-9.E-1,7.5E-1,-5.2E0));
#2609=LINE('',#2608,#2607);
#2610=CARTESIAN_POINT('',(-9.E-1,6.3E-1,-4.600018112874E0));
#2611=DIRECTION('',(1.E0,0.E0,0.E0));
#2612=DIRECTION('',(0.E0,1.E0,1.480297366167E-14));
#2613=AXIS2_PLACEMENT_3D('',#2610,#2611,#2612);
#2615=DIRECTION('',(0.E0,-5.735764363510E-1,8.191520442890E-1));
#2616=VECTOR('',#2615,4.653457720939E-1);
#2617=CARTESIAN_POINT('',(-9.E-1,7.282982453147E-1,-4.531188940512E0));
#2618=LINE('',#2617,#2616);
#2619=CARTESIAN_POINT('',(-1.1E0,-9.268245836552E-1,-4.125E0));
#2620=DIRECTION('',(1.E0,0.E0,0.E0));
#2621=DIRECTION('',(0.E0,9.682458365519E-1,-2.5E-1));
#2622=AXIS2_PLACEMENT_3D('',#2619,#2620,#2621);
#2624=CARTESIAN_POINT('',(-9.E-1,-9.268245836552E-1,-4.125E0));
#2625=DIRECTION('',(-1.E0,0.E0,0.E0));
#2626=DIRECTION('',(0.E0,4.841229182760E-1,8.75E-1));
#2627=AXIS2_PLACEMENT_3D('',#2624,#2625,#2626);
#2629=DIRECTION('',(1.E0,0.E0,0.E0));
#2630=VECTOR('',#2629,2.E-1);
#2631=CARTESIAN_POINT('',(-1.1E0,-8.3E-1,-4.15E0));
#2632=LINE('',#2631,#2630);
#2633=CARTESIAN_POINT('',(-1.1E0,8.305962634726E-1,-3.95E0));
#2634=DIRECTION('',(-1.E0,0.E0,0.E0));
#2635=DIRECTION('',(0.E0,0.E0,1.E0));
#2636=AXIS2_PLACEMENT_3D('',#2633,#2634,#2635);
#2638=CARTESIAN_POINT('',(-9.E-1,8.305962634726E-1,-3.95E0));
#2639=DIRECTION('',(1.E0,0.E0,0.E0));
#2640=DIRECTION('',(0.E0,4.841229182760E-1,-8.749999999999E-1));
#2641=AXIS2_PLACEMENT_3D('',#2638,#2639,#2640);
#2643=CARTESIAN_POINT('',(-1.1E0,9.274208471278E-1,-4.125E0));
#2644=DIRECTION('',(1.E0,0.E0,0.E0));
#2645=DIRECTION('',(0.E0,-4.841229182758E-1,8.750000000001E-1));
#2646=AXIS2_PLACEMENT_3D('',#2643,#2644,#2645);
#2648=CARTESIAN_POINT('',(-9.E-1,9.274208471278E-1,-4.125E0));
#2649=DIRECTION('',(-1.E0,0.E0,0.E0));
#2650=DIRECTION('',(0.E0,-8.010762509420E-1,-5.985623110226E-1));
#2651=AXIS2_PLACEMENT_3D('',#2648,#2649,#2650);
#2653=DIRECTION('',(1.E0,0.E0,0.E0));
#2654=VECTOR('',#2653,2.E-1);
#2655=CARTESIAN_POINT('',(-1.1E0,8.790085553002E-1,-4.0375E0));
#2656=LINE('',#2655,#2654);
#2657=DIRECTION('',(1.E0,0.E0,0.E0));
#2658=VECTOR('',#2657,2.E-1);
#2659=CARTESIAN_POINT('',(-1.1E0,8.473132220336E-1,-4.184856231102E0));
#2660=LINE('',#2659,#2658);
#2661=DIRECTION('',(1.E0,0.E0,0.E0));
#2662=VECTOR('',#2661,2.E-1);
#2663=CARTESIAN_POINT('',(-1.1E0,1.000107625094E0,-4.389346165257E0));
#2664=LINE('',#2663,#2662);
#2665=DIRECTION('',(1.E0,0.E0,0.E0));
#2666=VECTOR('',#2665,2.E-1);
#2667=CARTESIAN_POINT('',(-1.1E0,1.02E0,-4.449202396360E0));
#2668=LINE('',#2667,#2666);
#2669=DIRECTION('',(1.E0,0.E0,0.E0));
#2670=VECTOR('',#2669,2.E-1);
#2671=CARTESIAN_POINT('',(-1.1E0,1.02E0,-5.2E0));
#2672=LINE('',#2671,#2670);
#2673=DIRECTION('',(1.E0,0.E0,0.E0));
#2674=VECTOR('',#2673,2.E-1);
#2675=CARTESIAN_POINT('',(-1.1E0,7.5E-1,-5.2E0));
#2676=LINE('',#2675,#2674);
#2677=DIRECTION('',(1.E0,0.E0,0.E0));
#2678=VECTOR('',#2677,2.E-1);
#2679=CARTESIAN_POINT('',(-1.1E0,7.5E-1,-4.600018112874E0));
#2680=LINE('',#2679,#2678);
#2681=DIRECTION('',(1.E0,0.E0,0.E0));
#2682=VECTOR('',#2681,2.E-1);
#2683=CARTESIAN_POINT('',(-1.1E0,7.282982453147E-1,-4.531188940512E0));
#2684=LINE('',#2683,#2682);
#2685=CARTESIAN_POINT('',(-6.E-1,-8.3E-1,-3.95E0));
#2686=DIRECTION('',(-1.E0,0.E0,0.E0));
#2687=DIRECTION('',(0.E0,-4.841229182759E-1,-8.75E-1));
#2688=AXIS2_PLACEMENT_3D('',#2685,#2686,#2687);
#2690=DIRECTION('',(0.E0,-1.E0,0.E0));
#2691=VECTOR('',#2690,1.3E-1);
#2692=CARTESIAN_POINT('',(-6.E-1,-7.E-1,-4.15E0));
#2693=LINE('',#2692,#2691);
#2694=DIRECTION('',(0.E0,-5.735764363510E-1,8.191520442890E-1));
#2695=VECTOR('',#2694,4.653457720939E-1);
#2696=CARTESIAN_POINT('',(-6.E-1,7.282982453147E-1,-4.531188940512E0));
#2697=LINE('',#2696,#2695);
#2698=CARTESIAN_POINT('',(-6.E-1,6.3E-1,-4.600018112874E0));
#2699=DIRECTION('',(1.E0,0.E0,0.E0));
#2700=DIRECTION('',(0.E0,1.E0,1.480297366167E-14));
#2701=AXIS2_PLACEMENT_3D('',#2698,#2699,#2700);
#2703=DIRECTION('',(0.E0,0.E0,1.E0));
#2704=VECTOR('',#2703,5.999818871259E-1);
#2705=CARTESIAN_POINT('',(-6.E-1,7.5E-1,-5.2E0));
#2706=LINE('',#2705,#2704);
#2707=DIRECTION('',(0.E0,-1.E0,0.E0));
#2708=VECTOR('',#2707,2.7E-1);
#2709=CARTESIAN_POINT('',(-6.E-1,1.02E0,-5.2E0));
#2710=LINE('',#2709,#2708);
#2711=DIRECTION('',(0.E0,0.E0,-1.E0));
#2712=VECTOR('',#2711,7.507976036404E-1);
#2713=CARTESIAN_POINT('',(-6.E-1,1.02E0,-4.449202396360E0));
#2714=LINE('',#2713,#2712);
#2715=CARTESIAN_POINT('',(-6.E-1,9.2E-1,-4.449202396360E0));
#2716=DIRECTION('',(-1.E0,0.E0,0.E0));
#2717=DIRECTION('',(0.E0,8.010762509420E-1,5.985623110226E-1));
#2718=AXIS2_PLACEMENT_3D('',#2715,#2716,#2717);
#2720=DIRECTION('',(0.E0,5.985623110226E-1,-8.010762509420E-1));
#2721=VECTOR('',#2720,2.552690008157E-1);
#2722=CARTESIAN_POINT('',(-6.E-1,8.473132220336E-1,-4.184856231102E0));
#2723=LINE('',#2722,#2721);
#2724=DIRECTION('',(1.E0,0.E0,0.E0));
#2725=VECTOR('',#2724,2.E-1);
#2726=CARTESIAN_POINT('',(-6.E-1,-8.784122918276E-1,-4.0375E0));
#2727=LINE('',#2726,#2725);
#2728=DIRECTION('',(0.E0,-1.E0,0.E0));
#2729=VECTOR('',#2728,1.3E-1);
#2730=CARTESIAN_POINT('',(-4.E-1,-7.E-1,-4.15E0));
#2731=LINE('',#2730,#2729);
#2732=CARTESIAN_POINT('',(-4.E-1,-8.3E-1,-3.95E0));
#2733=DIRECTION('',(-1.E0,0.E0,0.E0));
#2734=DIRECTION('',(0.E0,-4.841229182759E-1,-8.75E-1));
#2735=AXIS2_PLACEMENT_3D('',#2732,#2733,#2734);
#2737=DIRECTION('',(0.E0,5.985623110226E-1,-8.010762509420E-1));
#2738=VECTOR('',#2737,2.552690008157E-1);
#2739=CARTESIAN_POINT('',(-4.E-1,8.473132220336E-1,-4.184856231102E0));
#2740=LINE('',#2739,#2738);
#2741=CARTESIAN_POINT('',(-4.E-1,9.2E-1,-4.449202396360E0));
#2742=DIRECTION('',(-1.E0,0.E0,0.E0));
#2743=DIRECTION('',(0.E0,8.010762509420E-1,5.985623110226E-1));
#2744=AXIS2_PLACEMENT_3D('',#2741,#2742,#2743);
#2746=DIRECTION('',(0.E0,0.E0,-1.E0));
#2747=VECTOR('',#2746,7.507976036404E-1);
#2748=CARTESIAN_POINT('',(-4.E-1,1.02E0,-4.449202396360E0));
#2749=LINE('',#2748,#2747);
#2750=DIRECTION('',(0.E0,-1.E0,0.E0));
#2751=VECTOR('',#2750,2.7E-1);
#2752=CARTESIAN_POINT('',(-4.E-1,1.02E0,-5.2E0));
#2753=LINE('',#2752,#2751);
#2754=DIRECTION('',(0.E0,0.E0,1.E0));
#2755=VECTOR('',#2754,5.999818871259E-1);
#2756=CARTESIAN_POINT('',(-4.E-1,7.5E-1,-5.2E0));
#2757=LINE('',#2756,#2755);
#2758=CARTESIAN_POINT('',(-4.E-1,6.3E-1,-4.600018112874E0));
#2759=DIRECTION('',(1.E0,0.E0,0.E0));
#2760=DIRECTION('',(0.E0,1.E0,1.480297366167E-14));
#2761=AXIS2_PLACEMENT_3D('',#2758,#2759,#2760);
#2763=DIRECTION('',(0.E0,-5.735764363510E-1,8.191520442890E-1));
#2764=VECTOR('',#2763,4.653457720939E-1);
#2765=CARTESIAN_POINT('',(-4.E-1,7.282982453147E-1,-4.531188940512E0));
#2766=LINE('',#2765,#2764);
#2767=CARTESIAN_POINT('',(-6.E-1,-9.268245836552E-1,-4.125E0));
#2768=DIRECTION('',(1.E0,0.E0,0.E0));
#2769=DIRECTION('',(0.E0,9.682458365519E-1,-2.5E-1));
#2770=AXIS2_PLACEMENT_3D('',#2767,#2768,#2769);
#2772=CARTESIAN_POINT('',(-4.E-1,-9.268245836552E-1,-4.125E0));
#2773=DIRECTION('',(-1.E0,0.E0,0.E0));
#2774=DIRECTION('',(0.E0,4.841229182760E-1,8.75E-1));
#2775=AXIS2_PLACEMENT_3D('',#2772,#2773,#2774);
#2777=DIRECTION('',(1.E0,0.E0,0.E0));
#2778=VECTOR('',#2777,2.E-1);
#2779=CARTESIAN_POINT('',(-6.E-1,-8.3E-1,-4.15E0));
#2780=LINE('',#2779,#2778);
#2781=CARTESIAN_POINT('',(-6.E-1,8.305962634726E-1,-3.95E0));
#2782=DIRECTION('',(-1.E0,0.E0,0.E0));
#2783=DIRECTION('',(0.E0,0.E0,1.E0));
#2784=AXIS2_PLACEMENT_3D('',#2781,#2782,#2783);
#2786=CARTESIAN_POINT('',(-4.E-1,8.305962634726E-1,-3.95E0));
#2787=DIRECTION('',(1.E0,0.E0,0.E0));
#2788=DIRECTION('',(0.E0,4.841229182759E-1,-8.75E-1));
#2789=AXIS2_PLACEMENT_3D('',#2786,#2787,#2788);
#2791=CARTESIAN_POINT('',(-6.E-1,9.274208471278E-1,-4.125E0));
#2792=DIRECTION('',(1.E0,0.E0,0.E0));
#2793=DIRECTION('',(0.E0,-4.841229182760E-1,8.75E-1));
#2794=AXIS2_PLACEMENT_3D('',#2791,#2792,#2793);
#2796=CARTESIAN_POINT('',(-4.E-1,9.274208471278E-1,-4.125E0));
#2797=DIRECTION('',(-1.E0,0.E0,0.E0));
#2798=DIRECTION('',(0.E0,-8.010762509420E-1,-5.985623110226E-1));
#2799=AXIS2_PLACEMENT_3D('',#2796,#2797,#2798);
#2801=DIRECTION('',(1.E0,0.E0,0.E0));
#2802=VECTOR('',#2801,2.E-1);
#2803=CARTESIAN_POINT('',(-6.E-1,8.790085553002E-1,-4.0375E0));
#2804=LINE('',#2803,#2802);
#2805=DIRECTION('',(1.E0,0.E0,0.E0));
#2806=VECTOR('',#2805,2.E-1);
#2807=CARTESIAN_POINT('',(-6.E-1,8.473132220336E-1,-4.184856231102E0));
#2808=LINE('',#2807,#2806);
#2809=DIRECTION('',(1.E0,0.E0,0.E0));
#2810=VECTOR('',#2809,2.E-1);
#2811=CARTESIAN_POINT('',(-6.E-1,1.000107625094E0,-4.389346165257E0));
#2812=LINE('',#2811,#2810);
#2813=DIRECTION('',(1.E0,0.E0,0.E0));
#2814=VECTOR('',#2813,2.E-1);
#2815=CARTESIAN_POINT('',(-6.E-1,1.02E0,-4.449202396360E0));
#2816=LINE('',#2815,#2814);
#2817=DIRECTION('',(1.E0,0.E0,0.E0));
#2818=VECTOR('',#2817,2.E-1);
#2819=CARTESIAN_POINT('',(-6.E-1,1.02E0,-5.2E0));
#2820=LINE('',#2819,#2818);
#2821=DIRECTION('',(1.E0,0.E0,0.E0));
#2822=VECTOR('',#2821,2.E-1);
#2823=CARTESIAN_POINT('',(-6.E-1,7.5E-1,-5.2E0));
#2824=LINE('',#2823,#2822);
#2825=DIRECTION('',(1.E0,0.E0,0.E0));
#2826=VECTOR('',#2825,2.E-1);
#2827=CARTESIAN_POINT('',(-6.E-1,7.5E-1,-4.600018112874E0));
#2828=LINE('',#2827,#2826);
#2829=DIRECTION('',(1.E0,0.E0,0.E0));
#2830=VECTOR('',#2829,2.E-1);
#2831=CARTESIAN_POINT('',(-6.E-1,7.282982453147E-1,-4.531188940512E0));
#2832=LINE('',#2831,#2830);
#2833=CARTESIAN_POINT('',(-1.E-1,-8.3E-1,-3.95E0));
#2834=DIRECTION('',(-1.E0,0.E0,0.E0));
#2835=DIRECTION('',(0.E0,-4.841229182759E-1,-8.75E-1));
#2836=AXIS2_PLACEMENT_3D('',#2833,#2834,#2835);
#2838=DIRECTION('',(0.E0,-1.E0,0.E0));
#2839=VECTOR('',#2838,1.3E-1);
#2840=CARTESIAN_POINT('',(-1.E-1,-7.E-1,-4.15E0));
#2841=LINE('',#2840,#2839);
#2842=DIRECTION('',(0.E0,-5.735764363510E-1,8.191520442890E-1));
#2843=VECTOR('',#2842,4.653457720939E-1);
#2844=CARTESIAN_POINT('',(-1.E-1,7.282982453147E-1,-4.531188940512E0));
#2845=LINE('',#2844,#2843);
#2846=CARTESIAN_POINT('',(-1.E-1,6.3E-1,-4.600018112874E0));
#2847=DIRECTION('',(1.E0,0.E0,0.E0));
#2848=DIRECTION('',(0.E0,1.E0,1.480297366167E-14));
#2849=AXIS2_PLACEMENT_3D('',#2846,#2847,#2848);
#2851=DIRECTION('',(0.E0,0.E0,1.E0));
#2852=VECTOR('',#2851,5.999818871259E-1);
#2853=CARTESIAN_POINT('',(-1.E-1,7.5E-1,-5.2E0));
#2854=LINE('',#2853,#2852);
#2855=DIRECTION('',(0.E0,-1.E0,0.E0));
#2856=VECTOR('',#2855,2.7E-1);
#2857=CARTESIAN_POINT('',(-1.E-1,1.02E0,-5.2E0));
#2858=LINE('',#2857,#2856);
#2859=DIRECTION('',(0.E0,0.E0,-1.E0));
#2860=VECTOR('',#2859,7.507976036404E-1);
#2861=CARTESIAN_POINT('',(-1.E-1,1.02E0,-4.449202396360E0));
#2862=LINE('',#2861,#2860);
#2863=CARTESIAN_POINT('',(-1.E-1,9.2E-1,-4.449202396360E0));
#2864=DIRECTION('',(-1.E0,0.E0,0.E0));
#2865=DIRECTION('',(0.E0,8.010762509420E-1,5.985623110226E-1));
#2866=AXIS2_PLACEMENT_3D('',#2863,#2864,#2865);
#2868=DIRECTION('',(0.E0,5.985623110226E-1,-8.010762509420E-1));
#2869=VECTOR('',#2868,2.552690008157E-1);
#2870=CARTESIAN_POINT('',(-1.E-1,8.473132220336E-1,-4.184856231102E0));
#2871=LINE('',#2870,#2869);
#2872=DIRECTION('',(1.E0,0.E0,0.E0));
#2873=VECTOR('',#2872,2.E-1);
#2874=CARTESIAN_POINT('',(-1.E-1,-8.784122918276E-1,-4.0375E0));
#2875=LINE('',#2874,#2873);
#2876=DIRECTION('',(0.E0,-1.E0,0.E0));
#2877=VECTOR('',#2876,1.3E-1);
#2878=CARTESIAN_POINT('',(1.E-1,-7.E-1,-4.15E0));
#2879=LINE('',#2878,#2877);
#2880=CARTESIAN_POINT('',(1.E-1,-8.3E-1,-3.95E0));
#2881=DIRECTION('',(-1.E0,0.E0,0.E0));
#2882=DIRECTION('',(0.E0,-4.841229182759E-1,-8.75E-1));
#2883=AXIS2_PLACEMENT_3D('',#2880,#2881,#2882);
#2885=DIRECTION('',(0.E0,5.985623110226E-1,-8.010762509420E-1));
#2886=VECTOR('',#2885,2.552690008157E-1);
#2887=CARTESIAN_POINT('',(1.E-1,8.473132220336E-1,-4.184856231102E0));
#2888=LINE('',#2887,#2886);
#2889=CARTESIAN_POINT('',(1.E-1,9.2E-1,-4.449202396360E0));
#2890=DIRECTION('',(-1.E0,0.E0,0.E0));
#2891=DIRECTION('',(0.E0,8.010762509420E-1,5.985623110226E-1));
#2892=AXIS2_PLACEMENT_3D('',#2889,#2890,#2891);
#2894=DIRECTION('',(0.E0,0.E0,-1.E0));
#2895=VECTOR('',#2894,7.507976036404E-1);
#2896=CARTESIAN_POINT('',(1.E-1,1.02E0,-4.449202396360E0));
#2897=LINE('',#2896,#2895);
#2898=DIRECTION('',(0.E0,-1.E0,0.E0));
#2899=VECTOR('',#2898,2.7E-1);
#2900=CARTESIAN_POINT('',(1.E-1,1.02E0,-5.2E0));
#2901=LINE('',#2900,#2899);
#2902=DIRECTION('',(0.E0,0.E0,1.E0));
#2903=VECTOR('',#2902,5.999818871259E-1);
#2904=CARTESIAN_POINT('',(1.E-1,7.5E-1,-5.2E0));
#2905=LINE('',#2904,#2903);
#2906=CARTESIAN_POINT('',(1.E-1,6.3E-1,-4.600018112874E0));
#2907=DIRECTION('',(1.E0,0.E0,0.E0));
#2908=DIRECTION('',(0.E0,1.E0,1.480297366167E-14));
#2909=AXIS2_PLACEMENT_3D('',#2906,#2907,#2908);
#2911=DIRECTION('',(0.E0,-5.735764363510E-1,8.191520442890E-1));
#2912=VECTOR('',#2911,4.653457720939E-1);
#2913=CARTESIAN_POINT('',(1.E-1,7.282982453147E-1,-4.531188940512E0));
#2914=LINE('',#2913,#2912);
#2915=CARTESIAN_POINT('',(-1.E-1,-9.268245836552E-1,-4.125E0));
#2916=DIRECTION('',(1.E0,0.E0,0.E0));
#2917=DIRECTION('',(0.E0,9.682458365519E-1,-2.5E-1));
#2918=AXIS2_PLACEMENT_3D('',#2915,#2916,#2917);
#2920=CARTESIAN_POINT('',(1.E-1,-9.268245836552E-1,-4.125E0));
#2921=DIRECTION('',(-1.E0,0.E0,0.E0));
#2922=DIRECTION('',(0.E0,4.841229182760E-1,8.75E-1));
#2923=AXIS2_PLACEMENT_3D('',#2920,#2921,#2922);
#2925=DIRECTION('',(1.E0,0.E0,0.E0));
#2926=VECTOR('',#2925,2.E-1);
#2927=CARTESIAN_POINT('',(-1.E-1,-8.3E-1,-4.15E0));
#2928=LINE('',#2927,#2926);
#2929=CARTESIAN_POINT('',(-1.E-1,8.305962634726E-1,-3.95E0));
#2930=DIRECTION('',(-1.E0,0.E0,0.E0));
#2931=DIRECTION('',(0.E0,0.E0,1.E0));
#2932=AXIS2_PLACEMENT_3D('',#2929,#2930,#2931);
#2934=CARTESIAN_POINT('',(1.E-1,8.305962634726E-1,-3.95E0));
#2935=DIRECTION('',(1.E0,0.E0,0.E0));
#2936=DIRECTION('',(0.E0,4.841229182759E-1,-8.75E-1));
#2937=AXIS2_PLACEMENT_3D('',#2934,#2935,#2936);
#2939=CARTESIAN_POINT('',(-1.E-1,9.274208471278E-1,-4.125E0));
#2940=DIRECTION('',(1.E0,0.E0,0.E0));
#2941=DIRECTION('',(0.E0,-4.841229182760E-1,8.75E-1));
#2942=AXIS2_PLACEMENT_3D('',#2939,#2940,#2941);
#2944=CARTESIAN_POINT('',(1.E-1,9.274208471278E-1,-4.125E0));
#2945=DIRECTION('',(-1.E0,0.E0,0.E0));
#2946=DIRECTION('',(0.E0,-8.010762509420E-1,-5.985623110226E-1));
#2947=AXIS2_PLACEMENT_3D('',#2944,#2945,#2946);
#2949=DIRECTION('',(1.E0,0.E0,0.E0));
#2950=VECTOR('',#2949,2.E-1);
#2951=CARTESIAN_POINT('',(-1.E-1,8.790085553002E-1,-4.0375E0));
#2952=LINE('',#2951,#2950);
#2953=DIRECTION('',(1.E0,0.E0,0.E0));
#2954=VECTOR('',#2953,2.E-1);
#2955=CARTESIAN_POINT('',(-1.E-1,8.473132220336E-1,-4.184856231102E0));
#2956=LINE('',#2955,#2954);
#2957=DIRECTION('',(1.E0,0.E0,0.E0));
#2958=VECTOR('',#2957,2.E-1);
#2959=CARTESIAN_POINT('',(-1.E-1,1.000107625094E0,-4.389346165257E0));
#2960=LINE('',#2959,#2958);
#2961=DIRECTION('',(1.E0,0.E0,0.E0));
#2962=VECTOR('',#2961,2.E-1);
#2963=CARTESIAN_POINT('',(-1.E-1,1.02E0,-4.449202396360E0));
#2964=LINE('',#2963,#2962);
#2965=DIRECTION('',(1.E0,0.E0,0.E0));
#2966=VECTOR('',#2965,2.E-1);
#2967=CARTESIAN_POINT('',(-1.E-1,1.02E0,-5.2E0));
#2968=LINE('',#2967,#2966);
#2969=DIRECTION('',(1.E0,0.E0,0.E0));
#2970=VECTOR('',#2969,2.E-1);
#2971=CARTESIAN_POINT('',(-1.E-1,7.5E-1,-5.2E0));
#2972=LINE('',#2971,#2970);
#2973=DIRECTION('',(1.E0,0.E0,0.E0));
#2974=VECTOR('',#2973,2.E-1);
#2975=CARTESIAN_POINT('',(-1.E-1,7.5E-1,-4.600018112874E0));
#2976=LINE('',#2975,#2974);
#2977=DIRECTION('',(1.E0,0.E0,0.E0));
#2978=VECTOR('',#2977,2.E-1);
#2979=CARTESIAN_POINT('',(-1.E-1,7.282982453147E-1,-4.531188940512E0));
#2980=LINE('',#2979,#2978);
#2981=DIRECTION('',(0.E0,0.E0,-1.E0));
#2982=VECTOR('',#2981,5.E-2);
#2983=CARTESIAN_POINT('',(3.1E0,-4.75E-1,-1.25E0));
#2984=LINE('',#2983,#2982);
#2985=DIRECTION('',(0.E0,1.E0,0.E0));
#2986=VECTOR('',#2985,2.25E-1);
#2987=CARTESIAN_POINT('',(3.1E0,-7.E-1,-1.3E0));
#2988=LINE('',#2987,#2986);
#2989=DIRECTION('',(0.E0,0.E0,-1.E0));
#2990=VECTOR('',#2989,5.E-2);
#2991=CARTESIAN_POINT('',(3.1E0,4.75E-1,-1.25E0));
#2992=LINE('',#2991,#2990);
#2993=DIRECTION('',(0.E0,1.E0,0.E0));
#2994=VECTOR('',#2993,2.25E-1);
#2995=CARTESIAN_POINT('',(3.1E0,4.75E-1,-1.3E0));
#2996=LINE('',#2995,#2994);
#2997=DIRECTION('',(0.E0,0.E0,1.E0));
#2998=VECTOR('',#2997,1.5E-1);
#2999=CARTESIAN_POINT('',(3.1E0,-6.164213562373E-1,-4.15E0));
#3000=LINE('',#2999,#2998);
#3001=DIRECTION('',(0.E0,1.E0,0.E0));
#3002=VECTOR('',#3001,8.357864376269E-2);
#3003=CARTESIAN_POINT('',(3.1E0,-7.E-1,-4.E0));
#3004=LINE('',#3003,#3002);
#3005=DIRECTION('',(0.E0,0.E0,1.E0));
#3006=VECTOR('',#3005,1.5E-1);
#3007=CARTESIAN_POINT('',(3.1E0,6.164213562373E-1,-4.15E0));
#3008=LINE('',#3007,#3006);
#3009=DIRECTION('',(0.E0,1.E0,0.E0));
#3010=VECTOR('',#3009,8.357864376269E-2);
#3011=CARTESIAN_POINT('',(3.1E0,6.164213562373E-1,-4.E0));
#3012=LINE('',#3011,#3010);
#3013=DIRECTION('',(0.E0,0.E0,-1.E0));
#3014=VECTOR('',#3013,3.5E-1);
#3015=CARTESIAN_POINT('',(3.220710678119E0,-4.957106781187E-1,-4.E0));
#3016=LINE('',#3015,#3014);
#3017=DIRECTION('',(0.E0,0.E0,-1.E0));
#3018=VECTOR('',#3017,2.E-1);
#3019=CARTESIAN_POINT('',(3.070710678119E0,-6.457106781187E-1,-4.15E0));
#3020=LINE('',#3019,#3018);
#3021=DIRECTION('',(0.E0,0.E0,-1.E0));
#3022=VECTOR('',#3021,2.E-1);
#3023=CARTESIAN_POINT('',(3.E0,-6.75E-1,-4.15E0));
#3024=LINE('',#3023,#3022);
#3025=DIRECTION('',(0.E0,0.E0,-1.E0));
#3026=VECTOR('',#3025,2.E-1);
#3027=CARTESIAN_POINT('',(2.099802646526E0,-6.75E-1,-4.15E0));
#3028=LINE('',#3027,#3026);
#3029=DIRECTION('',(0.E0,0.E0,-1.E0));
#3030=VECTOR('',#3029,2.E-1);
#3031=CARTESIAN_POINT('',(1.904901323263E0,-5.198717526990E-1,-4.15E0));
#3032=LINE('',#3031,#3030);
#3033=DIRECTION('',(1.221245327088E-14,0.E0,-1.E0));
#3034=VECTOR('',#3033,2.E-1);
#3035=CARTESIAN_POINT('',(1.755E0,-3.698717526990E-1,-4.15E0));
#3036=LINE('',#3035,#3034);
#3037=DIRECTION('',(0.E0,0.E0,-1.E0));
#3038=VECTOR('',#3037,2.E-1);
#3039=CARTESIAN_POINT('',(1.6E0,-1.75E-1,-4.15E0));
#3040=LINE('',#3039,#3038);
#3041=DIRECTION('',(0.E0,0.E0,-1.E0));
#3042=VECTOR('',#3041,2.E-1);
#3043=CARTESIAN_POINT('',(1.6E0,1.75E-1,-4.15E0));
#3044=LINE('',#3043,#3042);
#3045=DIRECTION('',(0.E0,0.E0,-1.E0));
#3046=VECTOR('',#3045,2.E-1);
#3047=CARTESIAN_POINT('',(1.755E0,3.698717526991E-1,-4.15E0));
#3048=LINE('',#3047,#3046);
#3049=DIRECTION('',(-2.331468351713E-14,-6.161737786670E-14,-1.E0));
#3050=VECTOR('',#3049,2.E-1);
#3051=CARTESIAN_POINT('',(1.904901323263E0,5.198717526991E-1,-4.15E0));
#3052=LINE('',#3051,#3050);
#3053=DIRECTION('',(0.E0,0.E0,-1.E0));
#3054=VECTOR('',#3053,2.E-1);
#3055=CARTESIAN_POINT('',(2.099802646526E0,6.75E-1,-4.15E0));
#3056=LINE('',#3055,#3054);
#3057=DIRECTION('',(0.E0,0.E0,-1.E0));
#3058=VECTOR('',#3057,2.E-1);
#3059=CARTESIAN_POINT('',(3.E0,6.75E-1,-4.15E0));
#3060=LINE('',#3059,#3058);
#3061=DIRECTION('',(0.E0,0.E0,-1.E0));
#3062=VECTOR('',#3061,2.E-1);
#3063=CARTESIAN_POINT('',(3.070710678119E0,6.457106781187E-1,-4.15E0));
#3064=LINE('',#3063,#3062);
#3065=DIRECTION('',(0.E0,0.E0,-1.E0));
#3066=VECTOR('',#3065,3.5E-1);
#3067=CARTESIAN_POINT('',(3.220710678119E0,4.957106781187E-1,-4.E0));
#3068=LINE('',#3067,#3066);
#3069=DIRECTION('',(0.E0,0.E0,-1.E0));
#3070=VECTOR('',#3069,3.5E-1);
#3071=CARTESIAN_POINT('',(3.25E0,4.25E-1,-4.E0));
#3072=LINE('',#3071,#3070);
#3073=CARTESIAN_POINT('',(3.442653128049E0,3.E-1,-4.259325993651E0));
#3074=CARTESIAN_POINT('',(3.433045840218E0,3.E-1,-4.270942893130E0));
#3075=CARTESIAN_POINT('',(3.412791950499E0,3.014128948673E-1,
-4.291142704327E0));
#3076=CARTESIAN_POINT('',(3.382235533173E0,3.065092966325E-1,
-4.313137503340E0));
#3077=CARTESIAN_POINT('',(3.352823285661E0,3.140543919875E-1,
-4.328580282735E0));
#3078=CARTESIAN_POINT('',(3.325587911211E0,3.235754886565E-1,
-4.338811709270E0));
#3079=CARTESIAN_POINT('',(3.301180425147E0,3.350336839562E-1,
-4.345067484195E0));
#3080=CARTESIAN_POINT('',(3.280379124590E0,3.483979904788E-1,
-4.348389821842E0));
#3081=CARTESIAN_POINT('',(3.263520145757E0,3.638690495458E-1,
-4.349769413300E0));
#3082=CARTESIAN_POINT('',(3.252294778914E0,3.821025775584E-1,
-4.350021643137E0));
#3083=CARTESIAN_POINT('',(3.25E0,3.939644903336E-1,-4.35E0));
#3084=CARTESIAN_POINT('',(3.25E0,4.E-1,-4.35E0));
#3086=DIRECTION('',(0.E0,0.E0,-1.E0));
#3087=VECTOR('',#3086,3.5E-1);
#3088=CARTESIAN_POINT('',(3.25E0,4.E-1,-4.E0));
#3089=LINE('',#3088,#3087);
#3090=CARTESIAN_POINT('',(3.25E0,3.E-1,-4.1E0));
#3091=DIRECTION('',(0.E0,1.E0,0.E0));
#3092=DIRECTION('',(1.E0,0.E0,0.E0));
#3093=AXIS2_PLACEMENT_3D('',#3090,#3091,#3092);
#3095=DIRECTION('',(0.E0,0.E0,-1.E0));
#3096=VECTOR('',#3095,2.593259936509E-1);
#3097=CARTESIAN_POINT('',(3.442653128049E0,3.E-1,-4.E0));
#3098=LINE('',#3097,#3096);
#3099=DIRECTION('',(0.E0,-1.E0,0.E0));
#3100=VECTOR('',#3099,6.E-1);
#3101=CARTESIAN_POINT('',(3.5E0,3.E-1,-4.1E0));
#3102=LINE('',#3101,#3100);
#3103=DIRECTION('',(0.E0,0.E0,-1.E0));
#3104=VECTOR('',#3103,2.7E0);
#3105=CARTESIAN_POINT('',(3.5E0,7.35E-1,-1.3E0));
#3106=LINE('',#3105,#3104);
#3107=DIRECTION('',(0.E0,0.E0,-1.E0));
#3108=VECTOR('',#3107,1.E-1);
#3109=CARTESIAN_POINT('',(3.5E0,3.E-1,-4.E0));
#3110=LINE('',#3109,#3108);
#3111=CARTESIAN_POINT('',(3.25E0,-3.E-1,-4.1E0));
#3112=DIRECTION('',(0.E0,-1.E0,0.E0));
#3113=DIRECTION('',(7.706125121971E-1,0.E0,-6.373039746034E-1));
#3114=AXIS2_PLACEMENT_3D('',#3111,#3112,#3113);
#3116=DIRECTION('',(0.E0,0.E0,-1.E0));
#3117=VECTOR('',#3116,1.E-1);
#3118=CARTESIAN_POINT('',(3.5E0,-3.E-1,-4.E0));
#3119=LINE('',#3118,#3117);
#3120=DIRECTION('',(0.E0,0.E0,-1.E0));
#3121=VECTOR('',#3120,2.7E0);
#3122=CARTESIAN_POINT('',(3.5E0,-7.35E-1,-1.3E0));
#3123=LINE('',#3122,#3121);
#3124=CARTESIAN_POINT('',(-2.049E0,-9.85E-1,-3.95E0));
#3125=DIRECTION('',(0.E0,-1.E0,0.E0));
#3126=DIRECTION('',(0.E0,0.E0,-1.E0));
#3127=AXIS2_PLACEMENT_3D('',#3124,#3125,#3126);
#3129=DIRECTION('',(-1.E0,0.E0,0.E0));
#3130=VECTOR('',#3129,8.909452562225E-1);
#3131=CARTESIAN_POINT('',(-2.049E0,-9.85E-1,-4.05E0));
#3132=LINE('',#3131,#3130);
#3133=CARTESIAN_POINT('',(-2.939945256222E0,-9.85E-1,-3.85E0));
#3134=DIRECTION('',(0.E0,1.E0,0.E0));
#3135=DIRECTION('',(0.E0,0.E0,-1.E0));
#3136=AXIS2_PLACEMENT_3D('',#3133,#3134,#3135);
#3138=DIRECTION('',(-9.074770925238E-1,0.E0,4.201015669389E-1));
#3139=VECTOR('',#3138,7.497096174683E-2);
#3140=CARTESIAN_POINT('',(-3.023965569610E0,-9.85E-1,-4.031495418505E0));
#3141=LINE('',#3140,#3139);
#3142=CARTESIAN_POINT('',(-1.67E0,-9.85E-1,-1.5E0));
#3143=DIRECTION('',(0.E0,1.E0,0.E0));
#3144=DIRECTION('',(0.E0,0.E0,1.E0));
#3145=AXIS2_PLACEMENT_3D('',#3142,#3143,#3144);
#3147=DIRECTION('',(0.E0,0.E0,-1.E0));
#3148=VECTOR('',#3147,3.5E-1);
#3149=CARTESIAN_POINT('',(-1.47E0,-9.85E-1,-1.5E0));
#3150=LINE('',#3149,#3148);
#3151=DIRECTION('',(-1.E0,2.874689540636E-9,0.E0));
#3152=VECTOR('',#3151,2.399786676233E-1);
#3153=CARTESIAN_POINT('',(-1.47E0,-9.85E-1,-1.85E0));
#3154=LINE('',#3153,#3152);
#3155=DIRECTION('',(1.123348561177E-5,-3.630863445931E-10,-9.999999999369E-1));
#3156=VECTOR('',#3155,1.900000000120E0);
#3157=CARTESIAN_POINT('',(-1.709978667623E0,-9.849999993101E-1,-1.85E0));
#3158=LINE('',#3157,#3156);
#3159=DIRECTION('',(-1.E0,0.E0,0.E0));
#3160=VECTOR('',#3159,1.390426759993E-1);
#3161=CARTESIAN_POINT('',(-1.709957324001E0,-9.85E-1,-3.75E0));
#3162=LINE('',#3161,#3160);
#3163=DIRECTION('',(0.E0,0.E0,-1.E0));
#3164=VECTOR('',#3163,1.E-1);
#3165=CARTESIAN_POINT('',(-1.949E0,-9.85E-1,-3.85E0));
#3166=LINE('',#3165,#3164);
#3167=CARTESIAN_POINT('',(2.049E0,-9.85E-1,-3.95E0));
#3168=DIRECTION('',(0.E0,-1.E0,0.E0));
#3169=DIRECTION('',(-1.E0,0.E0,0.E0));
#3170=AXIS2_PLACEMENT_3D('',#3167,#3168,#3169);
#3172=DIRECTION('',(0.E0,0.E0,1.E0));
#3173=VECTOR('',#3172,1.E-1);
#3174=CARTESIAN_POINT('',(1.949E0,-9.85E-1,-3.95E0));
#3175=LINE('',#3174,#3173);
#3176=DIRECTION('',(1.E0,0.E0,0.E0));
#3177=VECTOR('',#3176,1.390426759993E-1);
#3178=CARTESIAN_POINT('',(1.709957324001E0,-9.85E-1,-3.75E0));
#3179=LINE('',#3178,#3177);
#3180=DIRECTION('',(-1.E0,-1.437280375206E-9,0.E0));
#3181=VECTOR('',#3180,2.399893422497E-1);
#3182=CARTESIAN_POINT('',(1.709989342250E0,-9.849999996551E-1,-1.85E0));
#3183=LINE('',#3182,#3181);
#3184=DIRECTION('',(0.E0,0.E0,1.E0));
#3185=VECTOR('',#3184,3.5E-1);
#3186=CARTESIAN_POINT('',(1.47E0,-9.85E-1,-1.85E0));
#3187=LINE('',#3186,#3185);
#3188=CARTESIAN_POINT('',(1.67E0,-9.85E-1,-1.5E0));
#3189=DIRECTION('',(0.E0,1.E0,0.E0));
#3190=DIRECTION('',(-1.E0,0.E0,0.E0));
#3191=AXIS2_PLACEMENT_3D('',#3188,#3189,#3190);
#3193=DIRECTION('',(0.E0,0.E0,-1.E0));
#3194=VECTOR('',#3193,2.7E0);
#3195=CARTESIAN_POINT('',(3.25E0,-9.85E-1,-1.3E0));
#3196=LINE('',#3195,#3194);
#3197=DIRECTION('',(-9.074770925238E-1,0.E0,-4.201015669389E-1));
#3198=VECTOR('',#3197,7.497096174682E-2);
#3199=CARTESIAN_POINT('',(3.092E0,-9.85E-1,-4.E0));
#3200=LINE('',#3199,#3198);
#3201=CARTESIAN_POINT('',(2.939945256222E0,-9.85E-1,-3.85E0));
#3202=DIRECTION('',(0.E0,1.E0,0.E0));
#3203=DIRECTION('',(4.201015669389E-1,0.E0,-9.074770925238E-1));
#3204=AXIS2_PLACEMENT_3D('',#3201,#3202,#3203);
#3206=DIRECTION('',(-1.E0,0.E0,0.E0));
#3207=VECTOR('',#3206,8.909452562225E-1);
#3208=CARTESIAN_POINT('',(2.939945256222E0,-9.85E-1,-4.05E0));
#3209=LINE('',#3208,#3207);
#3210=CARTESIAN_POINT('',(-2.049E0,-7.E-1,-3.95E0));
#3211=DIRECTION('',(0.E0,1.E0,0.E0));
#3212=DIRECTION('',(1.E0,0.E0,0.E0));
#3213=AXIS2_PLACEMENT_3D('',#3210,#3211,#3212);
#3215=DIRECTION('',(0.E0,-1.E0,0.E0));
#3216=VECTOR('',#3215,2.85E-1);
#3217=CARTESIAN_POINT('',(-2.049E0,9.85E-1,-4.05E0));
#3218=LINE('',#3217,#3216);
#3219=DIRECTION('',(0.E0,-1.E0,0.E0));
#3220=VECTOR('',#3219,2.85E-1);
#3221=CARTESIAN_POINT('',(-2.049E0,-7.E-1,-4.05E0));
#3222=LINE('',#3221,#3220);
#3223=DIRECTION('',(1.558207753860E-14,-1.E0,0.E0));
#3224=VECTOR('',#3223,2.85E-1);
#3225=CARTESIAN_POINT('',(-2.939945256222E0,-7.E-1,-4.05E0));
#3226=LINE('',#3225,#3224);
#3227=DIRECTION('',(0.E0,-1.E0,0.E0));
#3228=VECTOR('',#3227,2.85E-1);
#3229=CARTESIAN_POINT('',(-2.939945256222E0,9.85E-1,-4.05E0));
#3230=LINE('',#3229,#3228);
#3231=DIRECTION('',(0.E0,-1.E0,0.E0));
#3232=VECTOR('',#3231,2.85E-1);
#3233=CARTESIAN_POINT('',(-3.023965569610E0,9.85E-1,-4.031495418505E0));
#3234=LINE('',#3233,#3232);
#3235=DIRECTION('',(0.E0,-1.E0,0.E0));
#3236=VECTOR('',#3235,2.85E-1);
#3237=CARTESIAN_POINT('',(-3.023965569610E0,-7.E-1,-4.031495418505E0));
#3238=LINE('',#3237,#3236);
#3239=DIRECTION('',(0.E0,0.E0,-1.E0));
#3240=VECTOR('',#3239,2.7E0);
#3241=CARTESIAN_POINT('',(-3.25E0,-9.85E-1,-1.3E0));
#3242=LINE('',#3241,#3240);
#3243=DIRECTION('',(0.E0,1.E0,0.E0));
#3244=VECTOR('',#3243,2.85E-1);
#3245=CARTESIAN_POINT('',(-1.67E0,-9.85E-1,-1.3E0));
#3246=LINE('',#3245,#3244);
#3247=DIRECTION('',(0.E0,1.E0,0.E0));
#3248=VECTOR('',#3247,2.85E-1);
#3249=CARTESIAN_POINT('',(-1.47E0,-9.85E-1,-1.5E0));
#3250=LINE('',#3249,#3248);
#3251=DIRECTION('',(0.E0,-1.E0,0.E0));
#3252=VECTOR('',#3251,4.895963871128E-2);
#3253=CARTESIAN_POINT('',(-1.47E0,-7.E-1,-1.85E0));
#3254=LINE('',#3253,#3252);
#3255=DIRECTION('',(1.E0,0.E0,0.E0));
#3256=VECTOR('',#3255,1.601439900613E-2);
#3257=CARTESIAN_POINT('',(-1.47E0,-7.E-1,-1.85E0));
#3258=LINE('',#3257,#3256);
#3259=DIRECTION('',(0.E0,-1.E0,0.E0));
#3260=VECTOR('',#3259,4.895963871127E-2);
#3261=CARTESIAN_POINT('',(1.47E0,-7.E-1,-1.85E0));
#3262=LINE('',#3261,#3260);
#3263=DIRECTION('',(1.E0,0.E0,0.E0));
#3264=VECTOR('',#3263,1.601439900613E-2);
#3265=CARTESIAN_POINT('',(1.453985600994E0,-7.E-1,-1.85E0));
#3266=LINE('',#3265,#3264);
#3267=DIRECTION('',(2.879789285341E-3,9.999958533982E-1,0.E0));
#3268=VECTOR('',#3267,5.000020733095E-3);
#3269=CARTESIAN_POINT('',(-1.454E0,-7.05E-1,-1.85E0));
#3270=LINE('',#3269,#3268);
#3271=DIRECTION('',(-2.879789285341E-3,-9.999958533982E-1,0.E0));
#3272=VECTOR('',#3271,5.000020733095E-3);
#3273=CARTESIAN_POINT('',(-1.453985600994E0,-7.E-1,-3.75E0));
#3274=LINE('',#3273,#3272);
#3275=DIRECTION('',(-3.420201433257E-1,-9.396926207859E-1,0.E0));
#3276=VECTOR('',#3275,9.714324748451E-2);
#3277=CARTESIAN_POINT('',(-1.47E0,-7.489596387113E-1,-1.85E0));
#3278=LINE('',#3277,#3276);
#3279=DIRECTION('',(-3.420201433257E-1,-9.396926207859E-1,0.E0));
#3280=VECTOR('',#3279,4.678087040261E-2);
#3281=CARTESIAN_POINT('',(-1.454E0,-7.05E-1,-1.85E0));
#3282=LINE('',#3281,#3280);
#3283=DIRECTION('',(0.E0,0.E0,-1.E0));
#3284=VECTOR('',#3283,1.9E0);
#3285=CARTESIAN_POINT('',(-1.454E0,-7.05E-1,-1.85E0));
#3286=LINE('',#3285,#3284);
#3287=DIRECTION('',(-3.420201433257E-1,-9.396926207859E-1,0.E0));
#3288=VECTOR('',#3287,1.439241178871E-1);
#3289=CARTESIAN_POINT('',(-1.454E0,-7.05E-1,-3.75E0));
#3290=LINE('',#3289,#3288);
#3291=DIRECTION('',(0.E0,1.E0,0.E0));
#3292=VECTOR('',#3291,2.360403612887E-1);
#3293=CARTESIAN_POINT('',(-1.47E0,-9.85E-1,-1.85E0));
#3294=LINE('',#3293,#3292);
#3295=CARTESIAN_POINT('',(-1.709957324001E0,-7.65E-1,-1.85E0));
#3296=DIRECTION('',(0.E0,0.E0,-1.E0));
#3297=DIRECTION('',(9.396926207859E-1,-3.420201433257E-1,0.E0));
#3298=AXIS2_PLACEMENT_3D('',#3295,#3296,#3297);
#3300=DIRECTION('',(0.E0,0.E0,-1.E0));
#3301=VECTOR('',#3300,1.9E0);
#3302=CARTESIAN_POINT('',(-1.503224947428E0,-8.402444315316E-1,-1.85E0));
#3303=LINE('',#3302,#3301);
#3304=CARTESIAN_POINT('',(-1.709957324001E0,-7.65E-1,-3.75E0));
#3305=DIRECTION('',(0.E0,0.E0,-1.E0));
#3306=DIRECTION('',(9.396926207859E-1,-3.420201433257E-1,0.E0));
#3307=AXIS2_PLACEMENT_3D('',#3304,#3305,#3306);
#3309=DIRECTION('',(0.E0,1.E0,0.E0));
#3310=VECTOR('',#3309,2.360403612887E-1);
#3311=CARTESIAN_POINT('',(1.47E0,-9.85E-1,-1.85E0));
#3312=LINE('',#3311,#3310);
#3313=DIRECTION('',(0.E0,1.E0,0.E0));
#3314=VECTOR('',#3313,2.85E-1);
#3315=CARTESIAN_POINT('',(1.47E0,-9.85E-1,-1.5E0));
#3316=LINE('',#3315,#3314);
#3317=CARTESIAN_POINT('',(1.709957324001E0,-7.65E-1,-1.85E0));
#3318=DIRECTION('',(0.E0,0.E0,-1.E0));
#3319=DIRECTION('',(1.941352152520E-4,-9.999999811558E-1,0.E0));
#3320=AXIS2_PLACEMENT_3D('',#3317,#3318,#3319);
#3322=DIRECTION('',(-1.685171000094E-5,-1.815431430658E-10,-9.999999998580E-1));
#3323=VECTOR('',#3322,1.900000000270E0);
#3324=CARTESIAN_POINT('',(1.709989342250E0,-9.849999996551E-1,-1.85E0));
#3325=LINE('',#3324,#3323);
#3326=CARTESIAN_POINT('',(1.709957324001E0,-7.65E-1,-3.75E0));
#3327=DIRECTION('',(0.E0,0.E0,-1.E0));
#3328=DIRECTION('',(0.E0,-1.E0,0.E0));
#3329=AXIS2_PLACEMENT_3D('',#3326,#3327,#3328);
#3331=DIRECTION('',(-3.420201433257E-1,9.396926207859E-1,0.E0));
#3332=VECTOR('',#3331,9.714324748451E-2);
#3333=CARTESIAN_POINT('',(1.503224947428E0,-8.402444315316E-1,-1.85E0));
#3334=LINE('',#3333,#3332);
#3335=DIRECTION('',(0.E0,0.E0,-1.E0));
#3336=VECTOR('',#3335,1.9E0);
#3337=CARTESIAN_POINT('',(1.503224947428E0,-8.402444315316E-1,-1.85E0));
#3338=LINE('',#3337,#3336);
#3339=DIRECTION('',(-3.420201433257E-1,9.396926207859E-1,0.E0));
#3340=VECTOR('',#3339,1.439241178871E-1);
#3341=CARTESIAN_POINT('',(1.503224947428E0,-8.402444315316E-1,-3.75E0));
#3342=LINE('',#3341,#3340);
#3343=DIRECTION('',(-3.420201433257E-1,9.396926207859E-1,0.E0));
#3344=VECTOR('',#3343,4.678087040261E-2);
#3345=CARTESIAN_POINT('',(1.47E0,-7.489596387113E-1,-1.85E0));
#3346=LINE('',#3345,#3344);
#3347=DIRECTION('',(-2.879789285297E-3,9.999958533982E-1,0.E0));
#3348=VECTOR('',#3347,5.000020733094E-3);
#3349=CARTESIAN_POINT('',(1.454E0,-7.05E-1,-1.85E0));
#3350=LINE('',#3349,#3348);
#3351=DIRECTION('',(0.E0,0.E0,-1.E0));
#3352=VECTOR('',#3351,1.9E0);
#3353=CARTESIAN_POINT('',(1.454E0,-7.05E-1,-1.85E0));
#3354=LINE('',#3353,#3352);
#3355=DIRECTION('',(-2.879789285341E-3,9.999958533982E-1,0.E0));
#3356=VECTOR('',#3355,5.000020733094E-3);
#3357=CARTESIAN_POINT('',(1.454E0,-7.05E-1,-3.75E0));
#3358=LINE('',#3357,#3356);
#3359=CARTESIAN_POINT('',(-1.849E0,-9.85E-1,-3.85E0));
#3360=DIRECTION('',(0.E0,1.E0,0.E0));
#3361=DIRECTION('',(-1.E0,0.E0,0.E0));
#3362=AXIS2_PLACEMENT_3D('',#3359,#3360,#3361);
#3364=CARTESIAN_POINT('',(2.049E0,-7.E-1,-3.95E0));
#3365=DIRECTION('',(0.E0,1.E0,0.E0));
#3366=DIRECTION('',(0.E0,0.E0,-1.E0));
#3367=AXIS2_PLACEMENT_3D('',#3364,#3365,#3366);
#3369=DIRECTION('',(0.E0,-1.E0,0.E0));
#3370=VECTOR('',#3369,2.85E-1);
#3371=CARTESIAN_POINT('',(1.949E0,9.85E-1,-3.95E0));
#3372=LINE('',#3371,#3370);
#3373=DIRECTION('',(0.E0,0.E0,1.E0));
#3374=VECTOR('',#3373,1.E-1);
#3375=CARTESIAN_POINT('',(1.949E0,9.85E-1,-3.95E0));
#3376=LINE('',#3375,#3374);
#3377=DIRECTION('',(0.E0,1.E0,0.E0));
#3378=VECTOR('',#3377,2.E-1);
#3379=CARTESIAN_POINT('',(1.949E0,7.85E-1,-3.85E0));
#3380=LINE('',#3379,#3378);
#3381=DIRECTION('',(0.E0,1.E0,1.044915787882E-14));
#3382=VECTOR('',#3381,8.5E-2);
#3383=CARTESIAN_POINT('',(1.949E0,7.E-1,-3.85E0));
#3384=LINE('',#3383,#3382);
#3385=DIRECTION('',(0.E0,0.E0,-1.E0));
#3386=VECTOR('',#3385,1.E-1);
#3387=CARTESIAN_POINT('',(1.949E0,7.E-1,-3.85E0));
#3388=LINE('',#3387,#3386);
#3389=DIRECTION('',(0.E0,-1.E0,0.E0));
#3390=VECTOR('',#3389,2.85E-1);
#3391=CARTESIAN_POINT('',(1.949E0,-7.E-1,-3.95E0));
#3392=LINE('',#3391,#3390);
#3393=DIRECTION('',(0.E0,0.E0,1.E0));
#3394=VECTOR('',#3393,1.E-1);
#3395=CARTESIAN_POINT('',(1.949E0,-7.E-1,-3.95E0));
#3396=LINE('',#3395,#3394);
#3397=DIRECTION('',(0.E0,-1.E0,0.E0));
#3398=VECTOR('',#3397,8.5E-2);
#3399=CARTESIAN_POINT('',(1.949E0,-7.E-1,-3.85E0));
#3400=LINE('',#3399,#3398);
#3401=DIRECTION('',(0.E0,1.E0,0.E0));
#3402=VECTOR('',#3401,2.E-1);
#3403=CARTESIAN_POINT('',(1.949E0,-9.85E-1,-3.85E0));
#3404=LINE('',#3403,#3402);
#3405=CARTESIAN_POINT('',(1.849E0,9.85E-1,-3.85E0));
#3406=DIRECTION('',(0.E0,-1.E0,0.E0));
#3407=DIRECTION('',(1.E0,0.E0,0.E0));
#3408=AXIS2_PLACEMENT_3D('',#3405,#3406,#3407);
#3410=DIRECTION('',(0.E0,1.E0,0.E0));
#3411=VECTOR('',#3410,8.5E-2);
#3412=CARTESIAN_POINT('',(1.7E0,7.E-1,-3.85E0));
#3413=LINE('',#3412,#3411);
#3414=DIRECTION('',(0.E0,-1.E0,0.E0));
#3415=VECTOR('',#3414,8.5E-2);
#3416=CARTESIAN_POINT('',(1.7E0,-7.E-1,-3.85E0));
#3417=LINE('',#3416,#3415);
#3418=CARTESIAN_POINT('',(1.849E0,-9.85E-1,-3.85E0));
#3419=DIRECTION('',(0.E0,1.E0,0.E0));
#3420=DIRECTION('',(0.E0,0.E0,1.E0));
#3421=AXIS2_PLACEMENT_3D('',#3418,#3419,#3420);
#3423=DIRECTION('',(0.E0,-1.E0,0.E0));
#3424=VECTOR('',#3423,2.85E-1);
#3425=CARTESIAN_POINT('',(3.023965569610E0,-7.E-1,-4.031495418505E0));
#3426=LINE('',#3425,#3424);
#3427=DIRECTION('',(0.E0,-1.E0,0.E0));
#3428=VECTOR('',#3427,2.85E-1);
#3429=CARTESIAN_POINT('',(3.023965569610E0,9.85E-1,-4.031495418505E0));
#3430=LINE('',#3429,#3428);
#3431=DIRECTION('',(0.E0,0.E0,-1.E0));
#3432=VECTOR('',#3431,2.7E0);
#3433=CARTESIAN_POINT('',(3.25E0,9.85E-1,-1.3E0));
#3434=LINE('',#3433,#3432);
#3435=DIRECTION('',(0.E0,0.E0,-1.E0));
#3436=VECTOR('',#3435,3.5E-1);
#3437=CARTESIAN_POINT('',(-3.220710678119E0,4.957106781187E-1,-4.E0));
#3438=LINE('',#3437,#3436);
#3439=DIRECTION('',(0.E0,0.E0,-1.E0));
#3440=VECTOR('',#3439,3.5E-1);
#3441=CARTESIAN_POINT('',(-3.25E0,4.25E-1,-4.E0));
#3442=LINE('',#3441,#3440);
#3443=DIRECTION('',(0.E0,0.E0,-1.E0));
#3444=VECTOR('',#3443,2.E-1);
#3445=CARTESIAN_POINT('',(-3.070710678119E0,6.457106781187E-1,-4.15E0));
#3446=LINE('',#3445,#3444);
#3447=DIRECTION('',(0.E0,0.E0,-1.E0));
#3448=VECTOR('',#3447,2.E-1);
#3449=CARTESIAN_POINT('',(-3.E0,6.75E-1,-4.15E0));
#3450=LINE('',#3449,#3448);
#3451=DIRECTION('',(0.E0,0.E0,-1.E0));
#3452=VECTOR('',#3451,2.E-1);
#3453=CARTESIAN_POINT('',(-2.099802646526E0,6.75E-1,-4.15E0));
#3454=LINE('',#3453,#3452);
#3455=DIRECTION('',(3.108624468950E-14,-8.548717289614E-14,-1.E0));
#3456=VECTOR('',#3455,2.E-1);
#3457=CARTESIAN_POINT('',(-1.904901323263E0,5.198717526991E-1,-4.15E0));
#3458=LINE('',#3457,#3456);
#3459=DIRECTION('',(0.E0,0.E0,-1.E0));
#3460=VECTOR('',#3459,2.E-1);
#3461=CARTESIAN_POINT('',(-1.755E0,3.698717526991E-1,-4.15E0));
#3462=LINE('',#3461,#3460);
#3463=DIRECTION('',(0.E0,0.E0,-1.E0));
#3464=VECTOR('',#3463,2.E-1);
#3465=CARTESIAN_POINT('',(-1.6E0,1.75E-1,-4.15E0));
#3466=LINE('',#3465,#3464);
#3467=DIRECTION('',(0.E0,0.E0,-1.E0));
#3468=VECTOR('',#3467,2.E-1);
#3469=CARTESIAN_POINT('',(-1.6E0,-1.75E-1,-4.15E0));
#3470=LINE('',#3469,#3468);
#3471=DIRECTION('',(-1.110223024625E-14,0.E0,-1.E0));
#3472=VECTOR('',#3471,2.E-1);
#3473=CARTESIAN_POINT('',(-1.755E0,-3.698717526990E-1,-4.15E0));
#3474=LINE('',#3473,#3472);
#3475=DIRECTION('',(3.552713678800E-14,9.658940314239E-14,-1.E0));
#3476=VECTOR('',#3475,2.E-1);
#3477=CARTESIAN_POINT('',(-1.904901323263E0,-5.198717526991E-1,-4.15E0));
#3478=LINE('',#3477,#3476);
#3479=DIRECTION('',(0.E0,0.E0,-1.E0));
#3480=VECTOR('',#3479,2.E-1);
#3481=CARTESIAN_POINT('',(-2.099802646526E0,-6.75E-1,-4.15E0));
#3482=LINE('',#3481,#3480);
#3483=DIRECTION('',(0.E0,0.E0,-1.E0));
#3484=VECTOR('',#3483,2.E-1);
#3485=CARTESIAN_POINT('',(-3.E0,-6.75E-1,-4.15E0));
#3486=LINE('',#3485,#3484);
#3487=DIRECTION('',(0.E0,0.E0,-1.E0));
#3488=VECTOR('',#3487,3.5E-1);
#3489=CARTESIAN_POINT('',(-3.220710678119E0,-4.957106781187E-1,-4.E0));
#3490=LINE('',#3489,#3488);
#3491=DIRECTION('',(0.E0,0.E0,-1.E0));
#3492=VECTOR('',#3491,3.5E-1);
#3493=CARTESIAN_POINT('',(-3.25E0,-4.25E-1,-4.E0));
#3494=LINE('',#3493,#3492);
#3495=CARTESIAN_POINT('',(-3.442653128049E0,-3.E-1,-4.259325993651E0));
#3496=CARTESIAN_POINT('',(-3.433052067330E0,-3.E-1,-4.270935363458E0));
#3497=CARTESIAN_POINT('',(-3.412814071991E0,-3.014068524117E-1,
-4.291131922865E0));
#3498=CARTESIAN_POINT('',(-3.382136906413E0,-3.065318547400E-1,
-4.313196706351E0));
#3499=CARTESIAN_POINT('',(-3.352844719396E0,-3.140441386497E-1,
-4.328573360599E0));
#3500=CARTESIAN_POINT('',(-3.325381734699E0,-3.236600071988E-1,
-4.338879443036E0));
#3501=CARTESIAN_POINT('',(-3.301063276016E0,-3.350795795791E-1,
-4.345097105628E0));
#3502=CARTESIAN_POINT('',(-3.279889459764E0,-3.487706036908E-1,
-4.348449651081E0));
#3503=CARTESIAN_POINT('',(-3.263477854652E0,-3.639620683783E-1,
-4.349763945357E0));
#3504=CARTESIAN_POINT('',(-3.252256095746E0,-3.821914692773E-1,
-4.350023931881E0));
#3505=CARTESIAN_POINT('',(-3.25E0,-3.939905884026E-1,-4.35E0));
#3506=CARTESIAN_POINT('',(-3.25E0,-4.E-1,-4.35E0));
#3508=DIRECTION('',(0.E0,0.E0,-1.E0));
#3509=VECTOR('',#3508,3.5E-1);
#3510=CARTESIAN_POINT('',(-3.25E0,-4.E-1,-4.E0));
#3511=LINE('',#3510,#3509);
#3512=CARTESIAN_POINT('',(-3.25E0,-3.E-1,-4.1E0));
#3513=DIRECTION('',(0.E0,-1.E0,0.E0));
#3514=DIRECTION('',(-1.E0,0.E0,0.E0));
#3515=AXIS2_PLACEMENT_3D('',#3512,#3513,#3514);
#3517=DIRECTION('',(0.E0,0.E0,-1.E0));
#3518=VECTOR('',#3517,2.593259936509E-1);
#3519=CARTESIAN_POINT('',(-3.442653128049E0,-3.E-1,-4.E0));
#3520=LINE('',#3519,#3518);
#3521=CARTESIAN_POINT('',(-3.25E0,3.E-1,-4.1E0));
#3522=DIRECTION('',(0.E0,1.E0,0.E0));
#3523=DIRECTION('',(-7.706125121971E-1,0.E0,-6.373039746034E-1));
#3524=AXIS2_PLACEMENT_3D('',#3521,#3522,#3523);
#3526=DIRECTION('',(0.E0,0.E0,-1.E0));
#3527=VECTOR('',#3526,1.E-1);
#3528=CARTESIAN_POINT('',(-3.5E0,3.E-1,-4.E0));
#3529=LINE('',#3528,#3527);
#3530=DIRECTION('',(0.E0,-1.E0,0.E0));
#3531=VECTOR('',#3530,8.5E-2);
#3532=CARTESIAN_POINT('',(-1.7E0,-7.E-1,-3.85E0));
#3533=LINE('',#3532,#3531);
#3534=CARTESIAN_POINT('',(-4.05E0,-9.E-1,-1.25E0));
#3535=CARTESIAN_POINT('',(-4.05E0,9.E-1,-1.25E0));
#3536=VERTEX_POINT('',#3534);
#3537=VERTEX_POINT('',#3535);
#3538=CARTESIAN_POINT('',(4.05E0,9.E-1,-1.25E0));
#3539=CARTESIAN_POINT('',(4.05E0,-9.E-1,-1.25E0));
#3540=VERTEX_POINT('',#3538);
#3541=VERTEX_POINT('',#3539);
#3542=CARTESIAN_POINT('',(1.6E0,-9.E-1,-1.25E0));
#3543=VERTEX_POINT('',#3542);
#3544=CARTESIAN_POINT('',(-1.6E0,-9.E-1,-1.25E0));
#3545=VERTEX_POINT('',#3544);
#3546=CARTESIAN_POINT('',(1.45E0,-3.E-1,-7.E-1));
#3547=CARTESIAN_POINT('',(1.45E0,-7.E-1,-1.5E-1));
#3548=VERTEX_POINT('',#3546);
#3549=VERTEX_POINT('',#3547);
#3550=CARTESIAN_POINT('',(1.45E0,-1.E0,-1.5E-1));
#3551=VERTEX_POINT('',#3550);
#3552=CARTESIAN_POINT('',(1.45E0,-1.E0,-3.85E0));
#3553=VERTEX_POINT('',#3552);
#3554=CARTESIAN_POINT('',(1.45E0,1.E0,-3.85E0));
#3555=CARTESIAN_POINT('',(1.45E0,1.E0,-1.25E0));
#3556=VERTEX_POINT('',#3554);
#3557=VERTEX_POINT('',#3555);
#3558=CARTESIAN_POINT('',(-1.45E0,-3.E-1,-7.E-1));
#3559=CARTESIAN_POINT('',(-1.45E0,-7.E-1,-1.5E-1));
#3560=VERTEX_POINT('',#3558);
#3561=VERTEX_POINT('',#3559);
#3562=CARTESIAN_POINT('',(-1.45E0,-1.E0,-1.5E-1));
#3563=VERTEX_POINT('',#3562);
#3564=CARTESIAN_POINT('',(-1.45E0,-1.E0,-3.85E0));
#3565=VERTEX_POINT('',#3564);
#3566=CARTESIAN_POINT('',(-1.45E0,1.E0,-3.85E0));
#3567=CARTESIAN_POINT('',(-1.45E0,1.E0,-1.25E0));
#3568=VERTEX_POINT('',#3566);
#3569=VERTEX_POINT('',#3567);
#3570=CARTESIAN_POINT('',(-1.45E0,9.E-1,-1.25E0));
#3571=CARTESIAN_POINT('',(1.45E0,9.E-1,-1.25E0));
#3572=VERTEX_POINT('',#3570);
#3573=VERTEX_POINT('',#3571);
#3574=CARTESIAN_POINT('',(-1.6E0,-7.E-1,-1.25E0));
#3575=VERTEX_POINT('',#3574);
#3576=CARTESIAN_POINT('',(1.6E0,-7.E-1,-1.25E0));
#3577=VERTEX_POINT('',#3576);
#3578=CARTESIAN_POINT('',(1.45E0,-7.E-1,-3.85E0));
#3579=VERTEX_POINT('',#3578);
#3580=CARTESIAN_POINT('',(1.45E0,7.E-1,-3.85E0));
#3581=VERTEX_POINT('',#3580);
#3582=CARTESIAN_POINT('',(-1.45E0,-7.E-1,-3.85E0));
#3583=VERTEX_POINT('',#3582);
#3584=CARTESIAN_POINT('',(-1.45E0,7.E-1,-3.85E0));
#3585=VERTEX_POINT('',#3584);
#3586=CARTESIAN_POINT('',(1.45E0,-3.E-1,-1.25E0));
#3587=VERTEX_POINT('',#3586);
#3588=CARTESIAN_POINT('',(-1.45E0,-3.E-1,-1.25E0));
#3589=VERTEX_POINT('',#3588);
#3590=CARTESIAN_POINT('',(1.45E0,7.E-1,-1.25E0));
#3591=VERTEX_POINT('',#3590);
#3592=CARTESIAN_POINT('',(-1.45E0,7.E-1,-1.25E0));
#3593=VERTEX_POINT('',#3592);
#3594=CARTESIAN_POINT('',(-3.1E0,7.E-1,-4.15E0));
#3595=CARTESIAN_POINT('',(-3.1E0,7.E-1,-4.E0));
#3596=VERTEX_POINT('',#3594);
#3597=VERTEX_POINT('',#3595);
#3598=CARTESIAN_POINT('',(-3.1E0,7.E-1,-1.3E0));
#3599=CARTESIAN_POINT('',(-3.1E0,7.E-1,-1.25E0));
#3600=VERTEX_POINT('',#3598);
#3601=VERTEX_POINT('',#3599);
#3602=CARTESIAN_POINT('',(-3.1E0,-7.E-1,-4.15E0));
#3603=CARTESIAN_POINT('',(-3.1E0,-7.E-1,-4.E0));
#3604=VERTEX_POINT('',#3602);
#3605=VERTEX_POINT('',#3603);
#3606=CARTESIAN_POINT('',(-3.1E0,-7.E-1,-1.3E0));
#3607=CARTESIAN_POINT('',(-3.1E0,-7.E-1,-1.25E0));
#3608=VERTEX_POINT('',#3606);
#3609=VERTEX_POINT('',#3607);
#3610=CARTESIAN_POINT('',(-3.25E0,-9.85E-1,-1.3E0));
#3611=CARTESIAN_POINT('',(-3.5E0,-7.35E-1,-1.3E0));
#3612=VERTEX_POINT('',#3610);
#3613=VERTEX_POINT('',#3611);
#3614=CARTESIAN_POINT('',(-3.5E0,7.35E-1,-1.3E0));
#3615=VERTEX_POINT('',#3614);
#3616=CARTESIAN_POINT('',(-3.25E0,9.85E-1,-1.3E0));
#3617=VERTEX_POINT('',#3616);
#3618=CARTESIAN_POINT('',(-3.25E0,-9.85E-1,-4.E0));
#3619=CARTESIAN_POINT('',(-3.5E0,-7.35E-1,-4.E0));
#3620=VERTEX_POINT('',#3618);
#3621=VERTEX_POINT('',#3619);
#3622=CARTESIAN_POINT('',(-3.5E0,7.35E-1,-4.E0));
#3623=CARTESIAN_POINT('',(-3.25E0,9.85E-1,-4.E0));
#3624=VERTEX_POINT('',#3622);
#3625=VERTEX_POINT('',#3623);
#3626=CARTESIAN_POINT('',(3.5E0,-7.35E-1,-1.3E0));
#3627=CARTESIAN_POINT('',(3.25E0,-9.85E-1,-1.3E0));
#3628=VERTEX_POINT('',#3626);
#3629=VERTEX_POINT('',#3627);
#3630=CARTESIAN_POINT('',(3.25E0,9.85E-1,-1.3E0));
#3631=CARTESIAN_POINT('',(3.5E0,7.35E-1,-1.3E0));
#3632=VERTEX_POINT('',#3630);
#3633=VERTEX_POINT('',#3631);
#3634=CARTESIAN_POINT('',(3.5E0,-7.35E-1,-4.E0));
#3635=CARTESIAN_POINT('',(3.25E0,-9.85E-1,-4.E0));
#3636=VERTEX_POINT('',#3634);
#3637=VERTEX_POINT('',#3635);
#3638=CARTESIAN_POINT('',(3.25E0,9.85E-1,-4.E0));
#3639=CARTESIAN_POINT('',(3.5E0,7.35E-1,-4.E0));
#3640=VERTEX_POINT('',#3638);
#3641=VERTEX_POINT('',#3639);
#3642=CARTESIAN_POINT('',(3.1E0,7.E-1,-1.25E0));
#3643=CARTESIAN_POINT('',(3.1E0,7.E-1,-1.3E0));
#3644=VERTEX_POINT('',#3642);
#3645=VERTEX_POINT('',#3643);
#3646=CARTESIAN_POINT('',(3.1E0,7.E-1,-4.E0));
#3647=CARTESIAN_POINT('',(3.1E0,7.E-1,-4.15E0));
#3648=VERTEX_POINT('',#3646);
#3649=VERTEX_POINT('',#3647);
#3650=CARTESIAN_POINT('',(3.1E0,-7.E-1,-1.25E0));
#3651=CARTESIAN_POINT('',(3.1E0,-7.E-1,-1.3E0));
#3652=VERTEX_POINT('',#3650);
#3653=VERTEX_POINT('',#3651);
#3654=CARTESIAN_POINT('',(3.1E0,-7.E-1,-4.E0));
#3655=CARTESIAN_POINT('',(3.1E0,-7.E-1,-4.15E0));
#3656=VERTEX_POINT('',#3654);
#3657=VERTEX_POINT('',#3655);
#3658=CARTESIAN_POINT('',(1.503224947428E0,8.402444315316E-1,-3.75E0));
#3659=CARTESIAN_POINT('',(1.709957324001E0,9.85E-1,-3.75E0));
#3660=VERTEX_POINT('',#3658);
#3661=VERTEX_POINT('',#3659);
#3662=CARTESIAN_POINT('',(-1.709957324001E0,9.85E-1,-3.75E0));
#3663=CARTESIAN_POINT('',(-1.503224947428E0,8.402444315316E-1,-3.75E0));
#3664=VERTEX_POINT('',#3662);
#3665=VERTEX_POINT('',#3663);
#3666=CARTESIAN_POINT('',(-1.452180148829E0,7.E-1,-3.75E0));
#3667=VERTEX_POINT('',#3666);
#3668=CARTESIAN_POINT('',(-1.453985600994E0,-7.E-1,-3.75E0));
#3669=CARTESIAN_POINT('',(-1.454E0,-7.05E-1,-3.75E0));
#3670=VERTEX_POINT('',#3668);
#3671=VERTEX_POINT('',#3669);
#3672=CARTESIAN_POINT('',(-1.503224947428E0,-8.402444315316E-1,-3.75E0));
#3673=VERTEX_POINT('',#3672);
#3674=CARTESIAN_POINT('',(-1.709957324001E0,-9.85E-1,-3.75E0));
#3675=VERTEX_POINT('',#3674);
#3676=CARTESIAN_POINT('',(1.709957324001E0,-9.85E-1,-3.75E0));
#3677=CARTESIAN_POINT('',(1.503224947428E0,-8.402444315316E-1,-3.75E0));
#3678=VERTEX_POINT('',#3676);
#3679=VERTEX_POINT('',#3677);
#3680=CARTESIAN_POINT('',(1.454E0,-7.05E-1,-3.75E0));
#3681=VERTEX_POINT('',#3680);
#3682=CARTESIAN_POINT('',(1.453985600994E0,-7.E-1,-3.75E0));
#3683=VERTEX_POINT('',#3682);
#3684=CARTESIAN_POINT('',(1.452180148829E0,7.E-1,-3.75E0));
#3685=VERTEX_POINT('',#3684);
#3686=CARTESIAN_POINT('',(-1.452180148829E0,7.E-1,-1.85E0));
#3687=VERTEX_POINT('',#3686);
#3688=CARTESIAN_POINT('',(1.452180148829E0,7.E-1,-1.85E0));
#3689=VERTEX_POINT('',#3688);
#3690=CARTESIAN_POINT('',(-1.67E0,9.85E-1,-1.3E0));
#3691=CARTESIAN_POINT('',(-1.47E0,9.85E-1,-1.5E0));
#3692=VERTEX_POINT('',#3690);
#3693=VERTEX_POINT('',#3691);
#3694=CARTESIAN_POINT('',(-1.47E0,9.85E-1,-1.85E0));
#3695=VERTEX_POINT('',#3694);
#3696=CARTESIAN_POINT('',(-1.67E0,7.E-1,-1.3E0));
#3697=CARTESIAN_POINT('',(-1.47E0,7.E-1,-1.5E0));
#3698=VERTEX_POINT('',#3696);
#3699=VERTEX_POINT('',#3697);
#3700=CARTESIAN_POINT('',(-1.47E0,7.E-1,-1.85E0));
#3701=VERTEX_POINT('',#3700);
#3702=CARTESIAN_POINT('',(-1.710000033748E0,9.849999958543E-1,-1.85E0));
#3703=CARTESIAN_POINT('',(-1.503224947428E0,8.402444315316E-1,-1.85E0));
#3704=VERTEX_POINT('',#3702);
#3705=VERTEX_POINT('',#3703);
#3706=CARTESIAN_POINT('',(-1.47E0,7.489596387113E-1,-1.85E0));
#3707=VERTEX_POINT('',#3706);
#3708=CARTESIAN_POINT('',(1.47E0,9.85E-1,-1.5E0));
#3709=CARTESIAN_POINT('',(1.67E0,9.85E-1,-1.3E0));
#3710=VERTEX_POINT('',#3708);
#3711=VERTEX_POINT('',#3709);
#3712=CARTESIAN_POINT('',(1.47E0,9.85E-1,-1.85E0));
#3713=VERTEX_POINT('',#3712);
#3714=CARTESIAN_POINT('',(1.47E0,7.E-1,-1.5E0));
#3715=CARTESIAN_POINT('',(1.67E0,7.E-1,-1.3E0));
#3716=VERTEX_POINT('',#3714);
#3717=VERTEX_POINT('',#3715);
#3718=CARTESIAN_POINT('',(1.47E0,7.E-1,-1.85E0));
#3719=VERTEX_POINT('',#3718);
#3720=CARTESIAN_POINT('',(1.47E0,7.489596387113E-1,-1.85E0));
#3721=CARTESIAN_POINT('',(1.503224947428E0,8.402444315316E-1,-1.85E0));
#3722=VERTEX_POINT('',#3720);
#3723=VERTEX_POINT('',#3721);
#3724=CARTESIAN_POINT('',(1.709957324001E0,9.85E-1,-1.85E0));
#3725=VERTEX_POINT('',#3724);
#3726=CARTESIAN_POINT('',(-1.6E0,-3.E-1,-1.25E0));
#3727=VERTEX_POINT('',#3726);
#3728=CARTESIAN_POINT('',(1.6E0,-3.E-1,-1.25E0));
#3729=VERTEX_POINT('',#3728);
#3730=CARTESIAN_POINT('',(-1.55E0,1.E-1,-2.85E0));
#3731=CARTESIAN_POINT('',(-1.55E0,-3.E-1,-2.85E0));
#3732=VERTEX_POINT('',#3730);
#3733=VERTEX_POINT('',#3731);
#3734=CARTESIAN_POINT('',(1.55E0,-3.E-1,-2.85E0));
#3735=CARTESIAN_POINT('',(1.55E0,1.E-1,-2.85E0));
#3736=VERTEX_POINT('',#3734);
#3737=VERTEX_POINT('',#3735);
#3738=CARTESIAN_POINT('',(-2.72E0,7.E-1,-1.3E0));
#3739=CARTESIAN_POINT('',(-2.72E0,7.E-1,-1.25E0));
#3740=VERTEX_POINT('',#3738);
#3741=VERTEX_POINT('',#3739);
#3742=CARTESIAN_POINT('',(-1.7E0,7.E-1,-1.25E0));
#3743=CARTESIAN_POINT('',(-1.7E0,7.E-1,-1.3E0));
#3744=VERTEX_POINT('',#3742);
#3745=VERTEX_POINT('',#3743);
#3746=CARTESIAN_POINT('',(-2.72E0,7.85E-1,-1.3E0));
#3747=CARTESIAN_POINT('',(-1.7E0,7.85E-1,-1.3E0));
#3748=VERTEX_POINT('',#3746);
#3749=VERTEX_POINT('',#3747);
#3750=CARTESIAN_POINT('',(-2.72E0,7.85E-1,-1.25E0));
#3751=VERTEX_POINT('',#3750);
#3752=CARTESIAN_POINT('',(-1.7E0,7.85E-1,-1.25E0));
#3753=VERTEX_POINT('',#3752);
#3754=CARTESIAN_POINT('',(-1.7E0,7.E-1,-3.75E0));
#3755=CARTESIAN_POINT('',(-1.7E0,7.E-1,-3.85E0));
#3756=VERTEX_POINT('',#3754);
#3757=VERTEX_POINT('',#3755);
#3758=CARTESIAN_POINT('',(-1.949E0,7.E-1,-3.85E0));
#3759=VERTEX_POINT('',#3758);
#3760=CARTESIAN_POINT('',(-1.7E0,7.85E-1,-3.75E0));
#3761=VERTEX_POINT('',#3760);
#3762=CARTESIAN_POINT('',(-1.7E0,7.85E-1,-3.85E0));
#3763=VERTEX_POINT('',#3762);
#3764=CARTESIAN_POINT('',(1.7E0,7.85E-1,-1.25E0));
#3765=CARTESIAN_POINT('',(2.72E0,7.85E-1,-1.25E0));
#3766=VERTEX_POINT('',#3764);
#3767=VERTEX_POINT('',#3765);
#3768=CARTESIAN_POINT('',(1.7E0,7.E-1,-1.25E0));
#3769=VERTEX_POINT('',#3768);
#3770=CARTESIAN_POINT('',(2.72E0,7.E-1,-1.25E0));
#3771=VERTEX_POINT('',#3770);
#3772=CARTESIAN_POINT('',(1.949E0,7.E-1,-3.85E0));
#3773=CARTESIAN_POINT('',(1.7E0,7.E-1,-3.85E0));
#3774=VERTEX_POINT('',#3772);
#3775=VERTEX_POINT('',#3773);
#3776=CARTESIAN_POINT('',(1.7E0,7.E-1,-1.3E0));
#3777=VERTEX_POINT('',#3776);
#3778=CARTESIAN_POINT('',(1.7E0,7.E-1,-3.75E0));
#3779=VERTEX_POINT('',#3778);
#3780=CARTESIAN_POINT('',(2.72E0,7.E-1,-1.3E0));
#3781=VERTEX_POINT('',#3780);
#3782=CARTESIAN_POINT('',(1.7E0,7.85E-1,-1.3E0));
#3783=CARTESIAN_POINT('',(2.72E0,7.85E-1,-1.3E0));
#3784=VERTEX_POINT('',#3782);
#3785=VERTEX_POINT('',#3783);
#3786=CARTESIAN_POINT('',(1.7E0,7.85E-1,-3.75E0));
#3787=VERTEX_POINT('',#3786);
#3788=CARTESIAN_POINT('',(1.7E0,7.85E-1,-3.85E0));
#3789=VERTEX_POINT('',#3788);
#3790=CARTESIAN_POINT('',(-2.72E0,-7.85E-1,-1.3E0));
#3791=CARTESIAN_POINT('',(-2.72E0,-7.85E-1,-1.25E0));
#3792=VERTEX_POINT('',#3790);
#3793=VERTEX_POINT('',#3791);
#3794=CARTESIAN_POINT('',(-1.7E0,-7.85E-1,-1.25E0));
#3795=CARTESIAN_POINT('',(-1.7E0,-7.85E-1,-1.3E0));
#3796=VERTEX_POINT('',#3794);
#3797=VERTEX_POINT('',#3795);
#3798=CARTESIAN_POINT('',(-1.7E0,-7.85E-1,-3.75E0));
#3799=CARTESIAN_POINT('',(-1.7E0,-7.85E-1,-3.85E0));
#3800=VERTEX_POINT('',#3798);
#3801=VERTEX_POINT('',#3799);
#3802=CARTESIAN_POINT('',(-1.7E0,-7.E-1,-3.85E0));
#3803=VERTEX_POINT('',#3802);
#3804=CARTESIAN_POINT('',(1.7E0,-7.85E-1,-3.85E0));
#3805=CARTESIAN_POINT('',(1.7E0,-7.85E-1,-3.75E0));
#3806=VERTEX_POINT('',#3804);
#3807=VERTEX_POINT('',#3805);
#3808=CARTESIAN_POINT('',(1.7E0,-7.85E-1,-1.3E0));
#3809=CARTESIAN_POINT('',(1.7E0,-7.85E-1,-1.25E0));
#3810=VERTEX_POINT('',#3808);
#3811=VERTEX_POINT('',#3809);
#3812=CARTESIAN_POINT('',(2.72E0,-7.85E-1,-1.25E0));
#3813=CARTESIAN_POINT('',(2.72E0,-7.85E-1,-1.3E0));
#3814=VERTEX_POINT('',#3812);
#3815=VERTEX_POINT('',#3813);
#3816=CARTESIAN_POINT('',(1.7E0,-7.E-1,-3.85E0));
#3817=VERTEX_POINT('',#3816);
#3818=CARTESIAN_POINT('',(-2.72E0,-7.E-1,-1.25E0));
#3819=VERTEX_POINT('',#3818);
#3820=CARTESIAN_POINT('',(-1.7E0,-7.E-1,-1.25E0));
#3821=VERTEX_POINT('',#3820);
#3822=CARTESIAN_POINT('',(1.7E0,-7.E-1,-1.25E0));
#3823=VERTEX_POINT('',#3822);
#3824=CARTESIAN_POINT('',(2.72E0,-7.E-1,-1.25E0));
#3825=VERTEX_POINT('',#3824);
#3826=CARTESIAN_POINT('',(-2.72E0,-7.E-1,-1.3E0));
#3827=VERTEX_POINT('',#3826);
#3828=CARTESIAN_POINT('',(-1.7E0,-7.E-1,-1.3E0));
#3829=VERTEX_POINT('',#3828);
#3830=CARTESIAN_POINT('',(-1.7E0,-7.E-1,-3.75E0));
#3831=VERTEX_POINT('',#3830);
#3832=CARTESIAN_POINT('',(-1.949E0,-7.E-1,-3.85E0));
#3833=VERTEX_POINT('',#3832);
#3834=CARTESIAN_POINT('',(1.949E0,-7.E-1,-3.85E0));
#3835=VERTEX_POINT('',#3834);
#3836=CARTESIAN_POINT('',(1.7E0,-7.E-1,-1.3E0));
#3837=VERTEX_POINT('',#3836);
#3838=CARTESIAN_POINT('',(1.7E0,-7.E-1,-3.75E0));
#3839=VERTEX_POINT('',#3838);
#3840=CARTESIAN_POINT('',(2.72E0,-7.E-1,-1.3E0));
#3841=VERTEX_POINT('',#3840);
#3842=CARTESIAN_POINT('',(-3.2E0,-4.75E-1,-1.25E0));
#3843=CARTESIAN_POINT('',(-3.1E0,-4.75E-1,-1.25E0));
#3844=VERTEX_POINT('',#3842);
#3845=VERTEX_POINT('',#3843);
#3846=CARTESIAN_POINT('',(-3.2E0,4.75E-1,-1.25E0));
#3847=CARTESIAN_POINT('',(-3.1E0,4.75E-1,-1.25E0));
#3848=VERTEX_POINT('',#3846);
#3849=VERTEX_POINT('',#3847);
#3850=CARTESIAN_POINT('',(-3.1E0,-4.75E-1,-1.3E0));
#3851=VERTEX_POINT('',#3850);
#3852=CARTESIAN_POINT('',(-3.1E0,4.75E-1,-1.3E0));
#3853=VERTEX_POINT('',#3852);
#3854=CARTESIAN_POINT('',(-3.196E0,-4.75E-1,-1.3E0));
#3855=VERTEX_POINT('',#3854);
#3856=CARTESIAN_POINT('',(-3.196E0,4.75E-1,-1.3E0));
#3857=VERTEX_POINT('',#3856);
#3858=CARTESIAN_POINT('',(3.1E0,-4.75E-1,-1.25E0));
#3859=CARTESIAN_POINT('',(3.2E0,-4.75E-1,-1.25E0));
#3860=VERTEX_POINT('',#3858);
#3861=VERTEX_POINT('',#3859);
#3862=CARTESIAN_POINT('',(3.1E0,4.75E-1,-1.25E0));
#3863=CARTESIAN_POINT('',(3.2E0,4.75E-1,-1.25E0));
#3864=VERTEX_POINT('',#3862);
#3865=VERTEX_POINT('',#3863);
#3866=CARTESIAN_POINT('',(3.1E0,-4.75E-1,-1.3E0));
#3867=VERTEX_POINT('',#3866);
#3868=CARTESIAN_POINT('',(3.1E0,4.75E-1,-1.3E0));
#3869=VERTEX_POINT('',#3868);
#3870=CARTESIAN_POINT('',(3.196E0,-4.75E-1,-1.3E0));
#3871=VERTEX_POINT('',#3870);
#3872=CARTESIAN_POINT('',(3.196E0,4.75E-1,-1.3E0));
#3873=VERTEX_POINT('',#3872);
#3874=CARTESIAN_POINT('',(-3.092E0,9.85E-1,-4.E0));
#3875=VERTEX_POINT('',#3874);
#3876=CARTESIAN_POINT('',(-2.939945256222E0,9.85E-1,-4.05E0));
#3877=CARTESIAN_POINT('',(-3.023965569610E0,9.85E-1,-4.031495418505E0));
#3878=VERTEX_POINT('',#3876);
#3879=VERTEX_POINT('',#3877);
#3880=CARTESIAN_POINT('',(-2.939945256222E0,-9.85E-1,-4.05E0));
#3881=CARTESIAN_POINT('',(-3.023965569610E0,-9.85E-1,-4.031495418505E0));
#3882=VERTEX_POINT('',#3880);
#3883=VERTEX_POINT('',#3881);
#3884=CARTESIAN_POINT('',(-3.092E0,7.E-1,-4.E0));
#3885=VERTEX_POINT('',#3884);
#3886=CARTESIAN_POINT('',(-3.092E0,-9.85E-1,-4.E0));
#3887=VERTEX_POINT('',#3886);
#3888=CARTESIAN_POINT('',(3.023965569610E0,9.85E-1,-4.031495418505E0));
#3889=CARTESIAN_POINT('',(2.939945256222E0,9.85E-1,-4.05E0));
#3890=VERTEX_POINT('',#3888);
#3891=VERTEX_POINT('',#3889);
#3892=CARTESIAN_POINT('',(3.023965569610E0,-9.85E-1,-4.031495418505E0));
#3893=CARTESIAN_POINT('',(2.939945256222E0,-9.85E-1,-4.05E0));
#3894=VERTEX_POINT('',#3892);
#3895=VERTEX_POINT('',#3893);
#3896=CARTESIAN_POINT('',(-2.939945256223E0,-7.E-1,-4.05E0));
#3897=CARTESIAN_POINT('',(-3.023965569610E0,-7.E-1,-4.031495418505E0));
#3898=VERTEX_POINT('',#3896);
#3899=VERTEX_POINT('',#3897);
#3900=CARTESIAN_POINT('',(-3.092E0,-7.E-1,-4.E0));
#3901=VERTEX_POINT('',#3900);
#3902=CARTESIAN_POINT('',(3.092E0,-7.E-1,-4.E0));
#3903=CARTESIAN_POINT('',(3.023965569610E0,-7.E-1,-4.031495418505E0));
#3904=VERTEX_POINT('',#3902);
#3905=VERTEX_POINT('',#3903);
#3906=CARTESIAN_POINT('',(2.939945256223E0,-7.E-1,-4.05E0));
#3907=VERTEX_POINT('',#3906);
#3908=CARTESIAN_POINT('',(-2.939945256223E0,7.E-1,-4.05E0));
#3909=CARTESIAN_POINT('',(-3.023965569610E0,7.E-1,-4.031495418505E0));
#3910=VERTEX_POINT('',#3908);
#3911=VERTEX_POINT('',#3909);
#3912=CARTESIAN_POINT('',(3.092E0,7.E-1,-4.E0));
#3913=CARTESIAN_POINT('',(3.023965569610E0,7.E-1,-4.031495418505E0));
#3914=VERTEX_POINT('',#3912);
#3915=VERTEX_POINT('',#3913);
#3916=CARTESIAN_POINT('',(2.939945256223E0,7.E-1,-4.05E0));
#3917=VERTEX_POINT('',#3916);
#3918=CARTESIAN_POINT('',(3.092E0,9.85E-1,-4.E0));
#3919=VERTEX_POINT('',#3918);
#3920=CARTESIAN_POINT('',(3.092E0,-9.85E-1,-4.E0));
#3921=VERTEX_POINT('',#3920);
#3922=CARTESIAN_POINT('',(-3.1E0,6.164213562373E-1,-4.15E0));
#3923=VERTEX_POINT('',#3922);
#3924=CARTESIAN_POINT('',(-3.1E0,-6.164213562373E-1,-4.15E0));
#3925=VERTEX_POINT('',#3924);
#3926=CARTESIAN_POINT('',(-3.1E0,-6.164213562373E-1,-4.E0));
#3927=VERTEX_POINT('',#3926);
#3928=CARTESIAN_POINT('',(-3.1E0,6.164213562373E-1,-4.E0));
#3929=VERTEX_POINT('',#3928);
#3930=CARTESIAN_POINT('',(-3.5E0,-3.E-1,-4.E0));
#3931=VERTEX_POINT('',#3930);
#3932=CARTESIAN_POINT('',(-3.5E0,3.E-1,-4.E0));
#3933=VERTEX_POINT('',#3932);
#3934=CARTESIAN_POINT('',(-3.25E0,4.25E-1,-4.35E0));
#3935=CARTESIAN_POINT('',(-3.220710678119E0,4.957106781187E-1,-4.35E0));
#3936=VERTEX_POINT('',#3934);
#3937=VERTEX_POINT('',#3935);
#3938=CARTESIAN_POINT('',(-3.070710678119E0,6.457106781187E-1,-4.35E0));
#3939=VERTEX_POINT('',#3938);
#3940=CARTESIAN_POINT('',(-3.E0,6.75E-1,-4.35E0));
#3941=VERTEX_POINT('',#3940);
#3942=CARTESIAN_POINT('',(-2.099802646526E0,6.75E-1,-4.35E0));
#3943=VERTEX_POINT('',#3942);
#3944=CARTESIAN_POINT('',(-1.904901323263E0,5.198717526991E-1,-4.35E0));
#3945=VERTEX_POINT('',#3944);
#3946=CARTESIAN_POINT('',(-1.755E0,3.698717526991E-1,-4.35E0));
#3947=VERTEX_POINT('',#3946);
#3948=CARTESIAN_POINT('',(-1.6E0,1.75E-1,-4.35E0));
#3949=VERTEX_POINT('',#3948);
#3950=CARTESIAN_POINT('',(-1.6E0,-1.75E-1,-4.35E0));
#3951=VERTEX_POINT('',#3950);
#3952=CARTESIAN_POINT('',(-1.755E0,-3.698717526991E-1,-4.35E0));
#3953=VERTEX_POINT('',#3952);
#3954=CARTESIAN_POINT('',(-1.904901323263E0,-5.198717526991E-1,-4.35E0));
#3955=VERTEX_POINT('',#3954);
#3956=CARTESIAN_POINT('',(-2.099802646526E0,-6.75E-1,-4.35E0));
#3957=VERTEX_POINT('',#3956);
#3958=CARTESIAN_POINT('',(-3.E0,-6.75E-1,-4.35E0));
#3959=VERTEX_POINT('',#3958);
#3960=CARTESIAN_POINT('',(-3.070710678119E0,-6.457106781187E-1,-4.35E0));
#3961=VERTEX_POINT('',#3960);
#3962=CARTESIAN_POINT('',(-3.220710678119E0,-4.957106781187E-1,-4.35E0));
#3963=VERTEX_POINT('',#3962);
#3964=CARTESIAN_POINT('',(-3.25E0,-4.25E-1,-4.35E0));
#3965=VERTEX_POINT('',#3964);
#3966=CARTESIAN_POINT('',(-3.070710678119E0,6.457106781187E-1,-4.15E0));
#3967=VERTEX_POINT('',#3966);
#3968=CARTESIAN_POINT('',(-3.E0,6.75E-1,-4.15E0));
#3969=VERTEX_POINT('',#3968);
#3970=CARTESIAN_POINT('',(-2.099802646526E0,6.75E-1,-4.15E0));
#3971=VERTEX_POINT('',#3970);
#3972=CARTESIAN_POINT('',(-1.904901323263E0,5.198717526991E-1,-4.15E0));
#3973=VERTEX_POINT('',#3972);
#3974=CARTESIAN_POINT('',(-1.755E0,3.698717526991E-1,-4.15E0));
#3975=VERTEX_POINT('',#3974);
#3976=CARTESIAN_POINT('',(-1.6E0,1.75E-1,-4.15E0));
#3977=VERTEX_POINT('',#3976);
#3978=CARTESIAN_POINT('',(-1.6E0,-1.75E-1,-4.15E0));
#3979=VERTEX_POINT('',#3978);
#3980=CARTESIAN_POINT('',(-1.755E0,-3.698717526990E-1,-4.15E0));
#3981=VERTEX_POINT('',#3980);
#3982=CARTESIAN_POINT('',(-1.904901323263E0,-5.198717526991E-1,-4.15E0));
#3983=VERTEX_POINT('',#3982);
#3984=CARTESIAN_POINT('',(-2.099802646526E0,-6.75E-1,-4.15E0));
#3985=VERTEX_POINT('',#3984);
#3986=CARTESIAN_POINT('',(-3.E0,-6.75E-1,-4.15E0));
#3987=VERTEX_POINT('',#3986);
#3988=CARTESIAN_POINT('',(-3.070710678119E0,-6.457106781187E-1,-4.15E0));
#3989=VERTEX_POINT('',#3988);
#3990=CARTESIAN_POINT('',(-3.442653128049E0,3.E-1,-4.E0));
#3991=VERTEX_POINT('',#3990);
#3992=VERTEX_POINT('',#1466);
#3993=CARTESIAN_POINT('',(-3.25E0,4.25E-1,-4.E0));
#3994=VERTEX_POINT('',#3993);
#3995=CARTESIAN_POINT('',(-3.220710678119E0,4.957106781187E-1,-4.E0));
#3996=VERTEX_POINT('',#3995);
#3997=CARTESIAN_POINT('',(-3.220710678119E0,-4.957106781187E-1,-4.E0));
#3998=VERTEX_POINT('',#3997);
#3999=CARTESIAN_POINT('',(-3.25E0,-4.25E-1,-4.E0));
#4000=VERTEX_POINT('',#3999);
#4001=CARTESIAN_POINT('',(-3.25E0,-4.E-1,-4.E0));
#4002=VERTEX_POINT('',#4001);
#4003=VERTEX_POINT('',#1406);
#4004=CARTESIAN_POINT('',(3.25E0,-4.25E-1,-4.35E0));
#4005=CARTESIAN_POINT('',(3.220710678119E0,-4.957106781187E-1,-4.35E0));
#4006=VERTEX_POINT('',#4004);
#4007=VERTEX_POINT('',#4005);
#4008=CARTESIAN_POINT('',(3.070710678119E0,-6.457106781187E-1,-4.35E0));
#4009=VERTEX_POINT('',#4008);
#4010=CARTESIAN_POINT('',(3.E0,-6.75E-1,-4.35E0));
#4011=VERTEX_POINT('',#4010);
#4012=CARTESIAN_POINT('',(2.099802646526E0,-6.75E-1,-4.35E0));
#4013=VERTEX_POINT('',#4012);
#4014=CARTESIAN_POINT('',(1.904901323263E0,-5.198717526991E-1,-4.35E0));
#4015=VERTEX_POINT('',#4014);
#4016=CARTESIAN_POINT('',(1.755E0,-3.698717526991E-1,-4.35E0));
#4017=VERTEX_POINT('',#4016);
#4018=CARTESIAN_POINT('',(1.6E0,-1.75E-1,-4.35E0));
#4019=VERTEX_POINT('',#4018);
#4020=CARTESIAN_POINT('',(1.6E0,1.75E-1,-4.35E0));
#4021=VERTEX_POINT('',#4020);
#4022=CARTESIAN_POINT('',(1.755E0,3.698717526991E-1,-4.35E0));
#4023=VERTEX_POINT('',#4022);
#4024=CARTESIAN_POINT('',(1.904901323263E0,5.198717526991E-1,-4.35E0));
#4025=VERTEX_POINT('',#4024);
#4026=CARTESIAN_POINT('',(2.099802646526E0,6.75E-1,-4.35E0));
#4027=VERTEX_POINT('',#4026);
#4028=CARTESIAN_POINT('',(3.E0,6.75E-1,-4.35E0));
#4029=VERTEX_POINT('',#4028);
#4030=CARTESIAN_POINT('',(3.070710678119E0,6.457106781187E-1,-4.35E0));
#4031=VERTEX_POINT('',#4030);
#4032=CARTESIAN_POINT('',(3.220710678119E0,4.957106781187E-1,-4.35E0));
#4033=VERTEX_POINT('',#4032);
#4034=CARTESIAN_POINT('',(3.25E0,4.25E-1,-4.35E0));
#4035=VERTEX_POINT('',#4034);
#4036=CARTESIAN_POINT('',(3.1E0,-6.164213562373E-1,-4.15E0));
#4037=CARTESIAN_POINT('',(3.070710678119E0,-6.457106781187E-1,-4.15E0));
#4038=VERTEX_POINT('',#4036);
#4039=VERTEX_POINT('',#4037);
#4040=CARTESIAN_POINT('',(3.E0,-6.75E-1,-4.15E0));
#4041=VERTEX_POINT('',#4040);
#4042=CARTESIAN_POINT('',(2.099802646526E0,-6.75E-1,-4.15E0));
#4043=VERTEX_POINT('',#4042);
#4044=CARTESIAN_POINT('',(1.904901323263E0,-5.198717526990E-1,-4.15E0));
#4045=VERTEX_POINT('',#4044);
#4046=CARTESIAN_POINT('',(1.755E0,-3.698717526990E-1,-4.15E0));
#4047=VERTEX_POINT('',#4046);
#4048=CARTESIAN_POINT('',(1.6E0,-1.75E-1,-4.15E0));
#4049=VERTEX_POINT('',#4048);
#4050=CARTESIAN_POINT('',(1.6E0,1.75E-1,-4.15E0));
#4051=VERTEX_POINT('',#4050);
#4052=CARTESIAN_POINT('',(1.755E0,3.698717526991E-1,-4.15E0));
#4053=VERTEX_POINT('',#4052);
#4054=CARTESIAN_POINT('',(1.904901323263E0,5.198717526991E-1,-4.15E0));
#4055=VERTEX_POINT('',#4054);
#4056=CARTESIAN_POINT('',(2.099802646526E0,6.75E-1,-4.15E0));
#4057=VERTEX_POINT('',#4056);
#4058=CARTESIAN_POINT('',(3.E0,6.75E-1,-4.15E0));
#4059=VERTEX_POINT('',#4058);
#4060=CARTESIAN_POINT('',(3.070710678119E0,6.457106781187E-1,-4.15E0));
#4061=VERTEX_POINT('',#4060);
#4062=CARTESIAN_POINT('',(3.1E0,6.164213562373E-1,-4.15E0));
#4063=VERTEX_POINT('',#4062);
#4064=CARTESIAN_POINT('',(3.1E0,-6.164213562373E-1,-4.E0));
#4065=VERTEX_POINT('',#4064);
#4066=CARTESIAN_POINT('',(3.1E0,6.164213562373E-1,-4.E0));
#4067=VERTEX_POINT('',#4066);
#4068=CARTESIAN_POINT('',(3.5E0,-3.E-1,-4.E0));
#4069=CARTESIAN_POINT('',(3.442653128049E0,-3.E-1,-4.E0));
#4070=VERTEX_POINT('',#4068);
#4071=VERTEX_POINT('',#4069);
#4072=VERTEX_POINT('',#1517);
#4073=CARTESIAN_POINT('',(3.25E0,-4.25E-1,-4.E0));
#4074=VERTEX_POINT('',#4073);
#4075=CARTESIAN_POINT('',(3.220710678119E0,-4.957106781187E-1,-4.E0));
#4076=VERTEX_POINT('',#4075);
#4077=CARTESIAN_POINT('',(3.220710678119E0,4.957106781187E-1,-4.E0));
#4078=VERTEX_POINT('',#4077);
#4079=CARTESIAN_POINT('',(3.25E0,4.25E-1,-4.E0));
#4080=VERTEX_POINT('',#4079);
#4081=CARTESIAN_POINT('',(3.25E0,4.E-1,-4.E0));
#4082=VERTEX_POINT('',#4081);
#4083=VERTEX_POINT('',#1578);
#4084=CARTESIAN_POINT('',(3.5E0,3.E-1,-4.E0));
#4085=VERTEX_POINT('',#4084);
#4086=CARTESIAN_POINT('',(-3.65E0,-9.E-1,0.E0));
#4087=CARTESIAN_POINT('',(-4.05E0,-9.E-1,-4.E-1));
#4088=VERTEX_POINT('',#4086);
#4089=VERTEX_POINT('',#4087);
#4090=CARTESIAN_POINT('',(-4.05E0,9.E-1,-4.E-1));
#4091=VERTEX_POINT('',#4090);
#4092=CARTESIAN_POINT('',(-3.65E0,9.E-1,0.E0));
#4093=VERTEX_POINT('',#4092);
#4094=CARTESIAN_POINT('',(3.65E0,9.E-1,0.E0));
#4095=CARTESIAN_POINT('',(4.05E0,9.E-1,-4.E-1));
#4096=VERTEX_POINT('',#4094);
#4097=VERTEX_POINT('',#4095);
#4098=CARTESIAN_POINT('',(4.05E0,-9.E-1,-4.E-1));
#4099=VERTEX_POINT('',#4098);
#4100=CARTESIAN_POINT('',(3.65E0,-9.E-1,0.E0));
#4101=VERTEX_POINT('',#4100);
#4102=CARTESIAN_POINT('',(-1.6E0,-9.E-1,-3.E-1));
#4103=CARTESIAN_POINT('',(-1.6E0,1.E-1,-3.E-1));
#4104=VERTEX_POINT('',#4102);
#4105=VERTEX_POINT('',#4103);
#4106=CARTESIAN_POINT('',(-1.9E0,-9.E-1,0.E0));
#4107=VERTEX_POINT('',#4106);
#4108=CARTESIAN_POINT('',(-1.9E0,1.E-1,0.E0));
#4109=VERTEX_POINT('',#4108);
#4110=CARTESIAN_POINT('',(1.9E0,-9.E-1,0.E0));
#4111=CARTESIAN_POINT('',(1.6E0,-9.E-1,-3.E-1));
#4112=VERTEX_POINT('',#4110);
#4113=VERTEX_POINT('',#4111);
#4114=CARTESIAN_POINT('',(1.6E0,1.E-1,-3.E-1));
#4115=VERTEX_POINT('',#4114);
#4116=CARTESIAN_POINT('',(1.9E0,1.E-1,0.E0));
#4117=VERTEX_POINT('',#4116);
#4118=CARTESIAN_POINT('',(-1.55E0,-3.E-1,-1.45E0));
#4119=CARTESIAN_POINT('',(-1.55E0,1.E-1,-1.45E0));
#4120=VERTEX_POINT('',#4118);
#4121=VERTEX_POINT('',#4119);
#4122=CARTESIAN_POINT('',(-1.6E0,-3.E-1,-1.3E0));
#4123=CARTESIAN_POINT('',(-1.6E0,1.E-1,-1.3E0));
#4124=VERTEX_POINT('',#4122);
#4125=VERTEX_POINT('',#4123);
#4126=CARTESIAN_POINT('',(1.55E0,1.E-1,-1.45E0));
#4127=CARTESIAN_POINT('',(1.55E0,-3.E-1,-1.45E0));
#4128=VERTEX_POINT('',#4126);
#4129=VERTEX_POINT('',#4127);
#4130=CARTESIAN_POINT('',(1.6E0,1.E-1,-1.3E0));
#4131=CARTESIAN_POINT('',(1.6E0,-3.E-1,-1.3E0));
#4132=VERTEX_POINT('',#4130);
#4133=VERTEX_POINT('',#4131);
#4134=CARTESIAN_POINT('',(-1.949E0,7.85E-1,-3.85E0));
#4135=CARTESIAN_POINT('',(-1.849E0,7.85E-1,-3.75E0));
#4136=VERTEX_POINT('',#4134);
#4137=VERTEX_POINT('',#4135);
#4138=CARTESIAN_POINT('',(-1.849E0,9.85E-1,-3.75E0));
#4139=VERTEX_POINT('',#4138);
#4140=CARTESIAN_POINT('',(-1.949E0,9.85E-1,-3.85E0));
#4141=VERTEX_POINT('',#4140);
#4142=CARTESIAN_POINT('',(1.849E0,7.85E-1,-3.75E0));
#4143=CARTESIAN_POINT('',(1.849E0,9.85E-1,-3.75E0));
#4144=VERTEX_POINT('',#4142);
#4145=VERTEX_POINT('',#4143);
#4146=CARTESIAN_POINT('',(1.949E0,7.85E-1,-3.85E0));
#4147=VERTEX_POINT('',#4146);
#4148=CARTESIAN_POINT('',(1.949E0,9.85E-1,-3.85E0));
#4149=VERTEX_POINT('',#4148);
#4150=CARTESIAN_POINT('',(-1.849E0,-7.85E-1,-3.75E0));
#4151=CARTESIAN_POINT('',(-1.849E0,-9.85E-1,-3.75E0));
#4152=VERTEX_POINT('',#4150);
#4153=VERTEX_POINT('',#4151);
#4154=CARTESIAN_POINT('',(-1.949E0,-7.85E-1,-3.85E0));
#4155=VERTEX_POINT('',#4154);
#4156=CARTESIAN_POINT('',(-1.949E0,-9.85E-1,-3.85E0));
#4157=VERTEX_POINT('',#4156);
#4158=CARTESIAN_POINT('',(1.949E0,-7.85E-1,-3.85E0));
#4159=CARTESIAN_POINT('',(1.849E0,-7.85E-1,-3.75E0));
#4160=VERTEX_POINT('',#4158);
#4161=VERTEX_POINT('',#4159);
#4162=CARTESIAN_POINT('',(1.849E0,-9.85E-1,-3.75E0));
#4163=VERTEX_POINT('',#4162);
#4164=CARTESIAN_POINT('',(1.949E0,-9.85E-1,-3.85E0));
#4165=VERTEX_POINT('',#4164);
#4166=CARTESIAN_POINT('',(-1.949E0,9.85E-1,-3.95E0));
#4167=CARTESIAN_POINT('',(-1.949E0,7.E-1,-3.95E0));
#4168=VERTEX_POINT('',#4166);
#4169=VERTEX_POINT('',#4167);
#4170=CARTESIAN_POINT('',(-2.049E0,9.85E-1,-4.05E0));
#4171=VERTEX_POINT('',#4170);
#4172=CARTESIAN_POINT('',(-2.049E0,7.E-1,-4.05E0));
#4173=VERTEX_POINT('',#4172);
#4174=CARTESIAN_POINT('',(2.049E0,9.85E-1,-4.05E0));
#4175=CARTESIAN_POINT('',(2.049E0,7.E-1,-4.05E0));
#4176=VERTEX_POINT('',#4174);
#4177=VERTEX_POINT('',#4175);
#4178=CARTESIAN_POINT('',(1.949E0,9.85E-1,-3.95E0));
#4179=VERTEX_POINT('',#4178);
#4180=CARTESIAN_POINT('',(1.949E0,7.E-1,-3.95E0));
#4181=VERTEX_POINT('',#4180);
#4182=CARTESIAN_POINT('',(-2.049E0,-9.85E-1,-4.05E0));
#4183=CARTESIAN_POINT('',(-1.949E0,-9.85E-1,-3.95E0));
#4184=VERTEX_POINT('',#4182);
#4185=VERTEX_POINT('',#4183);
#4186=CARTESIAN_POINT('',(-1.949E0,-7.E-1,-3.95E0));
#4187=VERTEX_POINT('',#4186);
#4188=CARTESIAN_POINT('',(-2.049E0,-7.E-1,-4.05E0));
#4189=VERTEX_POINT('',#4188);
#4190=CARTESIAN_POINT('',(1.949E0,-9.85E-1,-3.95E0));
#4191=CARTESIAN_POINT('',(2.049E0,-9.85E-1,-4.05E0));
#4192=VERTEX_POINT('',#4190);
#4193=VERTEX_POINT('',#4191);
#4194=CARTESIAN_POINT('',(2.049E0,-7.E-1,-4.05E0));
#4195=VERTEX_POINT('',#4194);
#4196=CARTESIAN_POINT('',(1.949E0,-7.E-1,-3.95E0));
#4197=VERTEX_POINT('',#4196);
#4198=VERTEX_POINT('',#1368);
#4199=VERTEX_POINT('',#1379);
#4200=CARTESIAN_POINT('',(3.5E0,-3.E-1,-4.1E0));
#4201=VERTEX_POINT('',#4200);
#4202=CARTESIAN_POINT('',(3.5E0,3.E-1,-4.1E0));
#4203=VERTEX_POINT('',#4202);
#4204=CARTESIAN_POINT('',(3.442653128049E0,3.E-1,-4.259325993651E0));
#4205=VERTEX_POINT('',#4204);
#4206=VERTEX_POINT('',#3084);
#4207=VERTEX_POINT('',#1183);
#4208=VERTEX_POINT('',#1194);
#4209=CARTESIAN_POINT('',(-3.5E0,3.E-1,-4.1E0));
#4210=VERTEX_POINT('',#4209);
#4211=CARTESIAN_POINT('',(-3.5E0,-3.E-1,-4.1E0));
#4212=VERTEX_POINT('',#4211);
#4213=CARTESIAN_POINT('',(-3.442653128049E0,-3.E-1,-4.259325993651E0));
#4214=VERTEX_POINT('',#4213);
#4215=VERTEX_POINT('',#3506);
#4216=CARTESIAN_POINT('',(-1.1E0,-7.E-1,-3.85E0));
#4217=CARTESIAN_POINT('',(-1.1E0,-7.E-1,-4.15E0));
#4218=VERTEX_POINT('',#4216);
#4219=VERTEX_POINT('',#4217);
#4220=CARTESIAN_POINT('',(-9.E-1,-7.E-1,-3.85E0));
#4221=CARTESIAN_POINT('',(-9.E-1,-7.E-1,-4.15E0));
#4222=VERTEX_POINT('',#4220);
#4223=VERTEX_POINT('',#4221);
#4224=CARTESIAN_POINT('',(-1.1E0,4.613868756861E-1,-4.15E0));
#4225=CARTESIAN_POINT('',(-1.1E0,7.E-1,-4.15E0));
#4226=VERTEX_POINT('',#4224);
#4227=VERTEX_POINT('',#4225);
#4228=CARTESIAN_POINT('',(-9.E-1,4.613868756861E-1,-4.15E0));
#4229=CARTESIAN_POINT('',(-9.E-1,7.E-1,-4.15E0));
#4230=VERTEX_POINT('',#4228);
#4231=VERTEX_POINT('',#4229);
#4232=CARTESIAN_POINT('',(-1.1E0,7.E-1,-3.85E0));
#4233=VERTEX_POINT('',#4232);
#4234=CARTESIAN_POINT('',(-9.E-1,7.E-1,-3.85E0));
#4235=VERTEX_POINT('',#4234);
#4236=CARTESIAN_POINT('',(-6.E-1,-7.E-1,-3.85E0));
#4237=CARTESIAN_POINT('',(-6.E-1,-7.E-1,-4.15E0));
#4238=VERTEX_POINT('',#4236);
#4239=VERTEX_POINT('',#4237);
#4240=CARTESIAN_POINT('',(-4.E-1,-7.E-1,-3.85E0));
#4241=CARTESIAN_POINT('',(-4.E-1,-7.E-1,-4.15E0));
#4242=VERTEX_POINT('',#4240);
#4243=VERTEX_POINT('',#4241);
#4244=CARTESIAN_POINT('',(-6.E-1,4.613868756861E-1,-4.15E0));
#4245=CARTESIAN_POINT('',(-6.E-1,7.E-1,-4.15E0));
#4246=VERTEX_POINT('',#4244);
#4247=VERTEX_POINT('',#4245);
#4248=CARTESIAN_POINT('',(-4.E-1,4.613868756861E-1,-4.15E0));
#4249=CARTESIAN_POINT('',(-4.E-1,7.E-1,-4.15E0));
#4250=VERTEX_POINT('',#4248);
#4251=VERTEX_POINT('',#4249);
#4252=CARTESIAN_POINT('',(-6.E-1,7.E-1,-3.85E0));
#4253=VERTEX_POINT('',#4252);
#4254=CARTESIAN_POINT('',(-4.E-1,7.E-1,-3.85E0));
#4255=VERTEX_POINT('',#4254);
#4256=CARTESIAN_POINT('',(-1.E-1,-7.E-1,-3.85E0));
#4257=CARTESIAN_POINT('',(-1.E-1,-7.E-1,-4.15E0));
#4258=VERTEX_POINT('',#4256);
#4259=VERTEX_POINT('',#4257);
#4260=CARTESIAN_POINT('',(1.E-1,-7.E-1,-3.85E0));
#4261=CARTESIAN_POINT('',(1.E-1,-7.E-1,-4.15E0));
#4262=VERTEX_POINT('',#4260);
#4263=VERTEX_POINT('',#4261);
#4264=CARTESIAN_POINT('',(-1.E-1,4.613868756861E-1,-4.15E0));
#4265=CARTESIAN_POINT('',(-1.E-1,7.E-1,-4.15E0));
#4266=VERTEX_POINT('',#4264);
#4267=VERTEX_POINT('',#4265);
#4268=CARTESIAN_POINT('',(1.E-1,4.613868756861E-1,-4.15E0));
#4269=CARTESIAN_POINT('',(1.E-1,7.E-1,-4.15E0));
#4270=VERTEX_POINT('',#4268);
#4271=VERTEX_POINT('',#4269);
#4272=CARTESIAN_POINT('',(-1.E-1,7.E-1,-3.85E0));
#4273=VERTEX_POINT('',#4272);
#4274=CARTESIAN_POINT('',(1.E-1,7.E-1,-3.85E0));
#4275=VERTEX_POINT('',#4274);
#4276=CARTESIAN_POINT('',(4.E-1,-7.E-1,-3.85E0));
#4277=CARTESIAN_POINT('',(4.E-1,-7.E-1,-4.15E0));
#4278=VERTEX_POINT('',#4276);
#4279=VERTEX_POINT('',#4277);
#4280=CARTESIAN_POINT('',(6.E-1,-7.E-1,-3.85E0));
#4281=CARTESIAN_POINT('',(6.E-1,-7.E-1,-4.15E0));
#4282=VERTEX_POINT('',#4280);
#4283=VERTEX_POINT('',#4281);
#4284=CARTESIAN_POINT('',(4.E-1,4.613868756861E-1,-4.15E0));
#4285=CARTESIAN_POINT('',(4.E-1,7.E-1,-4.15E0));
#4286=VERTEX_POINT('',#4284);
#4287=VERTEX_POINT('',#4285);
#4288=CARTESIAN_POINT('',(6.E-1,4.613868756861E-1,-4.15E0));
#4289=CARTESIAN_POINT('',(6.E-1,7.E-1,-4.15E0));
#4290=VERTEX_POINT('',#4288);
#4291=VERTEX_POINT('',#4289);
#4292=CARTESIAN_POINT('',(4.E-1,7.E-1,-3.85E0));
#4293=VERTEX_POINT('',#4292);
#4294=CARTESIAN_POINT('',(6.E-1,7.E-1,-3.85E0));
#4295=VERTEX_POINT('',#4294);
#4296=CARTESIAN_POINT('',(1.45E0,-7.E-1,-1.25E0));
#4297=VERTEX_POINT('',#4296);
#4298=CARTESIAN_POINT('',(-1.45E0,-7.E-1,-1.25E0));
#4299=VERTEX_POINT('',#4298);
#4300=CARTESIAN_POINT('',(-1.454E0,-7.05E-1,-1.85E0));
#4301=CARTESIAN_POINT('',(-1.453985600994E0,-7.E-1,-1.85E0));
#4302=VERTEX_POINT('',#4300);
#4303=VERTEX_POINT('',#4301);
#4304=CARTESIAN_POINT('',(1.454E0,-7.05E-1,-1.85E0));
#4305=CARTESIAN_POINT('',(1.453985600994E0,-7.E-1,-1.85E0));
#4306=VERTEX_POINT('',#4304);
#4307=VERTEX_POINT('',#4305);
#4308=CARTESIAN_POINT('',(-1.67E0,-9.85E-1,-1.3E0));
#4309=CARTESIAN_POINT('',(-1.47E0,-9.85E-1,-1.5E0));
#4310=VERTEX_POINT('',#4308);
#4311=VERTEX_POINT('',#4309);
#4312=CARTESIAN_POINT('',(-1.47E0,-9.85E-1,-1.85E0));
#4313=VERTEX_POINT('',#4312);
#4314=CARTESIAN_POINT('',(-1.709978667623E0,-9.849999993101E-1,-1.85E0));
#4315=VERTEX_POINT('',#4314);
#4316=CARTESIAN_POINT('',(-1.67E0,-7.E-1,-1.3E0));
#4317=VERTEX_POINT('',#4316);
#4318=CARTESIAN_POINT('',(-1.47E0,-7.E-1,-1.5E0));
#4319=VERTEX_POINT('',#4318);
#4320=CARTESIAN_POINT('',(-1.47E0,-7.489596387113E-1,-1.85E0));
#4321=VERTEX_POINT('',#4320);
#4322=CARTESIAN_POINT('',(1.47E0,-9.85E-1,-1.5E0));
#4323=CARTESIAN_POINT('',(1.67E0,-9.85E-1,-1.3E0));
#4324=VERTEX_POINT('',#4322);
#4325=VERTEX_POINT('',#4323);
#4326=CARTESIAN_POINT('',(1.47E0,-9.85E-1,-1.85E0));
#4327=VERTEX_POINT('',#4326);
#4328=CARTESIAN_POINT('',(1.709989342250E0,-9.849999996551E-1,-1.85E0));
#4329=VERTEX_POINT('',#4328);
#4330=CARTESIAN_POINT('',(1.47E0,-7.E-1,-1.5E0));
#4331=VERTEX_POINT('',#4330);
#4332=CARTESIAN_POINT('',(1.67E0,-7.E-1,-1.3E0));
#4333=VERTEX_POINT('',#4332);
#4334=CARTESIAN_POINT('',(1.47E0,-7.489596387113E-1,-1.85E0));
#4335=VERTEX_POINT('',#4334);
#4336=CARTESIAN_POINT('',(-1.47E0,-7.E-1,-1.85E0));
#4337=VERTEX_POINT('',#4336);
#4338=CARTESIAN_POINT('',(1.47E0,-7.E-1,-1.85E0));
#4339=VERTEX_POINT('',#4338);
#4340=CARTESIAN_POINT('',(-1.503224947428E0,-8.402444315316E-1,-1.85E0));
#4341=VERTEX_POINT('',#4340);
#4342=CARTESIAN_POINT('',(1.503224947428E0,-8.402444315316E-1,-1.85E0));
#4343=VERTEX_POINT('',#4342);
#4344=CARTESIAN_POINT('',(-1.1E0,-8.3E-1,-3.85E0));
#4345=VERTEX_POINT('',#4344);
#4346=CARTESIAN_POINT('',(-9.E-1,-8.3E-1,-3.85E0));
#4347=VERTEX_POINT('',#4346);
#4348=CARTESIAN_POINT('',(-6.E-1,-8.3E-1,-3.85E0));
#4349=VERTEX_POINT('',#4348);
#4350=CARTESIAN_POINT('',(-4.E-1,-8.3E-1,-3.85E0));
#4351=VERTEX_POINT('',#4350);
#4352=CARTESIAN_POINT('',(-1.E-1,-8.3E-1,-3.85E0));
#4353=VERTEX_POINT('',#4352);
#4354=CARTESIAN_POINT('',(1.E-1,-8.3E-1,-3.85E0));
#4355=VERTEX_POINT('',#4354);
#4356=CARTESIAN_POINT('',(4.E-1,-8.3E-1,-3.85E0));
#4357=VERTEX_POINT('',#4356);
#4358=CARTESIAN_POINT('',(6.E-1,-8.3E-1,-3.85E0));
#4359=VERTEX_POINT('',#4358);
#4360=CARTESIAN_POINT('',(-1.1E0,8.305962634726E-1,-3.85E0));
#4361=VERTEX_POINT('',#4360);
#4362=CARTESIAN_POINT('',(-9.E-1,8.305962634726E-1,-3.85E0));
#4363=VERTEX_POINT('',#4362);
#4364=CARTESIAN_POINT('',(-6.E-1,8.305962634726E-1,-3.85E0));
#4365=VERTEX_POINT('',#4364);
#4366=CARTESIAN_POINT('',(-4.E-1,8.305962634726E-1,-3.85E0));
#4367=VERTEX_POINT('',#4366);
#4368=CARTESIAN_POINT('',(-1.E-1,8.305962634726E-1,-3.85E0));
#4369=VERTEX_POINT('',#4368);
#4370=CARTESIAN_POINT('',(1.E-1,8.305962634726E-1,-3.85E0));
#4371=VERTEX_POINT('',#4370);
#4372=CARTESIAN_POINT('',(4.E-1,8.305962634726E-1,-3.85E0));
#4373=VERTEX_POINT('',#4372);
#4374=CARTESIAN_POINT('',(6.E-1,8.305962634726E-1,-3.85E0));
#4375=VERTEX_POINT('',#4374);
#4376=CARTESIAN_POINT('',(-1.1E0,1.02E0,-5.2E0));
#4377=CARTESIAN_POINT('',(-1.1E0,7.5E-1,-5.2E0));
#4378=VERTEX_POINT('',#4376);
#4379=VERTEX_POINT('',#4377);
#4380=CARTESIAN_POINT('',(-1.1E0,7.5E-1,-4.600018112874E0));
#4381=VERTEX_POINT('',#4380);
#4382=CARTESIAN_POINT('',(-1.1E0,7.282982453147E-1,-4.531188940512E0));
#4383=VERTEX_POINT('',#4382);
#4384=CARTESIAN_POINT('',(-1.1E0,8.473132220336E-1,-4.184856231102E0));
#4385=CARTESIAN_POINT('',(-1.1E0,1.000107625094E0,-4.389346165257E0));
#4386=VERTEX_POINT('',#4384);
#4387=VERTEX_POINT('',#4385);
#4388=CARTESIAN_POINT('',(-1.1E0,1.02E0,-4.449202396360E0));
#4389=VERTEX_POINT('',#4388);
#4390=CARTESIAN_POINT('',(-9.E-1,1.02E0,-5.2E0));
#4391=CARTESIAN_POINT('',(-9.E-1,7.5E-1,-5.2E0));
#4392=VERTEX_POINT('',#4390);
#4393=VERTEX_POINT('',#4391);
#4394=CARTESIAN_POINT('',(-9.E-1,7.5E-1,-4.600018112874E0));
#4395=VERTEX_POINT('',#4394);
#4396=CARTESIAN_POINT('',(-9.E-1,7.282982453147E-1,-4.531188940512E0));
#4397=VERTEX_POINT('',#4396);
#4398=CARTESIAN_POINT('',(-9.E-1,8.473132220336E-1,-4.184856231102E0));
#4399=CARTESIAN_POINT('',(-9.E-1,1.000107625094E0,-4.389346165257E0));
#4400=VERTEX_POINT('',#4398);
#4401=VERTEX_POINT('',#4399);
#4402=CARTESIAN_POINT('',(-9.E-1,1.02E0,-4.449202396360E0));
#4403=VERTEX_POINT('',#4402);
#4404=CARTESIAN_POINT('',(-1.1E0,-8.784122918276E-1,-4.0375E0));
#4405=CARTESIAN_POINT('',(-9.E-1,-8.784122918276E-1,-4.0375E0));
#4406=VERTEX_POINT('',#4404);
#4407=VERTEX_POINT('',#4405);
#4408=CARTESIAN_POINT('',(-1.1E0,-8.3E-1,-4.15E0));
#4409=CARTESIAN_POINT('',(-9.E-1,-8.3E-1,-4.15E0));
#4410=VERTEX_POINT('',#4408);
#4411=VERTEX_POINT('',#4409);
#4412=CARTESIAN_POINT('',(-1.1E0,8.790085553002E-1,-4.0375E0));
#4413=VERTEX_POINT('',#4412);
#4414=CARTESIAN_POINT('',(-9.E-1,8.790085553002E-1,-4.0375E0));
#4415=VERTEX_POINT('',#4414);
#4416=CARTESIAN_POINT('',(-6.E-1,1.02E0,-5.2E0));
#4417=CARTESIAN_POINT('',(-6.E-1,7.5E-1,-5.2E0));
#4418=VERTEX_POINT('',#4416);
#4419=VERTEX_POINT('',#4417);
#4420=CARTESIAN_POINT('',(-6.E-1,7.5E-1,-4.600018112874E0));
#4421=VERTEX_POINT('',#4420);
#4422=CARTESIAN_POINT('',(-6.E-1,7.282982453147E-1,-4.531188940512E0));
#4423=VERTEX_POINT('',#4422);
#4424=CARTESIAN_POINT('',(-6.E-1,8.473132220336E-1,-4.184856231102E0));
#4425=CARTESIAN_POINT('',(-6.E-1,1.000107625094E0,-4.389346165257E0));
#4426=VERTEX_POINT('',#4424);
#4427=VERTEX_POINT('',#4425);
#4428=CARTESIAN_POINT('',(-6.E-1,1.02E0,-4.449202396360E0));
#4429=VERTEX_POINT('',#4428);
#4430=CARTESIAN_POINT('',(-4.E-1,1.02E0,-5.2E0));
#4431=CARTESIAN_POINT('',(-4.E-1,7.5E-1,-5.2E0));
#4432=VERTEX_POINT('',#4430);
#4433=VERTEX_POINT('',#4431);
#4434=CARTESIAN_POINT('',(-4.E-1,7.5E-1,-4.600018112874E0));
#4435=VERTEX_POINT('',#4434);
#4436=CARTESIAN_POINT('',(-4.E-1,7.282982453147E-1,-4.531188940512E0));
#4437=VERTEX_POINT('',#4436);
#4438=CARTESIAN_POINT('',(-4.E-1,8.473132220336E-1,-4.184856231102E0));
#4439=CARTESIAN_POINT('',(-4.E-1,1.000107625094E0,-4.389346165257E0));
#4440=VERTEX_POINT('',#4438);
#4441=VERTEX_POINT('',#4439);
#4442=CARTESIAN_POINT('',(-4.E-1,1.02E0,-4.449202396360E0));
#4443=VERTEX_POINT('',#4442);
#4444=CARTESIAN_POINT('',(-6.E-1,-8.784122918276E-1,-4.0375E0));
#4445=CARTESIAN_POINT('',(-4.E-1,-8.784122918276E-1,-4.0375E0));
#4446=VERTEX_POINT('',#4444);
#4447=VERTEX_POINT('',#4445);
#4448=CARTESIAN_POINT('',(-6.E-1,-8.3E-1,-4.15E0));
#4449=CARTESIAN_POINT('',(-4.E-1,-8.3E-1,-4.15E0));
#4450=VERTEX_POINT('',#4448);
#4451=VERTEX_POINT('',#4449);
#4452=CARTESIAN_POINT('',(-6.E-1,8.790085553002E-1,-4.0375E0));
#4453=VERTEX_POINT('',#4452);
#4454=CARTESIAN_POINT('',(-4.E-1,8.790085553002E-1,-4.0375E0));
#4455=VERTEX_POINT('',#4454);
#4456=CARTESIAN_POINT('',(-1.E-1,1.02E0,-5.2E0));
#4457=CARTESIAN_POINT('',(-1.E-1,7.5E-1,-5.2E0));
#4458=VERTEX_POINT('',#4456);
#4459=VERTEX_POINT('',#4457);
#4460=CARTESIAN_POINT('',(-1.E-1,7.5E-1,-4.600018112874E0));
#4461=VERTEX_POINT('',#4460);
#4462=CARTESIAN_POINT('',(-1.E-1,7.282982453147E-1,-4.531188940512E0));
#4463=VERTEX_POINT('',#4462);
#4464=CARTESIAN_POINT('',(-1.E-1,8.473132220336E-1,-4.184856231102E0));
#4465=CARTESIAN_POINT('',(-1.E-1,1.000107625094E0,-4.389346165257E0));
#4466=VERTEX_POINT('',#4464);
#4467=VERTEX_POINT('',#4465);
#4468=CARTESIAN_POINT('',(-1.E-1,1.02E0,-4.449202396360E0));
#4469=VERTEX_POINT('',#4468);
#4470=CARTESIAN_POINT('',(1.E-1,1.02E0,-5.2E0));
#4471=CARTESIAN_POINT('',(1.E-1,7.5E-1,-5.2E0));
#4472=VERTEX_POINT('',#4470);
#4473=VERTEX_POINT('',#4471);
#4474=CARTESIAN_POINT('',(1.E-1,7.5E-1,-4.600018112874E0));
#4475=VERTEX_POINT('',#4474);
#4476=CARTESIAN_POINT('',(1.E-1,7.282982453147E-1,-4.531188940512E0));
#4477=VERTEX_POINT('',#4476);
#4478=CARTESIAN_POINT('',(1.E-1,8.473132220336E-1,-4.184856231102E0));
#4479=CARTESIAN_POINT('',(1.E-1,1.000107625094E0,-4.389346165257E0));
#4480=VERTEX_POINT('',#4478);
#4481=VERTEX_POINT('',#4479);
#4482=CARTESIAN_POINT('',(1.E-1,1.02E0,-4.449202396360E0));
#4483=VERTEX_POINT('',#4482);
#4484=CARTESIAN_POINT('',(-1.E-1,-8.784122918276E-1,-4.0375E0));
#4485=CARTESIAN_POINT('',(1.E-1,-8.784122918276E-1,-4.0375E0));
#4486=VERTEX_POINT('',#4484);
#4487=VERTEX_POINT('',#4485);
#4488=CARTESIAN_POINT('',(-1.E-1,-8.3E-1,-4.15E0));
#4489=CARTESIAN_POINT('',(1.E-1,-8.3E-1,-4.15E0));
#4490=VERTEX_POINT('',#4488);
#4491=VERTEX_POINT('',#4489);
#4492=CARTESIAN_POINT('',(-1.E-1,8.790085553002E-1,-4.0375E0));
#4493=VERTEX_POINT('',#4492);
#4494=CARTESIAN_POINT('',(1.E-1,8.790085553002E-1,-4.0375E0));
#4495=VERTEX_POINT('',#4494);
#4496=CARTESIAN_POINT('',(4.E-1,1.02E0,-5.2E0));
#4497=CARTESIAN_POINT('',(4.E-1,7.5E-1,-5.2E0));
#4498=VERTEX_POINT('',#4496);
#4499=VERTEX_POINT('',#4497);
#4500=CARTESIAN_POINT('',(4.E-1,7.5E-1,-4.600018112874E0));
#4501=VERTEX_POINT('',#4500);
#4502=CARTESIAN_POINT('',(4.E-1,7.282982453147E-1,-4.531188940512E0));
#4503=VERTEX_POINT('',#4502);
#4504=CARTESIAN_POINT('',(4.E-1,8.473132220336E-1,-4.184856231102E0));
#4505=CARTESIAN_POINT('',(4.E-1,1.000107625094E0,-4.389346165257E0));
#4506=VERTEX_POINT('',#4504);
#4507=VERTEX_POINT('',#4505);
#4508=CARTESIAN_POINT('',(4.E-1,1.02E0,-4.449202396360E0));
#4509=VERTEX_POINT('',#4508);
#4510=CARTESIAN_POINT('',(6.E-1,1.02E0,-5.2E0));
#4511=CARTESIAN_POINT('',(6.E-1,7.5E-1,-5.2E0));
#4512=VERTEX_POINT('',#4510);
#4513=VERTEX_POINT('',#4511);
#4514=CARTESIAN_POINT('',(6.E-1,7.5E-1,-4.600018112874E0));
#4515=VERTEX_POINT('',#4514);
#4516=CARTESIAN_POINT('',(6.E-1,7.282982453147E-1,-4.531188940512E0));
#4517=VERTEX_POINT('',#4516);
#4518=CARTESIAN_POINT('',(6.E-1,8.473132220336E-1,-4.184856231102E0));
#4519=CARTESIAN_POINT('',(6.E-1,1.000107625094E0,-4.389346165257E0));
#4520=VERTEX_POINT('',#4518);
#4521=VERTEX_POINT('',#4519);
#4522=CARTESIAN_POINT('',(6.E-1,1.02E0,-4.449202396360E0));
#4523=VERTEX_POINT('',#4522);
#4524=CARTESIAN_POINT('',(4.E-1,-8.784122918276E-1,-4.0375E0));
#4525=CARTESIAN_POINT('',(6.E-1,-8.784122918276E-1,-4.0375E0));
#4526=VERTEX_POINT('',#4524);
#4527=VERTEX_POINT('',#4525);
#4528=CARTESIAN_POINT('',(4.E-1,-8.3E-1,-4.15E0));
#4529=CARTESIAN_POINT('',(6.E-1,-8.3E-1,-4.15E0));
#4530=VERTEX_POINT('',#4528);
#4531=VERTEX_POINT('',#4529);
#4532=CARTESIAN_POINT('',(4.E-1,8.790085553002E-1,-4.0375E0));
#4533=VERTEX_POINT('',#4532);
#4534=CARTESIAN_POINT('',(6.E-1,8.790085553002E-1,-4.0375E0));
#4535=VERTEX_POINT('',#4534);
#4536=CARTESIAN_POINT('',(9.E-1,1.02E0,-5.2E0));
#4537=CARTESIAN_POINT('',(9.E-1,7.5E-1,-5.2E0));
#4538=VERTEX_POINT('',#4536);
#4539=VERTEX_POINT('',#4537);
#4540=CARTESIAN_POINT('',(9.E-1,7.5E-1,-4.600018112874E0));
#4541=VERTEX_POINT('',#4540);
#4542=CARTESIAN_POINT('',(9.E-1,7.282982453147E-1,-4.531188940512E0));
#4543=VERTEX_POINT('',#4542);
#4544=CARTESIAN_POINT('',(9.E-1,8.473132220336E-1,-4.184856231102E0));
#4545=CARTESIAN_POINT('',(9.E-1,1.000107625094E0,-4.389346165257E0));
#4546=VERTEX_POINT('',#4544);
#4547=VERTEX_POINT('',#4545);
#4548=CARTESIAN_POINT('',(9.E-1,1.02E0,-4.449202396360E0));
#4549=VERTEX_POINT('',#4548);
#4550=CARTESIAN_POINT('',(1.1E0,1.02E0,-5.2E0));
#4551=CARTESIAN_POINT('',(1.1E0,7.5E-1,-5.2E0));
#4552=VERTEX_POINT('',#4550);
#4553=VERTEX_POINT('',#4551);
#4554=CARTESIAN_POINT('',(1.1E0,7.5E-1,-4.600018112874E0));
#4555=VERTEX_POINT('',#4554);
#4556=CARTESIAN_POINT('',(1.1E0,7.282982453147E-1,-4.531188940512E0));
#4557=VERTEX_POINT('',#4556);
#4558=CARTESIAN_POINT('',(1.1E0,8.473132220336E-1,-4.184856231102E0));
#4559=CARTESIAN_POINT('',(1.1E0,1.000107625094E0,-4.389346165257E0));
#4560=VERTEX_POINT('',#4558);
#4561=VERTEX_POINT('',#4559);
#4562=CARTESIAN_POINT('',(1.1E0,1.02E0,-4.449202396360E0));
#4563=VERTEX_POINT('',#4562);
#4564=CARTESIAN_POINT('',(9.E-1,8.790085553002E-1,-4.0375E0));
#4565=CARTESIAN_POINT('',(1.1E0,8.790085553002E-1,-4.0375E0));
#4566=VERTEX_POINT('',#4564);
#4567=VERTEX_POINT('',#4565);
#4568=CARTESIAN_POINT('',(9.E-1,-8.784122918276E-1,-4.0375E0));
#4569=CARTESIAN_POINT('',(1.1E0,-8.784122918276E-1,-4.0375E0));
#4570=VERTEX_POINT('',#4568);
#4571=VERTEX_POINT('',#4569);
#4572=CARTESIAN_POINT('',(9.E-1,-8.3E-1,-4.15E0));
#4573=CARTESIAN_POINT('',(1.1E0,-8.3E-1,-4.15E0));
#4574=VERTEX_POINT('',#4572);
#4575=VERTEX_POINT('',#4573);
#4576=CARTESIAN_POINT('',(9.E-1,-7.E-1,-3.85E0));
#4577=CARTESIAN_POINT('',(9.E-1,-8.3E-1,-3.85E0));
#4578=VERTEX_POINT('',#4576);
#4579=VERTEX_POINT('',#4577);
#4580=CARTESIAN_POINT('',(1.1E0,-7.E-1,-3.85E0));
#4581=CARTESIAN_POINT('',(1.1E0,-8.3E-1,-3.85E0));
#4582=VERTEX_POINT('',#4580);
#4583=VERTEX_POINT('',#4581);
#4584=CARTESIAN_POINT('',(9.E-1,-7.E-1,-4.15E0));
#4585=VERTEX_POINT('',#4584);
#4586=CARTESIAN_POINT('',(1.1E0,-7.E-1,-4.15E0));
#4587=VERTEX_POINT('',#4586);
#4588=CARTESIAN_POINT('',(9.E-1,4.613868756861E-1,-4.15E0));
#4589=CARTESIAN_POINT('',(9.E-1,7.E-1,-4.15E0));
#4590=VERTEX_POINT('',#4588);
#4591=VERTEX_POINT('',#4589);
#4592=CARTESIAN_POINT('',(1.1E0,4.613868756861E-1,-4.15E0));
#4593=CARTESIAN_POINT('',(1.1E0,7.E-1,-4.15E0));
#4594=VERTEX_POINT('',#4592);
#4595=VERTEX_POINT('',#4593);
#4596=CARTESIAN_POINT('',(9.E-1,7.E-1,-3.85E0));
#4597=VERTEX_POINT('',#4596);
#4598=CARTESIAN_POINT('',(1.1E0,7.E-1,-3.85E0));
#4599=VERTEX_POINT('',#4598);
#4600=CARTESIAN_POINT('',(9.E-1,8.305962634726E-1,-3.85E0));
#4601=VERTEX_POINT('',#4600);
#4602=CARTESIAN_POINT('',(1.1E0,8.305962634726E-1,-3.85E0));
#4603=VERTEX_POINT('',#4602);
#4604=CARTESIAN_POINT('',(2.049E0,3.6072E0,-3.95E0));
#4605=DIRECTION('',(0.E0,-1.E0,0.E0));
#4606=DIRECTION('',(-1.E0,0.E0,0.E0));
#4607=AXIS2_PLACEMENT_3D('',#4604,#4605,#4606);
#4608=CYLINDRICAL_SURFACE('',#4607,1.E-1);
#4610=ORIENTED_EDGE('',*,*,#4609,.F.);
#4612=ORIENTED_EDGE('',*,*,#4611,.T.);
#4614=ORIENTED_EDGE('',*,*,#4613,.T.);
#4616=ORIENTED_EDGE('',*,*,#4615,.T.);
#4617=EDGE_LOOP('',(#4610,#4612,#4614,#4616));
#4618=FACE_OUTER_BOUND('',#4617,.F.);
#4620=CARTESIAN_POINT('',(2.939945256222E0,9.85E-1,-4.05E0));
#4621=DIRECTION('',(0.E0,0.E0,-1.E0));
#4622=DIRECTION('',(-1.E0,0.E0,0.E0));
#4623=AXIS2_PLACEMENT_3D('',#4620,#4621,#4622);
#4624=PLANE('',#4623);
#4625=ORIENTED_EDGE('',*,*,#4609,.T.);
#4627=ORIENTED_EDGE('',*,*,#4626,.F.);
#4629=ORIENTED_EDGE('',*,*,#4628,.F.);
#4631=ORIENTED_EDGE('',*,*,#4630,.T.);
#4632=EDGE_LOOP('',(#4625,#4627,#4629,#4631));
#4633=FACE_OUTER_BOUND('',#4632,.F.);
#4635=CARTESIAN_POINT('',(2.939945256222E0,9.85E-1,-4.05E0));
#4636=DIRECTION('',(0.E0,0.E0,-1.E0));
#4637=DIRECTION('',(-1.E0,0.E0,0.E0));
#4638=AXIS2_PLACEMENT_3D('',#4635,#4636,#4637);
#4639=PLANE('',#4638);
#4641=ORIENTED_EDGE('',*,*,#4640,.T.);
#4643=ORIENTED_EDGE('',*,*,#4642,.F.);
#4645=ORIENTED_EDGE('',*,*,#4644,.F.);
#4647=ORIENTED_EDGE('',*,*,#4646,.T.);
#4648=EDGE_LOOP('',(#4641,#4643,#4645,#4647));
#4649=FACE_OUTER_BOUND('',#4648,.F.);
#4651=CARTESIAN_POINT('',(1.45E0,7.E-1,-4.15E0));
#4652=DIRECTION('',(0.E0,1.E0,0.E0));
#4653=DIRECTION('',(0.E0,0.E0,1.E0));
#4654=AXIS2_PLACEMENT_3D('',#4651,#4652,#4653);
#4655=PLANE('',#4654);
#4657=ORIENTED_EDGE('',*,*,#4656,.T.);
#4659=ORIENTED_EDGE('',*,*,#4658,.T.);
#4661=ORIENTED_EDGE('',*,*,#4660,.F.);
#4663=ORIENTED_EDGE('',*,*,#4662,.F.);
#4664=EDGE_LOOP('',(#4657,#4659,#4661,#4663));
#4665=FACE_OUTER_BOUND('',#4664,.F.);
#4667=CARTESIAN_POINT('',(1.45E0,7.E-1,-4.15E0));
#4668=DIRECTION('',(0.E0,1.E0,0.E0));
#4669=DIRECTION('',(0.E0,0.E0,1.E0));
#4670=AXIS2_PLACEMENT_3D('',#4667,#4668,#4669);
#4671=PLANE('',#4670);
#4673=ORIENTED_EDGE('',*,*,#4672,.T.);
#4675=ORIENTED_EDGE('',*,*,#4674,.F.);
#4677=ORIENTED_EDGE('',*,*,#4676,.F.);
#4679=ORIENTED_EDGE('',*,*,#4678,.T.);
#4680=EDGE_LOOP('',(#4673,#4675,#4677,#4679));
#4681=FACE_OUTER_BOUND('',#4680,.F.);
#4683=CARTESIAN_POINT('',(1.45E0,7.E-1,-4.15E0));
#4684=DIRECTION('',(0.E0,1.E0,0.E0));
#4685=DIRECTION('',(0.E0,0.E0,1.E0));
#4686=AXIS2_PLACEMENT_3D('',#4683,#4684,#4685);
#4687=PLANE('',#4686);
#4689=ORIENTED_EDGE('',*,*,#4688,.T.);
#4691=ORIENTED_EDGE('',*,*,#4690,.T.);
#4693=ORIENTED_EDGE('',*,*,#4692,.T.);
#4695=ORIENTED_EDGE('',*,*,#4694,.T.);
#4697=ORIENTED_EDGE('',*,*,#4696,.T.);
#4699=ORIENTED_EDGE('',*,*,#4698,.F.);
#4701=ORIENTED_EDGE('',*,*,#4700,.T.);
#4703=ORIENTED_EDGE('',*,*,#4702,.T.);
#4705=ORIENTED_EDGE('',*,*,#4704,.T.);
#4707=ORIENTED_EDGE('',*,*,#4706,.T.);
#4709=ORIENTED_EDGE('',*,*,#4708,.T.);
#4711=ORIENTED_EDGE('',*,*,#4710,.T.);
#4713=ORIENTED_EDGE('',*,*,#4712,.T.);
#4715=ORIENTED_EDGE('',*,*,#4714,.F.);
#4717=ORIENTED_EDGE('',*,*,#4716,.F.);
#4719=ORIENTED_EDGE('',*,*,#4718,.T.);
#4721=ORIENTED_EDGE('',*,*,#4720,.T.);
#4723=ORIENTED_EDGE('',*,*,#4722,.T.);
#4725=ORIENTED_EDGE('',*,*,#4724,.F.);
#4727=ORIENTED_EDGE('',*,*,#4726,.F.);
#4729=ORIENTED_EDGE('',*,*,#4728,.T.);
#4730=EDGE_LOOP('',(#4689,#4691,#4693,#4695,#4697,#4699,#4701,#4703,#4705,#4707,
#4709,#4711,#4713,#4715,#4717,#4719,#4721,#4723,#4725,#4727,#4729));
#4731=FACE_OUTER_BOUND('',#4730,.F.);
#4733=CARTESIAN_POINT('',(1.45E0,7.E-1,-4.15E0));
#4734=DIRECTION('',(0.E0,1.E0,0.E0));
#4735=DIRECTION('',(0.E0,0.E0,1.E0));
#4736=AXIS2_PLACEMENT_3D('',#4733,#4734,#4735);
#4737=PLANE('',#4736);
#4739=ORIENTED_EDGE('',*,*,#4738,.T.);
#4741=ORIENTED_EDGE('',*,*,#4740,.T.);
#4743=ORIENTED_EDGE('',*,*,#4742,.F.);
#4745=ORIENTED_EDGE('',*,*,#4744,.T.);
#4746=EDGE_LOOP('',(#4739,#4741,#4743,#4745));
#4747=FACE_OUTER_BOUND('',#4746,.F.);
#4749=CARTESIAN_POINT('',(1.45E0,7.E-1,-4.15E0));
#4750=DIRECTION('',(0.E0,1.E0,0.E0));
#4751=DIRECTION('',(0.E0,0.E0,1.E0));
#4752=AXIS2_PLACEMENT_3D('',#4749,#4750,#4751);
#4753=PLANE('',#4752);
#4755=ORIENTED_EDGE('',*,*,#4754,.T.);
#4757=ORIENTED_EDGE('',*,*,#4756,.T.);
#4759=ORIENTED_EDGE('',*,*,#4758,.F.);
#4761=ORIENTED_EDGE('',*,*,#4760,.T.);
#4762=EDGE_LOOP('',(#4755,#4757,#4759,#4761));
#4763=FACE_OUTER_BOUND('',#4762,.F.);
#4765=CARTESIAN_POINT('',(1.45E0,7.E-1,-4.15E0));
#4766=DIRECTION('',(0.E0,1.E0,0.E0));
#4767=DIRECTION('',(0.E0,0.E0,1.E0));
#4768=AXIS2_PLACEMENT_3D('',#4765,#4766,#4767);
#4769=PLANE('',#4768);
#4771=ORIENTED_EDGE('',*,*,#4770,.T.);
#4773=ORIENTED_EDGE('',*,*,#4772,.T.);
#4775=ORIENTED_EDGE('',*,*,#4774,.F.);
#4777=ORIENTED_EDGE('',*,*,#4776,.T.);
#4778=EDGE_LOOP('',(#4771,#4773,#4775,#4777));
#4779=FACE_OUTER_BOUND('',#4778,.F.);
#4781=CARTESIAN_POINT('',(1.45E0,7.E-1,-4.15E0));
#4782=DIRECTION('',(0.E0,1.E0,0.E0));
#4783=DIRECTION('',(0.E0,0.E0,1.E0));
#4784=AXIS2_PLACEMENT_3D('',#4781,#4782,#4783);
#4785=PLANE('',#4784);
#4787=ORIENTED_EDGE('',*,*,#4786,.T.);
#4789=ORIENTED_EDGE('',*,*,#4788,.T.);
#4791=ORIENTED_EDGE('',*,*,#4790,.F.);
#4793=ORIENTED_EDGE('',*,*,#4792,.T.);
#4794=EDGE_LOOP('',(#4787,#4789,#4791,#4793));
#4795=FACE_OUTER_BOUND('',#4794,.F.);
#4797=CARTESIAN_POINT('',(1.45E0,7.E-1,-4.15E0));
#4798=DIRECTION('',(0.E0,1.E0,0.E0));
#4799=DIRECTION('',(0.E0,0.E0,1.E0));
#4800=AXIS2_PLACEMENT_3D('',#4797,#4798,#4799);
#4801=PLANE('',#4800);
#4803=ORIENTED_EDGE('',*,*,#4802,.F.);
#4805=ORIENTED_EDGE('',*,*,#4804,.T.);
#4807=ORIENTED_EDGE('',*,*,#4806,.F.);
#4809=ORIENTED_EDGE('',*,*,#4808,.F.);
#4811=ORIENTED_EDGE('',*,*,#4810,.T.);
#4813=ORIENTED_EDGE('',*,*,#4812,.T.);
#4814=ORIENTED_EDGE('',*,*,#4626,.T.);
#4815=ORIENTED_EDGE('',*,*,#4615,.F.);
#4817=ORIENTED_EDGE('',*,*,#4816,.F.);
#4819=ORIENTED_EDGE('',*,*,#4818,.T.);
#4821=ORIENTED_EDGE('',*,*,#4820,.F.);
#4823=ORIENTED_EDGE('',*,*,#4822,.T.);
#4825=ORIENTED_EDGE('',*,*,#4824,.F.);
#4827=ORIENTED_EDGE('',*,*,#4826,.T.);
#4829=ORIENTED_EDGE('',*,*,#4828,.T.);
#4831=ORIENTED_EDGE('',*,*,#4830,.T.);
#4833=ORIENTED_EDGE('',*,*,#4832,.F.);
#4835=ORIENTED_EDGE('',*,*,#4834,.F.);
#4837=ORIENTED_EDGE('',*,*,#4836,.T.);
#4839=ORIENTED_EDGE('',*,*,#4838,.T.);
#4841=ORIENTED_EDGE('',*,*,#4840,.T.);
#4842=EDGE_LOOP('',(#4803,#4805,#4807,#4809,#4811,#4813,#4814,#4815,#4817,#4819,
#4821,#4823,#4825,#4827,#4829,#4831,#4833,#4835,#4837,#4839,#4841));
#4843=FACE_OUTER_BOUND('',#4842,.F.);
#4845=CARTESIAN_POINT('',(-2.72E0,7.E-1,-3.85E0));
#4846=DIRECTION('',(-1.E0,0.E0,0.E0));
#4847=DIRECTION('',(0.E0,0.E0,1.E0));
#4848=AXIS2_PLACEMENT_3D('',#4845,#4846,#4847);
#4849=PLANE('',#4848);
#4850=ORIENTED_EDGE('',*,*,#4656,.F.);
#4852=ORIENTED_EDGE('',*,*,#4851,.T.);
#4854=ORIENTED_EDGE('',*,*,#4853,.T.);
#4856=ORIENTED_EDGE('',*,*,#4855,.F.);
#4857=EDGE_LOOP('',(#4850,#4852,#4854,#4856));
#4858=FACE_OUTER_BOUND('',#4857,.F.);
#4860=CARTESIAN_POINT('',(0.E0,0.E0,-1.3E0));
#4861=DIRECTION('',(0.E0,0.E0,-1.E0));
#4862=DIRECTION('',(1.E0,0.E0,0.E0));
#4863=AXIS2_PLACEMENT_3D('',#4860,#4861,#4862);
#4864=PLANE('',#4863);
#4866=ORIENTED_EDGE('',*,*,#4865,.T.);
#4868=ORIENTED_EDGE('',*,*,#4867,.F.);
#4870=ORIENTED_EDGE('',*,*,#4869,.T.);
#4872=ORIENTED_EDGE('',*,*,#4871,.T.);
#4874=ORIENTED_EDGE('',*,*,#4873,.T.);
#4876=ORIENTED_EDGE('',*,*,#4875,.F.);
#4878=ORIENTED_EDGE('',*,*,#4877,.T.);
#4880=ORIENTED_EDGE('',*,*,#4879,.F.);
#4882=ORIENTED_EDGE('',*,*,#4881,.T.);
#4884=ORIENTED_EDGE('',*,*,#4883,.T.);
#4886=ORIENTED_EDGE('',*,*,#4885,.T.);
#4888=ORIENTED_EDGE('',*,*,#4887,.T.);
#4890=ORIENTED_EDGE('',*,*,#4889,.T.);
#4892=ORIENTED_EDGE('',*,*,#4891,.T.);
#4893=ORIENTED_EDGE('',*,*,#4698,.T.);
#4895=ORIENTED_EDGE('',*,*,#4894,.T.);
#4897=ORIENTED_EDGE('',*,*,#4896,.F.);
#4898=ORIENTED_EDGE('',*,*,#4851,.F.);
#4899=ORIENTED_EDGE('',*,*,#4662,.T.);
#4901=ORIENTED_EDGE('',*,*,#4900,.F.);
#4903=ORIENTED_EDGE('',*,*,#4902,.F.);
#4905=ORIENTED_EDGE('',*,*,#4904,.F.);
#4906=EDGE_LOOP('',(#4866,#4868,#4870,#4872,#4874,#4876,#4878,#4880,#4882,#4884,
#4886,#4888,#4890,#4892,#4893,#4895,#4897,#4898,#4899,#4901,#4903,#4905));
#4907=FACE_OUTER_BOUND('',#4906,.F.);
#4909=CARTESIAN_POINT('',(0.E0,0.E0,-1.3E0));
#4910=DIRECTION('',(0.E0,0.E0,-1.E0));
#4911=DIRECTION('',(1.E0,0.E0,0.E0));
#4912=AXIS2_PLACEMENT_3D('',#4909,#4910,#4911);
#4913=PLANE('',#4912);
#4915=ORIENTED_EDGE('',*,*,#4914,.T.);
#4917=ORIENTED_EDGE('',*,*,#4916,.T.);
#4919=ORIENTED_EDGE('',*,*,#4918,.F.);
#4921=ORIENTED_EDGE('',*,*,#4920,.T.);
#4922=ORIENTED_EDGE('',*,*,#4674,.T.);
#4924=ORIENTED_EDGE('',*,*,#4923,.T.);
#4926=ORIENTED_EDGE('',*,*,#4925,.F.);
#4928=ORIENTED_EDGE('',*,*,#4927,.F.);
#4929=ORIENTED_EDGE('',*,*,#4832,.T.);
#4931=ORIENTED_EDGE('',*,*,#4930,.F.);
#4933=ORIENTED_EDGE('',*,*,#4932,.T.);
#4935=ORIENTED_EDGE('',*,*,#4934,.T.);
#4937=ORIENTED_EDGE('',*,*,#4936,.T.);
#4939=ORIENTED_EDGE('',*,*,#4938,.T.);
#4941=ORIENTED_EDGE('',*,*,#4940,.T.);
#4943=ORIENTED_EDGE('',*,*,#4942,.T.);
#4945=ORIENTED_EDGE('',*,*,#4944,.T.);
#4947=ORIENTED_EDGE('',*,*,#4946,.T.);
#4949=ORIENTED_EDGE('',*,*,#4948,.T.);
#4951=ORIENTED_EDGE('',*,*,#4950,.F.);
#4953=ORIENTED_EDGE('',*,*,#4952,.T.);
#4955=ORIENTED_EDGE('',*,*,#4954,.T.);
#4956=EDGE_LOOP('',(#4915,#4917,#4919,#4921,#4922,#4924,#4926,#4928,#4929,#4931,
#4933,#4935,#4937,#4939,#4941,#4943,#4945,#4947,#4949,#4951,#4953,#4955));
#4957=FACE_OUTER_BOUND('',#4956,.F.);
#4959=CARTESIAN_POINT('',(0.E0,-4.75E-1,0.E0));
#4960=DIRECTION('',(0.E0,1.E0,0.E0));
#4961=DIRECTION('',(1.E0,0.E0,0.E0));
#4962=AXIS2_PLACEMENT_3D('',#4959,#4960,#4961);
#4963=PLANE('',#4962);
#4965=ORIENTED_EDGE('',*,*,#4964,.T.);
#4967=ORIENTED_EDGE('',*,*,#4966,.T.);
#4968=ORIENTED_EDGE('',*,*,#4865,.F.);
#4970=ORIENTED_EDGE('',*,*,#4969,.T.);
#4971=EDGE_LOOP('',(#4965,#4967,#4968,#4970));
#4972=FACE_OUTER_BOUND('',#4971,.F.);
#4974=CARTESIAN_POINT('',(0.E0,-4.75E-1,0.E0));
#4975=DIRECTION('',(0.E0,1.E0,0.E0));
#4976=DIRECTION('',(1.E0,0.E0,0.E0));
#4977=AXIS2_PLACEMENT_3D('',#4974,#4975,#4976);
#4978=PLANE('',#4977);
#4980=ORIENTED_EDGE('',*,*,#4979,.T.);
#4982=ORIENTED_EDGE('',*,*,#4981,.T.);
#4983=ORIENTED_EDGE('',*,*,#4914,.F.);
#4985=ORIENTED_EDGE('',*,*,#4984,.F.);
#4986=EDGE_LOOP('',(#4980,#4982,#4983,#4985));
#4987=FACE_OUTER_BOUND('',#4986,.F.);
#4989=CARTESIAN_POINT('',(0.E0,0.E0,-1.25E0));
#4990=DIRECTION('',(0.E0,0.E0,1.E0));
#4991=DIRECTION('',(1.E0,0.E0,0.E0));
#4992=AXIS2_PLACEMENT_3D('',#4989,#4990,#4991);
#4993=PLANE('',#4992);
#4994=ORIENTED_EDGE('',*,*,#4964,.F.);
#4996=ORIENTED_EDGE('',*,*,#4995,.T.);
#4998=ORIENTED_EDGE('',*,*,#4997,.T.);
#5000=ORIENTED_EDGE('',*,*,#4999,.T.);
#5001=ORIENTED_EDGE('',*,*,#4658,.F.);
#5002=ORIENTED_EDGE('',*,*,#4855,.T.);
#5004=ORIENTED_EDGE('',*,*,#5003,.T.);
#5006=ORIENTED_EDGE('',*,*,#5005,.F.);
#5007=ORIENTED_EDGE('',*,*,#4694,.F.);
#5009=ORIENTED_EDGE('',*,*,#5008,.T.);
#5011=ORIENTED_EDGE('',*,*,#5010,.F.);
#5013=ORIENTED_EDGE('',*,*,#5012,.F.);
#5015=ORIENTED_EDGE('',*,*,#5014,.F.);
#5017=ORIENTED_EDGE('',*,*,#5016,.T.);
#5019=ORIENTED_EDGE('',*,*,#5018,.F.);
#5021=ORIENTED_EDGE('',*,*,#5020,.T.);
#5023=ORIENTED_EDGE('',*,*,#5022,.F.);
#5025=ORIENTED_EDGE('',*,*,#5024,.F.);
#5027=ORIENTED_EDGE('',*,*,#5026,.F.);
#5029=ORIENTED_EDGE('',*,*,#5028,.T.);
#5030=EDGE_LOOP('',(#4994,#4996,#4998,#5000,#5001,#5002,#5004,#5006,#5007,#5009,
#5011,#5013,#5015,#5017,#5019,#5021,#5023,#5025,#5027,#5029));
#5031=FACE_OUTER_BOUND('',#5030,.F.);
#5033=CARTESIAN_POINT('',(0.E0,0.E0,-1.25E0));
#5034=DIRECTION('',(0.E0,0.E0,1.E0));
#5035=DIRECTION('',(1.E0,0.E0,0.E0));
#5036=AXIS2_PLACEMENT_3D('',#5033,#5034,#5035);
#5037=PLANE('',#5036);
#5038=ORIENTED_EDGE('',*,*,#4979,.F.);
#5040=ORIENTED_EDGE('',*,*,#5039,.F.);
#5042=ORIENTED_EDGE('',*,*,#5041,.F.);
#5044=ORIENTED_EDGE('',*,*,#5043,.T.);
#5046=ORIENTED_EDGE('',*,*,#5045,.F.);
#5048=ORIENTED_EDGE('',*,*,#5047,.F.);
#5050=ORIENTED_EDGE('',*,*,#5049,.F.);
#5052=ORIENTED_EDGE('',*,*,#5051,.F.);
#5054=ORIENTED_EDGE('',*,*,#5053,.F.);
#5056=ORIENTED_EDGE('',*,*,#5055,.F.);
#5058=ORIENTED_EDGE('',*,*,#5057,.F.);
#5060=ORIENTED_EDGE('',*,*,#5059,.F.);
#5061=ORIENTED_EDGE('',*,*,#4836,.F.);
#5063=ORIENTED_EDGE('',*,*,#5062,.T.);
#5065=ORIENTED_EDGE('',*,*,#5064,.T.);
#5067=ORIENTED_EDGE('',*,*,#5066,.F.);
#5068=ORIENTED_EDGE('',*,*,#4678,.F.);
#5070=ORIENTED_EDGE('',*,*,#5069,.F.);
#5072=ORIENTED_EDGE('',*,*,#5071,.T.);
#5074=ORIENTED_EDGE('',*,*,#5073,.F.);
#5075=EDGE_LOOP('',(#5038,#5040,#5042,#5044,#5046,#5048,#5050,#5052,#5054,#5056,
#5058,#5060,#5061,#5063,#5065,#5067,#5068,#5070,#5072,#5074));
#5076=FACE_OUTER_BOUND('',#5075,.F.);
#5078=CARTESIAN_POINT('',(-3.196E0,-4.75E-1,-1.3E0));
#5079=DIRECTION('',(-9.968152785361E-1,0.E0,-7.974522228289E-2));
#5080=DIRECTION('',(-7.974522228289E-2,0.E0,9.968152785361E-1));
#5081=AXIS2_PLACEMENT_3D('',#5078,#5079,#5080);
#5082=PLANE('',#5081);
#5083=ORIENTED_EDGE('',*,*,#4995,.F.);
#5084=ORIENTED_EDGE('',*,*,#4969,.F.);
#5085=ORIENTED_EDGE('',*,*,#4904,.T.);
#5087=ORIENTED_EDGE('',*,*,#5086,.T.);
#5088=EDGE_LOOP('',(#5083,#5084,#5085,#5087));
#5089=FACE_OUTER_BOUND('',#5088,.F.);
#5091=CARTESIAN_POINT('',(0.E0,4.75E-1,0.E0));
#5092=DIRECTION('',(0.E0,1.E0,0.E0));
#5093=DIRECTION('',(1.E0,0.E0,0.E0));
#5094=AXIS2_PLACEMENT_3D('',#5091,#5092,#5093);
#5095=PLANE('',#5094);
#5096=ORIENTED_EDGE('',*,*,#4997,.F.);
#5097=ORIENTED_EDGE('',*,*,#5086,.F.);
#5098=ORIENTED_EDGE('',*,*,#4902,.T.);
#5100=ORIENTED_EDGE('',*,*,#5099,.F.);
#5101=EDGE_LOOP('',(#5096,#5097,#5098,#5100));
#5102=FACE_OUTER_BOUND('',#5101,.F.);
#5104=CARTESIAN_POINT('',(0.E0,4.75E-1,0.E0));
#5105=DIRECTION('',(0.E0,1.E0,0.E0));
#5106=DIRECTION('',(1.E0,0.E0,0.E0));
#5107=AXIS2_PLACEMENT_3D('',#5104,#5105,#5106);
#5108=PLANE('',#5107);
#5109=ORIENTED_EDGE('',*,*,#5071,.F.);
#5111=ORIENTED_EDGE('',*,*,#5110,.T.);
#5112=ORIENTED_EDGE('',*,*,#4918,.T.);
#5114=ORIENTED_EDGE('',*,*,#5113,.F.);
#5115=EDGE_LOOP('',(#5109,#5111,#5112,#5114));
#5116=FACE_OUTER_BOUND('',#5115,.F.);
#5118=CARTESIAN_POINT('',(-3.1E0,7.E-1,-4.15E0));
#5119=DIRECTION('',(-1.E0,0.E0,0.E0));
#5120=DIRECTION('',(0.E0,0.E0,1.E0));
#5121=AXIS2_PLACEMENT_3D('',#5118,#5119,#5120);
#5122=PLANE('',#5121);
#5123=ORIENTED_EDGE('',*,*,#4966,.F.);
#5124=ORIENTED_EDGE('',*,*,#5028,.F.);
#5126=ORIENTED_EDGE('',*,*,#5125,.F.);
#5127=ORIENTED_EDGE('',*,*,#4867,.T.);
#5128=EDGE_LOOP('',(#5123,#5124,#5126,#5127));
#5129=FACE_OUTER_BOUND('',#5128,.F.);
#5131=CARTESIAN_POINT('',(-3.1E0,7.E-1,-4.15E0));
#5132=DIRECTION('',(-1.E0,0.E0,0.E0));
#5133=DIRECTION('',(0.E0,0.E0,1.E0));
#5134=AXIS2_PLACEMENT_3D('',#5131,#5132,#5133);
#5135=PLANE('',#5134);
#5136=ORIENTED_EDGE('',*,*,#5099,.T.);
#5137=ORIENTED_EDGE('',*,*,#4900,.T.);
#5138=ORIENTED_EDGE('',*,*,#4660,.T.);
#5139=ORIENTED_EDGE('',*,*,#4999,.F.);
#5140=EDGE_LOOP('',(#5136,#5137,#5138,#5139));
#5141=FACE_OUTER_BOUND('',#5140,.F.);
#5143=CARTESIAN_POINT('',(-3.1E0,7.E-1,-4.15E0));
#5144=DIRECTION('',(-1.E0,0.E0,0.E0));
#5145=DIRECTION('',(0.E0,0.E0,1.E0));
#5146=AXIS2_PLACEMENT_3D('',#5143,#5144,#5145);
#5147=PLANE('',#5146);
#5149=ORIENTED_EDGE('',*,*,#5148,.F.);
#5150=ORIENTED_EDGE('',*,*,#4726,.T.);
#5152=ORIENTED_EDGE('',*,*,#5151,.F.);
#5154=ORIENTED_EDGE('',*,*,#5153,.F.);
#5155=EDGE_LOOP('',(#5149,#5150,#5152,#5154));
#5156=FACE_OUTER_BOUND('',#5155,.F.);
#5158=CARTESIAN_POINT('',(-3.1E0,7.E-1,-4.15E0));
#5159=DIRECTION('',(-1.E0,0.E0,0.E0));
#5160=DIRECTION('',(0.E0,0.E0,1.E0));
#5161=AXIS2_PLACEMENT_3D('',#5158,#5159,#5160);
#5162=PLANE('',#5161);
#5164=ORIENTED_EDGE('',*,*,#5163,.F.);
#5166=ORIENTED_EDGE('',*,*,#5165,.T.);
#5168=ORIENTED_EDGE('',*,*,#5167,.F.);
#5170=ORIENTED_EDGE('',*,*,#5169,.F.);
#5171=EDGE_LOOP('',(#5164,#5166,#5168,#5170));
#5172=FACE_OUTER_BOUND('',#5171,.F.);
#5174=CARTESIAN_POINT('',(1.45E0,-7.E-1,-3.85E0));
#5175=DIRECTION('',(0.E0,-1.E0,0.E0));
#5176=DIRECTION('',(0.E0,0.E0,-1.E0));
#5177=AXIS2_PLACEMENT_3D('',#5174,#5175,#5176);
#5178=PLANE('',#5177);
#5180=ORIENTED_EDGE('',*,*,#5179,.T.);
#5181=ORIENTED_EDGE('',*,*,#4869,.F.);
#5182=ORIENTED_EDGE('',*,*,#5125,.T.);
#5183=ORIENTED_EDGE('',*,*,#5026,.T.);
#5184=EDGE_LOOP('',(#5180,#5181,#5182,#5183));
#5185=FACE_OUTER_BOUND('',#5184,.F.);
#5187=CARTESIAN_POINT('',(1.45E0,-7.E-1,-3.85E0));
#5188=DIRECTION('',(0.E0,-1.E0,0.E0));
#5189=DIRECTION('',(0.E0,0.E0,-1.E0));
#5190=AXIS2_PLACEMENT_3D('',#5187,#5188,#5189);
#5191=PLANE('',#5190);
#5193=ORIENTED_EDGE('',*,*,#5192,.F.);
#5194=ORIENTED_EDGE('',*,*,#5041,.T.);
#5196=ORIENTED_EDGE('',*,*,#5195,.T.);
#5197=ORIENTED_EDGE('',*,*,#4952,.F.);
#5198=EDGE_LOOP('',(#5193,#5194,#5196,#5197));
#5199=FACE_OUTER_BOUND('',#5198,.F.);
#5201=CARTESIAN_POINT('',(1.45E0,-7.E-1,-3.85E0));
#5202=DIRECTION('',(0.E0,-1.E0,0.E0));
#5203=DIRECTION('',(0.E0,0.E0,-1.E0));
#5204=AXIS2_PLACEMENT_3D('',#5201,#5202,#5203);
#5205=PLANE('',#5204);
#5207=ORIENTED_EDGE('',*,*,#5206,.T.);
#5209=ORIENTED_EDGE('',*,*,#5208,.T.);
#5210=ORIENTED_EDGE('',*,*,#5169,.T.);
#5212=ORIENTED_EDGE('',*,*,#5211,.T.);
#5214=ORIENTED_EDGE('',*,*,#5213,.F.);
#5216=ORIENTED_EDGE('',*,*,#5215,.F.);
#5218=ORIENTED_EDGE('',*,*,#5217,.F.);
#5220=ORIENTED_EDGE('',*,*,#5219,.F.);
#5222=ORIENTED_EDGE('',*,*,#5221,.F.);
#5224=ORIENTED_EDGE('',*,*,#5223,.F.);
#5226=ORIENTED_EDGE('',*,*,#5225,.F.);
#5228=ORIENTED_EDGE('',*,*,#5227,.T.);
#5230=ORIENTED_EDGE('',*,*,#5229,.F.);
#5232=ORIENTED_EDGE('',*,*,#5231,.F.);
#5234=ORIENTED_EDGE('',*,*,#5233,.F.);
#5236=ORIENTED_EDGE('',*,*,#5235,.F.);
#5237=ORIENTED_EDGE('',*,*,#4877,.F.);
#5239=ORIENTED_EDGE('',*,*,#5238,.F.);
#5240=ORIENTED_EDGE('',*,*,#5018,.T.);
#5242=ORIENTED_EDGE('',*,*,#5241,.T.);
#5244=ORIENTED_EDGE('',*,*,#5243,.T.);
#5246=ORIENTED_EDGE('',*,*,#5245,.F.);
#5247=EDGE_LOOP('',(#5207,#5209,#5210,#5212,#5214,#5216,#5218,#5220,#5222,#5224,
#5226,#5228,#5230,#5232,#5234,#5236,#5237,#5239,#5240,#5242,#5244,#5246));
#5248=FACE_OUTER_BOUND('',#5247,.F.);
#5250=CARTESIAN_POINT('',(1.45E0,-7.E-1,-3.85E0));
#5251=DIRECTION('',(0.E0,-1.E0,0.E0));
#5252=DIRECTION('',(0.E0,0.E0,-1.E0));
#5253=AXIS2_PLACEMENT_3D('',#5250,#5251,#5252);
#5254=PLANE('',#5253);
#5256=ORIENTED_EDGE('',*,*,#5255,.T.);
#5258=ORIENTED_EDGE('',*,*,#5257,.T.);
#5260=ORIENTED_EDGE('',*,*,#5259,.F.);
#5262=ORIENTED_EDGE('',*,*,#5261,.F.);
#5263=EDGE_LOOP('',(#5256,#5258,#5260,#5262));
#5264=FACE_OUTER_BOUND('',#5263,.F.);
#5266=CARTESIAN_POINT('',(1.45E0,-7.E-1,-3.85E0));
#5267=DIRECTION('',(0.E0,-1.E0,0.E0));
#5268=DIRECTION('',(0.E0,0.E0,-1.E0));
#5269=AXIS2_PLACEMENT_3D('',#5266,#5267,#5268);
#5270=PLANE('',#5269);
#5272=ORIENTED_EDGE('',*,*,#5271,.T.);
#5274=ORIENTED_EDGE('',*,*,#5273,.T.);
#5276=ORIENTED_EDGE('',*,*,#5275,.F.);
#5278=ORIENTED_EDGE('',*,*,#5277,.F.);
#5279=EDGE_LOOP('',(#5272,#5274,#5276,#5278));
#5280=FACE_OUTER_BOUND('',#5279,.F.);
#5282=CARTESIAN_POINT('',(1.45E0,-7.E-1,-3.85E0));
#5283=DIRECTION('',(0.E0,-1.E0,0.E0));
#5284=DIRECTION('',(0.E0,0.E0,-1.E0));
#5285=AXIS2_PLACEMENT_3D('',#5282,#5283,#5284);
#5286=PLANE('',#5285);
#5288=ORIENTED_EDGE('',*,*,#5287,.T.);
#5290=ORIENTED_EDGE('',*,*,#5289,.T.);
#5292=ORIENTED_EDGE('',*,*,#5291,.F.);
#5294=ORIENTED_EDGE('',*,*,#5293,.F.);
#5295=EDGE_LOOP('',(#5288,#5290,#5292,#5294));
#5296=FACE_OUTER_BOUND('',#5295,.F.);
#5298=CARTESIAN_POINT('',(1.45E0,-7.E-1,-3.85E0));
#5299=DIRECTION('',(0.E0,-1.E0,0.E0));
#5300=DIRECTION('',(0.E0,0.E0,-1.E0));
#5301=AXIS2_PLACEMENT_3D('',#5298,#5299,#5300);
#5302=PLANE('',#5301);
#5304=ORIENTED_EDGE('',*,*,#5303,.T.);
#5306=ORIENTED_EDGE('',*,*,#5305,.T.);
#5308=ORIENTED_EDGE('',*,*,#5307,.F.);
#5310=ORIENTED_EDGE('',*,*,#5309,.F.);
#5311=EDGE_LOOP('',(#5304,#5306,#5308,#5310));
#5312=FACE_OUTER_BOUND('',#5311,.F.);
#5314=CARTESIAN_POINT('',(1.45E0,-7.E-1,-3.85E0));
#5315=DIRECTION('',(0.E0,-1.E0,0.E0));
#5316=DIRECTION('',(0.E0,0.E0,-1.E0));
#5317=AXIS2_PLACEMENT_3D('',#5314,#5315,#5316);
#5318=PLANE('',#5317);
#5320=ORIENTED_EDGE('',*,*,#5319,.F.);
#5322=ORIENTED_EDGE('',*,*,#5321,.F.);
#5324=ORIENTED_EDGE('',*,*,#5323,.T.);
#5326=ORIENTED_EDGE('',*,*,#5325,.T.);
#5327=ORIENTED_EDGE('',*,*,#5049,.T.);
#5329=ORIENTED_EDGE('',*,*,#5328,.T.);
#5330=ORIENTED_EDGE('',*,*,#4944,.F.);
#5332=ORIENTED_EDGE('',*,*,#5331,.F.);
#5334=ORIENTED_EDGE('',*,*,#5333,.F.);
#5336=ORIENTED_EDGE('',*,*,#5335,.F.);
#5338=ORIENTED_EDGE('',*,*,#5337,.T.);
#5340=ORIENTED_EDGE('',*,*,#5339,.T.);
#5342=ORIENTED_EDGE('',*,*,#5341,.T.);
#5344=ORIENTED_EDGE('',*,*,#5343,.F.);
#5346=ORIENTED_EDGE('',*,*,#5345,.F.);
#5348=ORIENTED_EDGE('',*,*,#5347,.F.);
#5349=ORIENTED_EDGE('',*,*,#4646,.F.);
#5351=ORIENTED_EDGE('',*,*,#5350,.F.);
#5353=ORIENTED_EDGE('',*,*,#5352,.F.);
#5355=ORIENTED_EDGE('',*,*,#5354,.T.);
#5357=ORIENTED_EDGE('',*,*,#5356,.T.);
#5359=ORIENTED_EDGE('',*,*,#5358,.T.);
#5360=EDGE_LOOP('',(#5320,#5322,#5324,#5326,#5327,#5329,#5330,#5332,#5334,#5336,
#5338,#5340,#5342,#5344,#5346,#5348,#5349,#5351,#5353,#5355,#5357,#5359));
#5361=FACE_OUTER_BOUND('',#5360,.F.);
#5363=CARTESIAN_POINT('',(-2.72E0,-7.E-1,-3.85E0));
#5364=DIRECTION('',(1.E0,0.E0,0.E0));
#5365=DIRECTION('',(0.E0,0.E0,1.E0));
#5366=AXIS2_PLACEMENT_3D('',#5363,#5364,#5365);
#5367=PLANE('',#5366);
#5369=ORIENTED_EDGE('',*,*,#5368,.F.);
#5370=ORIENTED_EDGE('',*,*,#4871,.F.);
#5371=ORIENTED_EDGE('',*,*,#5179,.F.);
#5372=ORIENTED_EDGE('',*,*,#5024,.T.);
#5373=EDGE_LOOP('',(#5369,#5370,#5371,#5372));
#5374=FACE_OUTER_BOUND('',#5373,.F.);
#5376=CARTESIAN_POINT('',(1.45E0,-7.85E-1,0.E0));
#5377=DIRECTION('',(0.E0,1.E0,0.E0));
#5378=DIRECTION('',(1.E0,0.E0,0.E0));
#5379=AXIS2_PLACEMENT_3D('',#5376,#5377,#5378);
#5380=PLANE('',#5379);
#5381=ORIENTED_EDGE('',*,*,#5368,.T.);
#5382=ORIENTED_EDGE('',*,*,#5022,.T.);
#5384=ORIENTED_EDGE('',*,*,#5383,.T.);
#5385=ORIENTED_EDGE('',*,*,#4873,.F.);
#5386=EDGE_LOOP('',(#5381,#5382,#5384,#5385));
#5387=FACE_OUTER_BOUND('',#5386,.F.);
#5389=CARTESIAN_POINT('',(1.45E0,-7.85E-1,0.E0));
#5390=DIRECTION('',(0.E0,1.E0,0.E0));
#5391=DIRECTION('',(1.E0,0.E0,0.E0));
#5392=AXIS2_PLACEMENT_3D('',#5389,#5390,#5391);
#5393=PLANE('',#5392);
#5395=ORIENTED_EDGE('',*,*,#5394,.T.);
#5396=ORIENTED_EDGE('',*,*,#5045,.T.);
#5398=ORIENTED_EDGE('',*,*,#5397,.T.);
#5399=ORIENTED_EDGE('',*,*,#4948,.F.);
#5400=EDGE_LOOP('',(#5395,#5396,#5398,#5399));
#5401=FACE_OUTER_BOUND('',#5400,.F.);
#5403=CARTESIAN_POINT('',(1.45E0,-7.85E-1,0.E0));
#5404=DIRECTION('',(0.E0,1.E0,0.E0));
#5405=DIRECTION('',(1.E0,0.E0,0.E0));
#5406=AXIS2_PLACEMENT_3D('',#5403,#5404,#5405);
#5407=PLANE('',#5406);
#5409=ORIENTED_EDGE('',*,*,#5408,.F.);
#5411=ORIENTED_EDGE('',*,*,#5410,.F.);
#5413=ORIENTED_EDGE('',*,*,#5412,.T.);
#5415=ORIENTED_EDGE('',*,*,#5414,.T.);
#5416=EDGE_LOOP('',(#5409,#5411,#5413,#5415));
#5417=FACE_OUTER_BOUND('',#5416,.F.);
#5419=CARTESIAN_POINT('',(1.45E0,-7.85E-1,0.E0));
#5420=DIRECTION('',(0.E0,1.E0,0.E0));
#5421=DIRECTION('',(1.E0,0.E0,0.E0));
#5422=AXIS2_PLACEMENT_3D('',#5419,#5420,#5421);
#5423=PLANE('',#5422);
#5425=ORIENTED_EDGE('',*,*,#5424,.F.);
#5427=ORIENTED_EDGE('',*,*,#5426,.T.);
#5429=ORIENTED_EDGE('',*,*,#5428,.T.);
#5431=ORIENTED_EDGE('',*,*,#5430,.F.);
#5432=EDGE_LOOP('',(#5425,#5427,#5429,#5431));
#5433=FACE_OUTER_BOUND('',#5432,.F.);
#5435=CARTESIAN_POINT('',(-1.7E0,-7.E-1,-1.25E0));
#5436=DIRECTION('',(-1.E0,0.E0,0.E0));
#5437=DIRECTION('',(0.E0,0.E0,-1.E0));
#5438=AXIS2_PLACEMENT_3D('',#5435,#5436,#5437);
#5439=PLANE('',#5438);
#5440=ORIENTED_EDGE('',*,*,#5383,.F.);
#5441=ORIENTED_EDGE('',*,*,#5020,.F.);
#5442=ORIENTED_EDGE('',*,*,#5238,.T.);
#5443=ORIENTED_EDGE('',*,*,#4875,.T.);
#5444=EDGE_LOOP('',(#5440,#5441,#5442,#5443));
#5445=FACE_OUTER_BOUND('',#5444,.F.);
#5447=CARTESIAN_POINT('',(-1.7E0,-7.E-1,-1.25E0));
#5448=DIRECTION('',(-1.E0,0.E0,0.E0));
#5449=DIRECTION('',(0.E0,0.E0,-1.E0));
#5450=AXIS2_PLACEMENT_3D('',#5447,#5448,#5449);
#5451=PLANE('',#5450);
#5452=ORIENTED_EDGE('',*,*,#5412,.F.);
#5454=ORIENTED_EDGE('',*,*,#5453,.F.);
#5455=ORIENTED_EDGE('',*,*,#5225,.T.);
#5457=ORIENTED_EDGE('',*,*,#5456,.T.);
#5458=EDGE_LOOP('',(#5452,#5454,#5455,#5457));
#5459=FACE_OUTER_BOUND('',#5458,.F.);
#5461=CARTESIAN_POINT('',(0.E0,0.E0,-3.75E0));
#5462=DIRECTION('',(0.E0,0.E0,-1.E0));
#5463=DIRECTION('',(-1.E0,0.E0,0.E0));
#5464=AXIS2_PLACEMENT_3D('',#5461,#5462,#5463);
#5465=PLANE('',#5464);
#5467=ORIENTED_EDGE('',*,*,#5466,.T.);
#5469=ORIENTED_EDGE('',*,*,#5468,.F.);
#5471=ORIENTED_EDGE('',*,*,#5470,.F.);
#5472=ORIENTED_EDGE('',*,*,#4708,.F.);
#5474=ORIENTED_EDGE('',*,*,#5473,.F.);
#5476=ORIENTED_EDGE('',*,*,#5475,.F.);
#5478=ORIENTED_EDGE('',*,*,#5477,.T.);
#5479=EDGE_LOOP('',(#5467,#5469,#5471,#5472,#5474,#5476,#5478));
#5480=FACE_OUTER_BOUND('',#5479,.F.);
#5482=CARTESIAN_POINT('',(0.E0,0.E0,-3.75E0));
#5483=DIRECTION('',(0.E0,0.E0,-1.E0));
#5484=DIRECTION('',(-1.E0,0.E0,0.E0));
#5485=AXIS2_PLACEMENT_3D('',#5482,#5483,#5484);
#5486=PLANE('',#5485);
#5488=ORIENTED_EDGE('',*,*,#5487,.T.);
#5490=ORIENTED_EDGE('',*,*,#5489,.F.);
#5492=ORIENTED_EDGE('',*,*,#5491,.F.);
#5494=ORIENTED_EDGE('',*,*,#5493,.F.);
#5495=ORIENTED_EDGE('',*,*,#4822,.F.);
#5497=ORIENTED_EDGE('',*,*,#5496,.T.);
#5499=ORIENTED_EDGE('',*,*,#5498,.T.);
#5500=EDGE_LOOP('',(#5488,#5490,#5492,#5494,#5495,#5497,#5499));
#5501=FACE_OUTER_BOUND('',#5500,.F.);
#5503=CARTESIAN_POINT('',(0.E0,0.E0,-3.75E0));
#5504=DIRECTION('',(0.E0,0.E0,-1.E0));
#5505=DIRECTION('',(-1.E0,0.E0,0.E0));
#5506=AXIS2_PLACEMENT_3D('',#5503,#5504,#5505);
#5507=PLANE('',#5506);
#5509=ORIENTED_EDGE('',*,*,#5508,.T.);
#5511=ORIENTED_EDGE('',*,*,#5510,.F.);
#5513=ORIENTED_EDGE('',*,*,#5512,.F.);
#5515=ORIENTED_EDGE('',*,*,#5514,.F.);
#5517=ORIENTED_EDGE('',*,*,#5516,.F.);
#5518=ORIENTED_EDGE('',*,*,#5227,.F.);
#5519=ORIENTED_EDGE('',*,*,#5453,.T.);
#5520=ORIENTED_EDGE('',*,*,#5410,.T.);
#5521=EDGE_LOOP('',(#5509,#5511,#5513,#5515,#5517,#5518,#5519,#5520));
#5522=FACE_OUTER_BOUND('',#5521,.F.);
#5524=CARTESIAN_POINT('',(0.E0,0.E0,-3.75E0));
#5525=DIRECTION('',(0.E0,0.E0,-1.E0));
#5526=DIRECTION('',(-1.E0,0.E0,0.E0));
#5527=AXIS2_PLACEMENT_3D('',#5524,#5525,#5526);
#5528=PLANE('',#5527);
#5530=ORIENTED_EDGE('',*,*,#5529,.T.);
#5531=ORIENTED_EDGE('',*,*,#5430,.T.);
#5533=ORIENTED_EDGE('',*,*,#5532,.F.);
#5534=ORIENTED_EDGE('',*,*,#5339,.F.);
#5536=ORIENTED_EDGE('',*,*,#5535,.F.);
#5538=ORIENTED_EDGE('',*,*,#5537,.F.);
#5540=ORIENTED_EDGE('',*,*,#5539,.F.);
#5542=ORIENTED_EDGE('',*,*,#5541,.T.);
#5543=EDGE_LOOP('',(#5530,#5531,#5533,#5534,#5536,#5538,#5540,#5542));
#5544=FACE_OUTER_BOUND('',#5543,.F.);
#5546=CARTESIAN_POINT('',(-1.849E0,3.6072E0,-3.85E0));
#5547=DIRECTION('',(0.E0,-1.E0,0.E0));
#5548=DIRECTION('',(0.E0,0.E0,1.E0));
#5549=AXIS2_PLACEMENT_3D('',#5546,#5547,#5548);
#5550=CYLINDRICAL_SURFACE('',#5549,1.E-1);
#5552=ORIENTED_EDGE('',*,*,#5551,.T.);
#5553=ORIENTED_EDGE('',*,*,#5466,.F.);
#5555=ORIENTED_EDGE('',*,*,#5554,.T.);
#5557=ORIENTED_EDGE('',*,*,#5556,.T.);
#5558=EDGE_LOOP('',(#5552,#5553,#5555,#5557));
#5559=FACE_OUTER_BOUND('',#5558,.F.);
#5561=CARTESIAN_POINT('',(1.45E0,7.85E-1,0.E0));
#5562=DIRECTION('',(0.E0,1.E0,0.E0));
#5563=DIRECTION('',(1.E0,0.E0,0.E0));
#5564=AXIS2_PLACEMENT_3D('',#5561,#5562,#5563);
#5565=PLANE('',#5564);
#5566=ORIENTED_EDGE('',*,*,#4896,.T.);
#5568=ORIENTED_EDGE('',*,*,#5567,.F.);
#5569=ORIENTED_EDGE('',*,*,#5003,.F.);
#5570=ORIENTED_EDGE('',*,*,#4853,.F.);
#5571=EDGE_LOOP('',(#5566,#5568,#5569,#5570));
#5572=FACE_OUTER_BOUND('',#5571,.F.);
#5574=CARTESIAN_POINT('',(1.45E0,7.85E-1,0.E0));
#5575=DIRECTION('',(0.E0,1.E0,0.E0));
#5576=DIRECTION('',(1.E0,0.E0,0.E0));
#5577=AXIS2_PLACEMENT_3D('',#5574,#5575,#5576);
#5578=PLANE('',#5577);
#5579=ORIENTED_EDGE('',*,*,#5064,.F.);
#5581=ORIENTED_EDGE('',*,*,#5580,.F.);
#5582=ORIENTED_EDGE('',*,*,#4925,.T.);
#5584=ORIENTED_EDGE('',*,*,#5583,.F.);
#5585=EDGE_LOOP('',(#5579,#5581,#5582,#5584));
#5586=FACE_OUTER_BOUND('',#5585,.F.);
#5588=CARTESIAN_POINT('',(1.45E0,7.85E-1,0.E0));
#5589=DIRECTION('',(0.E0,1.E0,0.E0));
#5590=DIRECTION('',(1.E0,0.E0,0.E0));
#5591=AXIS2_PLACEMENT_3D('',#5588,#5589,#5590);
#5592=PLANE('',#5591);
#5593=ORIENTED_EDGE('',*,*,#5551,.F.);
#5595=ORIENTED_EDGE('',*,*,#5594,.F.);
#5597=ORIENTED_EDGE('',*,*,#5596,.F.);
#5598=ORIENTED_EDGE('',*,*,#5468,.T.);
#5599=EDGE_LOOP('',(#5593,#5595,#5597,#5598));
#5600=FACE_OUTER_BOUND('',#5599,.F.);
#5602=CARTESIAN_POINT('',(1.45E0,7.85E-1,0.E0));
#5603=DIRECTION('',(0.E0,1.E0,0.E0));
#5604=DIRECTION('',(1.E0,0.E0,0.E0));
#5605=AXIS2_PLACEMENT_3D('',#5602,#5603,#5604);
#5606=PLANE('',#5605);
#5608=ORIENTED_EDGE('',*,*,#5607,.F.);
#5609=ORIENTED_EDGE('',*,*,#5498,.F.);
#5611=ORIENTED_EDGE('',*,*,#5610,.F.);
#5613=ORIENTED_EDGE('',*,*,#5612,.F.);
#5614=EDGE_LOOP('',(#5608,#5609,#5611,#5613));
#5615=FACE_OUTER_BOUND('',#5614,.F.);
#5617=CARTESIAN_POINT('',(-1.7E0,7.E-1,-1.25E0));
#5618=DIRECTION('',(1.E0,0.E0,0.E0));
#5619=DIRECTION('',(0.E0,0.E0,-1.E0));
#5620=AXIS2_PLACEMENT_3D('',#5617,#5618,#5619);
#5621=PLANE('',#5620);
#5622=ORIENTED_EDGE('',*,*,#4696,.F.);
#5623=ORIENTED_EDGE('',*,*,#5005,.T.);
#5624=ORIENTED_EDGE('',*,*,#5567,.T.);
#5625=ORIENTED_EDGE('',*,*,#4894,.F.);
#5626=EDGE_LOOP('',(#5622,#5623,#5624,#5625));
#5627=FACE_OUTER_BOUND('',#5626,.F.);
#5629=CARTESIAN_POINT('',(-1.7E0,7.E-1,-1.25E0));
#5630=DIRECTION('',(1.E0,0.E0,0.E0));
#5631=DIRECTION('',(0.E0,0.E0,-1.E0));
#5632=AXIS2_PLACEMENT_3D('',#5629,#5630,#5631);
#5633=PLANE('',#5632);
#5634=ORIENTED_EDGE('',*,*,#4710,.F.);
#5635=ORIENTED_EDGE('',*,*,#5470,.T.);
#5636=ORIENTED_EDGE('',*,*,#5596,.T.);
#5638=ORIENTED_EDGE('',*,*,#5637,.F.);
#5639=EDGE_LOOP('',(#5634,#5635,#5636,#5638));
#5640=FACE_OUTER_BOUND('',#5639,.F.);
#5642=CARTESIAN_POINT('',(-1.7E0,7.E-1,-3.85E0));
#5643=DIRECTION('',(0.E0,0.E0,-1.E0));
#5644=DIRECTION('',(-1.E0,0.E0,0.E0));
#5645=AXIS2_PLACEMENT_3D('',#5642,#5643,#5644);
#5646=PLANE('',#5645);
#5648=ORIENTED_EDGE('',*,*,#5647,.F.);
#5649=ORIENTED_EDGE('',*,*,#4712,.F.);
#5650=ORIENTED_EDGE('',*,*,#5637,.T.);
#5651=ORIENTED_EDGE('',*,*,#5594,.T.);
#5652=EDGE_LOOP('',(#5648,#5649,#5650,#5651));
#5653=FACE_OUTER_BOUND('',#5652,.F.);
#5655=CARTESIAN_POINT('',(-1.949E0,7.E-1,-4.E0));
#5656=DIRECTION('',(-1.E0,0.E0,0.E0));
#5657=DIRECTION('',(0.E0,1.E0,0.E0));
#5658=AXIS2_PLACEMENT_3D('',#5655,#5656,#5657);
#5659=PLANE('',#5658);
#5661=ORIENTED_EDGE('',*,*,#5660,.T.);
#5662=ORIENTED_EDGE('',*,*,#4714,.T.);
#5663=ORIENTED_EDGE('',*,*,#5647,.T.);
#5664=ORIENTED_EDGE('',*,*,#5556,.F.);
#5666=ORIENTED_EDGE('',*,*,#5665,.T.);
#5667=EDGE_LOOP('',(#5661,#5662,#5663,#5664,#5666));
#5668=FACE_OUTER_BOUND('',#5667,.F.);
#5670=CARTESIAN_POINT('',(-1.949E0,7.E-1,-4.E0));
#5671=DIRECTION('',(-1.E0,0.E0,0.E0));
#5672=DIRECTION('',(0.E0,1.E0,0.E0));
#5673=AXIS2_PLACEMENT_3D('',#5670,#5671,#5672);
#5674=PLANE('',#5673);
#5676=ORIENTED_EDGE('',*,*,#5675,.T.);
#5678=ORIENTED_EDGE('',*,*,#5677,.F.);
#5680=ORIENTED_EDGE('',*,*,#5679,.F.);
#5682=ORIENTED_EDGE('',*,*,#5681,.F.);
#5683=ORIENTED_EDGE('',*,*,#5221,.T.);
#5684=EDGE_LOOP('',(#5676,#5678,#5680,#5682,#5683));
#5685=FACE_OUTER_BOUND('',#5684,.F.);
#5687=CARTESIAN_POINT('',(-2.049E0,3.6072E0,-3.95E0));
#5688=DIRECTION('',(0.E0,-1.E0,0.E0));
#5689=DIRECTION('',(0.E0,0.E0,-1.E0));
#5690=AXIS2_PLACEMENT_3D('',#5687,#5688,#5689);
#5691=CYLINDRICAL_SURFACE('',#5690,1.E-1);
#5692=ORIENTED_EDGE('',*,*,#5660,.F.);
#5694=ORIENTED_EDGE('',*,*,#5693,.T.);
#5696=ORIENTED_EDGE('',*,*,#5695,.T.);
#5697=ORIENTED_EDGE('',*,*,#4716,.T.);
#5698=EDGE_LOOP('',(#5692,#5694,#5696,#5697));
#5699=FACE_OUTER_BOUND('',#5698,.F.);
#5701=CARTESIAN_POINT('',(-3.25E0,9.85E-1,-1.3E0));
#5702=DIRECTION('',(0.E0,1.E0,0.E0));
#5703=DIRECTION('',(1.E0,0.E0,0.E0));
#5704=AXIS2_PLACEMENT_3D('',#5701,#5702,#5703);
#5705=PLANE('',#5704);
#5706=ORIENTED_EDGE('',*,*,#5693,.F.);
#5707=ORIENTED_EDGE('',*,*,#5665,.F.);
#5708=ORIENTED_EDGE('',*,*,#5554,.F.);
#5709=ORIENTED_EDGE('',*,*,#5477,.F.);
#5711=ORIENTED_EDGE('',*,*,#5710,.F.);
#5713=ORIENTED_EDGE('',*,*,#5712,.F.);
#5715=ORIENTED_EDGE('',*,*,#5714,.F.);
#5717=ORIENTED_EDGE('',*,*,#5716,.F.);
#5718=ORIENTED_EDGE('',*,*,#4889,.F.);
#5720=ORIENTED_EDGE('',*,*,#5719,.T.);
#5722=ORIENTED_EDGE('',*,*,#5721,.T.);
#5724=ORIENTED_EDGE('',*,*,#5723,.F.);
#5726=ORIENTED_EDGE('',*,*,#5725,.F.);
#5728=ORIENTED_EDGE('',*,*,#5727,.F.);
#5729=EDGE_LOOP('',(#5706,#5707,#5708,#5709,#5711,#5713,#5715,#5717,#5718,#5720,
#5722,#5724,#5726,#5728));
#5730=FACE_OUTER_BOUND('',#5729,.F.);
#5732=CARTESIAN_POINT('',(-3.25E0,9.85E-1,-1.3E0));
#5733=DIRECTION('',(0.E0,1.E0,0.E0));
#5734=DIRECTION('',(1.E0,0.E0,0.E0));
#5735=AXIS2_PLACEMENT_3D('',#5732,#5733,#5734);
#5736=PLANE('',#5735);
#5737=ORIENTED_EDGE('',*,*,#4611,.F.);
#5738=ORIENTED_EDGE('',*,*,#4630,.F.);
#5740=ORIENTED_EDGE('',*,*,#5739,.F.);
#5742=ORIENTED_EDGE('',*,*,#5741,.F.);
#5744=ORIENTED_EDGE('',*,*,#5743,.T.);
#5746=ORIENTED_EDGE('',*,*,#5745,.F.);
#5747=ORIENTED_EDGE('',*,*,#4932,.F.);
#5749=ORIENTED_EDGE('',*,*,#5748,.F.);
#5751=ORIENTED_EDGE('',*,*,#5750,.F.);
#5753=ORIENTED_EDGE('',*,*,#5752,.F.);
#5755=ORIENTED_EDGE('',*,*,#5754,.T.);
#5756=ORIENTED_EDGE('',*,*,#5489,.T.);
#5758=ORIENTED_EDGE('',*,*,#5757,.F.);
#5760=ORIENTED_EDGE('',*,*,#5759,.F.);
#5761=EDGE_LOOP('',(#5737,#5738,#5740,#5742,#5744,#5746,#5747,#5749,#5751,#5753,
#5755,#5756,#5758,#5760));
#5762=FACE_OUTER_BOUND('',#5761,.F.);
#5764=CARTESIAN_POINT('',(-1.709957324001E0,7.65E-1,-1.3E0));
#5765=DIRECTION('',(0.E0,0.E0,-1.E0));
#5766=DIRECTION('',(1.E0,0.E0,0.E0));
#5767=AXIS2_PLACEMENT_3D('',#5764,#5765,#5766);
#5768=CYLINDRICAL_SURFACE('',#5767,2.2E-1);
#5770=ORIENTED_EDGE('',*,*,#5769,.F.);
#5771=ORIENTED_EDGE('',*,*,#5710,.T.);
#5772=ORIENTED_EDGE('',*,*,#5475,.T.);
#5774=ORIENTED_EDGE('',*,*,#5773,.F.);
#5775=EDGE_LOOP('',(#5770,#5771,#5772,#5774));
#5776=FACE_OUTER_BOUND('',#5775,.F.);
#5778=CARTESIAN_POINT('',(-1.47E0,9.85E-1,-1.85E0));
#5779=DIRECTION('',(0.E0,0.E0,-1.E0));
#5780=DIRECTION('',(-1.E0,0.E0,0.E0));
#5781=AXIS2_PLACEMENT_3D('',#5778,#5779,#5780);
#5782=PLANE('',#5781);
#5783=ORIENTED_EDGE('',*,*,#5769,.T.);
#5785=ORIENTED_EDGE('',*,*,#5784,.T.);
#5787=ORIENTED_EDGE('',*,*,#5786,.F.);
#5788=ORIENTED_EDGE('',*,*,#5712,.T.);
#5789=EDGE_LOOP('',(#5783,#5785,#5787,#5788));
#5790=FACE_OUTER_BOUND('',#5789,.F.);
#5792=CARTESIAN_POINT('',(-1.503224947428E0,8.402444315316E-1,-1.3E0));
#5793=DIRECTION('',(9.396926207859E-1,3.420201433257E-1,0.E0));
#5794=DIRECTION('',(3.420201433257E-1,-9.396926207859E-1,0.E0));
#5795=AXIS2_PLACEMENT_3D('',#5792,#5793,#5794);
#5796=PLANE('',#5795);
#5797=ORIENTED_EDGE('',*,*,#5784,.F.);
#5798=ORIENTED_EDGE('',*,*,#5773,.T.);
#5799=ORIENTED_EDGE('',*,*,#5473,.T.);
#5800=ORIENTED_EDGE('',*,*,#4706,.F.);
#5802=ORIENTED_EDGE('',*,*,#5801,.F.);
#5803=EDGE_LOOP('',(#5797,#5798,#5799,#5800,#5802));
#5804=FACE_OUTER_BOUND('',#5803,.F.);
#5806=CARTESIAN_POINT('',(0.E0,0.E0,-1.85E0));
#5807=DIRECTION('',(0.E0,0.E0,1.E0));
#5808=DIRECTION('',(1.E0,0.E0,0.E0));
#5809=AXIS2_PLACEMENT_3D('',#5806,#5807,#5808);
#5810=PLANE('',#5809);
#5812=ORIENTED_EDGE('',*,*,#5811,.T.);
#5813=ORIENTED_EDGE('',*,*,#5801,.T.);
#5814=ORIENTED_EDGE('',*,*,#4704,.F.);
#5815=EDGE_LOOP('',(#5812,#5813,#5814));
#5816=FACE_OUTER_BOUND('',#5815,.F.);
#5818=CARTESIAN_POINT('',(0.E0,0.E0,-1.85E0));
#5819=DIRECTION('',(0.E0,0.E0,1.E0));
#5820=DIRECTION('',(1.E0,0.E0,0.E0));
#5821=AXIS2_PLACEMENT_3D('',#5818,#5819,#5820);
#5822=PLANE('',#5821);
#5824=ORIENTED_EDGE('',*,*,#5823,.F.);
#5825=ORIENTED_EDGE('',*,*,#4826,.F.);
#5827=ORIENTED_EDGE('',*,*,#5826,.T.);
#5828=EDGE_LOOP('',(#5824,#5825,#5827));
#5829=FACE_OUTER_BOUND('',#5828,.F.);
#5831=CARTESIAN_POINT('',(-1.47E0,9.85E-1,-1.5E0));
#5832=DIRECTION('',(1.E0,0.E0,0.E0));
#5833=DIRECTION('',(0.E0,0.E0,-1.E0));
#5834=AXIS2_PLACEMENT_3D('',#5831,#5832,#5833);
#5835=PLANE('',#5834);
#5836=ORIENTED_EDGE('',*,*,#4702,.F.);
#5838=ORIENTED_EDGE('',*,*,#5837,.F.);
#5839=ORIENTED_EDGE('',*,*,#5714,.T.);
#5840=ORIENTED_EDGE('',*,*,#5786,.T.);
#5841=ORIENTED_EDGE('',*,*,#5811,.F.);
#5842=EDGE_LOOP('',(#5836,#5838,#5839,#5840,#5841));
#5843=FACE_OUTER_BOUND('',#5842,.F.);
#5845=CARTESIAN_POINT('',(-1.67E0,9.85E-1,-1.5E0));
#5846=DIRECTION('',(0.E0,1.E0,0.E0));
#5847=DIRECTION('',(1.E0,0.E0,0.E0));
#5848=AXIS2_PLACEMENT_3D('',#5845,#5846,#5847);
#5849=CYLINDRICAL_SURFACE('',#5848,2.E-1);
#5850=ORIENTED_EDGE('',*,*,#4700,.F.);
#5851=ORIENTED_EDGE('',*,*,#4891,.F.);
#5852=ORIENTED_EDGE('',*,*,#5716,.T.);
#5853=ORIENTED_EDGE('',*,*,#5837,.T.);
#5854=EDGE_LOOP('',(#5850,#5851,#5852,#5853));
#5855=FACE_OUTER_BOUND('',#5854,.F.);
#5857=CARTESIAN_POINT('',(1.47E0,9.85E-1,-1.85E0));
#5858=DIRECTION('',(-1.E0,0.E0,0.E0));
#5859=DIRECTION('',(0.E0,0.E0,1.E0));
#5860=AXIS2_PLACEMENT_3D('',#5857,#5858,#5859);
#5861=PLANE('',#5860);
#5862=ORIENTED_EDGE('',*,*,#4828,.F.);
#5863=ORIENTED_EDGE('',*,*,#5823,.T.);
#5865=ORIENTED_EDGE('',*,*,#5864,.F.);
#5866=ORIENTED_EDGE('',*,*,#5750,.T.);
#5868=ORIENTED_EDGE('',*,*,#5867,.T.);
#5869=EDGE_LOOP('',(#5862,#5863,#5865,#5866,#5868));
#5870=FACE_OUTER_BOUND('',#5869,.F.);
#5872=CARTESIAN_POINT('',(1.71E0,9.85E-1,-1.85E0));
#5873=DIRECTION('',(0.E0,0.E0,-1.E0));
#5874=DIRECTION('',(-1.E0,0.E0,0.E0));
#5875=AXIS2_PLACEMENT_3D('',#5872,#5873,#5874);
#5876=PLANE('',#5875);
#5878=ORIENTED_EDGE('',*,*,#5877,.T.);
#5880=ORIENTED_EDGE('',*,*,#5879,.T.);
#5881=ORIENTED_EDGE('',*,*,#5752,.T.);
#5882=ORIENTED_EDGE('',*,*,#5864,.T.);
#5883=EDGE_LOOP('',(#5878,#5880,#5881,#5882));
#5884=FACE_OUTER_BOUND('',#5883,.F.);
#5886=CARTESIAN_POINT('',(1.449971355665E0,6.939313906588E-1,-1.3E0));
#5887=DIRECTION('',(-9.396926207859E-1,3.420201433257E-1,0.E0));
#5888=DIRECTION('',(3.420201433257E-1,9.396926207859E-1,0.E0));
#5889=AXIS2_PLACEMENT_3D('',#5886,#5887,#5888);
#5890=PLANE('',#5889);
#5891=ORIENTED_EDGE('',*,*,#5877,.F.);
#5892=ORIENTED_EDGE('',*,*,#5826,.F.);
#5893=ORIENTED_EDGE('',*,*,#4824,.T.);
#5894=ORIENTED_EDGE('',*,*,#5493,.T.);
#5896=ORIENTED_EDGE('',*,*,#5895,.F.);
#5897=EDGE_LOOP('',(#5891,#5892,#5893,#5894,#5896));
#5898=FACE_OUTER_BOUND('',#5897,.F.);
#5900=CARTESIAN_POINT('',(1.709957324001E0,7.65E-1,-1.3E0));
#5901=DIRECTION('',(0.E0,0.E0,-1.E0));
#5902=DIRECTION('',(1.E0,0.E0,0.E0));
#5903=AXIS2_PLACEMENT_3D('',#5900,#5901,#5902);
#5904=CYLINDRICAL_SURFACE('',#5903,2.2E-1);
#5905=ORIENTED_EDGE('',*,*,#5879,.F.);
#5906=ORIENTED_EDGE('',*,*,#5895,.T.);
#5907=ORIENTED_EDGE('',*,*,#5491,.T.);
#5908=ORIENTED_EDGE('',*,*,#5754,.F.);
#5909=EDGE_LOOP('',(#5905,#5906,#5907,#5908));
#5910=FACE_OUTER_BOUND('',#5909,.F.);
#5912=CARTESIAN_POINT('',(1.67E0,9.85E-1,-1.5E0));
#5913=DIRECTION('',(0.E0,1.E0,0.E0));
#5914=DIRECTION('',(1.E0,0.E0,0.E0));
#5915=AXIS2_PLACEMENT_3D('',#5912,#5913,#5914);
#5916=CYLINDRICAL_SURFACE('',#5915,2.E-1);
#5917=ORIENTED_EDGE('',*,*,#4830,.F.);
#5918=ORIENTED_EDGE('',*,*,#5867,.F.);
#5919=ORIENTED_EDGE('',*,*,#5748,.T.);
#5920=ORIENTED_EDGE('',*,*,#4930,.T.);
#5921=EDGE_LOOP('',(#5917,#5918,#5919,#5920));
#5922=FACE_OUTER_BOUND('',#5921,.F.);
#5924=CARTESIAN_POINT('',(-3.25E0,7.35E-1,-1.3E0));
#5925=DIRECTION('',(0.E0,0.E0,-1.E0));
#5926=DIRECTION('',(1.E0,0.E0,0.E0));
#5927=AXIS2_PLACEMENT_3D('',#5924,#5925,#5926);
#5928=CYLINDRICAL_SURFACE('',#5927,2.5E-1);
#5929=ORIENTED_EDGE('',*,*,#4887,.F.);
#5931=ORIENTED_EDGE('',*,*,#5930,.T.);
#5933=ORIENTED_EDGE('',*,*,#5932,.T.);
#5934=ORIENTED_EDGE('',*,*,#5719,.F.);
#5935=EDGE_LOOP('',(#5929,#5931,#5933,#5934));
#5936=FACE_OUTER_BOUND('',#5935,.F.);
#5938=CARTESIAN_POINT('',(-3.5E0,-7.35E-1,-1.3E0));
#5939=DIRECTION('',(-1.E0,0.E0,0.E0));
#5940=DIRECTION('',(0.E0,1.E0,0.E0));
#5941=AXIS2_PLACEMENT_3D('',#5938,#5939,#5940);
#5942=PLANE('',#5941);
#5944=ORIENTED_EDGE('',*,*,#5943,.T.);
#5946=ORIENTED_EDGE('',*,*,#5945,.F.);
#5948=ORIENTED_EDGE('',*,*,#5947,.T.);
#5949=ORIENTED_EDGE('',*,*,#5930,.F.);
#5950=ORIENTED_EDGE('',*,*,#4885,.F.);
#5952=ORIENTED_EDGE('',*,*,#5951,.T.);
#5954=ORIENTED_EDGE('',*,*,#5953,.T.);
#5956=ORIENTED_EDGE('',*,*,#5955,.T.);
#5957=EDGE_LOOP('',(#5944,#5946,#5948,#5949,#5950,#5952,#5954,#5956));
#5958=FACE_OUTER_BOUND('',#5957,.F.);
#5960=CARTESIAN_POINT('',(-3.25E0,-3.6072E0,-4.1E0));
#5961=DIRECTION('',(0.E0,1.E0,0.E0));
#5962=DIRECTION('',(0.E0,0.E0,-1.E0));
#5963=AXIS2_PLACEMENT_3D('',#5960,#5961,#5962);
#5964=CYLINDRICAL_SURFACE('',#5963,2.5E-1);
#5966=ORIENTED_EDGE('',*,*,#5965,.T.);
#5968=ORIENTED_EDGE('',*,*,#5967,.T.);
#5969=ORIENTED_EDGE('',*,*,#5943,.F.);
#5971=ORIENTED_EDGE('',*,*,#5970,.T.);
#5973=ORIENTED_EDGE('',*,*,#5972,.T.);
#5975=ORIENTED_EDGE('',*,*,#5974,.T.);
#5976=EDGE_LOOP('',(#5966,#5968,#5969,#5971,#5973,#5975));
#5977=FACE_OUTER_BOUND('',#5976,.F.);
#5979=CARTESIAN_POINT('',(-3.250414981820E0,4.059827725171E-1,-3.158E0));
#5980=CARTESIAN_POINT('',(-3.250135966309E0,4.040052381997E-1,-3.158E0));
#5981=CARTESIAN_POINT('',(-3.249800471153E0,3.990679481106E-1,-3.158E0));
#5982=CARTESIAN_POINT('',(-3.250606229311E0,3.909540544612E-1,-3.158E0));
#5983=CARTESIAN_POINT('',(-3.253375710121E0,3.817547099878E-1,-3.158E0));
#5984=CARTESIAN_POINT('',(-3.258204144816E0,3.723660721763E-1,-3.158E0));
#5985=CARTESIAN_POINT('',(-3.265265538640E0,3.629127132897E-1,-3.158E0));
#5986=CARTESIAN_POINT('',(-3.274688771039E0,3.535682786233E-1,-3.158E0));
#5987=CARTESIAN_POINT('',(-3.286467814200E0,3.444598083565E-1,-3.158E0));
#5988=CARTESIAN_POINT('',(-3.300601915101E0,3.357014380108E-1,-3.158E0));
#5989=CARTESIAN_POINT('',(-3.317127878335E0,3.274303462586E-1,-3.158E0));
#5990=CARTESIAN_POINT('',(-3.336042142811E0,3.198041353658E-1,-3.158E0));
#5991=CARTESIAN_POINT('',(-3.357053403398E0,3.129829597309E-1,-3.158E0));
#5992=CARTESIAN_POINT('',(-3.379328596168E0,3.073250790375E-1,-3.158E0));
#5993=CARTESIAN_POINT('',(-3.401651186812E0,3.031798496252E-1,-3.158E0));
#5994=CARTESIAN_POINT('',(-3.422739116797E0,3.006508214621E-1,-3.158E0));
#5995=CARTESIAN_POINT('',(-3.438278209371E0,2.999037964869E-1,-3.158E0));
#5996=CARTESIAN_POINT('',(-3.446654702748E0,3.000301890349E-1,-3.158E0));
#5997=CARTESIAN_POINT('',(-3.448654692226E0,3.000934444427E-1,-3.158E0));
#5999=DIRECTION('',(0.E0,0.E0,-1.E0));
#6000=VECTOR('',#5999,1.E0);
#6001=SURFACE_OF_LINEAR_EXTRUSION('',#5998,#6000);
#6002=ORIENTED_EDGE('',*,*,#5965,.F.);
#6004=ORIENTED_EDGE('',*,*,#6003,.F.);
#6006=ORIENTED_EDGE('',*,*,#6005,.T.);
#6008=ORIENTED_EDGE('',*,*,#6007,.T.);
#6009=EDGE_LOOP('',(#6002,#6004,#6006,#6008));
#6010=FACE_OUTER_BOUND('',#6009,.F.);
#6012=CARTESIAN_POINT('',(-3.25E0,4.E-1,-3.158E0));
#6013=DIRECTION('',(-1.E0,0.E0,0.E0));
#6014=DIRECTION('',(0.E0,1.E0,0.E0));
#6015=AXIS2_PLACEMENT_3D('',#6012,#6013,#6014);
#6016=PLANE('',#6015);
#6018=ORIENTED_EDGE('',*,*,#6017,.T.);
#6020=ORIENTED_EDGE('',*,*,#6019,.F.);
#6022=ORIENTED_EDGE('',*,*,#6021,.F.);
#6023=ORIENTED_EDGE('',*,*,#6003,.T.);
#6024=EDGE_LOOP('',(#6018,#6020,#6022,#6023));
#6025=FACE_OUTER_BOUND('',#6024,.F.);
#6027=CARTESIAN_POINT('',(1.45E0,0.E0,-4.35E0));
#6028=DIRECTION('',(0.E0,0.E0,-1.E0));
#6029=DIRECTION('',(1.E0,0.E0,0.E0));
#6030=AXIS2_PLACEMENT_3D('',#6027,#6028,#6029);
#6031=PLANE('',#6030);
#6033=ORIENTED_EDGE('',*,*,#6032,.F.);
#6035=ORIENTED_EDGE('',*,*,#6034,.F.);
#6037=ORIENTED_EDGE('',*,*,#6036,.F.);
#6039=ORIENTED_EDGE('',*,*,#6038,.F.);
#6041=ORIENTED_EDGE('',*,*,#6040,.F.);
#6043=ORIENTED_EDGE('',*,*,#6042,.F.);
#6045=ORIENTED_EDGE('',*,*,#6044,.F.);
#6047=ORIENTED_EDGE('',*,*,#6046,.F.);
#6049=ORIENTED_EDGE('',*,*,#6048,.F.);
#6051=ORIENTED_EDGE('',*,*,#6050,.F.);
#6053=ORIENTED_EDGE('',*,*,#6052,.F.);
#6055=ORIENTED_EDGE('',*,*,#6054,.F.);
#6057=ORIENTED_EDGE('',*,*,#6056,.F.);
#6059=ORIENTED_EDGE('',*,*,#6058,.F.);
#6061=ORIENTED_EDGE('',*,*,#6060,.F.);
#6063=ORIENTED_EDGE('',*,*,#6062,.F.);
#6065=ORIENTED_EDGE('',*,*,#6064,.F.);
#6067=ORIENTED_EDGE('',*,*,#6066,.F.);
#6068=EDGE_LOOP('',(#6033,#6035,#6037,#6039,#6041,#6043,#6045,#6047,#6049,#6051,
#6053,#6055,#6057,#6059,#6061,#6063,#6065,#6067));
#6069=FACE_OUTER_BOUND('',#6068,.F.);
#6071=CARTESIAN_POINT('',(1.45E0,0.E0,-4.35E0));
#6072=DIRECTION('',(0.E0,0.E0,-1.E0));
#6073=DIRECTION('',(1.E0,0.E0,0.E0));
#6074=AXIS2_PLACEMENT_3D('',#6071,#6072,#6073);
#6075=PLANE('',#6074);
#6076=ORIENTED_EDGE('',*,*,#5974,.F.);
#6078=ORIENTED_EDGE('',*,*,#6077,.F.);
#6080=ORIENTED_EDGE('',*,*,#6079,.F.);
#6082=ORIENTED_EDGE('',*,*,#6081,.F.);
#6084=ORIENTED_EDGE('',*,*,#6083,.F.);
#6086=ORIENTED_EDGE('',*,*,#6085,.F.);
#6088=ORIENTED_EDGE('',*,*,#6087,.F.);
#6090=ORIENTED_EDGE('',*,*,#6089,.F.);
#6092=ORIENTED_EDGE('',*,*,#6091,.F.);
#6094=ORIENTED_EDGE('',*,*,#6093,.F.);
#6096=ORIENTED_EDGE('',*,*,#6095,.F.);
#6098=ORIENTED_EDGE('',*,*,#6097,.F.);
#6100=ORIENTED_EDGE('',*,*,#6099,.F.);
#6102=ORIENTED_EDGE('',*,*,#6101,.F.);
#6104=ORIENTED_EDGE('',*,*,#6103,.F.);
#6106=ORIENTED_EDGE('',*,*,#6105,.F.);
#6108=ORIENTED_EDGE('',*,*,#6107,.F.);
#6109=ORIENTED_EDGE('',*,*,#6017,.F.);
#6110=EDGE_LOOP('',(#6076,#6078,#6080,#6082,#6084,#6086,#6088,#6090,#6092,#6094,
#6096,#6098,#6100,#6102,#6104,#6106,#6108,#6109));
#6111=FACE_OUTER_BOUND('',#6110,.F.);
#6113=CARTESIAN_POINT('',(3.25E0,3.6072E0,-4.1E0));
#6114=DIRECTION('',(0.E0,-1.E0,0.E0));
#6115=DIRECTION('',(0.E0,0.E0,-1.E0));
#6116=AXIS2_PLACEMENT_3D('',#6113,#6114,#6115);
#6117=CYLINDRICAL_SURFACE('',#6116,2.5E-1);
#6119=ORIENTED_EDGE('',*,*,#6118,.T.);
#6121=ORIENTED_EDGE('',*,*,#6120,.T.);
#6123=ORIENTED_EDGE('',*,*,#6122,.F.);
#6125=ORIENTED_EDGE('',*,*,#6124,.T.);
#6127=ORIENTED_EDGE('',*,*,#6126,.T.);
#6128=ORIENTED_EDGE('',*,*,#6032,.T.);
#6129=EDGE_LOOP('',(#6119,#6121,#6123,#6125,#6127,#6128));
#6130=FACE_OUTER_BOUND('',#6129,.F.);
#6132=CARTESIAN_POINT('',(3.448655296642E0,-3.000934632200E-1,-3.158E0));
#6133=CARTESIAN_POINT('',(3.446655105860E0,-3.000301950310E-1,-3.158E0));
#6134=CARTESIAN_POINT('',(3.438278131579E0,-2.999037828551E-1,-3.158E0));
#6135=CARTESIAN_POINT('',(3.422739244354E0,-3.006508285254E-1,-3.158E0));
#6136=CARTESIAN_POINT('',(3.401651864318E0,-3.031797706800E-1,-3.158E0));
#6137=CARTESIAN_POINT('',(3.379329419732E0,-3.073248809863E-1,-3.158E0));
#6138=CARTESIAN_POINT('',(3.357053738248E0,-3.129828410735E-1,-3.158E0));
#6139=CARTESIAN_POINT('',(3.336042329506E0,-3.198040852508E-1,-3.158E0));
#6140=CARTESIAN_POINT('',(3.317129781854E0,-3.274295736679E-1,-3.158E0));
#6141=CARTESIAN_POINT('',(3.300605925668E0,-3.356993257493E-1,-3.158E0));
#6142=CARTESIAN_POINT('',(3.286473846062E0,-3.444557557883E-1,-3.158E0));
#6143=CARTESIAN_POINT('',(3.274697006662E0,-3.535613879521E-1,-3.158E0));
#6144=CARTESIAN_POINT('',(3.265274409293E0,-3.629028931170E-1,-3.158E0));
#6145=CARTESIAN_POINT('',(3.258212181626E0,-3.723533768046E-1,-3.158E0));
#6146=CARTESIAN_POINT('',(3.253380072743E0,-3.817435173289E-1,-3.158E0));
#6147=CARTESIAN_POINT('',(3.250607170963E0,-3.909469783471E-1,-3.158E0));
#6148=CARTESIAN_POINT('',(3.249800989362E0,-3.990590828702E-1,-3.158E0));
#6149=CARTESIAN_POINT('',(3.250135060861E0,-4.039918547525E-1,-3.158E0));
#6150=CARTESIAN_POINT('',(3.250412198087E0,-4.059629308139E-1,-3.158E0));
#6152=DIRECTION('',(0.E0,0.E0,-1.E0));
#6153=VECTOR('',#6152,1.E0);
#6154=SURFACE_OF_LINEAR_EXTRUSION('',#6151,#6153);
#6155=ORIENTED_EDGE('',*,*,#6118,.F.);
#6157=ORIENTED_EDGE('',*,*,#6156,.F.);
#6159=ORIENTED_EDGE('',*,*,#6158,.F.);
#6161=ORIENTED_EDGE('',*,*,#6160,.T.);
#6162=EDGE_LOOP('',(#6155,#6157,#6159,#6161));
#6163=FACE_OUTER_BOUND('',#6162,.F.);
#6165=CARTESIAN_POINT('',(3.25E0,-4.E-1,-3.158E0));
#6166=DIRECTION('',(1.E0,0.E0,0.E0));
#6167=DIRECTION('',(0.E0,-1.E0,0.E0));
#6168=AXIS2_PLACEMENT_3D('',#6165,#6166,#6167);
#6169=PLANE('',#6168);
#6170=ORIENTED_EDGE('',*,*,#6066,.T.);
#6172=ORIENTED_EDGE('',*,*,#6171,.F.);
#6174=ORIENTED_EDGE('',*,*,#6173,.F.);
#6175=ORIENTED_EDGE('',*,*,#6156,.T.);
#6176=EDGE_LOOP('',(#6170,#6172,#6174,#6175));
#6177=FACE_OUTER_BOUND('',#6176,.F.);
#6179=CARTESIAN_POINT('',(3.15E0,-4.25E-1,-3.158E0));
#6180=DIRECTION('',(0.E0,0.E0,-1.E0));
#6181=DIRECTION('',(1.E0,0.E0,0.E0));
#6182=AXIS2_PLACEMENT_3D('',#6179,#6180,#6181);
#6183=CYLINDRICAL_SURFACE('',#6182,1.E-1);
#6185=ORIENTED_EDGE('',*,*,#6184,.F.);
#6186=ORIENTED_EDGE('',*,*,#6171,.T.);
#6187=ORIENTED_EDGE('',*,*,#6064,.T.);
#6189=ORIENTED_EDGE('',*,*,#6188,.F.);
#6190=EDGE_LOOP('',(#6185,#6186,#6187,#6189));
#6191=FACE_OUTER_BOUND('',#6190,.F.);
#6193=CARTESIAN_POINT('',(0.E0,0.E0,-4.E0));
#6194=DIRECTION('',(0.E0,0.E0,-1.E0));
#6195=DIRECTION('',(1.E0,0.E0,0.E0));
#6196=AXIS2_PLACEMENT_3D('',#6193,#6194,#6195);
#6197=PLANE('',#6196);
#6198=ORIENTED_EDGE('',*,*,#5167,.T.);
#6200=ORIENTED_EDGE('',*,*,#6199,.T.);
#6202=ORIENTED_EDGE('',*,*,#6201,.T.);
#6204=ORIENTED_EDGE('',*,*,#6203,.T.);
#6206=ORIENTED_EDGE('',*,*,#6205,.F.);
#6208=ORIENTED_EDGE('',*,*,#6207,.F.);
#6209=ORIENTED_EDGE('',*,*,#5953,.F.);
#6211=ORIENTED_EDGE('',*,*,#6210,.F.);
#6213=ORIENTED_EDGE('',*,*,#6212,.F.);
#6215=ORIENTED_EDGE('',*,*,#6214,.F.);
#6216=ORIENTED_EDGE('',*,*,#5211,.F.);
#6217=EDGE_LOOP('',(#6198,#6200,#6202,#6204,#6206,#6208,#6209,#6211,#6213,#6215,
#6216));
#6218=FACE_OUTER_BOUND('',#6217,.F.);
#6220=CARTESIAN_POINT('',(0.E0,0.E0,-4.E0));
#6221=DIRECTION('',(0.E0,0.E0,-1.E0));
#6222=DIRECTION('',(1.E0,0.E0,0.E0));
#6223=AXIS2_PLACEMENT_3D('',#6220,#6221,#6222);
#6224=PLANE('',#6223);
#6225=ORIENTED_EDGE('',*,*,#5151,.T.);
#6226=ORIENTED_EDGE('',*,*,#4724,.T.);
#6228=ORIENTED_EDGE('',*,*,#6227,.F.);
#6229=ORIENTED_EDGE('',*,*,#5721,.F.);
#6230=ORIENTED_EDGE('',*,*,#5932,.F.);
#6231=ORIENTED_EDGE('',*,*,#5947,.F.);
#6233=ORIENTED_EDGE('',*,*,#6232,.T.);
#6234=ORIENTED_EDGE('',*,*,#6005,.F.);
#6235=ORIENTED_EDGE('',*,*,#6021,.T.);
#6237=ORIENTED_EDGE('',*,*,#6236,.T.);
#6239=ORIENTED_EDGE('',*,*,#6238,.T.);
#6240=EDGE_LOOP('',(#6225,#6226,#6228,#6229,#6230,#6231,#6233,#6234,#6235,#6237,
#6239));
#6241=FACE_OUTER_BOUND('',#6240,.F.);
#6243=CARTESIAN_POINT('',(0.E0,0.E0,-4.E0));
#6244=DIRECTION('',(0.E0,0.E0,-1.E0));
#6245=DIRECTION('',(1.E0,0.E0,0.E0));
#6246=AXIS2_PLACEMENT_3D('',#6243,#6244,#6245);
#6247=PLANE('',#6246);
#6249=ORIENTED_EDGE('',*,*,#6248,.T.);
#6250=ORIENTED_EDGE('',*,*,#6158,.T.);
#6251=ORIENTED_EDGE('',*,*,#6173,.T.);
#6252=ORIENTED_EDGE('',*,*,#6184,.T.);
#6254=ORIENTED_EDGE('',*,*,#6253,.T.);
#6256=ORIENTED_EDGE('',*,*,#6255,.F.);
#6257=ORIENTED_EDGE('',*,*,#5354,.F.);
#6259=ORIENTED_EDGE('',*,*,#6258,.T.);
#6261=ORIENTED_EDGE('',*,*,#6260,.F.);
#6263=ORIENTED_EDGE('',*,*,#6262,.F.);
#6265=ORIENTED_EDGE('',*,*,#6264,.F.);
#6266=EDGE_LOOP('',(#6249,#6250,#6251,#6252,#6254,#6256,#6257,#6259,#6261,#6263,
#6265));
#6267=FACE_OUTER_BOUND('',#6266,.F.);
#6269=CARTESIAN_POINT('',(0.E0,0.E0,-4.E0));
#6270=DIRECTION('',(0.E0,0.E0,-1.E0));
#6271=DIRECTION('',(1.E0,0.E0,0.E0));
#6272=AXIS2_PLACEMENT_3D('',#6269,#6270,#6271);
#6273=PLANE('',#6272);
#6275=ORIENTED_EDGE('',*,*,#6274,.T.);
#6277=ORIENTED_EDGE('',*,*,#6276,.T.);
#6279=ORIENTED_EDGE('',*,*,#6278,.T.);
#6281=ORIENTED_EDGE('',*,*,#6280,.T.);
#6283=ORIENTED_EDGE('',*,*,#6282,.F.);
#6285=ORIENTED_EDGE('',*,*,#6284,.F.);
#6287=ORIENTED_EDGE('',*,*,#6286,.F.);
#6288=ORIENTED_EDGE('',*,*,#5743,.F.);
#6290=ORIENTED_EDGE('',*,*,#6289,.T.);
#6291=ORIENTED_EDGE('',*,*,#4808,.T.);
#6293=ORIENTED_EDGE('',*,*,#6292,.F.);
#6294=EDGE_LOOP('',(#6275,#6277,#6279,#6281,#6283,#6285,#6287,#6288,#6290,#6291,
#6293));
#6295=FACE_OUTER_BOUND('',#6294,.F.);
#6297=CARTESIAN_POINT('',(-3.070710678119E0,-6.457106781187E-1,-3.158E0));
#6298=DIRECTION('',(-7.071067811865E-1,-7.071067811865E-1,0.E0));
#6299=DIRECTION('',(-7.071067811865E-1,7.071067811865E-1,0.E0));
#6300=AXIS2_PLACEMENT_3D('',#6297,#6298,#6299);
#6301=PLANE('',#6300);
#6303=ORIENTED_EDGE('',*,*,#6302,.T.);
#6305=ORIENTED_EDGE('',*,*,#6304,.T.);
#6306=ORIENTED_EDGE('',*,*,#6081,.T.);
#6308=ORIENTED_EDGE('',*,*,#6307,.F.);
#6309=ORIENTED_EDGE('',*,*,#6199,.F.);
#6310=ORIENTED_EDGE('',*,*,#5165,.F.);
#6311=EDGE_LOOP('',(#6303,#6305,#6306,#6308,#6309,#6310));
#6312=FACE_OUTER_BOUND('',#6311,.F.);
#6314=CARTESIAN_POINT('',(1.45E0,-7.E-1,-4.15E0));
#6315=DIRECTION('',(0.E0,0.E0,-1.E0));
#6316=DIRECTION('',(0.E0,1.E0,0.E0));
#6317=AXIS2_PLACEMENT_3D('',#6314,#6315,#6316);
#6318=PLANE('',#6317);
#6319=ORIENTED_EDGE('',*,*,#5305,.F.);
#6321=ORIENTED_EDGE('',*,*,#6320,.T.);
#6323=ORIENTED_EDGE('',*,*,#6322,.T.);
#6325=ORIENTED_EDGE('',*,*,#6324,.F.);
#6326=ORIENTED_EDGE('',*,*,#5358,.F.);
#6328=ORIENTED_EDGE('',*,*,#6327,.F.);
#6330=ORIENTED_EDGE('',*,*,#6329,.T.);
#6332=ORIENTED_EDGE('',*,*,#6331,.T.);
#6334=ORIENTED_EDGE('',*,*,#6333,.T.);
#6336=ORIENTED_EDGE('',*,*,#6335,.T.);
#6338=ORIENTED_EDGE('',*,*,#6337,.F.);
#6340=ORIENTED_EDGE('',*,*,#6339,.T.);
#6342=ORIENTED_EDGE('',*,*,#6341,.T.);
#6344=ORIENTED_EDGE('',*,*,#6343,.T.);
#6346=ORIENTED_EDGE('',*,*,#6345,.F.);
#6348=ORIENTED_EDGE('',*,*,#6347,.T.);
#6350=ORIENTED_EDGE('',*,*,#6349,.T.);
#6352=ORIENTED_EDGE('',*,*,#6351,.T.);
#6354=ORIENTED_EDGE('',*,*,#6353,.F.);
#6356=ORIENTED_EDGE('',*,*,#6355,.F.);
#6357=ORIENTED_EDGE('',*,*,#4804,.F.);
#6359=ORIENTED_EDGE('',*,*,#6358,.F.);
#6361=ORIENTED_EDGE('',*,*,#6360,.T.);
#6363=ORIENTED_EDGE('',*,*,#6362,.T.);
#6364=ORIENTED_EDGE('',*,*,#4792,.F.);
#6366=ORIENTED_EDGE('',*,*,#6365,.F.);
#6368=ORIENTED_EDGE('',*,*,#6367,.T.);
#6370=ORIENTED_EDGE('',*,*,#6369,.T.);
#6371=ORIENTED_EDGE('',*,*,#4776,.F.);
#6373=ORIENTED_EDGE('',*,*,#6372,.F.);
#6375=ORIENTED_EDGE('',*,*,#6374,.T.);
#6377=ORIENTED_EDGE('',*,*,#6376,.T.);
#6378=ORIENTED_EDGE('',*,*,#4760,.F.);
#6380=ORIENTED_EDGE('',*,*,#6379,.F.);
#6382=ORIENTED_EDGE('',*,*,#6381,.T.);
#6384=ORIENTED_EDGE('',*,*,#6383,.T.);
#6385=ORIENTED_EDGE('',*,*,#4744,.F.);
#6387=ORIENTED_EDGE('',*,*,#6386,.F.);
#6389=ORIENTED_EDGE('',*,*,#6388,.T.);
#6391=ORIENTED_EDGE('',*,*,#6390,.T.);
#6392=ORIENTED_EDGE('',*,*,#4728,.F.);
#6393=ORIENTED_EDGE('',*,*,#5148,.T.);
#6395=ORIENTED_EDGE('',*,*,#6394,.T.);
#6397=ORIENTED_EDGE('',*,*,#6396,.T.);
#6399=ORIENTED_EDGE('',*,*,#6398,.T.);
#6401=ORIENTED_EDGE('',*,*,#6400,.T.);
#6403=ORIENTED_EDGE('',*,*,#6402,.F.);
#6405=ORIENTED_EDGE('',*,*,#6404,.T.);
#6407=ORIENTED_EDGE('',*,*,#6406,.T.);
#6409=ORIENTED_EDGE('',*,*,#6408,.T.);
#6411=ORIENTED_EDGE('',*,*,#6410,.F.);
#6413=ORIENTED_EDGE('',*,*,#6412,.T.);
#6415=ORIENTED_EDGE('',*,*,#6414,.T.);
#6417=ORIENTED_EDGE('',*,*,#6416,.T.);
#6418=ORIENTED_EDGE('',*,*,#6302,.F.);
#6419=ORIENTED_EDGE('',*,*,#5163,.T.);
#6420=ORIENTED_EDGE('',*,*,#5208,.F.);
#6422=ORIENTED_EDGE('',*,*,#6421,.T.);
#6424=ORIENTED_EDGE('',*,*,#6423,.T.);
#6426=ORIENTED_EDGE('',*,*,#6425,.F.);
#6427=ORIENTED_EDGE('',*,*,#5257,.F.);
#6429=ORIENTED_EDGE('',*,*,#6428,.T.);
#6431=ORIENTED_EDGE('',*,*,#6430,.T.);
#6433=ORIENTED_EDGE('',*,*,#6432,.F.);
#6434=ORIENTED_EDGE('',*,*,#5273,.F.);
#6436=ORIENTED_EDGE('',*,*,#6435,.T.);
#6438=ORIENTED_EDGE('',*,*,#6437,.T.);
#6440=ORIENTED_EDGE('',*,*,#6439,.F.);
#6441=ORIENTED_EDGE('',*,*,#5289,.F.);
#6443=ORIENTED_EDGE('',*,*,#6442,.T.);
#6445=ORIENTED_EDGE('',*,*,#6444,.T.);
#6447=ORIENTED_EDGE('',*,*,#6446,.F.);
#6448=EDGE_LOOP('',(#6319,#6321,#6323,#6325,#6326,#6328,#6330,#6332,#6334,#6336,
#6338,#6340,#6342,#6344,#6346,#6348,#6350,#6352,#6354,#6356,#6357,#6359,#6361,
#6363,#6364,#6366,#6368,#6370,#6371,#6373,#6375,#6377,#6378,#6380,#6382,#6384,
#6385,#6387,#6389,#6391,#6392,#6393,#6395,#6397,#6399,#6401,#6403,#6405,#6407,
#6409,#6411,#6413,#6415,#6417,#6418,#6419,#6420,#6422,#6424,#6426,#6427,#6429,
#6431,#6433,#6434,#6436,#6438,#6440,#6441,#6443,#6445,#6447));
#6449=FACE_OUTER_BOUND('',#6448,.F.);
#6451=CARTESIAN_POINT('',(9.E-1,0.E0,0.E0));
#6452=DIRECTION('',(-1.E0,0.E0,0.E0));
#6453=DIRECTION('',(0.E0,0.E0,1.E0));
#6454=AXIS2_PLACEMENT_3D('',#6451,#6452,#6453);
#6455=PLANE('',#6454);
#6457=ORIENTED_EDGE('',*,*,#6456,.F.);
#6459=ORIENTED_EDGE('',*,*,#6458,.F.);
#6460=ORIENTED_EDGE('',*,*,#6320,.F.);
#6461=ORIENTED_EDGE('',*,*,#5303,.F.);
#6463=ORIENTED_EDGE('',*,*,#6462,.T.);
#6464=EDGE_LOOP('',(#6457,#6459,#6460,#6461,#6463));
#6465=FACE_OUTER_BOUND('',#6464,.F.);
#6467=CARTESIAN_POINT('',(9.E-1,0.E0,0.E0));
#6468=DIRECTION('',(-1.E0,0.E0,0.E0));
#6469=DIRECTION('',(0.E0,0.E0,1.E0));
#6470=AXIS2_PLACEMENT_3D('',#6467,#6468,#6469);
#6471=PLANE('',#6470);
#6472=ORIENTED_EDGE('',*,*,#6362,.F.);
#6474=ORIENTED_EDGE('',*,*,#6473,.F.);
#6476=ORIENTED_EDGE('',*,*,#6475,.F.);
#6478=ORIENTED_EDGE('',*,*,#6477,.F.);
#6480=ORIENTED_EDGE('',*,*,#6479,.F.);
#6482=ORIENTED_EDGE('',*,*,#6481,.F.);
#6484=ORIENTED_EDGE('',*,*,#6483,.F.);
#6486=ORIENTED_EDGE('',*,*,#6485,.F.);
#6488=ORIENTED_EDGE('',*,*,#6487,.F.);
#6490=ORIENTED_EDGE('',*,*,#6489,.F.);
#6492=ORIENTED_EDGE('',*,*,#6491,.F.);
#6493=ORIENTED_EDGE('',*,*,#4786,.F.);
#6494=EDGE_LOOP('',(#6472,#6474,#6476,#6478,#6480,#6482,#6484,#6486,#6488,#6490,
#6492,#6493));
#6495=FACE_OUTER_BOUND('',#6494,.F.);
#6497=CARTESIAN_POINT('',(9.E-1,-8.3E-1,-3.95E0));
#6498=DIRECTION('',(-1.E0,0.E0,0.E0));
#6499=DIRECTION('',(0.E0,0.E0,1.E0));
#6500=AXIS2_PLACEMENT_3D('',#6497,#6498,#6499);
#6501=CYLINDRICAL_SURFACE('',#6500,1.E-1);
#6503=ORIENTED_EDGE('',*,*,#6502,.F.);
#6505=ORIENTED_EDGE('',*,*,#6504,.F.);
#6507=ORIENTED_EDGE('',*,*,#6506,.F.);
#6508=ORIENTED_EDGE('',*,*,#6456,.T.);
#6509=EDGE_LOOP('',(#6503,#6505,#6507,#6508));
#6510=FACE_OUTER_BOUND('',#6509,.F.);
#6512=CARTESIAN_POINT('',(1.45E0,-1.E0,-3.85E0));
#6513=DIRECTION('',(0.E0,0.E0,-1.E0));
#6514=DIRECTION('',(0.E0,1.E0,0.E0));
#6515=AXIS2_PLACEMENT_3D('',#6512,#6513,#6514);
#6516=PLANE('',#6515);
#6517=ORIENTED_EDGE('',*,*,#6462,.F.);
#6518=ORIENTED_EDGE('',*,*,#5309,.T.);
#6520=ORIENTED_EDGE('',*,*,#6519,.F.);
#6522=ORIENTED_EDGE('',*,*,#6521,.T.);
#6524=ORIENTED_EDGE('',*,*,#6523,.T.);
#6525=ORIENTED_EDGE('',*,*,#5293,.T.);
#6527=ORIENTED_EDGE('',*,*,#6526,.F.);
#6529=ORIENTED_EDGE('',*,*,#6528,.T.);
#6531=ORIENTED_EDGE('',*,*,#6530,.T.);
#6532=ORIENTED_EDGE('',*,*,#5277,.T.);
#6534=ORIENTED_EDGE('',*,*,#6533,.F.);
#6536=ORIENTED_EDGE('',*,*,#6535,.T.);
#6538=ORIENTED_EDGE('',*,*,#6537,.T.);
#6539=ORIENTED_EDGE('',*,*,#5261,.T.);
#6541=ORIENTED_EDGE('',*,*,#6540,.F.);
#6543=ORIENTED_EDGE('',*,*,#6542,.T.);
#6545=ORIENTED_EDGE('',*,*,#6544,.T.);
#6546=ORIENTED_EDGE('',*,*,#5245,.T.);
#6548=ORIENTED_EDGE('',*,*,#6547,.F.);
#6550=ORIENTED_EDGE('',*,*,#6549,.F.);
#6552=ORIENTED_EDGE('',*,*,#6551,.T.);
#6553=ORIENTED_EDGE('',*,*,#5321,.T.);
#6555=ORIENTED_EDGE('',*,*,#6554,.T.);
#6556=ORIENTED_EDGE('',*,*,#6502,.T.);
#6557=EDGE_LOOP('',(#6517,#6518,#6520,#6522,#6524,#6525,#6527,#6529,#6531,#6532,
#6534,#6536,#6538,#6539,#6541,#6543,#6545,#6546,#6548,#6550,#6552,#6553,#6555,
#6556));
#6558=FACE_OUTER_BOUND('',#6557,.F.);
#6560=CARTESIAN_POINT('',(6.E-1,0.E0,0.E0));
#6561=DIRECTION('',(-1.E0,0.E0,0.E0));
#6562=DIRECTION('',(0.E0,0.E0,1.E0));
#6563=AXIS2_PLACEMENT_3D('',#6560,#6561,#6562);
#6564=PLANE('',#6563);
#6565=ORIENTED_EDGE('',*,*,#6446,.T.);
#6567=ORIENTED_EDGE('',*,*,#6566,.F.);
#6569=ORIENTED_EDGE('',*,*,#6568,.T.);
#6570=ORIENTED_EDGE('',*,*,#6519,.T.);
#6571=ORIENTED_EDGE('',*,*,#5307,.T.);
#6572=EDGE_LOOP('',(#6565,#6567,#6569,#6570,#6571));
#6573=FACE_OUTER_BOUND('',#6572,.F.);
#6575=CARTESIAN_POINT('',(6.E-1,0.E0,0.E0));
#6576=DIRECTION('',(-1.E0,0.E0,0.E0));
#6577=DIRECTION('',(0.E0,0.E0,1.E0));
#6578=AXIS2_PLACEMENT_3D('',#6575,#6576,#6577);
#6579=PLANE('',#6578);
#6580=ORIENTED_EDGE('',*,*,#6365,.T.);
#6581=ORIENTED_EDGE('',*,*,#4790,.T.);
#6583=ORIENTED_EDGE('',*,*,#6582,.T.);
#6585=ORIENTED_EDGE('',*,*,#6584,.F.);
#6587=ORIENTED_EDGE('',*,*,#6586,.F.);
#6589=ORIENTED_EDGE('',*,*,#6588,.T.);
#6591=ORIENTED_EDGE('',*,*,#6590,.T.);
#6593=ORIENTED_EDGE('',*,*,#6592,.T.);
#6595=ORIENTED_EDGE('',*,*,#6594,.T.);
#6597=ORIENTED_EDGE('',*,*,#6596,.T.);
#6599=ORIENTED_EDGE('',*,*,#6598,.T.);
#6601=ORIENTED_EDGE('',*,*,#6600,.T.);
#6602=EDGE_LOOP('',(#6580,#6581,#6583,#6585,#6587,#6589,#6591,#6593,#6595,#6597,
#6599,#6601));
#6603=FACE_OUTER_BOUND('',#6602,.F.);
#6605=CARTESIAN_POINT('',(4.E-1,-9.268245836552E-1,-4.125E0));
#6606=DIRECTION('',(-1.E0,0.E0,0.E0));
#6607=DIRECTION('',(0.E0,0.E0,1.E0));
#6608=AXIS2_PLACEMENT_3D('',#6605,#6606,#6607);
#6609=CYLINDRICAL_SURFACE('',#6608,1.E-1);
#6611=ORIENTED_EDGE('',*,*,#6610,.T.);
#6613=ORIENTED_EDGE('',*,*,#6612,.T.);
#6614=ORIENTED_EDGE('',*,*,#6566,.T.);
#6615=ORIENTED_EDGE('',*,*,#6444,.F.);
#6616=EDGE_LOOP('',(#6611,#6613,#6614,#6615));
#6617=FACE_OUTER_BOUND('',#6616,.F.);
#6619=CARTESIAN_POINT('',(4.E-1,0.E0,0.E0));
#6620=DIRECTION('',(-1.E0,0.E0,0.E0));
#6621=DIRECTION('',(0.E0,0.E0,1.E0));
#6622=AXIS2_PLACEMENT_3D('',#6619,#6620,#6621);
#6623=PLANE('',#6622);
#6625=ORIENTED_EDGE('',*,*,#6624,.F.);
#6626=ORIENTED_EDGE('',*,*,#6610,.F.);
#6627=ORIENTED_EDGE('',*,*,#6442,.F.);
#6628=ORIENTED_EDGE('',*,*,#5287,.F.);
#6629=ORIENTED_EDGE('',*,*,#6523,.F.);
#6630=EDGE_LOOP('',(#6625,#6626,#6627,#6628,#6629));
#6631=FACE_OUTER_BOUND('',#6630,.F.);
#6633=CARTESIAN_POINT('',(4.E-1,0.E0,0.E0));
#6634=DIRECTION('',(-1.E0,0.E0,0.E0));
#6635=DIRECTION('',(0.E0,0.E0,1.E0));
#6636=AXIS2_PLACEMENT_3D('',#6633,#6634,#6635);
#6637=PLANE('',#6636);
#6638=ORIENTED_EDGE('',*,*,#6369,.F.);
#6640=ORIENTED_EDGE('',*,*,#6639,.F.);
#6642=ORIENTED_EDGE('',*,*,#6641,.F.);
#6644=ORIENTED_EDGE('',*,*,#6643,.F.);
#6646=ORIENTED_EDGE('',*,*,#6645,.F.);
#6648=ORIENTED_EDGE('',*,*,#6647,.F.);
#6650=ORIENTED_EDGE('',*,*,#6649,.F.);
#6652=ORIENTED_EDGE('',*,*,#6651,.F.);
#6654=ORIENTED_EDGE('',*,*,#6653,.F.);
#6656=ORIENTED_EDGE('',*,*,#6655,.F.);
#6658=ORIENTED_EDGE('',*,*,#6657,.F.);
#6659=ORIENTED_EDGE('',*,*,#4770,.F.);
#6660=EDGE_LOOP('',(#6638,#6640,#6642,#6644,#6646,#6648,#6650,#6652,#6654,#6656,
#6658,#6659));
#6661=FACE_OUTER_BOUND('',#6660,.F.);
#6663=CARTESIAN_POINT('',(4.E-1,-8.3E-1,-3.95E0));
#6664=DIRECTION('',(-1.E0,0.E0,0.E0));
#6665=DIRECTION('',(0.E0,0.E0,1.E0));
#6666=AXIS2_PLACEMENT_3D('',#6663,#6664,#6665);
#6667=CYLINDRICAL_SURFACE('',#6666,1.E-1);
#6668=ORIENTED_EDGE('',*,*,#6521,.F.);
#6669=ORIENTED_EDGE('',*,*,#6568,.F.);
#6670=ORIENTED_EDGE('',*,*,#6612,.F.);
#6671=ORIENTED_EDGE('',*,*,#6624,.T.);
#6672=EDGE_LOOP('',(#6668,#6669,#6670,#6671));
#6673=FACE_OUTER_BOUND('',#6672,.F.);
#6675=CARTESIAN_POINT('',(4.E-1,7.282982453147E-1,-4.531188940512E0));
#6676=DIRECTION('',(0.E0,-8.191520442890E-1,-5.735764363510E-1));
#6677=DIRECTION('',(0.E0,-5.735764363510E-1,8.191520442890E-1));
#6678=AXIS2_PLACEMENT_3D('',#6675,#6676,#6677);
#6679=PLANE('',#6678);
#6680=ORIENTED_EDGE('',*,*,#6367,.F.);
#6681=ORIENTED_EDGE('',*,*,#6600,.F.);
#6683=ORIENTED_EDGE('',*,*,#6682,.F.);
#6684=ORIENTED_EDGE('',*,*,#6639,.T.);
#6685=EDGE_LOOP('',(#6680,#6681,#6683,#6684));
#6686=FACE_OUTER_BOUND('',#6685,.F.);
#6688=CARTESIAN_POINT('',(4.E-1,6.3E-1,-4.600018112874E0));
#6689=DIRECTION('',(-1.E0,0.E0,0.E0));
#6690=DIRECTION('',(0.E0,0.E0,1.E0));
#6691=AXIS2_PLACEMENT_3D('',#6688,#6689,#6690);
#6692=CYLINDRICAL_SURFACE('',#6691,1.2E-1);
#6693=ORIENTED_EDGE('',*,*,#6641,.T.);
#6694=ORIENTED_EDGE('',*,*,#6682,.T.);
#6695=ORIENTED_EDGE('',*,*,#6598,.F.);
#6697=ORIENTED_EDGE('',*,*,#6696,.F.);
#6698=EDGE_LOOP('',(#6693,#6694,#6695,#6697));
#6699=FACE_OUTER_BOUND('',#6698,.F.);
#6701=CARTESIAN_POINT('',(4.E-1,7.5E-1,-5.2E0));
#6702=DIRECTION('',(0.E0,-1.E0,0.E0));
#6703=DIRECTION('',(0.E0,0.E0,1.E0));
#6704=AXIS2_PLACEMENT_3D('',#6701,#6702,#6703);
#6705=PLANE('',#6704);
#6706=ORIENTED_EDGE('',*,*,#6643,.T.);
#6707=ORIENTED_EDGE('',*,*,#6696,.T.);
#6708=ORIENTED_EDGE('',*,*,#6596,.F.);
#6710=ORIENTED_EDGE('',*,*,#6709,.F.);
#6711=EDGE_LOOP('',(#6706,#6707,#6708,#6710));
#6712=FACE_OUTER_BOUND('',#6711,.F.);
#6714=CARTESIAN_POINT('',(4.E-1,1.02E0,-5.2E0));
#6715=DIRECTION('',(0.E0,0.E0,-1.E0));
#6716=DIRECTION('',(0.E0,-1.E0,0.E0));
#6717=AXIS2_PLACEMENT_3D('',#6714,#6715,#6716);
#6718=PLANE('',#6717);
#6719=ORIENTED_EDGE('',*,*,#6645,.T.);
#6720=ORIENTED_EDGE('',*,*,#6709,.T.);
#6721=ORIENTED_EDGE('',*,*,#6594,.F.);
#6723=ORIENTED_EDGE('',*,*,#6722,.F.);
#6724=EDGE_LOOP('',(#6719,#6720,#6721,#6723));
#6725=FACE_OUTER_BOUND('',#6724,.F.);
#6727=CARTESIAN_POINT('',(4.E-1,1.02E0,-4.449202396360E0));
#6728=DIRECTION('',(0.E0,1.E0,0.E0));
#6729=DIRECTION('',(0.E0,0.E0,-1.E0));
#6730=AXIS2_PLACEMENT_3D('',#6727,#6728,#6729);
#6731=PLANE('',#6730);
#6732=ORIENTED_EDGE('',*,*,#6647,.T.);
#6733=ORIENTED_EDGE('',*,*,#6722,.T.);
#6734=ORIENTED_EDGE('',*,*,#6592,.F.);
#6736=ORIENTED_EDGE('',*,*,#6735,.F.);
#6737=EDGE_LOOP('',(#6732,#6733,#6734,#6736));
#6738=FACE_OUTER_BOUND('',#6737,.F.);
#6740=CARTESIAN_POINT('',(4.E-1,9.2E-1,-4.449202396360E0));
#6741=DIRECTION('',(-1.E0,0.E0,0.E0));
#6742=DIRECTION('',(0.E0,0.E0,1.E0));
#6743=AXIS2_PLACEMENT_3D('',#6740,#6741,#6742);
#6744=CYLINDRICAL_SURFACE('',#6743,1.E-1);
#6745=ORIENTED_EDGE('',*,*,#6649,.T.);
#6746=ORIENTED_EDGE('',*,*,#6735,.T.);
#6747=ORIENTED_EDGE('',*,*,#6590,.F.);
#6749=ORIENTED_EDGE('',*,*,#6748,.F.);
#6750=EDGE_LOOP('',(#6745,#6746,#6747,#6749));
#6751=FACE_OUTER_BOUND('',#6750,.F.);
#6753=CARTESIAN_POINT('',(4.E-1,8.473132220336E-1,-4.184856231102E0));
#6754=DIRECTION('',(0.E0,8.010762509420E-1,5.985623110226E-1));
#6755=DIRECTION('',(0.E0,5.985623110226E-1,-8.010762509420E-1));
#6756=AXIS2_PLACEMENT_3D('',#6753,#6754,#6755);
#6757=PLANE('',#6756);
#6758=ORIENTED_EDGE('',*,*,#6651,.T.);
#6759=ORIENTED_EDGE('',*,*,#6748,.T.);
#6760=ORIENTED_EDGE('',*,*,#6588,.F.);
#6762=ORIENTED_EDGE('',*,*,#6761,.F.);
#6763=EDGE_LOOP('',(#6758,#6759,#6760,#6762));
#6764=FACE_OUTER_BOUND('',#6763,.F.);
#6766=CARTESIAN_POINT('',(4.E-1,9.274208471278E-1,-4.125E0));
#6767=DIRECTION('',(-1.E0,0.E0,0.E0));
#6768=DIRECTION('',(0.E0,0.E0,1.E0));
#6769=AXIS2_PLACEMENT_3D('',#6766,#6767,#6768);
#6770=CYLINDRICAL_SURFACE('',#6769,1.E-1);
#6771=ORIENTED_EDGE('',*,*,#6653,.T.);
#6772=ORIENTED_EDGE('',*,*,#6761,.T.);
#6773=ORIENTED_EDGE('',*,*,#6586,.T.);
#6775=ORIENTED_EDGE('',*,*,#6774,.F.);
#6776=EDGE_LOOP('',(#6771,#6772,#6773,#6775));
#6777=FACE_OUTER_BOUND('',#6776,.F.);
#6779=CARTESIAN_POINT('',(4.E-1,8.305962634726E-1,-3.95E0));
#6780=DIRECTION('',(-1.E0,0.E0,0.E0));
#6781=DIRECTION('',(0.E0,0.E0,1.E0));
#6782=AXIS2_PLACEMENT_3D('',#6779,#6780,#6781);
#6783=CYLINDRICAL_SURFACE('',#6782,1.E-1);
#6784=ORIENTED_EDGE('',*,*,#6655,.T.);
#6785=ORIENTED_EDGE('',*,*,#6774,.T.);
#6786=ORIENTED_EDGE('',*,*,#6584,.T.);
#6788=ORIENTED_EDGE('',*,*,#6787,.T.);
#6789=EDGE_LOOP('',(#6784,#6785,#6786,#6788));
#6790=FACE_OUTER_BOUND('',#6789,.F.);
#6792=CARTESIAN_POINT('',(1.45E0,7.E-1,-3.85E0));
#6793=DIRECTION('',(0.E0,0.E0,-1.E0));
#6794=DIRECTION('',(0.E0,1.E0,0.E0));
#6795=AXIS2_PLACEMENT_3D('',#6792,#6793,#6794);
#6796=PLANE('',#6795);
#6797=ORIENTED_EDGE('',*,*,#6491,.T.);
#6799=ORIENTED_EDGE('',*,*,#6798,.F.);
#6801=ORIENTED_EDGE('',*,*,#6800,.F.);
#6802=ORIENTED_EDGE('',*,*,#4840,.F.);
#6804=ORIENTED_EDGE('',*,*,#6803,.T.);
#6806=ORIENTED_EDGE('',*,*,#6805,.T.);
#6808=ORIENTED_EDGE('',*,*,#6807,.F.);
#6809=ORIENTED_EDGE('',*,*,#4690,.F.);
#6811=ORIENTED_EDGE('',*,*,#6810,.T.);
#6813=ORIENTED_EDGE('',*,*,#6812,.F.);
#6815=ORIENTED_EDGE('',*,*,#6814,.F.);
#6816=ORIENTED_EDGE('',*,*,#4740,.F.);
#6818=ORIENTED_EDGE('',*,*,#6817,.T.);
#6820=ORIENTED_EDGE('',*,*,#6819,.F.);
#6822=ORIENTED_EDGE('',*,*,#6821,.F.);
#6823=ORIENTED_EDGE('',*,*,#4756,.F.);
#6825=ORIENTED_EDGE('',*,*,#6824,.T.);
#6827=ORIENTED_EDGE('',*,*,#6826,.F.);
#6829=ORIENTED_EDGE('',*,*,#6828,.F.);
#6830=ORIENTED_EDGE('',*,*,#4772,.F.);
#6831=ORIENTED_EDGE('',*,*,#6657,.T.);
#6832=ORIENTED_EDGE('',*,*,#6787,.F.);
#6833=ORIENTED_EDGE('',*,*,#6582,.F.);
#6834=ORIENTED_EDGE('',*,*,#4788,.F.);
#6835=EDGE_LOOP('',(#6797,#6799,#6801,#6802,#6804,#6806,#6808,#6809,#6811,#6813,
#6815,#6816,#6818,#6820,#6822,#6823,#6825,#6827,#6829,#6830,#6831,#6832,#6833,
#6834));
#6836=FACE_OUTER_BOUND('',#6835,.F.);
#6838=CARTESIAN_POINT('',(9.E-1,8.305962634726E-1,-3.95E0));
#6839=DIRECTION('',(-1.E0,0.E0,0.E0));
#6840=DIRECTION('',(0.E0,0.E0,1.E0));
#6841=AXIS2_PLACEMENT_3D('',#6838,#6839,#6840);
#6842=CYLINDRICAL_SURFACE('',#6841,1.E-1);
#6843=ORIENTED_EDGE('',*,*,#6489,.T.);
#6845=ORIENTED_EDGE('',*,*,#6844,.T.);
#6847=ORIENTED_EDGE('',*,*,#6846,.T.);
#6848=ORIENTED_EDGE('',*,*,#6798,.T.);
#6849=EDGE_LOOP('',(#6843,#6845,#6847,#6848));
#6850=FACE_OUTER_BOUND('',#6849,.F.);
#6852=CARTESIAN_POINT('',(9.E-1,9.274208471278E-1,-4.125E0));
#6853=DIRECTION('',(-1.E0,0.E0,0.E0));
#6854=DIRECTION('',(0.E0,0.E0,1.E0));
#6855=AXIS2_PLACEMENT_3D('',#6852,#6853,#6854);
#6856=CYLINDRICAL_SURFACE('',#6855,1.E-1);
#6857=ORIENTED_EDGE('',*,*,#6487,.T.);
#6859=ORIENTED_EDGE('',*,*,#6858,.T.);
#6861=ORIENTED_EDGE('',*,*,#6860,.T.);
#6862=ORIENTED_EDGE('',*,*,#6844,.F.);
#6863=EDGE_LOOP('',(#6857,#6859,#6861,#6862));
#6864=FACE_OUTER_BOUND('',#6863,.F.);
#6866=CARTESIAN_POINT('',(9.E-1,8.473132220336E-1,-4.184856231102E0));
#6867=DIRECTION('',(0.E0,8.010762509420E-1,5.985623110226E-1));
#6868=DIRECTION('',(0.E0,5.985623110226E-1,-8.010762509420E-1));
#6869=AXIS2_PLACEMENT_3D('',#6866,#6867,#6868);
#6870=PLANE('',#6869);
#6871=ORIENTED_EDGE('',*,*,#6485,.T.);
#6873=ORIENTED_EDGE('',*,*,#6872,.T.);
#6875=ORIENTED_EDGE('',*,*,#6874,.F.);
#6876=ORIENTED_EDGE('',*,*,#6858,.F.);
#6877=EDGE_LOOP('',(#6871,#6873,#6875,#6876));
#6878=FACE_OUTER_BOUND('',#6877,.F.);
#6880=CARTESIAN_POINT('',(9.E-1,9.2E-1,-4.449202396360E0));
#6881=DIRECTION('',(-1.E0,0.E0,0.E0));
#6882=DIRECTION('',(0.E0,0.E0,1.E0));
#6883=AXIS2_PLACEMENT_3D('',#6880,#6881,#6882);
#6884=CYLINDRICAL_SURFACE('',#6883,1.E-1);
#6885=ORIENTED_EDGE('',*,*,#6483,.T.);
#6887=ORIENTED_EDGE('',*,*,#6886,.T.);
#6889=ORIENTED_EDGE('',*,*,#6888,.F.);
#6890=ORIENTED_EDGE('',*,*,#6872,.F.);
#6891=EDGE_LOOP('',(#6885,#6887,#6889,#6890));
#6892=FACE_OUTER_BOUND('',#6891,.F.);
#6894=CARTESIAN_POINT('',(9.E-1,1.02E0,-4.449202396360E0));
#6895=DIRECTION('',(0.E0,1.E0,0.E0));
#6896=DIRECTION('',(0.E0,0.E0,-1.E0));
#6897=AXIS2_PLACEMENT_3D('',#6894,#6895,#6896);
#6898=PLANE('',#6897);
#6899=ORIENTED_EDGE('',*,*,#6481,.T.);
#6901=ORIENTED_EDGE('',*,*,#6900,.T.);
#6903=ORIENTED_EDGE('',*,*,#6902,.F.);
#6904=ORIENTED_EDGE('',*,*,#6886,.F.);
#6905=EDGE_LOOP('',(#6899,#6901,#6903,#6904));
#6906=FACE_OUTER_BOUND('',#6905,.F.);
#6908=CARTESIAN_POINT('',(9.E-1,1.02E0,-5.2E0));
#6909=DIRECTION('',(0.E0,0.E0,-1.E0));
#6910=DIRECTION('',(0.E0,-1.E0,0.E0));
#6911=AXIS2_PLACEMENT_3D('',#6908,#6909,#6910);
#6912=PLANE('',#6911);
#6913=ORIENTED_EDGE('',*,*,#6479,.T.);
#6915=ORIENTED_EDGE('',*,*,#6914,.T.);
#6917=ORIENTED_EDGE('',*,*,#6916,.F.);
#6918=ORIENTED_EDGE('',*,*,#6900,.F.);
#6919=EDGE_LOOP('',(#6913,#6915,#6917,#6918));
#6920=FACE_OUTER_BOUND('',#6919,.F.);
#6922=CARTESIAN_POINT('',(9.E-1,7.5E-1,-5.2E0));
#6923=DIRECTION('',(0.E0,-1.E0,0.E0));
#6924=DIRECTION('',(0.E0,0.E0,1.E0));
#6925=AXIS2_PLACEMENT_3D('',#6922,#6923,#6924);
#6926=PLANE('',#6925);
#6927=ORIENTED_EDGE('',*,*,#6477,.T.);
#6929=ORIENTED_EDGE('',*,*,#6928,.T.);
#6931=ORIENTED_EDGE('',*,*,#6930,.F.);
#6932=ORIENTED_EDGE('',*,*,#6914,.F.);
#6933=EDGE_LOOP('',(#6927,#6929,#6931,#6932));
#6934=FACE_OUTER_BOUND('',#6933,.F.);
#6936=CARTESIAN_POINT('',(9.E-1,6.3E-1,-4.600018112874E0));
#6937=DIRECTION('',(-1.E0,0.E0,0.E0));
#6938=DIRECTION('',(0.E0,0.E0,1.E0));
#6939=AXIS2_PLACEMENT_3D('',#6936,#6937,#6938);
#6940=CYLINDRICAL_SURFACE('',#6939,1.2E-1);
#6941=ORIENTED_EDGE('',*,*,#6475,.T.);
#6943=ORIENTED_EDGE('',*,*,#6942,.T.);
#6945=ORIENTED_EDGE('',*,*,#6944,.F.);
#6946=ORIENTED_EDGE('',*,*,#6928,.F.);
#6947=EDGE_LOOP('',(#6941,#6943,#6945,#6946));
#6948=FACE_OUTER_BOUND('',#6947,.F.);
#6950=CARTESIAN_POINT('',(9.E-1,7.282982453147E-1,-4.531188940512E0));
#6951=DIRECTION('',(0.E0,-8.191520442890E-1,-5.735764363510E-1));
#6952=DIRECTION('',(0.E0,-5.735764363510E-1,8.191520442890E-1));
#6953=AXIS2_PLACEMENT_3D('',#6950,#6951,#6952);
#6954=PLANE('',#6953);
#6955=ORIENTED_EDGE('',*,*,#6360,.F.);
#6957=ORIENTED_EDGE('',*,*,#6956,.F.);
#6958=ORIENTED_EDGE('',*,*,#6942,.F.);
#6959=ORIENTED_EDGE('',*,*,#6473,.T.);
#6960=EDGE_LOOP('',(#6955,#6957,#6958,#6959));
#6961=FACE_OUTER_BOUND('',#6960,.F.);
#6963=CARTESIAN_POINT('',(1.1E0,0.E0,0.E0));
#6964=DIRECTION('',(-1.E0,0.E0,0.E0));
#6965=DIRECTION('',(0.E0,0.E0,1.E0));
#6966=AXIS2_PLACEMENT_3D('',#6963,#6964,#6965);
#6967=PLANE('',#6966);
#6968=ORIENTED_EDGE('',*,*,#6324,.T.);
#6970=ORIENTED_EDGE('',*,*,#6969,.F.);
#6971=ORIENTED_EDGE('',*,*,#6504,.T.);
#6972=ORIENTED_EDGE('',*,*,#6554,.F.);
#6973=ORIENTED_EDGE('',*,*,#5319,.T.);
#6974=EDGE_LOOP('',(#6968,#6970,#6971,#6972,#6973));
#6975=FACE_OUTER_BOUND('',#6974,.F.);
#6977=CARTESIAN_POINT('',(1.1E0,0.E0,0.E0));
#6978=DIRECTION('',(-1.E0,0.E0,0.E0));
#6979=DIRECTION('',(0.E0,0.E0,1.E0));
#6980=AXIS2_PLACEMENT_3D('',#6977,#6978,#6979);
#6981=PLANE('',#6980);
#6982=ORIENTED_EDGE('',*,*,#6358,.T.);
#6983=ORIENTED_EDGE('',*,*,#4802,.T.);
#6984=ORIENTED_EDGE('',*,*,#6800,.T.);
#6985=ORIENTED_EDGE('',*,*,#6846,.F.);
#6986=ORIENTED_EDGE('',*,*,#6860,.F.);
#6987=ORIENTED_EDGE('',*,*,#6874,.T.);
#6988=ORIENTED_EDGE('',*,*,#6888,.T.);
#6989=ORIENTED_EDGE('',*,*,#6902,.T.);
#6990=ORIENTED_EDGE('',*,*,#6916,.T.);
#6991=ORIENTED_EDGE('',*,*,#6930,.T.);
#6992=ORIENTED_EDGE('',*,*,#6944,.T.);
#6993=ORIENTED_EDGE('',*,*,#6956,.T.);
#6994=EDGE_LOOP('',(#6982,#6983,#6984,#6985,#6986,#6987,#6988,#6989,#6990,#6991,
#6992,#6993));
#6995=FACE_OUTER_BOUND('',#6994,.F.);
#6997=CARTESIAN_POINT('',(9.E-1,-9.268245836552E-1,-4.125E0));
#6998=DIRECTION('',(-1.E0,0.E0,0.E0));
#6999=DIRECTION('',(0.E0,0.E0,1.E0));
#7000=AXIS2_PLACEMENT_3D('',#6997,#6998,#6999);
#7001=CYLINDRICAL_SURFACE('',#7000,1.E-1);
#7002=ORIENTED_EDGE('',*,*,#6458,.T.);
#7003=ORIENTED_EDGE('',*,*,#6506,.T.);
#7004=ORIENTED_EDGE('',*,*,#6969,.T.);
#7005=ORIENTED_EDGE('',*,*,#6322,.F.);
#7006=EDGE_LOOP('',(#7002,#7003,#7004,#7005));
#7007=FACE_OUTER_BOUND('',#7006,.F.);
#7009=CARTESIAN_POINT('',(1.45E0,-9.E-1,0.E0));
#7010=DIRECTION('',(1.E0,0.E0,0.E0));
#7011=DIRECTION('',(0.E0,1.E0,0.E0));
#7012=AXIS2_PLACEMENT_3D('',#7009,#7010,#7011);
#7013=PLANE('',#7012);
#7014=ORIENTED_EDGE('',*,*,#5323,.F.);
#7015=ORIENTED_EDGE('',*,*,#6551,.F.);
#7017=ORIENTED_EDGE('',*,*,#7016,.F.);
#7019=ORIENTED_EDGE('',*,*,#7018,.F.);
#7021=ORIENTED_EDGE('',*,*,#7020,.F.);
#7023=ORIENTED_EDGE('',*,*,#7022,.F.);
#7025=ORIENTED_EDGE('',*,*,#7024,.T.);
#7026=EDGE_LOOP('',(#7014,#7015,#7017,#7019,#7021,#7023,#7025));
#7027=FACE_OUTER_BOUND('',#7026,.F.);
#7029=CARTESIAN_POINT('',(1.45E0,-9.E-1,0.E0));
#7030=DIRECTION('',(1.E0,0.E0,0.E0));
#7031=DIRECTION('',(0.E0,1.E0,0.E0));
#7032=AXIS2_PLACEMENT_3D('',#7029,#7030,#7031);
#7033=PLANE('',#7032);
#7034=ORIENTED_EDGE('',*,*,#5059,.T.);
#7036=ORIENTED_EDGE('',*,*,#7035,.F.);
#7038=ORIENTED_EDGE('',*,*,#7037,.F.);
#7039=ORIENTED_EDGE('',*,*,#6803,.F.);
#7040=ORIENTED_EDGE('',*,*,#4838,.F.);
#7041=EDGE_LOOP('',(#7034,#7036,#7038,#7039,#7040));
#7042=FACE_OUTER_BOUND('',#7041,.F.);
#7044=CARTESIAN_POINT('',(1.45E0,-1.E0,-1.5E-1));
#7045=DIRECTION('',(0.E0,-1.E0,0.E0));
#7046=DIRECTION('',(0.E0,0.E0,-1.E0));
#7047=AXIS2_PLACEMENT_3D('',#7044,#7045,#7046);
#7048=PLANE('',#7047);
#7049=ORIENTED_EDGE('',*,*,#7016,.T.);
#7050=ORIENTED_EDGE('',*,*,#6549,.T.);
#7052=ORIENTED_EDGE('',*,*,#7051,.F.);
#7054=ORIENTED_EDGE('',*,*,#7053,.F.);
#7055=EDGE_LOOP('',(#7049,#7050,#7052,#7054));
#7056=FACE_OUTER_BOUND('',#7055,.F.);
#7058=CARTESIAN_POINT('',(-1.45E0,1.E-1,0.E0));
#7059=DIRECTION('',(-1.E0,0.E0,0.E0));
#7060=DIRECTION('',(0.E0,-1.E0,0.E0));
#7061=AXIS2_PLACEMENT_3D('',#7058,#7059,#7060);
#7062=PLANE('',#7061);
#7063=ORIENTED_EDGE('',*,*,#5243,.F.);
#7065=ORIENTED_EDGE('',*,*,#7064,.F.);
#7067=ORIENTED_EDGE('',*,*,#7066,.T.);
#7069=ORIENTED_EDGE('',*,*,#7068,.T.);
#7071=ORIENTED_EDGE('',*,*,#7070,.T.);
#7072=ORIENTED_EDGE('',*,*,#7051,.T.);
#7073=ORIENTED_EDGE('',*,*,#6547,.T.);
#7074=EDGE_LOOP('',(#7063,#7065,#7067,#7069,#7071,#7072,#7073));
#7075=FACE_OUTER_BOUND('',#7074,.F.);
#7077=CARTESIAN_POINT('',(-1.45E0,1.E-1,0.E0));
#7078=DIRECTION('',(-1.E0,0.E0,0.E0));
#7079=DIRECTION('',(0.E0,-1.E0,0.E0));
#7080=AXIS2_PLACEMENT_3D('',#7077,#7078,#7079);
#7081=PLANE('',#7080);
#7082=ORIENTED_EDGE('',*,*,#5008,.F.);
#7083=ORIENTED_EDGE('',*,*,#4692,.F.);
#7084=ORIENTED_EDGE('',*,*,#6807,.T.);
#7086=ORIENTED_EDGE('',*,*,#7085,.T.);
#7088=ORIENTED_EDGE('',*,*,#7087,.T.);
#7089=EDGE_LOOP('',(#7082,#7083,#7084,#7086,#7088));
#7090=FACE_OUTER_BOUND('',#7089,.F.);
#7092=CARTESIAN_POINT('',(1.45E0,1.E0,-1.25E0));
#7093=DIRECTION('',(0.E0,0.E0,1.E0));
#7094=DIRECTION('',(0.E0,-1.E0,0.E0));
#7095=AXIS2_PLACEMENT_3D('',#7092,#7093,#7094);
#7096=PLANE('',#7095);
#7098=ORIENTED_EDGE('',*,*,#7097,.F.);
#7099=ORIENTED_EDGE('',*,*,#7087,.F.);
#7101=ORIENTED_EDGE('',*,*,#7100,.F.);
#7102=ORIENTED_EDGE('',*,*,#7035,.T.);
#7103=EDGE_LOOP('',(#7098,#7099,#7101,#7102));
#7104=FACE_OUTER_BOUND('',#7103,.F.);
#7106=CARTESIAN_POINT('',(1.45E0,1.E0,-1.25E0));
#7107=DIRECTION('',(0.E0,0.E0,1.E0));
#7108=DIRECTION('',(0.E0,-1.E0,0.E0));
#7109=AXIS2_PLACEMENT_3D('',#7106,#7107,#7108);
#7110=PLANE('',#7109);
#7112=ORIENTED_EDGE('',*,*,#7111,.F.);
#7114=ORIENTED_EDGE('',*,*,#7113,.F.);
#7115=ORIENTED_EDGE('',*,*,#7064,.T.);
#7116=ORIENTED_EDGE('',*,*,#5241,.F.);
#7117=EDGE_LOOP('',(#7112,#7114,#7115,#7116));
#7118=FACE_OUTER_BOUND('',#7117,.F.);
#7120=CARTESIAN_POINT('',(1.45E0,1.E0,-1.25E0));
#7121=DIRECTION('',(0.E0,0.E0,1.E0));
#7122=DIRECTION('',(0.E0,-1.E0,0.E0));
#7123=AXIS2_PLACEMENT_3D('',#7120,#7121,#7122);
#7124=PLANE('',#7123);
#7126=ORIENTED_EDGE('',*,*,#7125,.T.);
#7127=ORIENTED_EDGE('',*,*,#5325,.F.);
#7128=ORIENTED_EDGE('',*,*,#7024,.F.);
#7130=ORIENTED_EDGE('',*,*,#7129,.F.);
#7131=EDGE_LOOP('',(#7126,#7127,#7128,#7130));
#7132=FACE_OUTER_BOUND('',#7131,.F.);
#7134=CARTESIAN_POINT('',(4.05E0,9.E-1,0.E0));
#7135=DIRECTION('',(0.E0,1.E0,0.E0));
#7136=DIRECTION('',(-1.E0,0.E0,0.E0));
#7137=AXIS2_PLACEMENT_3D('',#7134,#7135,#7136);
#7138=PLANE('',#7137);
#7140=ORIENTED_EDGE('',*,*,#7139,.F.);
#7142=ORIENTED_EDGE('',*,*,#7141,.F.);
#7143=ORIENTED_EDGE('',*,*,#5010,.T.);
#7144=ORIENTED_EDGE('',*,*,#7097,.T.);
#7145=ORIENTED_EDGE('',*,*,#5057,.T.);
#7147=ORIENTED_EDGE('',*,*,#7146,.T.);
#7149=ORIENTED_EDGE('',*,*,#7148,.F.);
#7151=ORIENTED_EDGE('',*,*,#7150,.F.);
#7152=EDGE_LOOP('',(#7140,#7142,#7143,#7144,#7145,#7147,#7149,#7151));
#7153=FACE_OUTER_BOUND('',#7152,.F.);
#7155=CARTESIAN_POINT('',(-3.65E0,3.6072E0,-4.E-1));
#7156=DIRECTION('',(0.E0,-1.E0,0.E0));
#7157=DIRECTION('',(0.E0,0.E0,1.E0));
#7158=AXIS2_PLACEMENT_3D('',#7155,#7156,#7157);
#7159=CYLINDRICAL_SURFACE('',#7158,4.E-1);
#7161=ORIENTED_EDGE('',*,*,#7160,.T.);
#7163=ORIENTED_EDGE('',*,*,#7162,.F.);
#7164=ORIENTED_EDGE('',*,*,#7139,.T.);
#7166=ORIENTED_EDGE('',*,*,#7165,.T.);
#7167=EDGE_LOOP('',(#7161,#7163,#7164,#7166));
#7168=FACE_OUTER_BOUND('',#7167,.F.);
#7170=CARTESIAN_POINT('',(-4.05E0,-9.E-1,0.E0));
#7171=DIRECTION('',(0.E0,-1.E0,0.E0));
#7172=DIRECTION('',(1.E0,0.E0,0.E0));
#7173=AXIS2_PLACEMENT_3D('',#7170,#7171,#7172);
#7174=PLANE('',#7173);
#7176=ORIENTED_EDGE('',*,*,#7175,.F.);
#7178=ORIENTED_EDGE('',*,*,#7177,.T.);
#7179=ORIENTED_EDGE('',*,*,#5014,.T.);
#7181=ORIENTED_EDGE('',*,*,#7180,.T.);
#7182=ORIENTED_EDGE('',*,*,#7160,.F.);
#7184=ORIENTED_EDGE('',*,*,#7183,.F.);
#7185=EDGE_LOOP('',(#7176,#7178,#7179,#7181,#7182,#7184));
#7186=FACE_OUTER_BOUND('',#7185,.F.);
#7188=CARTESIAN_POINT('',(-4.05E0,-9.E-1,0.E0));
#7189=DIRECTION('',(0.E0,-1.E0,0.E0));
#7190=DIRECTION('',(1.E0,0.E0,0.E0));
#7191=AXIS2_PLACEMENT_3D('',#7188,#7189,#7190);
#7192=PLANE('',#7191);
#7194=ORIENTED_EDGE('',*,*,#7193,.F.);
#7196=ORIENTED_EDGE('',*,*,#7195,.F.);
#7198=ORIENTED_EDGE('',*,*,#7197,.F.);
#7200=ORIENTED_EDGE('',*,*,#7199,.F.);
#7201=ORIENTED_EDGE('',*,*,#5053,.T.);
#7203=ORIENTED_EDGE('',*,*,#7202,.F.);
#7204=EDGE_LOOP('',(#7194,#7196,#7198,#7200,#7201,#7203));
#7205=FACE_OUTER_BOUND('',#7204,.F.);
#7207=CARTESIAN_POINT('',(-1.75E0,-4.E-1,-1.5E-1));
#7208=DIRECTION('',(7.071067811865E-1,0.E0,7.071067811865E-1));
#7209=DIRECTION('',(7.071067811865E-1,0.E0,-7.071067811865E-1));
#7210=AXIS2_PLACEMENT_3D('',#7207,#7208,#7209);
#7211=PLANE('',#7210);
#7213=ORIENTED_EDGE('',*,*,#7212,.F.);
#7214=ORIENTED_EDGE('',*,*,#7175,.T.);
#7216=ORIENTED_EDGE('',*,*,#7215,.T.);
#7218=ORIENTED_EDGE('',*,*,#7217,.T.);
#7219=EDGE_LOOP('',(#7213,#7214,#7216,#7218));
#7220=FACE_OUTER_BOUND('',#7219,.F.);
#7222=CARTESIAN_POINT('',(-1.6E0,1.E-1,0.E0));
#7223=DIRECTION('',(-1.E0,0.E0,0.E0));
#7224=DIRECTION('',(0.E0,-1.E0,0.E0));
#7225=AXIS2_PLACEMENT_3D('',#7222,#7223,#7224);
#7226=PLANE('',#7225);
#7228=ORIENTED_EDGE('',*,*,#7227,.F.);
#7230=ORIENTED_EDGE('',*,*,#7229,.F.);
#7231=ORIENTED_EDGE('',*,*,#7111,.T.);
#7232=ORIENTED_EDGE('',*,*,#5016,.F.);
#7233=ORIENTED_EDGE('',*,*,#7177,.F.);
#7234=ORIENTED_EDGE('',*,*,#7212,.T.);
#7236=ORIENTED_EDGE('',*,*,#7235,.T.);
#7237=EDGE_LOOP('',(#7228,#7230,#7231,#7232,#7233,#7234,#7236));
#7238=FACE_OUTER_BOUND('',#7237,.F.);
#7240=CARTESIAN_POINT('',(-1.575E0,-1.E-1,-1.375E0));
#7241=DIRECTION('',(9.486832980505E-1,0.E0,3.162277660168E-1));
#7242=DIRECTION('',(3.162277660168E-1,0.E0,-9.486832980505E-1));
#7243=AXIS2_PLACEMENT_3D('',#7240,#7241,#7242);
#7244=PLANE('',#7243);
#7246=ORIENTED_EDGE('',*,*,#7245,.F.);
#7248=ORIENTED_EDGE('',*,*,#7247,.T.);
#7249=ORIENTED_EDGE('',*,*,#7227,.T.);
#7251=ORIENTED_EDGE('',*,*,#7250,.T.);
#7252=EDGE_LOOP('',(#7246,#7248,#7249,#7251));
#7253=FACE_OUTER_BOUND('',#7252,.F.);
#7255=CARTESIAN_POINT('',(-1.55E0,1.E-1,-1.3E0));
#7256=DIRECTION('',(-1.E0,0.E0,0.E0));
#7257=DIRECTION('',(0.E0,-1.E0,0.E0));
#7258=AXIS2_PLACEMENT_3D('',#7255,#7256,#7257);
#7259=PLANE('',#7258);
#7260=ORIENTED_EDGE('',*,*,#7245,.T.);
#7262=ORIENTED_EDGE('',*,*,#7261,.T.);
#7264=ORIENTED_EDGE('',*,*,#7263,.T.);
#7266=ORIENTED_EDGE('',*,*,#7265,.F.);
#7267=EDGE_LOOP('',(#7260,#7262,#7264,#7266));
#7268=FACE_OUTER_BOUND('',#7267,.F.);
#7270=CARTESIAN_POINT('',(1.6E0,1.E-1,0.E0));
#7271=DIRECTION('',(0.E0,1.E0,0.E0));
#7272=DIRECTION('',(-1.E0,0.E0,0.E0));
#7273=AXIS2_PLACEMENT_3D('',#7270,#7271,#7272);
#7274=PLANE('',#7273);
#7276=ORIENTED_EDGE('',*,*,#7275,.F.);
#7278=ORIENTED_EDGE('',*,*,#7277,.F.);
#7280=ORIENTED_EDGE('',*,*,#7279,.T.);
#7282=ORIENTED_EDGE('',*,*,#7281,.T.);
#7283=ORIENTED_EDGE('',*,*,#7261,.F.);
#7284=ORIENTED_EDGE('',*,*,#7250,.F.);
#7285=ORIENTED_EDGE('',*,*,#7235,.F.);
#7286=ORIENTED_EDGE('',*,*,#7217,.F.);
#7288=ORIENTED_EDGE('',*,*,#7287,.T.);
#7290=ORIENTED_EDGE('',*,*,#7289,.F.);
#7291=EDGE_LOOP('',(#7276,#7278,#7280,#7282,#7283,#7284,#7285,#7286,#7288,
#7290));
#7292=FACE_OUTER_BOUND('',#7291,.F.);
#7294=CARTESIAN_POINT('',(1.6E0,-9.E-1,0.E0));
#7295=DIRECTION('',(1.E0,0.E0,0.E0));
#7296=DIRECTION('',(0.E0,1.E0,0.E0));
#7297=AXIS2_PLACEMENT_3D('',#7294,#7295,#7296);
#7298=PLANE('',#7297);
#7300=ORIENTED_EDGE('',*,*,#7299,.F.);
#7301=ORIENTED_EDGE('',*,*,#7275,.T.);
#7303=ORIENTED_EDGE('',*,*,#7302,.T.);
#7304=ORIENTED_EDGE('',*,*,#7202,.T.);
#7305=ORIENTED_EDGE('',*,*,#5051,.T.);
#7306=ORIENTED_EDGE('',*,*,#7125,.F.);
#7308=ORIENTED_EDGE('',*,*,#7307,.T.);
#7309=EDGE_LOOP('',(#7300,#7301,#7303,#7304,#7305,#7306,#7308));
#7310=FACE_OUTER_BOUND('',#7309,.F.);
#7312=CARTESIAN_POINT('',(1.575E0,-1.E-1,-1.375E0));
#7313=DIRECTION('',(-9.486832980505E-1,0.E0,3.162277660168E-1));
#7314=DIRECTION('',(-3.162277660168E-1,0.E0,-9.486832980505E-1));
#7315=AXIS2_PLACEMENT_3D('',#7312,#7313,#7314);
#7316=PLANE('',#7315);
#7318=ORIENTED_EDGE('',*,*,#7317,.F.);
#7319=ORIENTED_EDGE('',*,*,#7277,.T.);
#7320=ORIENTED_EDGE('',*,*,#7299,.T.);
#7322=ORIENTED_EDGE('',*,*,#7321,.T.);
#7323=EDGE_LOOP('',(#7318,#7319,#7320,#7322));
#7324=FACE_OUTER_BOUND('',#7323,.F.);
#7326=CARTESIAN_POINT('',(1.55E0,-3.E-1,-1.3E0));
#7327=DIRECTION('',(1.E0,0.E0,0.E0));
#7328=DIRECTION('',(0.E0,1.E0,0.E0));
#7329=AXIS2_PLACEMENT_3D('',#7326,#7327,#7328);
#7330=PLANE('',#7329);
#7331=ORIENTED_EDGE('',*,*,#7317,.T.);
#7333=ORIENTED_EDGE('',*,*,#7332,.T.);
#7335=ORIENTED_EDGE('',*,*,#7334,.T.);
#7336=ORIENTED_EDGE('',*,*,#7279,.F.);
#7337=EDGE_LOOP('',(#7331,#7333,#7335,#7336));
#7338=FACE_OUTER_BOUND('',#7337,.F.);
#7340=CARTESIAN_POINT('',(1.45E0,-3.E-1,-2.85E0));
#7341=DIRECTION('',(0.E0,1.E0,0.E0));
#7342=DIRECTION('',(0.E0,0.E0,1.E0));
#7343=AXIS2_PLACEMENT_3D('',#7340,#7341,#7342);
#7344=PLANE('',#7343);
#7345=ORIENTED_EDGE('',*,*,#7332,.F.);
#7346=ORIENTED_EDGE('',*,*,#7321,.F.);
#7347=ORIENTED_EDGE('',*,*,#7307,.F.);
#7348=ORIENTED_EDGE('',*,*,#7129,.T.);
#7349=ORIENTED_EDGE('',*,*,#7022,.T.);
#7351=ORIENTED_EDGE('',*,*,#7350,.T.);
#7352=ORIENTED_EDGE('',*,*,#7066,.F.);
#7353=ORIENTED_EDGE('',*,*,#7113,.T.);
#7354=ORIENTED_EDGE('',*,*,#7229,.T.);
#7355=ORIENTED_EDGE('',*,*,#7247,.F.);
#7356=ORIENTED_EDGE('',*,*,#7265,.T.);
#7358=ORIENTED_EDGE('',*,*,#7357,.F.);
#7359=EDGE_LOOP('',(#7345,#7346,#7347,#7348,#7349,#7351,#7352,#7353,#7354,#7355,
#7356,#7358));
#7360=FACE_OUTER_BOUND('',#7359,.F.);
#7362=CARTESIAN_POINT('',(1.45E0,-3.E-1,-7.E-1));
#7363=DIRECTION('',(0.E0,8.087360843032E-1,5.881716976750E-1));
#7364=DIRECTION('',(0.E0,-5.881716976750E-1,8.087360843032E-1));
#7365=AXIS2_PLACEMENT_3D('',#7362,#7363,#7364);
#7366=PLANE('',#7365);
#7367=ORIENTED_EDGE('',*,*,#7020,.T.);
#7369=ORIENTED_EDGE('',*,*,#7368,.T.);
#7370=ORIENTED_EDGE('',*,*,#7068,.F.);
#7371=ORIENTED_EDGE('',*,*,#7350,.F.);
#7372=EDGE_LOOP('',(#7367,#7369,#7370,#7371));
#7373=FACE_OUTER_BOUND('',#7372,.F.);
#7375=CARTESIAN_POINT('',(1.45E0,-7.E-1,-1.5E-1));
#7376=DIRECTION('',(0.E0,0.E0,1.E0));
#7377=DIRECTION('',(0.E0,-1.E0,0.E0));
#7378=AXIS2_PLACEMENT_3D('',#7375,#7376,#7377);
#7379=PLANE('',#7378);
#7380=ORIENTED_EDGE('',*,*,#7018,.T.);
#7381=ORIENTED_EDGE('',*,*,#7053,.T.);
#7382=ORIENTED_EDGE('',*,*,#7070,.F.);
#7383=ORIENTED_EDGE('',*,*,#7368,.F.);
#7384=EDGE_LOOP('',(#7380,#7381,#7382,#7383));
#7385=FACE_OUTER_BOUND('',#7384,.F.);
#7387=CARTESIAN_POINT('',(1.45E0,9.E-2,-2.85E0));
#7388=DIRECTION('',(0.E0,0.E0,1.E0));
#7389=DIRECTION('',(0.E0,-1.E0,0.E0));
#7390=AXIS2_PLACEMENT_3D('',#7387,#7388,#7389);
#7391=PLANE('',#7390);
#7392=ORIENTED_EDGE('',*,*,#7357,.T.);
#7393=ORIENTED_EDGE('',*,*,#7263,.F.);
#7394=ORIENTED_EDGE('',*,*,#7281,.F.);
#7395=ORIENTED_EDGE('',*,*,#7334,.F.);
#7396=EDGE_LOOP('',(#7392,#7393,#7394,#7395));
#7397=FACE_OUTER_BOUND('',#7396,.F.);
#7399=CARTESIAN_POINT('',(1.75E0,-4.E-1,-1.5E-1));
#7400=DIRECTION('',(-7.071067811865E-1,0.E0,7.071067811865E-1));
#7401=DIRECTION('',(-7.071067811865E-1,0.E0,-7.071067811865E-1));
#7402=AXIS2_PLACEMENT_3D('',#7399,#7400,#7401);
#7403=PLANE('',#7402);
#7404=ORIENTED_EDGE('',*,*,#7193,.T.);
#7405=ORIENTED_EDGE('',*,*,#7302,.F.);
#7406=ORIENTED_EDGE('',*,*,#7289,.T.);
#7408=ORIENTED_EDGE('',*,*,#7407,.T.);
#7409=EDGE_LOOP('',(#7404,#7405,#7406,#7408));
#7410=FACE_OUTER_BOUND('',#7409,.F.);
#7412=CARTESIAN_POINT('',(0.E0,0.E0,0.E0));
#7413=DIRECTION('',(0.E0,0.E0,1.E0));
#7414=DIRECTION('',(1.E0,0.E0,0.E0));
#7415=AXIS2_PLACEMENT_3D('',#7412,#7413,#7414);
#7416=PLANE('',#7415);
#7417=ORIENTED_EDGE('',*,*,#7215,.F.);
#7418=ORIENTED_EDGE('',*,*,#7183,.T.);
#7419=ORIENTED_EDGE('',*,*,#7165,.F.);
#7420=ORIENTED_EDGE('',*,*,#7150,.T.);
#7422=ORIENTED_EDGE('',*,*,#7421,.F.);
#7423=ORIENTED_EDGE('',*,*,#7195,.T.);
#7424=ORIENTED_EDGE('',*,*,#7407,.F.);
#7425=ORIENTED_EDGE('',*,*,#7287,.F.);
#7426=EDGE_LOOP('',(#7417,#7418,#7419,#7420,#7422,#7423,#7424,#7425));
#7427=FACE_OUTER_BOUND('',#7426,.F.);
#7429=CARTESIAN_POINT('',(3.65E0,-3.6072E0,-4.E-1));
#7430=DIRECTION('',(0.E0,1.E0,0.E0));
#7431=DIRECTION('',(0.E0,0.E0,1.E0));
#7432=AXIS2_PLACEMENT_3D('',#7429,#7430,#7431);
#7433=CYLINDRICAL_SURFACE('',#7432,4.E-1);
#7434=ORIENTED_EDGE('',*,*,#7148,.T.);
#7436=ORIENTED_EDGE('',*,*,#7435,.F.);
#7437=ORIENTED_EDGE('',*,*,#7197,.T.);
#7438=ORIENTED_EDGE('',*,*,#7421,.T.);
#7439=EDGE_LOOP('',(#7434,#7436,#7437,#7438));
#7440=FACE_OUTER_BOUND('',#7439,.F.);
#7442=CARTESIAN_POINT('',(4.05E0,-9.E-1,0.E0));
#7443=DIRECTION('',(1.E0,0.E0,0.E0));
#7444=DIRECTION('',(0.E0,1.E0,0.E0));
#7445=AXIS2_PLACEMENT_3D('',#7442,#7443,#7444);
#7446=PLANE('',#7445);
#7447=ORIENTED_EDGE('',*,*,#7435,.T.);
#7448=ORIENTED_EDGE('',*,*,#7146,.F.);
#7449=ORIENTED_EDGE('',*,*,#5055,.T.);
#7450=ORIENTED_EDGE('',*,*,#7199,.T.);
#7451=EDGE_LOOP('',(#7447,#7448,#7449,#7450));
#7452=FACE_OUTER_BOUND('',#7451,.F.);
#7454=CARTESIAN_POINT('',(-4.05E0,9.E-1,0.E0));
#7455=DIRECTION('',(-1.E0,0.E0,0.E0));
#7456=DIRECTION('',(0.E0,-1.E0,0.E0));
#7457=AXIS2_PLACEMENT_3D('',#7454,#7455,#7456);
#7458=PLANE('',#7457);
#7459=ORIENTED_EDGE('',*,*,#7162,.T.);
#7460=ORIENTED_EDGE('',*,*,#7180,.F.);
#7461=ORIENTED_EDGE('',*,*,#5012,.T.);
#7462=ORIENTED_EDGE('',*,*,#7141,.T.);
#7463=EDGE_LOOP('',(#7459,#7460,#7461,#7462));
#7464=FACE_OUTER_BOUND('',#7463,.F.);
#7466=CARTESIAN_POINT('',(1.45E0,1.E0,-3.85E0));
#7467=DIRECTION('',(0.E0,1.E0,0.E0));
#7468=DIRECTION('',(0.E0,0.E0,1.E0));
#7469=AXIS2_PLACEMENT_3D('',#7466,#7467,#7468);
#7470=PLANE('',#7469);
#7471=ORIENTED_EDGE('',*,*,#7037,.T.);
#7472=ORIENTED_EDGE('',*,*,#7100,.T.);
#7473=ORIENTED_EDGE('',*,*,#7085,.F.);
#7474=ORIENTED_EDGE('',*,*,#6805,.F.);
#7475=EDGE_LOOP('',(#7471,#7472,#7473,#7474));
#7476=FACE_OUTER_BOUND('',#7475,.F.);
#7478=CARTESIAN_POINT('',(-1.1E0,0.E0,0.E0));
#7479=DIRECTION('',(-1.E0,0.E0,0.E0));
#7480=DIRECTION('',(0.E0,0.E0,1.E0));
#7481=AXIS2_PLACEMENT_3D('',#7478,#7479,#7480);
#7482=PLANE('',#7481);
#7484=ORIENTED_EDGE('',*,*,#7483,.F.);
#7486=ORIENTED_EDGE('',*,*,#7485,.F.);
#7487=ORIENTED_EDGE('',*,*,#6421,.F.);
#7488=ORIENTED_EDGE('',*,*,#5206,.F.);
#7489=ORIENTED_EDGE('',*,*,#6544,.F.);
#7490=EDGE_LOOP('',(#7484,#7486,#7487,#7488,#7489));
#7491=FACE_OUTER_BOUND('',#7490,.F.);
#7493=CARTESIAN_POINT('',(-1.1E0,0.E0,0.E0));
#7494=DIRECTION('',(-1.E0,0.E0,0.E0));
#7495=DIRECTION('',(0.E0,0.E0,1.E0));
#7496=AXIS2_PLACEMENT_3D('',#7493,#7494,#7495);
#7497=PLANE('',#7496);
#7498=ORIENTED_EDGE('',*,*,#6390,.F.);
#7500=ORIENTED_EDGE('',*,*,#7499,.F.);
#7502=ORIENTED_EDGE('',*,*,#7501,.F.);
#7504=ORIENTED_EDGE('',*,*,#7503,.F.);
#7506=ORIENTED_EDGE('',*,*,#7505,.F.);
#7508=ORIENTED_EDGE('',*,*,#7507,.F.);
#7510=ORIENTED_EDGE('',*,*,#7509,.F.);
#7512=ORIENTED_EDGE('',*,*,#7511,.F.);
#7514=ORIENTED_EDGE('',*,*,#7513,.F.);
#7516=ORIENTED_EDGE('',*,*,#7515,.F.);
#7517=ORIENTED_EDGE('',*,*,#6810,.F.);
#7518=ORIENTED_EDGE('',*,*,#4688,.F.);
#7519=EDGE_LOOP('',(#7498,#7500,#7502,#7504,#7506,#7508,#7510,#7512,#7514,#7516,
#7517,#7518));
#7520=FACE_OUTER_BOUND('',#7519,.F.);
#7522=CARTESIAN_POINT('',(-1.1E0,-8.3E-1,-3.95E0));
#7523=DIRECTION('',(-1.E0,0.E0,0.E0));
#7524=DIRECTION('',(0.E0,0.E0,1.E0));
#7525=AXIS2_PLACEMENT_3D('',#7522,#7523,#7524);
#7526=CYLINDRICAL_SURFACE('',#7525,1.E-1);
#7527=ORIENTED_EDGE('',*,*,#6542,.F.);
#7529=ORIENTED_EDGE('',*,*,#7528,.F.);
#7531=ORIENTED_EDGE('',*,*,#7530,.F.);
#7532=ORIENTED_EDGE('',*,*,#7483,.T.);
#7533=EDGE_LOOP('',(#7527,#7529,#7531,#7532));
#7534=FACE_OUTER_BOUND('',#7533,.F.);
#7536=CARTESIAN_POINT('',(-9.E-1,0.E0,0.E0));
#7537=DIRECTION('',(-1.E0,0.E0,0.E0));
#7538=DIRECTION('',(0.E0,0.E0,1.E0));
#7539=AXIS2_PLACEMENT_3D('',#7536,#7537,#7538);
#7540=PLANE('',#7539);
#7541=ORIENTED_EDGE('',*,*,#6425,.T.);
#7543=ORIENTED_EDGE('',*,*,#7542,.F.);
#7544=ORIENTED_EDGE('',*,*,#7528,.T.);
#7545=ORIENTED_EDGE('',*,*,#6540,.T.);
#7546=ORIENTED_EDGE('',*,*,#5259,.T.);
#7547=EDGE_LOOP('',(#7541,#7543,#7544,#7545,#7546));
#7548=FACE_OUTER_BOUND('',#7547,.F.);
#7550=CARTESIAN_POINT('',(-9.E-1,0.E0,0.E0));
#7551=DIRECTION('',(-1.E0,0.E0,0.E0));
#7552=DIRECTION('',(0.E0,0.E0,1.E0));
#7553=AXIS2_PLACEMENT_3D('',#7550,#7551,#7552);
#7554=PLANE('',#7553);
#7555=ORIENTED_EDGE('',*,*,#6386,.T.);
#7556=ORIENTED_EDGE('',*,*,#4742,.T.);
#7557=ORIENTED_EDGE('',*,*,#6814,.T.);
#7559=ORIENTED_EDGE('',*,*,#7558,.F.);
#7561=ORIENTED_EDGE('',*,*,#7560,.F.);
#7563=ORIENTED_EDGE('',*,*,#7562,.T.);
#7565=ORIENTED_EDGE('',*,*,#7564,.T.);
#7567=ORIENTED_EDGE('',*,*,#7566,.T.);
#7569=ORIENTED_EDGE('',*,*,#7568,.T.);
#7571=ORIENTED_EDGE('',*,*,#7570,.T.);
#7573=ORIENTED_EDGE('',*,*,#7572,.T.);
#7575=ORIENTED_EDGE('',*,*,#7574,.T.);
#7576=EDGE_LOOP('',(#7555,#7556,#7557,#7559,#7561,#7563,#7565,#7567,#7569,#7571,
#7573,#7575));
#7577=FACE_OUTER_BOUND('',#7576,.F.);
#7579=CARTESIAN_POINT('',(-1.1E0,-9.268245836552E-1,-4.125E0));
#7580=DIRECTION('',(-1.E0,0.E0,0.E0));
#7581=DIRECTION('',(0.E0,0.E0,1.E0));
#7582=AXIS2_PLACEMENT_3D('',#7579,#7580,#7581);
#7583=CYLINDRICAL_SURFACE('',#7582,1.E-1);
#7584=ORIENTED_EDGE('',*,*,#7485,.T.);
#7585=ORIENTED_EDGE('',*,*,#7530,.T.);
#7586=ORIENTED_EDGE('',*,*,#7542,.T.);
#7587=ORIENTED_EDGE('',*,*,#6423,.F.);
#7588=EDGE_LOOP('',(#7584,#7585,#7586,#7587));
#7589=FACE_OUTER_BOUND('',#7588,.F.);
#7591=CARTESIAN_POINT('',(-1.1E0,8.305962634726E-1,-3.95E0));
#7592=DIRECTION('',(-1.E0,0.E0,0.E0));
#7593=DIRECTION('',(0.E0,0.E0,1.E0));
#7594=AXIS2_PLACEMENT_3D('',#7591,#7592,#7593);
#7595=CYLINDRICAL_SURFACE('',#7594,1.E-1);
#7596=ORIENTED_EDGE('',*,*,#7515,.T.);
#7598=ORIENTED_EDGE('',*,*,#7597,.T.);
#7599=ORIENTED_EDGE('',*,*,#7558,.T.);
#7600=ORIENTED_EDGE('',*,*,#6812,.T.);
#7601=EDGE_LOOP('',(#7596,#7598,#7599,#7600));
#7602=FACE_OUTER_BOUND('',#7601,.F.);
#7604=CARTESIAN_POINT('',(-1.1E0,9.274208471278E-1,-4.125E0));
#7605=DIRECTION('',(-1.E0,0.E0,0.E0));
#7606=DIRECTION('',(0.E0,0.E0,1.E0));
#7607=AXIS2_PLACEMENT_3D('',#7604,#7605,#7606);
#7608=CYLINDRICAL_SURFACE('',#7607,1.E-1);
#7609=ORIENTED_EDGE('',*,*,#7513,.T.);
#7611=ORIENTED_EDGE('',*,*,#7610,.T.);
#7612=ORIENTED_EDGE('',*,*,#7560,.T.);
#7613=ORIENTED_EDGE('',*,*,#7597,.F.);
#7614=EDGE_LOOP('',(#7609,#7611,#7612,#7613));
#7615=FACE_OUTER_BOUND('',#7614,.F.);
#7617=CARTESIAN_POINT('',(-1.1E0,8.473132220336E-1,-4.184856231102E0));
#7618=DIRECTION('',(0.E0,8.010762509420E-1,5.985623110226E-1));
#7619=DIRECTION('',(0.E0,5.985623110226E-1,-8.010762509420E-1));
#7620=AXIS2_PLACEMENT_3D('',#7617,#7618,#7619);
#7621=PLANE('',#7620);
#7622=ORIENTED_EDGE('',*,*,#7511,.T.);
#7624=ORIENTED_EDGE('',*,*,#7623,.T.);
#7625=ORIENTED_EDGE('',*,*,#7562,.F.);
#7626=ORIENTED_EDGE('',*,*,#7610,.F.);
#7627=EDGE_LOOP('',(#7622,#7624,#7625,#7626));
#7628=FACE_OUTER_BOUND('',#7627,.F.);
#7630=CARTESIAN_POINT('',(-1.1E0,9.2E-1,-4.449202396360E0));
#7631=DIRECTION('',(-1.E0,0.E0,0.E0));
#7632=DIRECTION('',(0.E0,0.E0,1.E0));
#7633=AXIS2_PLACEMENT_3D('',#7630,#7631,#7632);
#7634=CYLINDRICAL_SURFACE('',#7633,1.E-1);
#7635=ORIENTED_EDGE('',*,*,#7509,.T.);
#7637=ORIENTED_EDGE('',*,*,#7636,.T.);
#7638=ORIENTED_EDGE('',*,*,#7564,.F.);
#7639=ORIENTED_EDGE('',*,*,#7623,.F.);
#7640=EDGE_LOOP('',(#7635,#7637,#7638,#7639));
#7641=FACE_OUTER_BOUND('',#7640,.F.);
#7643=CARTESIAN_POINT('',(-1.1E0,1.02E0,-4.449202396360E0));
#7644=DIRECTION('',(0.E0,1.E0,0.E0));
#7645=DIRECTION('',(0.E0,0.E0,-1.E0));
#7646=AXIS2_PLACEMENT_3D('',#7643,#7644,#7645);
#7647=PLANE('',#7646);
#7648=ORIENTED_EDGE('',*,*,#7507,.T.);
#7650=ORIENTED_EDGE('',*,*,#7649,.T.);
#7651=ORIENTED_EDGE('',*,*,#7566,.F.);
#7652=ORIENTED_EDGE('',*,*,#7636,.F.);
#7653=EDGE_LOOP('',(#7648,#7650,#7651,#7652));
#7654=FACE_OUTER_BOUND('',#7653,.F.);
#7656=CARTESIAN_POINT('',(-1.1E0,1.02E0,-5.2E0));
#7657=DIRECTION('',(0.E0,0.E0,-1.E0));
#7658=DIRECTION('',(0.E0,-1.E0,0.E0));
#7659=AXIS2_PLACEMENT_3D('',#7656,#7657,#7658);
#7660=PLANE('',#7659);
#7661=ORIENTED_EDGE('',*,*,#7505,.T.);
#7663=ORIENTED_EDGE('',*,*,#7662,.T.);
#7664=ORIENTED_EDGE('',*,*,#7568,.F.);
#7665=ORIENTED_EDGE('',*,*,#7649,.F.);
#7666=EDGE_LOOP('',(#7661,#7663,#7664,#7665));
#7667=FACE_OUTER_BOUND('',#7666,.F.);
#7669=CARTESIAN_POINT('',(-1.1E0,7.5E-1,-5.2E0));
#7670=DIRECTION('',(0.E0,-1.E0,0.E0));
#7671=DIRECTION('',(0.E0,0.E0,1.E0));
#7672=AXIS2_PLACEMENT_3D('',#7669,#7670,#7671);
#7673=PLANE('',#7672);
#7674=ORIENTED_EDGE('',*,*,#7503,.T.);
#7676=ORIENTED_EDGE('',*,*,#7675,.T.);
#7677=ORIENTED_EDGE('',*,*,#7570,.F.);
#7678=ORIENTED_EDGE('',*,*,#7662,.F.);
#7679=EDGE_LOOP('',(#7674,#7676,#7677,#7678));
#7680=FACE_OUTER_BOUND('',#7679,.F.);
#7682=CARTESIAN_POINT('',(-1.1E0,6.3E-1,-4.600018112874E0));
#7683=DIRECTION('',(-1.E0,0.E0,0.E0));
#7684=DIRECTION('',(0.E0,0.E0,1.E0));
#7685=AXIS2_PLACEMENT_3D('',#7682,#7683,#7684);
#7686=CYLINDRICAL_SURFACE('',#7685,1.2E-1);
#7687=ORIENTED_EDGE('',*,*,#7501,.T.);
#7689=ORIENTED_EDGE('',*,*,#7688,.T.);
#7690=ORIENTED_EDGE('',*,*,#7572,.F.);
#7691=ORIENTED_EDGE('',*,*,#7675,.F.);
#7692=EDGE_LOOP('',(#7687,#7689,#7690,#7691));
#7693=FACE_OUTER_BOUND('',#7692,.F.);
#7695=CARTESIAN_POINT('',(-1.1E0,7.282982453147E-1,-4.531188940512E0));
#7696=DIRECTION('',(0.E0,-8.191520442890E-1,-5.735764363510E-1));
#7697=DIRECTION('',(0.E0,-5.735764363510E-1,8.191520442890E-1));
#7698=AXIS2_PLACEMENT_3D('',#7695,#7696,#7697);
#7699=PLANE('',#7698);
#7700=ORIENTED_EDGE('',*,*,#6388,.F.);
#7701=ORIENTED_EDGE('',*,*,#7574,.F.);
#7702=ORIENTED_EDGE('',*,*,#7688,.F.);
#7703=ORIENTED_EDGE('',*,*,#7499,.T.);
#7704=EDGE_LOOP('',(#7700,#7701,#7702,#7703));
#7705=FACE_OUTER_BOUND('',#7704,.F.);
#7707=CARTESIAN_POINT('',(-6.E-1,0.E0,0.E0));
#7708=DIRECTION('',(-1.E0,0.E0,0.E0));
#7709=DIRECTION('',(0.E0,0.E0,1.E0));
#7710=AXIS2_PLACEMENT_3D('',#7707,#7708,#7709);
#7711=PLANE('',#7710);
#7713=ORIENTED_EDGE('',*,*,#7712,.F.);
#7715=ORIENTED_EDGE('',*,*,#7714,.F.);
#7716=ORIENTED_EDGE('',*,*,#6428,.F.);
#7717=ORIENTED_EDGE('',*,*,#5255,.F.);
#7718=ORIENTED_EDGE('',*,*,#6537,.F.);
#7719=EDGE_LOOP('',(#7713,#7715,#7716,#7717,#7718));
#7720=FACE_OUTER_BOUND('',#7719,.F.);
#7722=CARTESIAN_POINT('',(-6.E-1,0.E0,0.E0));
#7723=DIRECTION('',(-1.E0,0.E0,0.E0));
#7724=DIRECTION('',(0.E0,0.E0,1.E0));
#7725=AXIS2_PLACEMENT_3D('',#7722,#7723,#7724);
#7726=PLANE('',#7725);
#7727=ORIENTED_EDGE('',*,*,#6383,.F.);
#7729=ORIENTED_EDGE('',*,*,#7728,.F.);
#7731=ORIENTED_EDGE('',*,*,#7730,.F.);
#7733=ORIENTED_EDGE('',*,*,#7732,.F.);
#7735=ORIENTED_EDGE('',*,*,#7734,.F.);
#7737=ORIENTED_EDGE('',*,*,#7736,.F.);
#7739=ORIENTED_EDGE('',*,*,#7738,.F.);
#7741=ORIENTED_EDGE('',*,*,#7740,.F.);
#7743=ORIENTED_EDGE('',*,*,#7742,.F.);
#7745=ORIENTED_EDGE('',*,*,#7744,.F.);
#7746=ORIENTED_EDGE('',*,*,#6817,.F.);
#7747=ORIENTED_EDGE('',*,*,#4738,.F.);
#7748=EDGE_LOOP('',(#7727,#7729,#7731,#7733,#7735,#7737,#7739,#7741,#7743,#7745,
#7746,#7747));
#7749=FACE_OUTER_BOUND('',#7748,.F.);
#7751=CARTESIAN_POINT('',(-6.E-1,-8.3E-1,-3.95E0));
#7752=DIRECTION('',(-1.E0,0.E0,0.E0));
#7753=DIRECTION('',(0.E0,0.E0,1.E0));
#7754=AXIS2_PLACEMENT_3D('',#7751,#7752,#7753);
#7755=CYLINDRICAL_SURFACE('',#7754,1.E-1);
#7756=ORIENTED_EDGE('',*,*,#6535,.F.);
#7758=ORIENTED_EDGE('',*,*,#7757,.F.);
#7760=ORIENTED_EDGE('',*,*,#7759,.F.);
#7761=ORIENTED_EDGE('',*,*,#7712,.T.);
#7762=EDGE_LOOP('',(#7756,#7758,#7760,#7761));
#7763=FACE_OUTER_BOUND('',#7762,.F.);
#7765=CARTESIAN_POINT('',(-4.E-1,0.E0,0.E0));
#7766=DIRECTION('',(-1.E0,0.E0,0.E0));
#7767=DIRECTION('',(0.E0,0.E0,1.E0));
#7768=AXIS2_PLACEMENT_3D('',#7765,#7766,#7767);
#7769=PLANE('',#7768);
#7770=ORIENTED_EDGE('',*,*,#6432,.T.);
#7772=ORIENTED_EDGE('',*,*,#7771,.F.);
#7773=ORIENTED_EDGE('',*,*,#7757,.T.);
#7774=ORIENTED_EDGE('',*,*,#6533,.T.);
#7775=ORIENTED_EDGE('',*,*,#5275,.T.);
#7776=EDGE_LOOP('',(#7770,#7772,#7773,#7774,#7775));
#7777=FACE_OUTER_BOUND('',#7776,.F.);
#7779=CARTESIAN_POINT('',(-4.E-1,0.E0,0.E0));
#7780=DIRECTION('',(-1.E0,0.E0,0.E0));
#7781=DIRECTION('',(0.E0,0.E0,1.E0));
#7782=AXIS2_PLACEMENT_3D('',#7779,#7780,#7781);
#7783=PLANE('',#7782);
#7784=ORIENTED_EDGE('',*,*,#6379,.T.);
#7785=ORIENTED_EDGE('',*,*,#4758,.T.);
#7786=ORIENTED_EDGE('',*,*,#6821,.T.);
#7788=ORIENTED_EDGE('',*,*,#7787,.F.);
#7790=ORIENTED_EDGE('',*,*,#7789,.F.);
#7792=ORIENTED_EDGE('',*,*,#7791,.T.);
#7794=ORIENTED_EDGE('',*,*,#7793,.T.);
#7796=ORIENTED_EDGE('',*,*,#7795,.T.);
#7798=ORIENTED_EDGE('',*,*,#7797,.T.);
#7800=ORIENTED_EDGE('',*,*,#7799,.T.);
#7802=ORIENTED_EDGE('',*,*,#7801,.T.);
#7804=ORIENTED_EDGE('',*,*,#7803,.T.);
#7805=EDGE_LOOP('',(#7784,#7785,#7786,#7788,#7790,#7792,#7794,#7796,#7798,#7800,
#7802,#7804));
#7806=FACE_OUTER_BOUND('',#7805,.F.);
#7808=CARTESIAN_POINT('',(-6.E-1,-9.268245836552E-1,-4.125E0));
#7809=DIRECTION('',(-1.E0,0.E0,0.E0));
#7810=DIRECTION('',(0.E0,0.E0,1.E0));
#7811=AXIS2_PLACEMENT_3D('',#7808,#7809,#7810);
#7812=CYLINDRICAL_SURFACE('',#7811,1.E-1);
#7813=ORIENTED_EDGE('',*,*,#7714,.T.);
#7814=ORIENTED_EDGE('',*,*,#7759,.T.);
#7815=ORIENTED_EDGE('',*,*,#7771,.T.);
#7816=ORIENTED_EDGE('',*,*,#6430,.F.);
#7817=EDGE_LOOP('',(#7813,#7814,#7815,#7816));
#7818=FACE_OUTER_BOUND('',#7817,.F.);
#7820=CARTESIAN_POINT('',(-6.E-1,8.305962634726E-1,-3.95E0));
#7821=DIRECTION('',(-1.E0,0.E0,0.E0));
#7822=DIRECTION('',(0.E0,0.E0,1.E0));
#7823=AXIS2_PLACEMENT_3D('',#7820,#7821,#7822);
#7824=CYLINDRICAL_SURFACE('',#7823,1.E-1);
#7825=ORIENTED_EDGE('',*,*,#7744,.T.);
#7827=ORIENTED_EDGE('',*,*,#7826,.T.);
#7828=ORIENTED_EDGE('',*,*,#7787,.T.);
#7829=ORIENTED_EDGE('',*,*,#6819,.T.);
#7830=EDGE_LOOP('',(#7825,#7827,#7828,#7829));
#7831=FACE_OUTER_BOUND('',#7830,.F.);
#7833=CARTESIAN_POINT('',(-6.E-1,9.274208471278E-1,-4.125E0));
#7834=DIRECTION('',(-1.E0,0.E0,0.E0));
#7835=DIRECTION('',(0.E0,0.E0,1.E0));
#7836=AXIS2_PLACEMENT_3D('',#7833,#7834,#7835);
#7837=CYLINDRICAL_SURFACE('',#7836,1.E-1);
#7838=ORIENTED_EDGE('',*,*,#7742,.T.);
#7840=ORIENTED_EDGE('',*,*,#7839,.T.);
#7841=ORIENTED_EDGE('',*,*,#7789,.T.);
#7842=ORIENTED_EDGE('',*,*,#7826,.F.);
#7843=EDGE_LOOP('',(#7838,#7840,#7841,#7842));
#7844=FACE_OUTER_BOUND('',#7843,.F.);
#7846=CARTESIAN_POINT('',(-6.E-1,8.473132220336E-1,-4.184856231102E0));
#7847=DIRECTION('',(0.E0,8.010762509420E-1,5.985623110226E-1));
#7848=DIRECTION('',(0.E0,5.985623110226E-1,-8.010762509420E-1));
#7849=AXIS2_PLACEMENT_3D('',#7846,#7847,#7848);
#7850=PLANE('',#7849);
#7851=ORIENTED_EDGE('',*,*,#7740,.T.);
#7853=ORIENTED_EDGE('',*,*,#7852,.T.);
#7854=ORIENTED_EDGE('',*,*,#7791,.F.);
#7855=ORIENTED_EDGE('',*,*,#7839,.F.);
#7856=EDGE_LOOP('',(#7851,#7853,#7854,#7855));
#7857=FACE_OUTER_BOUND('',#7856,.F.);
#7859=CARTESIAN_POINT('',(-6.E-1,9.2E-1,-4.449202396360E0));
#7860=DIRECTION('',(-1.E0,0.E0,0.E0));
#7861=DIRECTION('',(0.E0,0.E0,1.E0));
#7862=AXIS2_PLACEMENT_3D('',#7859,#7860,#7861);
#7863=CYLINDRICAL_SURFACE('',#7862,1.E-1);
#7864=ORIENTED_EDGE('',*,*,#7738,.T.);
#7866=ORIENTED_EDGE('',*,*,#7865,.T.);
#7867=ORIENTED_EDGE('',*,*,#7793,.F.);
#7868=ORIENTED_EDGE('',*,*,#7852,.F.);
#7869=EDGE_LOOP('',(#7864,#7866,#7867,#7868));
#7870=FACE_OUTER_BOUND('',#7869,.F.);
#7872=CARTESIAN_POINT('',(-6.E-1,1.02E0,-4.449202396360E0));
#7873=DIRECTION('',(0.E0,1.E0,0.E0));
#7874=DIRECTION('',(0.E0,0.E0,-1.E0));
#7875=AXIS2_PLACEMENT_3D('',#7872,#7873,#7874);
#7876=PLANE('',#7875);
#7877=ORIENTED_EDGE('',*,*,#7736,.T.);
#7879=ORIENTED_EDGE('',*,*,#7878,.T.);
#7880=ORIENTED_EDGE('',*,*,#7795,.F.);
#7881=ORIENTED_EDGE('',*,*,#7865,.F.);
#7882=EDGE_LOOP('',(#7877,#7879,#7880,#7881));
#7883=FACE_OUTER_BOUND('',#7882,.F.);
#7885=CARTESIAN_POINT('',(-6.E-1,1.02E0,-5.2E0));
#7886=DIRECTION('',(0.E0,0.E0,-1.E0));
#7887=DIRECTION('',(0.E0,-1.E0,0.E0));
#7888=AXIS2_PLACEMENT_3D('',#7885,#7886,#7887);
#7889=PLANE('',#7888);
#7890=ORIENTED_EDGE('',*,*,#7734,.T.);
#7892=ORIENTED_EDGE('',*,*,#7891,.T.);
#7893=ORIENTED_EDGE('',*,*,#7797,.F.);
#7894=ORIENTED_EDGE('',*,*,#7878,.F.);
#7895=EDGE_LOOP('',(#7890,#7892,#7893,#7894));
#7896=FACE_OUTER_BOUND('',#7895,.F.);
#7898=CARTESIAN_POINT('',(-6.E-1,7.5E-1,-5.2E0));
#7899=DIRECTION('',(0.E0,-1.E0,0.E0));
#7900=DIRECTION('',(0.E0,0.E0,1.E0));
#7901=AXIS2_PLACEMENT_3D('',#7898,#7899,#7900);
#7902=PLANE('',#7901);
#7903=ORIENTED_EDGE('',*,*,#7732,.T.);
#7905=ORIENTED_EDGE('',*,*,#7904,.T.);
#7906=ORIENTED_EDGE('',*,*,#7799,.F.);
#7907=ORIENTED_EDGE('',*,*,#7891,.F.);
#7908=EDGE_LOOP('',(#7903,#7905,#7906,#7907));
#7909=FACE_OUTER_BOUND('',#7908,.F.);
#7911=CARTESIAN_POINT('',(-6.E-1,6.3E-1,-4.600018112874E0));
#7912=DIRECTION('',(-1.E0,0.E0,0.E0));
#7913=DIRECTION('',(0.E0,0.E0,1.E0));
#7914=AXIS2_PLACEMENT_3D('',#7911,#7912,#7913);
#7915=CYLINDRICAL_SURFACE('',#7914,1.2E-1);
#7916=ORIENTED_EDGE('',*,*,#7730,.T.);
#7918=ORIENTED_EDGE('',*,*,#7917,.T.);
#7919=ORIENTED_EDGE('',*,*,#7801,.F.);
#7920=ORIENTED_EDGE('',*,*,#7904,.F.);
#7921=EDGE_LOOP('',(#7916,#7918,#7919,#7920));
#7922=FACE_OUTER_BOUND('',#7921,.F.);
#7924=CARTESIAN_POINT('',(-6.E-1,7.282982453147E-1,-4.531188940512E0));
#7925=DIRECTION('',(0.E0,-8.191520442890E-1,-5.735764363510E-1));
#7926=DIRECTION('',(0.E0,-5.735764363510E-1,8.191520442890E-1));
#7927=AXIS2_PLACEMENT_3D('',#7924,#7925,#7926);
#7928=PLANE('',#7927);
#7929=ORIENTED_EDGE('',*,*,#6381,.F.);
#7930=ORIENTED_EDGE('',*,*,#7803,.F.);
#7931=ORIENTED_EDGE('',*,*,#7917,.F.);
#7932=ORIENTED_EDGE('',*,*,#7728,.T.);
#7933=EDGE_LOOP('',(#7929,#7930,#7931,#7932));
#7934=FACE_OUTER_BOUND('',#7933,.F.);
#7936=CARTESIAN_POINT('',(-1.E-1,0.E0,0.E0));
#7937=DIRECTION('',(-1.E0,0.E0,0.E0));
#7938=DIRECTION('',(0.E0,0.E0,1.E0));
#7939=AXIS2_PLACEMENT_3D('',#7936,#7937,#7938);
#7940=PLANE('',#7939);
#7942=ORIENTED_EDGE('',*,*,#7941,.F.);
#7944=ORIENTED_EDGE('',*,*,#7943,.F.);
#7945=ORIENTED_EDGE('',*,*,#6435,.F.);
#7946=ORIENTED_EDGE('',*,*,#5271,.F.);
#7947=ORIENTED_EDGE('',*,*,#6530,.F.);
#7948=EDGE_LOOP('',(#7942,#7944,#7945,#7946,#7947));
#7949=FACE_OUTER_BOUND('',#7948,.F.);
#7951=CARTESIAN_POINT('',(-1.E-1,0.E0,0.E0));
#7952=DIRECTION('',(-1.E0,0.E0,0.E0));
#7953=DIRECTION('',(0.E0,0.E0,1.E0));
#7954=AXIS2_PLACEMENT_3D('',#7951,#7952,#7953);
#7955=PLANE('',#7954);
#7956=ORIENTED_EDGE('',*,*,#6376,.F.);
#7958=ORIENTED_EDGE('',*,*,#7957,.F.);
#7960=ORIENTED_EDGE('',*,*,#7959,.F.);
#7962=ORIENTED_EDGE('',*,*,#7961,.F.);
#7964=ORIENTED_EDGE('',*,*,#7963,.F.);
#7966=ORIENTED_EDGE('',*,*,#7965,.F.);
#7968=ORIENTED_EDGE('',*,*,#7967,.F.);
#7970=ORIENTED_EDGE('',*,*,#7969,.F.);
#7972=ORIENTED_EDGE('',*,*,#7971,.F.);
#7974=ORIENTED_EDGE('',*,*,#7973,.F.);
#7975=ORIENTED_EDGE('',*,*,#6824,.F.);
#7976=ORIENTED_EDGE('',*,*,#4754,.F.);
#7977=EDGE_LOOP('',(#7956,#7958,#7960,#7962,#7964,#7966,#7968,#7970,#7972,#7974,
#7975,#7976));
#7978=FACE_OUTER_BOUND('',#7977,.F.);
#7980=CARTESIAN_POINT('',(-1.E-1,-8.3E-1,-3.95E0));
#7981=DIRECTION('',(-1.E0,0.E0,0.E0));
#7982=DIRECTION('',(0.E0,0.E0,1.E0));
#7983=AXIS2_PLACEMENT_3D('',#7980,#7981,#7982);
#7984=CYLINDRICAL_SURFACE('',#7983,1.E-1);
#7985=ORIENTED_EDGE('',*,*,#6528,.F.);
#7987=ORIENTED_EDGE('',*,*,#7986,.F.);
#7989=ORIENTED_EDGE('',*,*,#7988,.F.);
#7990=ORIENTED_EDGE('',*,*,#7941,.T.);
#7991=EDGE_LOOP('',(#7985,#7987,#7989,#7990));
#7992=FACE_OUTER_BOUND('',#7991,.F.);
#7994=CARTESIAN_POINT('',(1.E-1,0.E0,0.E0));
#7995=DIRECTION('',(-1.E0,0.E0,0.E0));
#7996=DIRECTION('',(0.E0,0.E0,1.E0));
#7997=AXIS2_PLACEMENT_3D('',#7994,#7995,#7996);
#7998=PLANE('',#7997);
#7999=ORIENTED_EDGE('',*,*,#6439,.T.);
#8001=ORIENTED_EDGE('',*,*,#8000,.F.);
#8002=ORIENTED_EDGE('',*,*,#7986,.T.);
#8003=ORIENTED_EDGE('',*,*,#6526,.T.);
#8004=ORIENTED_EDGE('',*,*,#5291,.T.);
#8005=EDGE_LOOP('',(#7999,#8001,#8002,#8003,#8004));
#8006=FACE_OUTER_BOUND('',#8005,.F.);
#8008=CARTESIAN_POINT('',(1.E-1,0.E0,0.E0));
#8009=DIRECTION('',(-1.E0,0.E0,0.E0));
#8010=DIRECTION('',(0.E0,0.E0,1.E0));
#8011=AXIS2_PLACEMENT_3D('',#8008,#8009,#8010);
#8012=PLANE('',#8011);
#8013=ORIENTED_EDGE('',*,*,#6372,.T.);
#8014=ORIENTED_EDGE('',*,*,#4774,.T.);
#8015=ORIENTED_EDGE('',*,*,#6828,.T.);
#8017=ORIENTED_EDGE('',*,*,#8016,.F.);
#8019=ORIENTED_EDGE('',*,*,#8018,.F.);
#8021=ORIENTED_EDGE('',*,*,#8020,.T.);
#8023=ORIENTED_EDGE('',*,*,#8022,.T.);
#8025=ORIENTED_EDGE('',*,*,#8024,.T.);
#8027=ORIENTED_EDGE('',*,*,#8026,.T.);
#8029=ORIENTED_EDGE('',*,*,#8028,.T.);
#8031=ORIENTED_EDGE('',*,*,#8030,.T.);
#8033=ORIENTED_EDGE('',*,*,#8032,.T.);
#8034=EDGE_LOOP('',(#8013,#8014,#8015,#8017,#8019,#8021,#8023,#8025,#8027,#8029,
#8031,#8033));
#8035=FACE_OUTER_BOUND('',#8034,.F.);
#8037=CARTESIAN_POINT('',(-1.E-1,-9.268245836552E-1,-4.125E0));
#8038=DIRECTION('',(-1.E0,0.E0,0.E0));
#8039=DIRECTION('',(0.E0,0.E0,1.E0));
#8040=AXIS2_PLACEMENT_3D('',#8037,#8038,#8039);
#8041=CYLINDRICAL_SURFACE('',#8040,1.E-1);
#8042=ORIENTED_EDGE('',*,*,#7943,.T.);
#8043=ORIENTED_EDGE('',*,*,#7988,.T.);
#8044=ORIENTED_EDGE('',*,*,#8000,.T.);
#8045=ORIENTED_EDGE('',*,*,#6437,.F.);
#8046=EDGE_LOOP('',(#8042,#8043,#8044,#8045));
#8047=FACE_OUTER_BOUND('',#8046,.F.);
#8049=CARTESIAN_POINT('',(-1.E-1,8.305962634726E-1,-3.95E0));
#8050=DIRECTION('',(-1.E0,0.E0,0.E0));
#8051=DIRECTION('',(0.E0,0.E0,1.E0));
#8052=AXIS2_PLACEMENT_3D('',#8049,#8050,#8051);
#8053=CYLINDRICAL_SURFACE('',#8052,1.E-1);
#8054=ORIENTED_EDGE('',*,*,#7973,.T.);
#8056=ORIENTED_EDGE('',*,*,#8055,.T.);
#8057=ORIENTED_EDGE('',*,*,#8016,.T.);
#8058=ORIENTED_EDGE('',*,*,#6826,.T.);
#8059=EDGE_LOOP('',(#8054,#8056,#8057,#8058));
#8060=FACE_OUTER_BOUND('',#8059,.F.);
#8062=CARTESIAN_POINT('',(-1.E-1,9.274208471278E-1,-4.125E0));
#8063=DIRECTION('',(-1.E0,0.E0,0.E0));
#8064=DIRECTION('',(0.E0,0.E0,1.E0));
#8065=AXIS2_PLACEMENT_3D('',#8062,#8063,#8064);
#8066=CYLINDRICAL_SURFACE('',#8065,1.E-1);
#8067=ORIENTED_EDGE('',*,*,#7971,.T.);
#8069=ORIENTED_EDGE('',*,*,#8068,.T.);
#8070=ORIENTED_EDGE('',*,*,#8018,.T.);
#8071=ORIENTED_EDGE('',*,*,#8055,.F.);
#8072=EDGE_LOOP('',(#8067,#8069,#8070,#8071));
#8073=FACE_OUTER_BOUND('',#8072,.F.);
#8075=CARTESIAN_POINT('',(-1.E-1,8.473132220336E-1,-4.184856231102E0));
#8076=DIRECTION('',(0.E0,8.010762509420E-1,5.985623110226E-1));
#8077=DIRECTION('',(0.E0,5.985623110226E-1,-8.010762509420E-1));
#8078=AXIS2_PLACEMENT_3D('',#8075,#8076,#8077);
#8079=PLANE('',#8078);
#8080=ORIENTED_EDGE('',*,*,#7969,.T.);
#8082=ORIENTED_EDGE('',*,*,#8081,.T.);
#8083=ORIENTED_EDGE('',*,*,#8020,.F.);
#8084=ORIENTED_EDGE('',*,*,#8068,.F.);
#8085=EDGE_LOOP('',(#8080,#8082,#8083,#8084));
#8086=FACE_OUTER_BOUND('',#8085,.F.);
#8088=CARTESIAN_POINT('',(-1.E-1,9.2E-1,-4.449202396360E0));
#8089=DIRECTION('',(-1.E0,0.E0,0.E0));
#8090=DIRECTION('',(0.E0,0.E0,1.E0));
#8091=AXIS2_PLACEMENT_3D('',#8088,#8089,#8090);
#8092=CYLINDRICAL_SURFACE('',#8091,1.E-1);
#8093=ORIENTED_EDGE('',*,*,#7967,.T.);
#8095=ORIENTED_EDGE('',*,*,#8094,.T.);
#8096=ORIENTED_EDGE('',*,*,#8022,.F.);
#8097=ORIENTED_EDGE('',*,*,#8081,.F.);
#8098=EDGE_LOOP('',(#8093,#8095,#8096,#8097));
#8099=FACE_OUTER_BOUND('',#8098,.F.);
#8101=CARTESIAN_POINT('',(-1.E-1,1.02E0,-4.449202396360E0));
#8102=DIRECTION('',(0.E0,1.E0,0.E0));
#8103=DIRECTION('',(0.E0,0.E0,-1.E0));
#8104=AXIS2_PLACEMENT_3D('',#8101,#8102,#8103);
#8105=PLANE('',#8104);
#8106=ORIENTED_EDGE('',*,*,#7965,.T.);
#8108=ORIENTED_EDGE('',*,*,#8107,.T.);
#8109=ORIENTED_EDGE('',*,*,#8024,.F.);
#8110=ORIENTED_EDGE('',*,*,#8094,.F.);
#8111=EDGE_LOOP('',(#8106,#8108,#8109,#8110));
#8112=FACE_OUTER_BOUND('',#8111,.F.);
#8114=CARTESIAN_POINT('',(-1.E-1,1.02E0,-5.2E0));
#8115=DIRECTION('',(0.E0,0.E0,-1.E0));
#8116=DIRECTION('',(0.E0,-1.E0,0.E0));
#8117=AXIS2_PLACEMENT_3D('',#8114,#8115,#8116);
#8118=PLANE('',#8117);
#8119=ORIENTED_EDGE('',*,*,#7963,.T.);
#8121=ORIENTED_EDGE('',*,*,#8120,.T.);
#8122=ORIENTED_EDGE('',*,*,#8026,.F.);
#8123=ORIENTED_EDGE('',*,*,#8107,.F.);
#8124=EDGE_LOOP('',(#8119,#8121,#8122,#8123));
#8125=FACE_OUTER_BOUND('',#8124,.F.);
#8127=CARTESIAN_POINT('',(-1.E-1,7.5E-1,-5.2E0));
#8128=DIRECTION('',(0.E0,-1.E0,0.E0));
#8129=DIRECTION('',(0.E0,0.E0,1.E0));
#8130=AXIS2_PLACEMENT_3D('',#8127,#8128,#8129);
#8131=PLANE('',#8130);
#8132=ORIENTED_EDGE('',*,*,#7961,.T.);
#8134=ORIENTED_EDGE('',*,*,#8133,.T.);
#8135=ORIENTED_EDGE('',*,*,#8028,.F.);
#8136=ORIENTED_EDGE('',*,*,#8120,.F.);
#8137=EDGE_LOOP('',(#8132,#8134,#8135,#8136));
#8138=FACE_OUTER_BOUND('',#8137,.F.);
#8140=CARTESIAN_POINT('',(-1.E-1,6.3E-1,-4.600018112874E0));
#8141=DIRECTION('',(-1.E0,0.E0,0.E0));
#8142=DIRECTION('',(0.E0,0.E0,1.E0));
#8143=AXIS2_PLACEMENT_3D('',#8140,#8141,#8142);
#8144=CYLINDRICAL_SURFACE('',#8143,1.2E-1);
#8145=ORIENTED_EDGE('',*,*,#7959,.T.);
#8147=ORIENTED_EDGE('',*,*,#8146,.T.);
#8148=ORIENTED_EDGE('',*,*,#8030,.F.);
#8149=ORIENTED_EDGE('',*,*,#8133,.F.);
#8150=EDGE_LOOP('',(#8145,#8147,#8148,#8149));
#8151=FACE_OUTER_BOUND('',#8150,.F.);
#8153=CARTESIAN_POINT('',(-1.E-1,7.282982453147E-1,-4.531188940512E0));
#8154=DIRECTION('',(0.E0,-8.191520442890E-1,-5.735764363510E-1));
#8155=DIRECTION('',(0.E0,-5.735764363510E-1,8.191520442890E-1));
#8156=AXIS2_PLACEMENT_3D('',#8153,#8154,#8155);
#8157=PLANE('',#8156);
#8158=ORIENTED_EDGE('',*,*,#6374,.F.);
#8159=ORIENTED_EDGE('',*,*,#8032,.F.);
#8160=ORIENTED_EDGE('',*,*,#8146,.F.);
#8161=ORIENTED_EDGE('',*,*,#7957,.T.);
#8162=EDGE_LOOP('',(#8158,#8159,#8160,#8161));
#8163=FACE_OUTER_BOUND('',#8162,.F.);
#8165=CARTESIAN_POINT('',(3.1E0,7.E-1,-1.25E0));
#8166=DIRECTION('',(1.E0,0.E0,0.E0));
#8167=DIRECTION('',(0.E0,0.E0,-1.E0));
#8168=AXIS2_PLACEMENT_3D('',#8165,#8166,#8167);
#8169=PLANE('',#8168);
#8170=ORIENTED_EDGE('',*,*,#4984,.T.);
#8171=ORIENTED_EDGE('',*,*,#4954,.F.);
#8172=ORIENTED_EDGE('',*,*,#5195,.F.);
#8173=ORIENTED_EDGE('',*,*,#5039,.T.);
#8174=EDGE_LOOP('',(#8170,#8171,#8172,#8173));
#8175=FACE_OUTER_BOUND('',#8174,.F.);
#8177=CARTESIAN_POINT('',(3.1E0,7.E-1,-1.25E0));
#8178=DIRECTION('',(1.E0,0.E0,0.E0));
#8179=DIRECTION('',(0.E0,0.E0,-1.E0));
#8180=AXIS2_PLACEMENT_3D('',#8177,#8178,#8179);
#8181=PLANE('',#8180);
#8182=ORIENTED_EDGE('',*,*,#5110,.F.);
#8183=ORIENTED_EDGE('',*,*,#5069,.T.);
#8184=ORIENTED_EDGE('',*,*,#4676,.T.);
#8185=ORIENTED_EDGE('',*,*,#4920,.F.);
#8186=EDGE_LOOP('',(#8182,#8183,#8184,#8185));
#8187=FACE_OUTER_BOUND('',#8186,.F.);
#8189=CARTESIAN_POINT('',(3.1E0,7.E-1,-1.25E0));
#8190=DIRECTION('',(1.E0,0.E0,0.E0));
#8191=DIRECTION('',(0.E0,0.E0,-1.E0));
#8192=AXIS2_PLACEMENT_3D('',#8189,#8190,#8191);
#8193=PLANE('',#8192);
#8195=ORIENTED_EDGE('',*,*,#8194,.F.);
#8196=ORIENTED_EDGE('',*,*,#6327,.T.);
#8197=ORIENTED_EDGE('',*,*,#5356,.F.);
#8198=ORIENTED_EDGE('',*,*,#6255,.T.);
#8199=EDGE_LOOP('',(#8195,#8196,#8197,#8198));
#8200=FACE_OUTER_BOUND('',#8199,.F.);
#8202=CARTESIAN_POINT('',(3.1E0,7.E-1,-1.25E0));
#8203=DIRECTION('',(1.E0,0.E0,0.E0));
#8204=DIRECTION('',(0.E0,0.E0,-1.E0));
#8205=AXIS2_PLACEMENT_3D('',#8202,#8203,#8204);
#8206=PLANE('',#8205);
#8208=ORIENTED_EDGE('',*,*,#8207,.T.);
#8209=ORIENTED_EDGE('',*,*,#6292,.T.);
#8210=ORIENTED_EDGE('',*,*,#4806,.T.);
#8211=ORIENTED_EDGE('',*,*,#6355,.T.);
#8212=EDGE_LOOP('',(#8208,#8209,#8210,#8211));
#8213=FACE_OUTER_BOUND('',#8212,.F.);
#8215=CARTESIAN_POINT('',(3.220710678119E0,-4.957106781187E-1,-3.158E0));
#8216=DIRECTION('',(7.071067811865E-1,-7.071067811865E-1,0.E0));
#8217=DIRECTION('',(-7.071067811865E-1,-7.071067811865E-1,0.E0));
#8218=AXIS2_PLACEMENT_3D('',#8215,#8216,#8217);
#8219=PLANE('',#8218);
#8220=ORIENTED_EDGE('',*,*,#6329,.F.);
#8221=ORIENTED_EDGE('',*,*,#8194,.T.);
#8222=ORIENTED_EDGE('',*,*,#6253,.F.);
#8223=ORIENTED_EDGE('',*,*,#6188,.T.);
#8224=ORIENTED_EDGE('',*,*,#6062,.T.);
#8226=ORIENTED_EDGE('',*,*,#8225,.F.);
#8227=EDGE_LOOP('',(#8220,#8221,#8222,#8223,#8224,#8226));
#8228=FACE_OUTER_BOUND('',#8227,.F.);
#8230=CARTESIAN_POINT('',(3.E0,-5.75E-1,-3.158E0));
#8231=DIRECTION('',(0.E0,0.E0,-1.E0));
#8232=DIRECTION('',(1.E0,0.E0,0.E0));
#8233=AXIS2_PLACEMENT_3D('',#8230,#8231,#8232);
#8234=CYLINDRICAL_SURFACE('',#8233,1.E-1);
#8235=ORIENTED_EDGE('',*,*,#6331,.F.);
#8236=ORIENTED_EDGE('',*,*,#8225,.T.);
#8237=ORIENTED_EDGE('',*,*,#6060,.T.);
#8239=ORIENTED_EDGE('',*,*,#8238,.F.);
#8240=EDGE_LOOP('',(#8235,#8236,#8237,#8239));
#8241=FACE_OUTER_BOUND('',#8240,.F.);
#8243=CARTESIAN_POINT('',(3.E0,-6.75E-1,-3.158E0));
#8244=DIRECTION('',(0.E0,-1.E0,0.E0));
#8245=DIRECTION('',(-1.E0,0.E0,0.E0));
#8246=AXIS2_PLACEMENT_3D('',#8243,#8244,#8245);
#8247=PLANE('',#8246);
#8248=ORIENTED_EDGE('',*,*,#6333,.F.);
#8249=ORIENTED_EDGE('',*,*,#8238,.T.);
#8250=ORIENTED_EDGE('',*,*,#6058,.T.);
#8252=ORIENTED_EDGE('',*,*,#8251,.F.);
#8253=EDGE_LOOP('',(#8248,#8249,#8250,#8252));
#8254=FACE_OUTER_BOUND('',#8253,.F.);
#8256=CARTESIAN_POINT('',(2.099802646526E0,-4.75E-1,-3.158E0));
#8257=DIRECTION('',(0.E0,0.E0,-1.E0));
#8258=DIRECTION('',(1.E0,0.E0,0.E0));
#8259=AXIS2_PLACEMENT_3D('',#8256,#8257,#8258);
#8260=CYLINDRICAL_SURFACE('',#8259,2.E-1);
#8261=ORIENTED_EDGE('',*,*,#6335,.F.);
#8262=ORIENTED_EDGE('',*,*,#8251,.T.);
#8263=ORIENTED_EDGE('',*,*,#6056,.T.);
#8265=ORIENTED_EDGE('',*,*,#8264,.F.);
#8266=EDGE_LOOP('',(#8261,#8262,#8263,#8265));
#8267=FACE_OUTER_BOUND('',#8266,.F.);
#8269=CARTESIAN_POINT('',(1.71E0,-5.647435053981E-1,-3.158E0));
#8270=DIRECTION('',(0.E0,0.E0,-1.E0));
#8271=DIRECTION('',(1.E0,0.E0,0.E0));
#8272=AXIS2_PLACEMENT_3D('',#8269,#8270,#8271);
#8273=CYLINDRICAL_SURFACE('',#8272,2.E-1);
#8274=ORIENTED_EDGE('',*,*,#6337,.T.);
#8275=ORIENTED_EDGE('',*,*,#8264,.T.);
#8276=ORIENTED_EDGE('',*,*,#6054,.T.);
#8278=ORIENTED_EDGE('',*,*,#8277,.F.);
#8279=EDGE_LOOP('',(#8274,#8275,#8276,#8278));
#8280=FACE_OUTER_BOUND('',#8279,.F.);
#8282=CARTESIAN_POINT('',(1.8E0,-1.75E-1,-3.158E0));
#8283=DIRECTION('',(0.E0,0.E0,-1.E0));
#8284=DIRECTION('',(1.E0,0.E0,0.E0));
#8285=AXIS2_PLACEMENT_3D('',#8282,#8283,#8284);
#8286=CYLINDRICAL_SURFACE('',#8285,2.E-1);
#8287=ORIENTED_EDGE('',*,*,#6339,.F.);
#8288=ORIENTED_EDGE('',*,*,#8277,.T.);
#8289=ORIENTED_EDGE('',*,*,#6052,.T.);
#8291=ORIENTED_EDGE('',*,*,#8290,.F.);
#8292=EDGE_LOOP('',(#8287,#8288,#8289,#8291));
#8293=FACE_OUTER_BOUND('',#8292,.F.);
#8295=CARTESIAN_POINT('',(1.6E0,-1.75E-1,-3.158E0));
#8296=DIRECTION('',(-1.E0,0.E0,0.E0));
#8297=DIRECTION('',(0.E0,1.E0,0.E0));
#8298=AXIS2_PLACEMENT_3D('',#8295,#8296,#8297);
#8299=PLANE('',#8298);
#8300=ORIENTED_EDGE('',*,*,#6341,.F.);
#8301=ORIENTED_EDGE('',*,*,#8290,.T.);
#8302=ORIENTED_EDGE('',*,*,#6050,.T.);
#8304=ORIENTED_EDGE('',*,*,#8303,.F.);
#8305=EDGE_LOOP('',(#8300,#8301,#8302,#8304));
#8306=FACE_OUTER_BOUND('',#8305,.F.);
#8308=CARTESIAN_POINT('',(1.8E0,1.75E-1,-3.158E0));
#8309=DIRECTION('',(0.E0,0.E0,-1.E0));
#8310=DIRECTION('',(1.E0,0.E0,0.E0));
#8311=AXIS2_PLACEMENT_3D('',#8308,#8309,#8310);
#8312=CYLINDRICAL_SURFACE('',#8311,2.E-1);
#8313=ORIENTED_EDGE('',*,*,#6343,.F.);
#8314=ORIENTED_EDGE('',*,*,#8303,.T.);
#8315=ORIENTED_EDGE('',*,*,#6048,.T.);
#8317=ORIENTED_EDGE('',*,*,#8316,.F.);
#8318=EDGE_LOOP('',(#8313,#8314,#8315,#8317));
#8319=FACE_OUTER_BOUND('',#8318,.F.);
#8321=CARTESIAN_POINT('',(1.71E0,5.647435053981E-1,-3.158E0));
#8322=DIRECTION('',(0.E0,0.E0,-1.E0));
#8323=DIRECTION('',(1.E0,0.E0,0.E0));
#8324=AXIS2_PLACEMENT_3D('',#8321,#8322,#8323);
#8325=CYLINDRICAL_SURFACE('',#8324,2.E-1);
#8326=ORIENTED_EDGE('',*,*,#6345,.T.);
#8327=ORIENTED_EDGE('',*,*,#8316,.T.);
#8328=ORIENTED_EDGE('',*,*,#6046,.T.);
#8330=ORIENTED_EDGE('',*,*,#8329,.F.);
#8331=EDGE_LOOP('',(#8326,#8327,#8328,#8330));
#8332=FACE_OUTER_BOUND('',#8331,.F.);
#8334=CARTESIAN_POINT('',(2.099802646526E0,4.75E-1,-3.158E0));
#8335=DIRECTION('',(0.E0,0.E0,-1.E0));
#8336=DIRECTION('',(1.E0,0.E0,0.E0));
#8337=AXIS2_PLACEMENT_3D('',#8334,#8335,#8336);
#8338=CYLINDRICAL_SURFACE('',#8337,2.E-1);
#8339=ORIENTED_EDGE('',*,*,#6347,.F.);
#8340=ORIENTED_EDGE('',*,*,#8329,.T.);
#8341=ORIENTED_EDGE('',*,*,#6044,.T.);
#8343=ORIENTED_EDGE('',*,*,#8342,.F.);
#8344=EDGE_LOOP('',(#8339,#8340,#8341,#8343));
#8345=FACE_OUTER_BOUND('',#8344,.F.);
#8347=CARTESIAN_POINT('',(2.099802646526E0,6.75E-1,-3.158E0));
#8348=DIRECTION('',(0.E0,1.E0,0.E0));
#8349=DIRECTION('',(1.E0,0.E0,0.E0));
#8350=AXIS2_PLACEMENT_3D('',#8347,#8348,#8349);
#8351=PLANE('',#8350);
#8352=ORIENTED_EDGE('',*,*,#6349,.F.);
#8353=ORIENTED_EDGE('',*,*,#8342,.T.);
#8354=ORIENTED_EDGE('',*,*,#6042,.T.);
#8356=ORIENTED_EDGE('',*,*,#8355,.F.);
#8357=EDGE_LOOP('',(#8352,#8353,#8354,#8356));
#8358=FACE_OUTER_BOUND('',#8357,.F.);
#8360=CARTESIAN_POINT('',(3.E0,5.75E-1,-3.158E0));
#8361=DIRECTION('',(0.E0,0.E0,-1.E0));
#8362=DIRECTION('',(1.E0,0.E0,0.E0));
#8363=AXIS2_PLACEMENT_3D('',#8360,#8361,#8362);
#8364=CYLINDRICAL_SURFACE('',#8363,1.E-1);
#8365=ORIENTED_EDGE('',*,*,#6351,.F.);
#8366=ORIENTED_EDGE('',*,*,#8355,.T.);
#8367=ORIENTED_EDGE('',*,*,#6040,.T.);
#8369=ORIENTED_EDGE('',*,*,#8368,.F.);
#8370=EDGE_LOOP('',(#8365,#8366,#8367,#8369));
#8371=FACE_OUTER_BOUND('',#8370,.F.);
#8373=CARTESIAN_POINT('',(3.070710678119E0,6.457106781187E-1,-3.158E0));
#8374=DIRECTION('',(7.071067811865E-1,7.071067811865E-1,0.E0));
#8375=DIRECTION('',(7.071067811865E-1,-7.071067811865E-1,0.E0));
#8376=AXIS2_PLACEMENT_3D('',#8373,#8374,#8375);
#8377=PLANE('',#8376);
#8378=ORIENTED_EDGE('',*,*,#6353,.T.);
#8379=ORIENTED_EDGE('',*,*,#8368,.T.);
#8380=ORIENTED_EDGE('',*,*,#6038,.T.);
#8382=ORIENTED_EDGE('',*,*,#8381,.F.);
#8383=ORIENTED_EDGE('',*,*,#6274,.F.);
#8384=ORIENTED_EDGE('',*,*,#8207,.F.);
#8385=EDGE_LOOP('',(#8378,#8379,#8380,#8382,#8383,#8384));
#8386=FACE_OUTER_BOUND('',#8385,.F.);
#8388=CARTESIAN_POINT('',(3.15E0,4.25E-1,-3.158E0));
#8389=DIRECTION('',(0.E0,0.E0,-1.E0));
#8390=DIRECTION('',(1.E0,0.E0,0.E0));
#8391=AXIS2_PLACEMENT_3D('',#8388,#8389,#8390);
#8392=CYLINDRICAL_SURFACE('',#8391,1.E-1);
#8393=ORIENTED_EDGE('',*,*,#6276,.F.);
#8394=ORIENTED_EDGE('',*,*,#8381,.T.);
#8395=ORIENTED_EDGE('',*,*,#6036,.T.);
#8397=ORIENTED_EDGE('',*,*,#8396,.F.);
#8398=EDGE_LOOP('',(#8393,#8394,#8395,#8397));
#8399=FACE_OUTER_BOUND('',#8398,.F.);
#8401=CARTESIAN_POINT('',(3.25E0,4.25E-1,-3.158E0));
#8402=DIRECTION('',(1.E0,0.E0,0.E0));
#8403=DIRECTION('',(0.E0,-1.E0,0.E0));
#8404=AXIS2_PLACEMENT_3D('',#8401,#8402,#8403);
#8405=PLANE('',#8404);
#8406=ORIENTED_EDGE('',*,*,#6034,.T.);
#8408=ORIENTED_EDGE('',*,*,#8407,.F.);
#8409=ORIENTED_EDGE('',*,*,#6278,.F.);
#8410=ORIENTED_EDGE('',*,*,#8396,.T.);
#8411=EDGE_LOOP('',(#8406,#8408,#8409,#8410));
#8412=FACE_OUTER_BOUND('',#8411,.F.);
#8414=CARTESIAN_POINT('',(3.250414981820E0,4.059827725171E-1,-3.158E0));
#8415=CARTESIAN_POINT('',(3.250135966309E0,4.040052381997E-1,-3.158E0));
#8416=CARTESIAN_POINT('',(3.249800471153E0,3.990679481106E-1,-3.158E0));
#8417=CARTESIAN_POINT('',(3.250606229311E0,3.909540544612E-1,-3.158E0));
#8418=CARTESIAN_POINT('',(3.253375710121E0,3.817547099878E-1,-3.158E0));
#8419=CARTESIAN_POINT('',(3.258204144816E0,3.723660721763E-1,-3.158E0));
#8420=CARTESIAN_POINT('',(3.265265538640E0,3.629127132897E-1,-3.158E0));
#8421=CARTESIAN_POINT('',(3.274688771039E0,3.535682786233E-1,-3.158E0));
#8422=CARTESIAN_POINT('',(3.286467814200E0,3.444598083565E-1,-3.158E0));
#8423=CARTESIAN_POINT('',(3.300601915101E0,3.357014380108E-1,-3.158E0));
#8424=CARTESIAN_POINT('',(3.317127878335E0,3.274303462586E-1,-3.158E0));
#8425=CARTESIAN_POINT('',(3.336042142811E0,3.198041353658E-1,-3.158E0));
#8426=CARTESIAN_POINT('',(3.357053403398E0,3.129829597309E-1,-3.158E0));
#8427=CARTESIAN_POINT('',(3.379328596168E0,3.073250790375E-1,-3.158E0));
#8428=CARTESIAN_POINT('',(3.401651186812E0,3.031798496252E-1,-3.158E0));
#8429=CARTESIAN_POINT('',(3.422739116797E0,3.006508214621E-1,-3.158E0));
#8430=CARTESIAN_POINT('',(3.438278209371E0,2.999037964869E-1,-3.158E0));
#8431=CARTESIAN_POINT('',(3.446654702748E0,3.000301890349E-1,-3.158E0));
#8432=CARTESIAN_POINT('',(3.448654692226E0,3.000934444427E-1,-3.158E0));
#8434=DIRECTION('',(0.E0,0.E0,-1.E0));
#8435=VECTOR('',#8434,1.E0);
#8436=SURFACE_OF_LINEAR_EXTRUSION('',#8433,#8435);
#8437=ORIENTED_EDGE('',*,*,#6126,.F.);
#8439=ORIENTED_EDGE('',*,*,#8438,.F.);
#8440=ORIENTED_EDGE('',*,*,#6280,.F.);
#8441=ORIENTED_EDGE('',*,*,#8407,.T.);
#8442=EDGE_LOOP('',(#8437,#8439,#8440,#8441));
#8443=FACE_OUTER_BOUND('',#8442,.F.);
#8445=CARTESIAN_POINT('',(3.442653128049E0,3.E-1,-3.158E0));
#8446=DIRECTION('',(0.E0,1.E0,0.E0));
#8447=DIRECTION('',(1.E0,0.E0,0.E0));
#8448=AXIS2_PLACEMENT_3D('',#8445,#8446,#8447);
#8449=PLANE('',#8448);
#8450=ORIENTED_EDGE('',*,*,#6124,.F.);
#8452=ORIENTED_EDGE('',*,*,#8451,.F.);
#8453=ORIENTED_EDGE('',*,*,#6282,.T.);
#8454=ORIENTED_EDGE('',*,*,#8438,.T.);
#8455=EDGE_LOOP('',(#8450,#8452,#8453,#8454));
#8456=FACE_OUTER_BOUND('',#8455,.F.);
#8458=CARTESIAN_POINT('',(3.5E0,7.35E-1,-1.3E0));
#8459=DIRECTION('',(1.E0,0.E0,0.E0));
#8460=DIRECTION('',(0.E0,-1.E0,0.E0));
#8461=AXIS2_PLACEMENT_3D('',#8458,#8459,#8460);
#8462=PLANE('',#8461);
#8463=ORIENTED_EDGE('',*,*,#6122,.T.);
#8465=ORIENTED_EDGE('',*,*,#8464,.F.);
#8466=ORIENTED_EDGE('',*,*,#6264,.T.);
#8468=ORIENTED_EDGE('',*,*,#8467,.F.);
#8469=ORIENTED_EDGE('',*,*,#4936,.F.);
#8471=ORIENTED_EDGE('',*,*,#8470,.T.);
#8472=ORIENTED_EDGE('',*,*,#6284,.T.);
#8473=ORIENTED_EDGE('',*,*,#8451,.T.);
#8474=EDGE_LOOP('',(#8463,#8465,#8466,#8468,#8469,#8471,#8472,#8473));
#8475=FACE_OUTER_BOUND('',#8474,.F.);
#8477=CARTESIAN_POINT('',(3.5E0,-3.E-1,-3.158E0));
#8478=DIRECTION('',(0.E0,-1.E0,0.E0));
#8479=DIRECTION('',(-1.E0,0.E0,0.E0));
#8480=AXIS2_PLACEMENT_3D('',#8477,#8478,#8479);
#8481=PLANE('',#8480);
#8482=ORIENTED_EDGE('',*,*,#6120,.F.);
#8483=ORIENTED_EDGE('',*,*,#6160,.F.);
#8484=ORIENTED_EDGE('',*,*,#6248,.F.);
#8485=ORIENTED_EDGE('',*,*,#8464,.T.);
#8486=EDGE_LOOP('',(#8482,#8483,#8484,#8485));
#8487=FACE_OUTER_BOUND('',#8486,.F.);
#8489=CARTESIAN_POINT('',(3.25E0,-7.35E-1,-1.3E0));
#8490=DIRECTION('',(0.E0,0.E0,-1.E0));
#8491=DIRECTION('',(1.E0,0.E0,0.E0));
#8492=AXIS2_PLACEMENT_3D('',#8489,#8490,#8491);
#8493=CYLINDRICAL_SURFACE('',#8492,2.5E-1);
#8494=ORIENTED_EDGE('',*,*,#4938,.F.);
#8495=ORIENTED_EDGE('',*,*,#8467,.T.);
#8496=ORIENTED_EDGE('',*,*,#6262,.T.);
#8498=ORIENTED_EDGE('',*,*,#8497,.F.);
#8499=EDGE_LOOP('',(#8494,#8495,#8496,#8498));
#8500=FACE_OUTER_BOUND('',#8499,.F.);
#8502=CARTESIAN_POINT('',(-1.709957324001E0,-9.85E-1,-1.3E0));
#8503=DIRECTION('',(0.E0,-1.E0,0.E0));
#8504=DIRECTION('',(-1.E0,0.E0,0.E0));
#8505=AXIS2_PLACEMENT_3D('',#8502,#8503,#8504);
#8506=PLANE('',#8505);
#8508=ORIENTED_EDGE('',*,*,#8507,.F.);
#8510=ORIENTED_EDGE('',*,*,#8509,.T.);
#8512=ORIENTED_EDGE('',*,*,#8511,.T.);
#8514=ORIENTED_EDGE('',*,*,#8513,.T.);
#8515=ORIENTED_EDGE('',*,*,#6212,.T.);
#8517=ORIENTED_EDGE('',*,*,#8516,.F.);
#8518=ORIENTED_EDGE('',*,*,#4881,.F.);
#8520=ORIENTED_EDGE('',*,*,#8519,.T.);
#8522=ORIENTED_EDGE('',*,*,#8521,.T.);
#8524=ORIENTED_EDGE('',*,*,#8523,.T.);
#8526=ORIENTED_EDGE('',*,*,#8525,.T.);
#8527=ORIENTED_EDGE('',*,*,#5510,.T.);
#8529=ORIENTED_EDGE('',*,*,#8528,.F.);
#8530=ORIENTED_EDGE('',*,*,#5677,.T.);
#8531=EDGE_LOOP('',(#8508,#8510,#8512,#8514,#8515,#8517,#8518,#8520,#8522,#8524,
#8526,#8527,#8529,#8530));
#8532=FACE_OUTER_BOUND('',#8531,.F.);
#8534=CARTESIAN_POINT('',(-1.709957324001E0,-9.85E-1,-1.3E0));
#8535=DIRECTION('',(0.E0,-1.E0,0.E0));
#8536=DIRECTION('',(-1.E0,0.E0,0.E0));
#8537=AXIS2_PLACEMENT_3D('',#8534,#8535,#8536);
#8538=PLANE('',#8537);
#8540=ORIENTED_EDGE('',*,*,#8539,.F.);
#8542=ORIENTED_EDGE('',*,*,#8541,.T.);
#8544=ORIENTED_EDGE('',*,*,#8543,.F.);
#8545=ORIENTED_EDGE('',*,*,#5541,.F.);
#8547=ORIENTED_EDGE('',*,*,#8546,.F.);
#8549=ORIENTED_EDGE('',*,*,#8548,.T.);
#8551=ORIENTED_EDGE('',*,*,#8550,.T.);
#8553=ORIENTED_EDGE('',*,*,#8552,.T.);
#8554=ORIENTED_EDGE('',*,*,#4940,.F.);
#8555=ORIENTED_EDGE('',*,*,#8497,.T.);
#8556=ORIENTED_EDGE('',*,*,#6260,.T.);
#8558=ORIENTED_EDGE('',*,*,#8557,.T.);
#8560=ORIENTED_EDGE('',*,*,#8559,.T.);
#8561=ORIENTED_EDGE('',*,*,#4642,.T.);
#8562=EDGE_LOOP('',(#8540,#8542,#8544,#8545,#8547,#8549,#8551,#8553,#8554,#8555,
#8556,#8558,#8560,#8561));
#8563=FACE_OUTER_BOUND('',#8562,.F.);
#8565=CARTESIAN_POINT('',(-2.049E0,3.6072E0,-3.95E0));
#8566=DIRECTION('',(0.E0,-1.E0,0.E0));
#8567=DIRECTION('',(0.E0,0.E0,-1.E0));
#8568=AXIS2_PLACEMENT_3D('',#8565,#8566,#8567);
#8569=CYLINDRICAL_SURFACE('',#8568,1.E-1);
#8570=ORIENTED_EDGE('',*,*,#8507,.T.);
#8571=ORIENTED_EDGE('',*,*,#5675,.F.);
#8572=ORIENTED_EDGE('',*,*,#5219,.T.);
#8574=ORIENTED_EDGE('',*,*,#8573,.T.);
#8575=EDGE_LOOP('',(#8570,#8571,#8572,#8574));
#8576=FACE_OUTER_BOUND('',#8575,.F.);
#8578=CARTESIAN_POINT('',(-1.948945256222E0,9.85E-1,-4.05E0));
#8579=DIRECTION('',(0.E0,0.E0,-1.E0));
#8580=DIRECTION('',(-1.E0,0.E0,0.E0));
#8581=AXIS2_PLACEMENT_3D('',#8578,#8579,#8580);
#8582=PLANE('',#8581);
#8583=ORIENTED_EDGE('',*,*,#5695,.F.);
#8584=ORIENTED_EDGE('',*,*,#5727,.T.);
#8586=ORIENTED_EDGE('',*,*,#8585,.T.);
#8587=ORIENTED_EDGE('',*,*,#4718,.F.);
#8588=EDGE_LOOP('',(#8583,#8584,#8586,#8587));
#8589=FACE_OUTER_BOUND('',#8588,.F.);
#8591=CARTESIAN_POINT('',(-1.948945256222E0,9.85E-1,-4.05E0));
#8592=DIRECTION('',(0.E0,0.E0,-1.E0));
#8593=DIRECTION('',(-1.E0,0.E0,0.E0));
#8594=AXIS2_PLACEMENT_3D('',#8591,#8592,#8593);
#8595=PLANE('',#8594);
#8596=ORIENTED_EDGE('',*,*,#8573,.F.);
#8597=ORIENTED_EDGE('',*,*,#5217,.T.);
#8599=ORIENTED_EDGE('',*,*,#8598,.T.);
#8600=ORIENTED_EDGE('',*,*,#8509,.F.);
#8601=EDGE_LOOP('',(#8596,#8597,#8599,#8600));
#8602=FACE_OUTER_BOUND('',#8601,.F.);
#8604=CARTESIAN_POINT('',(-2.939945256222E0,9.85E-1,-3.85E0));
#8605=DIRECTION('',(0.E0,1.E0,0.E0));
#8606=DIRECTION('',(1.E0,0.E0,0.E0));
#8607=AXIS2_PLACEMENT_3D('',#8604,#8605,#8606);
#8608=CYLINDRICAL_SURFACE('',#8607,2.E-1);
#8609=ORIENTED_EDGE('',*,*,#5215,.T.);
#8611=ORIENTED_EDGE('',*,*,#8610,.T.);
#8612=ORIENTED_EDGE('',*,*,#8511,.F.);
#8613=ORIENTED_EDGE('',*,*,#8598,.F.);
#8614=EDGE_LOOP('',(#8609,#8611,#8612,#8613));
#8615=FACE_OUTER_BOUND('',#8614,.F.);
#8617=CARTESIAN_POINT('',(-2.939945256222E0,9.85E-1,-3.85E0));
#8618=DIRECTION('',(0.E0,1.E0,0.E0));
#8619=DIRECTION('',(1.E0,0.E0,0.E0));
#8620=AXIS2_PLACEMENT_3D('',#8617,#8618,#8619);
#8621=CYLINDRICAL_SURFACE('',#8620,2.E-1);
#8622=ORIENTED_EDGE('',*,*,#4720,.F.);
#8623=ORIENTED_EDGE('',*,*,#8585,.F.);
#8624=ORIENTED_EDGE('',*,*,#5725,.T.);
#8626=ORIENTED_EDGE('',*,*,#8625,.T.);
#8627=EDGE_LOOP('',(#8622,#8623,#8624,#8626));
#8628=FACE_OUTER_BOUND('',#8627,.F.);
#8630=CARTESIAN_POINT('',(-3.023965569610E0,9.85E-1,-4.031495418505E0));
#8631=DIRECTION('',(-4.201015669389E-1,0.E0,-9.074770925238E-1));
#8632=DIRECTION('',(-9.074770925238E-1,0.E0,4.201015669389E-1));
#8633=AXIS2_PLACEMENT_3D('',#8630,#8631,#8632);
#8634=PLANE('',#8633);
#8635=ORIENTED_EDGE('',*,*,#6227,.T.);
#8636=ORIENTED_EDGE('',*,*,#4722,.F.);
#8637=ORIENTED_EDGE('',*,*,#8625,.F.);
#8638=ORIENTED_EDGE('',*,*,#5723,.T.);
#8639=EDGE_LOOP('',(#8635,#8636,#8637,#8638));
#8640=FACE_OUTER_BOUND('',#8639,.F.);
#8642=CARTESIAN_POINT('',(-3.023965569610E0,9.85E-1,-4.031495418505E0));
#8643=DIRECTION('',(-4.201015669389E-1,0.E0,-9.074770925238E-1));
#8644=DIRECTION('',(-9.074770925238E-1,0.E0,4.201015669389E-1));
#8645=AXIS2_PLACEMENT_3D('',#8642,#8643,#8644);
#8646=PLANE('',#8645);
#8647=ORIENTED_EDGE('',*,*,#8513,.F.);
#8648=ORIENTED_EDGE('',*,*,#8610,.F.);
#8649=ORIENTED_EDGE('',*,*,#5213,.T.);
#8650=ORIENTED_EDGE('',*,*,#6214,.T.);
#8651=EDGE_LOOP('',(#8647,#8648,#8649,#8650));
#8652=FACE_OUTER_BOUND('',#8651,.F.);
#8654=CARTESIAN_POINT('',(-3.25E0,-7.35E-1,-1.3E0));
#8655=DIRECTION('',(0.E0,0.E0,-1.E0));
#8656=DIRECTION('',(1.E0,0.E0,0.E0));
#8657=AXIS2_PLACEMENT_3D('',#8654,#8655,#8656);
#8658=CYLINDRICAL_SURFACE('',#8657,2.5E-1);
#8659=ORIENTED_EDGE('',*,*,#4883,.F.);
#8660=ORIENTED_EDGE('',*,*,#8516,.T.);
#8661=ORIENTED_EDGE('',*,*,#6210,.T.);
#8662=ORIENTED_EDGE('',*,*,#5951,.F.);
#8663=EDGE_LOOP('',(#8659,#8660,#8661,#8662));
#8664=FACE_OUTER_BOUND('',#8663,.F.);
#8666=CARTESIAN_POINT('',(-1.67E0,-9.85E-1,-1.5E0));
#8667=DIRECTION('',(0.E0,1.E0,0.E0));
#8668=DIRECTION('',(1.E0,0.E0,0.E0));
#8669=AXIS2_PLACEMENT_3D('',#8666,#8667,#8668);
#8670=CYLINDRICAL_SURFACE('',#8669,2.E-1);
#8671=ORIENTED_EDGE('',*,*,#4879,.T.);
#8672=ORIENTED_EDGE('',*,*,#5235,.T.);
#8674=ORIENTED_EDGE('',*,*,#8673,.F.);
#8675=ORIENTED_EDGE('',*,*,#8519,.F.);
#8676=EDGE_LOOP('',(#8671,#8672,#8674,#8675));
#8677=FACE_OUTER_BOUND('',#8676,.F.);
#8679=CARTESIAN_POINT('',(-1.47E0,-9.85E-1,-1.5E0));
#8680=DIRECTION('',(-1.E0,0.E0,0.E0));
#8681=DIRECTION('',(0.E0,0.E0,-1.E0));
#8682=AXIS2_PLACEMENT_3D('',#8679,#8680,#8681);
#8683=PLANE('',#8682);
#8684=ORIENTED_EDGE('',*,*,#8673,.T.);
#8685=ORIENTED_EDGE('',*,*,#5233,.T.);
#8687=ORIENTED_EDGE('',*,*,#8686,.T.);
#8689=ORIENTED_EDGE('',*,*,#8688,.F.);
#8690=ORIENTED_EDGE('',*,*,#8521,.F.);
#8691=EDGE_LOOP('',(#8684,#8685,#8687,#8689,#8690));
#8692=FACE_OUTER_BOUND('',#8691,.F.);
#8694=CARTESIAN_POINT('',(0.E0,0.E0,-1.85E0));
#8695=DIRECTION('',(0.E0,0.E0,-1.E0));
#8696=DIRECTION('',(1.E0,0.E0,0.E0));
#8697=AXIS2_PLACEMENT_3D('',#8694,#8695,#8696);
#8698=PLANE('',#8697);
#8699=ORIENTED_EDGE('',*,*,#8686,.F.);
#8700=ORIENTED_EDGE('',*,*,#5231,.T.);
#8702=ORIENTED_EDGE('',*,*,#8701,.F.);
#8704=ORIENTED_EDGE('',*,*,#8703,.T.);
#8705=EDGE_LOOP('',(#8699,#8700,#8702,#8704));
#8706=FACE_OUTER_BOUND('',#8705,.F.);
#8708=CARTESIAN_POINT('',(0.E0,0.E0,-1.85E0));
#8709=DIRECTION('',(0.E0,0.E0,-1.E0));
#8710=DIRECTION('',(1.E0,0.E0,0.E0));
#8711=AXIS2_PLACEMENT_3D('',#8708,#8709,#8710);
#8712=PLANE('',#8711);
#8714=ORIENTED_EDGE('',*,*,#8713,.T.);
#8716=ORIENTED_EDGE('',*,*,#8715,.T.);
#8718=ORIENTED_EDGE('',*,*,#8717,.T.);
#8719=ORIENTED_EDGE('',*,*,#5335,.T.);
#8720=EDGE_LOOP('',(#8714,#8716,#8718,#8719));
#8721=FACE_OUTER_BOUND('',#8720,.F.);
#8723=CARTESIAN_POINT('',(-1.449971355665E0,6.939313906588E-1,-1.3E0));
#8724=DIRECTION('',(9.999958533982E-1,-2.879789285339E-3,0.E0));
#8725=DIRECTION('',(-2.879789285339E-3,-9.999958533982E-1,0.E0));
#8726=AXIS2_PLACEMENT_3D('',#8723,#8724,#8725);
#8727=PLANE('',#8726);
#8728=ORIENTED_EDGE('',*,*,#8701,.T.);
#8729=ORIENTED_EDGE('',*,*,#5229,.T.);
#8730=ORIENTED_EDGE('',*,*,#5516,.T.);
#8732=ORIENTED_EDGE('',*,*,#8731,.F.);
#8733=EDGE_LOOP('',(#8728,#8729,#8730,#8732));
#8734=FACE_OUTER_BOUND('',#8733,.F.);
#8736=CARTESIAN_POINT('',(-1.454E0,-7.05E-1,-1.3E0));
#8737=DIRECTION('',(9.396926207859E-1,-3.420201433257E-1,0.E0));
#8738=DIRECTION('',(-3.420201433257E-1,-9.396926207859E-1,0.E0));
#8739=AXIS2_PLACEMENT_3D('',#8736,#8737,#8738);
#8740=PLANE('',#8739);
#8742=ORIENTED_EDGE('',*,*,#8741,.F.);
#8743=ORIENTED_EDGE('',*,*,#8703,.F.);
#8744=ORIENTED_EDGE('',*,*,#8731,.T.);
#8745=ORIENTED_EDGE('',*,*,#5514,.T.);
#8747=ORIENTED_EDGE('',*,*,#8746,.F.);
#8748=EDGE_LOOP('',(#8742,#8743,#8744,#8745,#8747));
#8749=FACE_OUTER_BOUND('',#8748,.F.);
#8751=CARTESIAN_POINT('',(-1.47E0,-9.85E-1,-1.85E0));
#8752=DIRECTION('',(0.E0,0.E0,1.E0));
#8753=DIRECTION('',(-1.E0,0.E0,0.E0));
#8754=AXIS2_PLACEMENT_3D('',#8751,#8752,#8753);
#8755=PLANE('',#8754);
#8756=ORIENTED_EDGE('',*,*,#8523,.F.);
#8757=ORIENTED_EDGE('',*,*,#8688,.T.);
#8758=ORIENTED_EDGE('',*,*,#8741,.T.);
#8760=ORIENTED_EDGE('',*,*,#8759,.T.);
#8761=EDGE_LOOP('',(#8756,#8757,#8758,#8760));
#8762=FACE_OUTER_BOUND('',#8761,.F.);
#8764=CARTESIAN_POINT('',(-1.709957324001E0,-7.65E-1,-1.3E0));
#8765=DIRECTION('',(0.E0,0.E0,-1.E0));
#8766=DIRECTION('',(1.E0,0.E0,0.E0));
#8767=AXIS2_PLACEMENT_3D('',#8764,#8765,#8766);
#8768=CYLINDRICAL_SURFACE('',#8767,2.2E-1);
#8769=ORIENTED_EDGE('',*,*,#8759,.F.);
#8770=ORIENTED_EDGE('',*,*,#8746,.T.);
#8771=ORIENTED_EDGE('',*,*,#5512,.T.);
#8772=ORIENTED_EDGE('',*,*,#8525,.F.);
#8773=EDGE_LOOP('',(#8769,#8770,#8771,#8772));
#8774=FACE_OUTER_BOUND('',#8773,.F.);
#8776=CARTESIAN_POINT('',(1.47E0,-9.85E-1,-1.85E0));
#8777=DIRECTION('',(1.E0,0.E0,0.E0));
#8778=DIRECTION('',(0.E0,0.E0,1.E0));
#8779=AXIS2_PLACEMENT_3D('',#8776,#8777,#8778);
#8780=PLANE('',#8779);
#8782=ORIENTED_EDGE('',*,*,#8781,.F.);
#8783=ORIENTED_EDGE('',*,*,#8550,.F.);
#8785=ORIENTED_EDGE('',*,*,#8784,.T.);
#8786=ORIENTED_EDGE('',*,*,#8713,.F.);
#8787=ORIENTED_EDGE('',*,*,#5333,.T.);
#8788=EDGE_LOOP('',(#8782,#8783,#8785,#8786,#8787));
#8789=FACE_OUTER_BOUND('',#8788,.F.);
#8791=CARTESIAN_POINT('',(1.67E0,-9.85E-1,-1.5E0));
#8792=DIRECTION('',(0.E0,1.E0,0.E0));
#8793=DIRECTION('',(1.E0,0.E0,0.E0));
#8794=AXIS2_PLACEMENT_3D('',#8791,#8792,#8793);
#8795=CYLINDRICAL_SURFACE('',#8794,2.E-1);
#8796=ORIENTED_EDGE('',*,*,#8781,.T.);
#8797=ORIENTED_EDGE('',*,*,#5331,.T.);
#8798=ORIENTED_EDGE('',*,*,#4942,.F.);
#8799=ORIENTED_EDGE('',*,*,#8552,.F.);
#8800=EDGE_LOOP('',(#8796,#8797,#8798,#8799));
#8801=FACE_OUTER_BOUND('',#8800,.F.);
#8803=CARTESIAN_POINT('',(1.71E0,-9.85E-1,-1.85E0));
#8804=DIRECTION('',(0.E0,0.E0,1.E0));
#8805=DIRECTION('',(-1.E0,0.E0,0.E0));
#8806=AXIS2_PLACEMENT_3D('',#8803,#8804,#8805);
#8807=PLANE('',#8806);
#8808=ORIENTED_EDGE('',*,*,#8548,.F.);
#8810=ORIENTED_EDGE('',*,*,#8809,.T.);
#8812=ORIENTED_EDGE('',*,*,#8811,.T.);
#8813=ORIENTED_EDGE('',*,*,#8784,.F.);
#8814=EDGE_LOOP('',(#8808,#8810,#8812,#8813));
#8815=FACE_OUTER_BOUND('',#8814,.F.);
#8817=CARTESIAN_POINT('',(1.709957324001E0,-7.65E-1,-1.3E0));
#8818=DIRECTION('',(0.E0,0.E0,-1.E0));
#8819=DIRECTION('',(1.E0,0.E0,0.E0));
#8820=AXIS2_PLACEMENT_3D('',#8817,#8818,#8819);
#8821=CYLINDRICAL_SURFACE('',#8820,2.2E-1);
#8822=ORIENTED_EDGE('',*,*,#8809,.F.);
#8823=ORIENTED_EDGE('',*,*,#8546,.T.);
#8824=ORIENTED_EDGE('',*,*,#5539,.T.);
#8826=ORIENTED_EDGE('',*,*,#8825,.F.);
#8827=EDGE_LOOP('',(#8822,#8823,#8824,#8826));
#8828=FACE_OUTER_BOUND('',#8827,.F.);
#8830=CARTESIAN_POINT('',(1.503224947428E0,-8.402444315316E-1,-1.3E0));
#8831=DIRECTION('',(-9.396926207859E-1,-3.420201433257E-1,0.E0));
#8832=DIRECTION('',(-3.420201433257E-1,9.396926207859E-1,0.E0));
#8833=AXIS2_PLACEMENT_3D('',#8830,#8831,#8832);
#8834=PLANE('',#8833);
#8835=ORIENTED_EDGE('',*,*,#8811,.F.);
#8836=ORIENTED_EDGE('',*,*,#8825,.T.);
#8837=ORIENTED_EDGE('',*,*,#5537,.T.);
#8839=ORIENTED_EDGE('',*,*,#8838,.F.);
#8840=ORIENTED_EDGE('',*,*,#8715,.F.);
#8841=EDGE_LOOP('',(#8835,#8836,#8837,#8839,#8840));
#8842=FACE_OUTER_BOUND('',#8841,.F.);
#8844=CARTESIAN_POINT('',(1.454E0,-7.05E-1,-1.3E0));
#8845=DIRECTION('',(-9.999958533982E-1,-2.879789285339E-3,0.E0));
#8846=DIRECTION('',(-2.879789285339E-3,9.999958533982E-1,0.E0));
#8847=AXIS2_PLACEMENT_3D('',#8844,#8845,#8846);
#8848=PLANE('',#8847);
#8849=ORIENTED_EDGE('',*,*,#8717,.F.);
#8850=ORIENTED_EDGE('',*,*,#8838,.T.);
#8851=ORIENTED_EDGE('',*,*,#5535,.T.);
#8852=ORIENTED_EDGE('',*,*,#5337,.F.);
#8853=EDGE_LOOP('',(#8849,#8850,#8851,#8852));
#8854=FACE_OUTER_BOUND('',#8853,.F.);
#8856=CARTESIAN_POINT('',(-1.849E0,3.6072E0,-3.85E0));
#8857=DIRECTION('',(0.E0,-1.E0,0.E0));
#8858=DIRECTION('',(0.E0,0.E0,1.E0));
#8859=AXIS2_PLACEMENT_3D('',#8856,#8857,#8858);
#8860=CYLINDRICAL_SURFACE('',#8859,1.E-1);
#8861=ORIENTED_EDGE('',*,*,#5508,.F.);
#8862=ORIENTED_EDGE('',*,*,#5408,.T.);
#8863=ORIENTED_EDGE('',*,*,#5679,.T.);
#8864=ORIENTED_EDGE('',*,*,#8528,.T.);
#8865=EDGE_LOOP('',(#8861,#8862,#8863,#8864));
#8866=FACE_OUTER_BOUND('',#8865,.F.);
#8868=CARTESIAN_POINT('',(2.049E0,3.6072E0,-3.95E0));
#8869=DIRECTION('',(0.E0,-1.E0,0.E0));
#8870=DIRECTION('',(-1.E0,0.E0,0.E0));
#8871=AXIS2_PLACEMENT_3D('',#8868,#8869,#8870);
#8872=CYLINDRICAL_SURFACE('',#8871,1.E-1);
#8873=ORIENTED_EDGE('',*,*,#8539,.T.);
#8874=ORIENTED_EDGE('',*,*,#4640,.F.);
#8875=ORIENTED_EDGE('',*,*,#5347,.T.);
#8877=ORIENTED_EDGE('',*,*,#8876,.T.);
#8878=EDGE_LOOP('',(#8873,#8874,#8875,#8877));
#8879=FACE_OUTER_BOUND('',#8878,.F.);
#8881=CARTESIAN_POINT('',(1.949E0,9.85E-1,-4.E0));
#8882=DIRECTION('',(1.E0,0.E0,0.E0));
#8883=DIRECTION('',(0.E0,-1.E0,0.E0));
#8884=AXIS2_PLACEMENT_3D('',#8881,#8882,#8883);
#8885=PLANE('',#8884);
#8886=ORIENTED_EDGE('',*,*,#4613,.F.);
#8887=ORIENTED_EDGE('',*,*,#5759,.T.);
#8889=ORIENTED_EDGE('',*,*,#8888,.F.);
#8891=ORIENTED_EDGE('',*,*,#8890,.F.);
#8892=ORIENTED_EDGE('',*,*,#4816,.T.);
#8893=EDGE_LOOP('',(#8886,#8887,#8889,#8891,#8892));
#8894=FACE_OUTER_BOUND('',#8893,.F.);
#8896=CARTESIAN_POINT('',(1.949E0,9.85E-1,-4.E0));
#8897=DIRECTION('',(1.E0,0.E0,0.E0));
#8898=DIRECTION('',(0.E0,-1.E0,0.E0));
#8899=AXIS2_PLACEMENT_3D('',#8896,#8897,#8898);
#8900=PLANE('',#8899);
#8901=ORIENTED_EDGE('',*,*,#8876,.F.);
#8902=ORIENTED_EDGE('',*,*,#5345,.T.);
#8904=ORIENTED_EDGE('',*,*,#8903,.T.);
#8906=ORIENTED_EDGE('',*,*,#8905,.F.);
#8907=ORIENTED_EDGE('',*,*,#8541,.F.);
#8908=EDGE_LOOP('',(#8901,#8902,#8904,#8906,#8907));
#8909=FACE_OUTER_BOUND('',#8908,.F.);
#8911=CARTESIAN_POINT('',(1.849E0,-3.6072E0,-3.85E0));
#8912=DIRECTION('',(0.E0,1.E0,0.E0));
#8913=DIRECTION('',(0.E0,0.E0,1.E0));
#8914=AXIS2_PLACEMENT_3D('',#8911,#8912,#8913);
#8915=CYLINDRICAL_SURFACE('',#8914,1.E-1);
#8916=ORIENTED_EDGE('',*,*,#5487,.F.);
#8917=ORIENTED_EDGE('',*,*,#5607,.T.);
#8918=ORIENTED_EDGE('',*,*,#8888,.T.);
#8919=ORIENTED_EDGE('',*,*,#5757,.T.);
#8920=EDGE_LOOP('',(#8916,#8917,#8918,#8919));
#8921=FACE_OUTER_BOUND('',#8920,.F.);
#8923=CARTESIAN_POINT('',(2.72E0,7.E-1,-3.85E0));
#8924=DIRECTION('',(0.E0,0.E0,-1.E0));
#8925=DIRECTION('',(-1.E0,0.E0,0.E0));
#8926=AXIS2_PLACEMENT_3D('',#8923,#8924,#8925);
#8927=PLANE('',#8926);
#8928=ORIENTED_EDGE('',*,*,#8890,.T.);
#8929=ORIENTED_EDGE('',*,*,#5612,.T.);
#8931=ORIENTED_EDGE('',*,*,#8930,.F.);
#8932=ORIENTED_EDGE('',*,*,#4818,.F.);
#8933=EDGE_LOOP('',(#8928,#8929,#8931,#8932));
#8934=FACE_OUTER_BOUND('',#8933,.F.);
#8936=CARTESIAN_POINT('',(1.7E0,7.E-1,-3.85E0));
#8937=DIRECTION('',(-1.E0,0.E0,0.E0));
#8938=DIRECTION('',(0.E0,0.E0,1.E0));
#8939=AXIS2_PLACEMENT_3D('',#8936,#8937,#8938);
#8940=PLANE('',#8939);
#8941=ORIENTED_EDGE('',*,*,#5062,.F.);
#8942=ORIENTED_EDGE('',*,*,#4834,.T.);
#8943=ORIENTED_EDGE('',*,*,#4927,.T.);
#8944=ORIENTED_EDGE('',*,*,#5580,.T.);
#8945=EDGE_LOOP('',(#8941,#8942,#8943,#8944));
#8946=FACE_OUTER_BOUND('',#8945,.F.);
#8948=CARTESIAN_POINT('',(1.7E0,7.E-1,-3.85E0));
#8949=DIRECTION('',(-1.E0,0.E0,0.E0));
#8950=DIRECTION('',(0.E0,0.E0,1.E0));
#8951=AXIS2_PLACEMENT_3D('',#8948,#8949,#8950);
#8952=PLANE('',#8951);
#8953=ORIENTED_EDGE('',*,*,#4820,.T.);
#8954=ORIENTED_EDGE('',*,*,#8930,.T.);
#8955=ORIENTED_EDGE('',*,*,#5610,.T.);
#8956=ORIENTED_EDGE('',*,*,#5496,.F.);
#8957=EDGE_LOOP('',(#8953,#8954,#8955,#8956));
#8958=FACE_OUTER_BOUND('',#8957,.F.);
#8960=CARTESIAN_POINT('',(2.72E0,-7.E-1,-3.85E0));
#8961=DIRECTION('',(0.E0,0.E0,1.E0));
#8962=DIRECTION('',(-1.E0,0.E0,0.E0));
#8963=AXIS2_PLACEMENT_3D('',#8960,#8961,#8962);
#8964=PLANE('',#8963);
#8965=ORIENTED_EDGE('',*,*,#5426,.F.);
#8966=ORIENTED_EDGE('',*,*,#8903,.F.);
#8967=ORIENTED_EDGE('',*,*,#5343,.T.);
#8969=ORIENTED_EDGE('',*,*,#8968,.T.);
#8970=EDGE_LOOP('',(#8965,#8966,#8967,#8969));
#8971=FACE_OUTER_BOUND('',#8970,.F.);
#8973=CARTESIAN_POINT('',(1.7E0,-7.E-1,-3.85E0));
#8974=DIRECTION('',(1.E0,0.E0,0.E0));
#8975=DIRECTION('',(0.E0,0.E0,1.E0));
#8976=AXIS2_PLACEMENT_3D('',#8973,#8974,#8975);
#8977=PLANE('',#8976);
#8978=ORIENTED_EDGE('',*,*,#5428,.F.);
#8979=ORIENTED_EDGE('',*,*,#8968,.F.);
#8980=ORIENTED_EDGE('',*,*,#5341,.F.);
#8981=ORIENTED_EDGE('',*,*,#5532,.T.);
#8982=EDGE_LOOP('',(#8978,#8979,#8980,#8981));
#8983=FACE_OUTER_BOUND('',#8982,.F.);
#8985=CARTESIAN_POINT('',(1.7E0,-7.E-1,-3.85E0));
#8986=DIRECTION('',(1.E0,0.E0,0.E0));
#8987=DIRECTION('',(0.E0,0.E0,1.E0));
#8988=AXIS2_PLACEMENT_3D('',#8985,#8986,#8987);
#8989=PLANE('',#8988);
#8990=ORIENTED_EDGE('',*,*,#5394,.F.);
#8991=ORIENTED_EDGE('',*,*,#4946,.F.);
#8992=ORIENTED_EDGE('',*,*,#5328,.F.);
#8993=ORIENTED_EDGE('',*,*,#5047,.T.);
#8994=EDGE_LOOP('',(#8990,#8991,#8992,#8993));
#8995=FACE_OUTER_BOUND('',#8994,.F.);
#8997=CARTESIAN_POINT('',(1.849E0,-3.6072E0,-3.85E0));
#8998=DIRECTION('',(0.E0,1.E0,0.E0));
#8999=DIRECTION('',(0.E0,0.E0,1.E0));
#9000=AXIS2_PLACEMENT_3D('',#8997,#8998,#8999);
#9001=CYLINDRICAL_SURFACE('',#9000,1.E-1);
#9002=ORIENTED_EDGE('',*,*,#5424,.T.);
#9003=ORIENTED_EDGE('',*,*,#5529,.F.);
#9004=ORIENTED_EDGE('',*,*,#8543,.T.);
#9005=ORIENTED_EDGE('',*,*,#8905,.T.);
#9006=EDGE_LOOP('',(#9002,#9003,#9004,#9005));
#9007=FACE_OUTER_BOUND('',#9006,.F.);
#9009=CARTESIAN_POINT('',(3.092E0,9.85E-1,-4.E0));
#9010=DIRECTION('',(4.201015669389E-1,0.E0,-9.074770925238E-1));
#9011=DIRECTION('',(-9.074770925238E-1,0.E0,-4.201015669389E-1));
#9012=AXIS2_PLACEMENT_3D('',#9009,#9010,#9011);
#9013=PLANE('',#9012);
#9014=ORIENTED_EDGE('',*,*,#5352,.T.);
#9016=ORIENTED_EDGE('',*,*,#9015,.T.);
#9017=ORIENTED_EDGE('',*,*,#8557,.F.);
#9018=ORIENTED_EDGE('',*,*,#6258,.F.);
#9019=EDGE_LOOP('',(#9014,#9016,#9017,#9018));
#9020=FACE_OUTER_BOUND('',#9019,.F.);
#9022=CARTESIAN_POINT('',(3.092E0,9.85E-1,-4.E0));
#9023=DIRECTION('',(4.201015669389E-1,0.E0,-9.074770925238E-1));
#9024=DIRECTION('',(-9.074770925238E-1,0.E0,-4.201015669389E-1));
#9025=AXIS2_PLACEMENT_3D('',#9022,#9023,#9024);
#9026=PLANE('',#9025);
#9027=ORIENTED_EDGE('',*,*,#4810,.F.);
#9028=ORIENTED_EDGE('',*,*,#6289,.F.);
#9029=ORIENTED_EDGE('',*,*,#5741,.T.);
#9031=ORIENTED_EDGE('',*,*,#9030,.T.);
#9032=EDGE_LOOP('',(#9027,#9028,#9029,#9031));
#9033=FACE_OUTER_BOUND('',#9032,.F.);
#9035=CARTESIAN_POINT('',(2.939945256222E0,9.85E-1,-3.85E0));
#9036=DIRECTION('',(0.E0,1.E0,0.E0));
#9037=DIRECTION('',(1.E0,0.E0,0.E0));
#9038=AXIS2_PLACEMENT_3D('',#9035,#9036,#9037);
#9039=CYLINDRICAL_SURFACE('',#9038,2.E-1);
#9040=ORIENTED_EDGE('',*,*,#5350,.T.);
#9041=ORIENTED_EDGE('',*,*,#4644,.T.);
#9042=ORIENTED_EDGE('',*,*,#8559,.F.);
#9043=ORIENTED_EDGE('',*,*,#9015,.F.);
#9044=EDGE_LOOP('',(#9040,#9041,#9042,#9043));
#9045=FACE_OUTER_BOUND('',#9044,.F.);
#9047=CARTESIAN_POINT('',(2.939945256222E0,9.85E-1,-3.85E0));
#9048=DIRECTION('',(0.E0,1.E0,0.E0));
#9049=DIRECTION('',(1.E0,0.E0,0.E0));
#9050=AXIS2_PLACEMENT_3D('',#9047,#9048,#9049);
#9051=CYLINDRICAL_SURFACE('',#9050,2.E-1);
#9052=ORIENTED_EDGE('',*,*,#4812,.F.);
#9053=ORIENTED_EDGE('',*,*,#9030,.F.);
#9054=ORIENTED_EDGE('',*,*,#5739,.T.);
#9055=ORIENTED_EDGE('',*,*,#4628,.T.);
#9056=EDGE_LOOP('',(#9052,#9053,#9054,#9055));
#9057=FACE_OUTER_BOUND('',#9056,.F.);
#9059=CARTESIAN_POINT('',(3.25E0,7.35E-1,-1.3E0));
#9060=DIRECTION('',(0.E0,0.E0,-1.E0));
#9061=DIRECTION('',(1.E0,0.E0,0.E0));
#9062=AXIS2_PLACEMENT_3D('',#9059,#9060,#9061);
#9063=CYLINDRICAL_SURFACE('',#9062,2.5E-1);
#9064=ORIENTED_EDGE('',*,*,#4934,.F.);
#9065=ORIENTED_EDGE('',*,*,#5745,.T.);
#9066=ORIENTED_EDGE('',*,*,#6286,.T.);
#9067=ORIENTED_EDGE('',*,*,#8470,.F.);
#9068=EDGE_LOOP('',(#9064,#9065,#9066,#9067));
#9069=FACE_OUTER_BOUND('',#9068,.F.);
#9071=CARTESIAN_POINT('',(-3.220710678119E0,4.957106781187E-1,-3.158E0));
#9072=DIRECTION('',(-7.071067811865E-1,7.071067811865E-1,0.E0));
#9073=DIRECTION('',(7.071067811865E-1,7.071067811865E-1,0.E0));
#9074=AXIS2_PLACEMENT_3D('',#9071,#9072,#9073);
#9075=PLANE('',#9074);
#9076=ORIENTED_EDGE('',*,*,#6394,.F.);
#9077=ORIENTED_EDGE('',*,*,#5153,.T.);
#9078=ORIENTED_EDGE('',*,*,#6238,.F.);
#9080=ORIENTED_EDGE('',*,*,#9079,.T.);
#9081=ORIENTED_EDGE('',*,*,#6105,.T.);
#9083=ORIENTED_EDGE('',*,*,#9082,.F.);
#9084=EDGE_LOOP('',(#9076,#9077,#9078,#9080,#9081,#9083));
#9085=FACE_OUTER_BOUND('',#9084,.F.);
#9087=CARTESIAN_POINT('',(-3.15E0,4.25E-1,-3.158E0));
#9088=DIRECTION('',(0.E0,0.E0,-1.E0));
#9089=DIRECTION('',(1.E0,0.E0,0.E0));
#9090=AXIS2_PLACEMENT_3D('',#9087,#9088,#9089);
#9091=CYLINDRICAL_SURFACE('',#9090,1.E-1);
#9092=ORIENTED_EDGE('',*,*,#6236,.F.);
#9093=ORIENTED_EDGE('',*,*,#6019,.T.);
#9094=ORIENTED_EDGE('',*,*,#6107,.T.);
#9095=ORIENTED_EDGE('',*,*,#9079,.F.);
#9096=EDGE_LOOP('',(#9092,#9093,#9094,#9095));
#9097=FACE_OUTER_BOUND('',#9096,.F.);
#9099=CARTESIAN_POINT('',(-3.E0,5.75E-1,-3.158E0));
#9100=DIRECTION('',(0.E0,0.E0,-1.E0));
#9101=DIRECTION('',(1.E0,0.E0,0.E0));
#9102=AXIS2_PLACEMENT_3D('',#9099,#9100,#9101);
#9103=CYLINDRICAL_SURFACE('',#9102,1.E-1);
#9104=ORIENTED_EDGE('',*,*,#6396,.F.);
#9105=ORIENTED_EDGE('',*,*,#9082,.T.);
#9106=ORIENTED_EDGE('',*,*,#6103,.T.);
#9108=ORIENTED_EDGE('',*,*,#9107,.F.);
#9109=EDGE_LOOP('',(#9104,#9105,#9106,#9108));
#9110=FACE_OUTER_BOUND('',#9109,.F.);
#9112=CARTESIAN_POINT('',(-3.E0,6.75E-1,-3.158E0));
#9113=DIRECTION('',(0.E0,1.E0,0.E0));
#9114=DIRECTION('',(1.E0,0.E0,0.E0));
#9115=AXIS2_PLACEMENT_3D('',#9112,#9113,#9114);
#9116=PLANE('',#9115);
#9117=ORIENTED_EDGE('',*,*,#6398,.F.);
#9118=ORIENTED_EDGE('',*,*,#9107,.T.);
#9119=ORIENTED_EDGE('',*,*,#6101,.T.);
#9121=ORIENTED_EDGE('',*,*,#9120,.F.);
#9122=EDGE_LOOP('',(#9117,#9118,#9119,#9121));
#9123=FACE_OUTER_BOUND('',#9122,.F.);
#9125=CARTESIAN_POINT('',(-2.099802646526E0,4.75E-1,-3.158E0));
#9126=DIRECTION('',(0.E0,0.E0,-1.E0));
#9127=DIRECTION('',(1.E0,0.E0,0.E0));
#9128=AXIS2_PLACEMENT_3D('',#9125,#9126,#9127);
#9129=CYLINDRICAL_SURFACE('',#9128,2.E-1);
#9130=ORIENTED_EDGE('',*,*,#6400,.F.);
#9131=ORIENTED_EDGE('',*,*,#9120,.T.);
#9132=ORIENTED_EDGE('',*,*,#6099,.T.);
#9134=ORIENTED_EDGE('',*,*,#9133,.F.);
#9135=EDGE_LOOP('',(#9130,#9131,#9132,#9134));
#9136=FACE_OUTER_BOUND('',#9135,.F.);
#9138=CARTESIAN_POINT('',(-1.71E0,5.647435053981E-1,-3.158E0));
#9139=DIRECTION('',(0.E0,0.E0,-1.E0));
#9140=DIRECTION('',(1.E0,0.E0,0.E0));
#9141=AXIS2_PLACEMENT_3D('',#9138,#9139,#9140);
#9142=CYLINDRICAL_SURFACE('',#9141,2.E-1);
#9143=ORIENTED_EDGE('',*,*,#6402,.T.);
#9144=ORIENTED_EDGE('',*,*,#9133,.T.);
#9145=ORIENTED_EDGE('',*,*,#6097,.T.);
#9147=ORIENTED_EDGE('',*,*,#9146,.F.);
#9148=EDGE_LOOP('',(#9143,#9144,#9145,#9147));
#9149=FACE_OUTER_BOUND('',#9148,.F.);
#9151=CARTESIAN_POINT('',(-1.8E0,1.75E-1,-3.158E0));
#9152=DIRECTION('',(0.E0,0.E0,-1.E0));
#9153=DIRECTION('',(1.E0,0.E0,0.E0));
#9154=AXIS2_PLACEMENT_3D('',#9151,#9152,#9153);
#9155=CYLINDRICAL_SURFACE('',#9154,2.E-1);
#9156=ORIENTED_EDGE('',*,*,#6404,.F.);
#9157=ORIENTED_EDGE('',*,*,#9146,.T.);
#9158=ORIENTED_EDGE('',*,*,#6095,.T.);
#9160=ORIENTED_EDGE('',*,*,#9159,.F.);
#9161=EDGE_LOOP('',(#9156,#9157,#9158,#9160));
#9162=FACE_OUTER_BOUND('',#9161,.F.);
#9164=CARTESIAN_POINT('',(-1.6E0,1.75E-1,-3.158E0));
#9165=DIRECTION('',(1.E0,0.E0,0.E0));
#9166=DIRECTION('',(0.E0,-1.E0,0.E0));
#9167=AXIS2_PLACEMENT_3D('',#9164,#9165,#9166);
#9168=PLANE('',#9167);
#9169=ORIENTED_EDGE('',*,*,#6406,.F.);
#9170=ORIENTED_EDGE('',*,*,#9159,.T.);
#9171=ORIENTED_EDGE('',*,*,#6093,.T.);
#9173=ORIENTED_EDGE('',*,*,#9172,.F.);
#9174=EDGE_LOOP('',(#9169,#9170,#9171,#9173));
#9175=FACE_OUTER_BOUND('',#9174,.F.);
#9177=CARTESIAN_POINT('',(-1.8E0,-1.75E-1,-3.158E0));
#9178=DIRECTION('',(0.E0,0.E0,-1.E0));
#9179=DIRECTION('',(1.E0,0.E0,0.E0));
#9180=AXIS2_PLACEMENT_3D('',#9177,#9178,#9179);
#9181=CYLINDRICAL_SURFACE('',#9180,2.E-1);
#9182=ORIENTED_EDGE('',*,*,#6408,.F.);
#9183=ORIENTED_EDGE('',*,*,#9172,.T.);
#9184=ORIENTED_EDGE('',*,*,#6091,.T.);
#9186=ORIENTED_EDGE('',*,*,#9185,.F.);
#9187=EDGE_LOOP('',(#9182,#9183,#9184,#9186));
#9188=FACE_OUTER_BOUND('',#9187,.F.);
#9190=CARTESIAN_POINT('',(-1.71E0,-5.647435053981E-1,-3.158E0));
#9191=DIRECTION('',(0.E0,0.E0,-1.E0));
#9192=DIRECTION('',(1.E0,0.E0,0.E0));
#9193=AXIS2_PLACEMENT_3D('',#9190,#9191,#9192);
#9194=CYLINDRICAL_SURFACE('',#9193,2.E-1);
#9195=ORIENTED_EDGE('',*,*,#6410,.T.);
#9196=ORIENTED_EDGE('',*,*,#9185,.T.);
#9197=ORIENTED_EDGE('',*,*,#6089,.T.);
#9199=ORIENTED_EDGE('',*,*,#9198,.F.);
#9200=EDGE_LOOP('',(#9195,#9196,#9197,#9199));
#9201=FACE_OUTER_BOUND('',#9200,.F.);
#9203=CARTESIAN_POINT('',(-2.099802646526E0,-4.75E-1,-3.158E0));
#9204=DIRECTION('',(0.E0,0.E0,-1.E0));
#9205=DIRECTION('',(1.E0,0.E0,0.E0));
#9206=AXIS2_PLACEMENT_3D('',#9203,#9204,#9205);
#9207=CYLINDRICAL_SURFACE('',#9206,2.E-1);
#9208=ORIENTED_EDGE('',*,*,#6412,.F.);
#9209=ORIENTED_EDGE('',*,*,#9198,.T.);
#9210=ORIENTED_EDGE('',*,*,#6087,.T.);
#9212=ORIENTED_EDGE('',*,*,#9211,.F.);
#9213=EDGE_LOOP('',(#9208,#9209,#9210,#9212));
#9214=FACE_OUTER_BOUND('',#9213,.F.);
#9216=CARTESIAN_POINT('',(-2.099802646526E0,-6.75E-1,-3.158E0));
#9217=DIRECTION('',(0.E0,-1.E0,0.E0));
#9218=DIRECTION('',(-1.E0,0.E0,0.E0));
#9219=AXIS2_PLACEMENT_3D('',#9216,#9217,#9218);
#9220=PLANE('',#9219);
#9221=ORIENTED_EDGE('',*,*,#6414,.F.);
#9222=ORIENTED_EDGE('',*,*,#9211,.T.);
#9223=ORIENTED_EDGE('',*,*,#6085,.T.);
#9225=ORIENTED_EDGE('',*,*,#9224,.F.);
#9226=EDGE_LOOP('',(#9221,#9222,#9223,#9225));
#9227=FACE_OUTER_BOUND('',#9226,.F.);
#9229=CARTESIAN_POINT('',(-3.E0,-5.75E-1,-3.158E0));
#9230=DIRECTION('',(0.E0,0.E0,-1.E0));
#9231=DIRECTION('',(1.E0,0.E0,0.E0));
#9232=AXIS2_PLACEMENT_3D('',#9229,#9230,#9231);
#9233=CYLINDRICAL_SURFACE('',#9232,1.E-1);
#9234=ORIENTED_EDGE('',*,*,#6416,.F.);
#9235=ORIENTED_EDGE('',*,*,#9224,.T.);
#9236=ORIENTED_EDGE('',*,*,#6083,.T.);
#9237=ORIENTED_EDGE('',*,*,#6304,.F.);
#9238=EDGE_LOOP('',(#9234,#9235,#9236,#9237));
#9239=FACE_OUTER_BOUND('',#9238,.F.);
#9241=CARTESIAN_POINT('',(-3.15E0,-4.25E-1,-3.158E0));
#9242=DIRECTION('',(0.E0,0.E0,-1.E0));
#9243=DIRECTION('',(1.E0,0.E0,0.E0));
#9244=AXIS2_PLACEMENT_3D('',#9241,#9242,#9243);
#9245=CYLINDRICAL_SURFACE('',#9244,1.E-1);
#9246=ORIENTED_EDGE('',*,*,#6201,.F.);
#9247=ORIENTED_EDGE('',*,*,#6307,.T.);
#9248=ORIENTED_EDGE('',*,*,#6079,.T.);
#9250=ORIENTED_EDGE('',*,*,#9249,.F.);
#9251=EDGE_LOOP('',(#9246,#9247,#9248,#9250));
#9252=FACE_OUTER_BOUND('',#9251,.F.);
#9254=CARTESIAN_POINT('',(-3.25E0,-4.25E-1,-3.158E0));
#9255=DIRECTION('',(-1.E0,0.E0,0.E0));
#9256=DIRECTION('',(0.E0,1.E0,0.E0));
#9257=AXIS2_PLACEMENT_3D('',#9254,#9255,#9256);
#9258=PLANE('',#9257);
#9259=ORIENTED_EDGE('',*,*,#6077,.T.);
#9261=ORIENTED_EDGE('',*,*,#9260,.F.);
#9262=ORIENTED_EDGE('',*,*,#6203,.F.);
#9263=ORIENTED_EDGE('',*,*,#9249,.T.);
#9264=EDGE_LOOP('',(#9259,#9261,#9262,#9263));
#9265=FACE_OUTER_BOUND('',#9264,.F.);
#9267=CARTESIAN_POINT('',(-3.448655296642E0,-3.000934632200E-1,-3.158E0));
#9268=CARTESIAN_POINT('',(-3.446655105860E0,-3.000301950310E-1,-3.158E0));
#9269=CARTESIAN_POINT('',(-3.438278131579E0,-2.999037828551E-1,-3.158E0));
#9270=CARTESIAN_POINT('',(-3.422739244354E0,-3.006508285254E-1,-3.158E0));
#9271=CARTESIAN_POINT('',(-3.401651864318E0,-3.031797706800E-1,-3.158E0));
#9272=CARTESIAN_POINT('',(-3.379329419732E0,-3.073248809863E-1,-3.158E0));
#9273=CARTESIAN_POINT('',(-3.357053738248E0,-3.129828410735E-1,-3.158E0));
#9274=CARTESIAN_POINT('',(-3.336042329506E0,-3.198040852508E-1,-3.158E0));
#9275=CARTESIAN_POINT('',(-3.317129781854E0,-3.274295736679E-1,-3.158E0));
#9276=CARTESIAN_POINT('',(-3.300605925668E0,-3.356993257493E-1,-3.158E0));
#9277=CARTESIAN_POINT('',(-3.286473846062E0,-3.444557557883E-1,-3.158E0));
#9278=CARTESIAN_POINT('',(-3.274697006662E0,-3.535613879521E-1,-3.158E0));
#9279=CARTESIAN_POINT('',(-3.265274409293E0,-3.629028931170E-1,-3.158E0));
#9280=CARTESIAN_POINT('',(-3.258212181626E0,-3.723533768046E-1,-3.158E0));
#9281=CARTESIAN_POINT('',(-3.253380072743E0,-3.817435173289E-1,-3.158E0));
#9282=CARTESIAN_POINT('',(-3.250607170963E0,-3.909469783471E-1,-3.158E0));
#9283=CARTESIAN_POINT('',(-3.249800989362E0,-3.990590828702E-1,-3.158E0));
#9284=CARTESIAN_POINT('',(-3.250135060861E0,-4.039918547525E-1,-3.158E0));
#9285=CARTESIAN_POINT('',(-3.250412198087E0,-4.059629308139E-1,-3.158E0));
#9287=DIRECTION('',(0.E0,0.E0,-1.E0));
#9288=VECTOR('',#9287,1.E0);
#9289=SURFACE_OF_LINEAR_EXTRUSION('',#9286,#9288);
#9290=ORIENTED_EDGE('',*,*,#5972,.F.);
#9292=ORIENTED_EDGE('',*,*,#9291,.F.);
#9293=ORIENTED_EDGE('',*,*,#6205,.T.);
#9294=ORIENTED_EDGE('',*,*,#9260,.T.);
#9295=EDGE_LOOP('',(#9290,#9292,#9293,#9294));
#9296=FACE_OUTER_BOUND('',#9295,.F.);
#9298=CARTESIAN_POINT('',(-3.442653128049E0,-3.E-1,-3.158E0));
#9299=DIRECTION('',(0.E0,-1.E0,0.E0));
#9300=DIRECTION('',(-1.E0,0.E0,0.E0));
#9301=AXIS2_PLACEMENT_3D('',#9298,#9299,#9300);
#9302=PLANE('',#9301);
#9303=ORIENTED_EDGE('',*,*,#5970,.F.);
#9304=ORIENTED_EDGE('',*,*,#5955,.F.);
#9305=ORIENTED_EDGE('',*,*,#6207,.T.);
#9306=ORIENTED_EDGE('',*,*,#9291,.T.);
#9307=EDGE_LOOP('',(#9303,#9304,#9305,#9306));
#9308=FACE_OUTER_BOUND('',#9307,.F.);
#9310=CARTESIAN_POINT('',(-3.5E0,3.E-1,-3.158E0));
#9311=DIRECTION('',(0.E0,1.E0,0.E0));
#9312=DIRECTION('',(1.E0,0.E0,0.E0));
#9313=AXIS2_PLACEMENT_3D('',#9310,#9311,#9312);
#9314=PLANE('',#9313);
#9315=ORIENTED_EDGE('',*,*,#5967,.F.);
#9316=ORIENTED_EDGE('',*,*,#6007,.F.);
#9317=ORIENTED_EDGE('',*,*,#6232,.F.);
#9318=ORIENTED_EDGE('',*,*,#5945,.T.);
#9319=EDGE_LOOP('',(#9315,#9316,#9317,#9318));
#9320=FACE_OUTER_BOUND('',#9319,.F.);
#9322=CARTESIAN_POINT('',(-1.7E0,-7.E-1,-3.85E0));
#9323=DIRECTION('',(0.E0,0.E0,1.E0));
#9324=DIRECTION('',(-1.E0,0.E0,0.E0));
#9325=AXIS2_PLACEMENT_3D('',#9322,#9323,#9324);
#9326=PLANE('',#9325);
#9327=ORIENTED_EDGE('',*,*,#5414,.F.);
#9328=ORIENTED_EDGE('',*,*,#5456,.F.);
#9329=ORIENTED_EDGE('',*,*,#5223,.T.);
#9330=ORIENTED_EDGE('',*,*,#5681,.T.);
#9331=EDGE_LOOP('',(#9327,#9328,#9329,#9330));
#9332=FACE_OUTER_BOUND('',#9331,.F.);
#9334=CARTESIAN_POINT('',(2.72E0,7.E-1,-1.25E0));
#9335=DIRECTION('',(1.E0,0.E0,0.E0));
#9336=DIRECTION('',(0.E0,0.E0,-1.E0));
#9337=AXIS2_PLACEMENT_3D('',#9334,#9335,#9336);
#9338=PLANE('',#9337);
#9339=ORIENTED_EDGE('',*,*,#5066,.T.);
#9340=ORIENTED_EDGE('',*,*,#5583,.T.);
#9341=ORIENTED_EDGE('',*,*,#4923,.F.);
#9342=ORIENTED_EDGE('',*,*,#4672,.F.);
#9343=EDGE_LOOP('',(#9339,#9340,#9341,#9342));
#9344=FACE_OUTER_BOUND('',#9343,.F.);
#9346=CARTESIAN_POINT('',(2.72E0,-7.E-1,-1.25E0));
#9347=DIRECTION('',(-1.E0,0.E0,0.E0));
#9348=DIRECTION('',(0.E0,0.E0,-1.E0));
#9349=AXIS2_PLACEMENT_3D('',#9346,#9347,#9348);
#9350=PLANE('',#9349);
#9351=ORIENTED_EDGE('',*,*,#5397,.F.);
#9352=ORIENTED_EDGE('',*,*,#5043,.F.);
#9353=ORIENTED_EDGE('',*,*,#5192,.T.);
#9354=ORIENTED_EDGE('',*,*,#4950,.T.);
#9355=EDGE_LOOP('',(#9351,#9352,#9353,#9354));
#9356=FACE_OUTER_BOUND('',#9355,.F.);
#9358=CARTESIAN_POINT('',(3.2E0,-4.75E-1,-1.25E0));
#9359=DIRECTION('',(9.968152785361E-1,0.E0,-7.974522228289E-2));
#9360=DIRECTION('',(-7.974522228289E-2,0.E0,-9.968152785361E-1));
#9361=AXIS2_PLACEMENT_3D('',#9358,#9359,#9360);
#9362=PLANE('',#9361);
#9363=ORIENTED_EDGE('',*,*,#5073,.T.);
#9364=ORIENTED_EDGE('',*,*,#5113,.T.);
#9365=ORIENTED_EDGE('',*,*,#4916,.F.);
#9366=ORIENTED_EDGE('',*,*,#4981,.F.);
#9367=EDGE_LOOP('',(#9363,#9364,#9365,#9366));
#9368=FACE_OUTER_BOUND('',#9367,.F.);
#9372=DIRECTION('',(0.E0,0.E0,1.E0));
#9373=VECTOR('',#9372,1.054E0);
#9374=CARTESIAN_POINT('',(-1.1E0,-2.998558274445E-1,-2.077E0));
#9375=LINE('',#9374,#9373);
#9376=DIRECTION('',(0.E0,-1.391731009601E-1,-9.902680687416E-1));
#9377=VECTOR('',#9376,5.462332141876E-1);
#9378=CARTESIAN_POINT('',(-1.1E0,-2.238348571787E-1,-1.536082689904E0));
#9379=LINE('',#9378,#9377);
#9380=CARTESIAN_POINT('',(-1.1E0,-1.248080503045E-1,-1.55E0));
#9381=DIRECTION('',(1.E0,0.E0,0.E0));
#9382=DIRECTION('',(0.E0,0.E0,1.E0));
#9383=AXIS2_PLACEMENT_3D('',#9380,#9381,#9382);
#9385=DIRECTION('',(0.E0,-1.E0,0.E0));
#9386=VECTOR('',#9385,3.480805030450E-2);
#9387=CARTESIAN_POINT('',(-1.1E0,-9.E-2,-1.45E0));
#9388=LINE('',#9387,#9386);
#9389=DIRECTION('',(0.E0,0.E0,-1.E0));
#9390=VECTOR('',#9389,8.E-2);
#9391=CARTESIAN_POINT('',(-1.1E0,-9.E-2,-1.37E0));
#9392=LINE('',#9391,#9390);
#9393=CARTESIAN_POINT('',(-1.1E0,-2.4E-1,-1.37E0));
#9394=DIRECTION('',(-1.E0,0.E0,0.E0));
#9395=DIRECTION('',(0.E0,8.191520442890E-1,5.735764363510E-1));
#9396=AXIS2_PLACEMENT_3D('',#9393,#9394,#9395);
#9398=DIRECTION('',(0.E0,5.735764363510E-1,-8.191520442890E-1));
#9399=VECTOR('',#9398,3.185776515688E-1);
#9400=CARTESIAN_POINT('',(-1.1E0,-2.998558274445E-1,-1.023E0));
#9401=LINE('',#9400,#9399);
#9402=DIRECTION('',(1.E0,0.E0,0.E0));
#9403=VECTOR('',#9402,2.E-1);
#9404=CARTESIAN_POINT('',(-1.1E0,-2.998558274445E-1,-2.077E0));
#9405=LINE('',#9404,#9403);
#9406=DIRECTION('',(1.E0,0.E0,0.E0));
#9407=VECTOR('',#9406,2.E-1);
#9408=CARTESIAN_POINT('',(-1.1E0,-2.998558274445E-1,-1.023E0));
#9409=LINE('',#9408,#9407);
#9410=DIRECTION('',(1.E0,0.E0,0.E0));
#9411=VECTOR('',#9410,2.E-1);
#9412=CARTESIAN_POINT('',(-1.1E0,-1.171271933566E-1,-1.283963534547E0));
#9413=LINE('',#9412,#9411);
#9414=DIRECTION('',(1.E0,0.E0,0.E0));
#9415=VECTOR('',#9414,2.E-1);
#9416=CARTESIAN_POINT('',(-1.1E0,-9.E-2,-1.37E0));
#9417=LINE('',#9416,#9415);
#9418=DIRECTION('',(1.E0,0.E0,0.E0));
#9419=VECTOR('',#9418,2.E-1);
#9420=CARTESIAN_POINT('',(-1.1E0,-9.E-2,-1.45E0));
#9421=LINE('',#9420,#9419);
#9422=DIRECTION('',(1.E0,0.E0,0.E0));
#9423=VECTOR('',#9422,2.E-1);
#9424=CARTESIAN_POINT('',(-1.1E0,-1.248080503045E-1,-1.45E0));
#9425=LINE('',#9424,#9423);
#9426=DIRECTION('',(1.E0,0.E0,0.E0));
#9427=VECTOR('',#9426,2.E-1);
#9428=CARTESIAN_POINT('',(-1.1E0,-2.238348571787E-1,-1.536082689904E0));
#9429=LINE('',#9428,#9427);
#9430=DIRECTION('',(0.E0,0.E0,1.E0));
#9431=VECTOR('',#9430,1.054E0);
#9432=CARTESIAN_POINT('',(-9.E-1,-2.998558274445E-1,-2.077E0));
#9433=LINE('',#9432,#9431);
#9434=DIRECTION('',(0.E0,5.735764363510E-1,-8.191520442890E-1));
#9435=VECTOR('',#9434,3.185776515688E-1);
#9436=CARTESIAN_POINT('',(-9.E-1,-2.998558274445E-1,-1.023E0));
#9437=LINE('',#9436,#9435);
#9438=CARTESIAN_POINT('',(-9.E-1,-2.4E-1,-1.37E0));
#9439=DIRECTION('',(-1.E0,0.E0,0.E0));
#9440=DIRECTION('',(0.E0,8.191520442890E-1,5.735764363510E-1));
#9441=AXIS2_PLACEMENT_3D('',#9438,#9439,#9440);
#9443=DIRECTION('',(0.E0,0.E0,-1.E0));
#9444=VECTOR('',#9443,8.E-2);
#9445=CARTESIAN_POINT('',(-9.E-1,-9.E-2,-1.37E0));
#9446=LINE('',#9445,#9444);
#9447=DIRECTION('',(0.E0,-1.E0,0.E0));
#9448=VECTOR('',#9447,3.480805030450E-2);
#9449=CARTESIAN_POINT('',(-9.E-1,-9.E-2,-1.45E0));
#9450=LINE('',#9449,#9448);
#9451=CARTESIAN_POINT('',(-9.E-1,-1.248080503045E-1,-1.55E0));
#9452=DIRECTION('',(1.E0,0.E0,0.E0));
#9453=DIRECTION('',(0.E0,0.E0,1.E0));
#9454=AXIS2_PLACEMENT_3D('',#9451,#9452,#9453);
#9456=DIRECTION('',(0.E0,-1.391731009601E-1,-9.902680687416E-1));
#9457=VECTOR('',#9456,5.462332141876E-1);
#9458=CARTESIAN_POINT('',(-9.E-1,-2.238348571787E-1,-1.536082689904E0));
#9459=LINE('',#9458,#9457);
#9460=CARTESIAN_POINT('',(-1.1E0,-2.998558274445E-1,-2.077E0));
#9461=CARTESIAN_POINT('',(-1.1E0,-2.998558274445E-1,-1.023E0));
#9462=VERTEX_POINT('',#9460);
#9463=VERTEX_POINT('',#9461);
#9464=CARTESIAN_POINT('',(-1.1E0,-1.171271933566E-1,-1.283963534547E0));
#9465=VERTEX_POINT('',#9464);
#9466=CARTESIAN_POINT('',(-1.1E0,-9.E-2,-1.37E0));
#9467=VERTEX_POINT('',#9466);
#9468=CARTESIAN_POINT('',(-1.1E0,-9.E-2,-1.45E0));
#9469=VERTEX_POINT('',#9468);
#9470=CARTESIAN_POINT('',(-1.1E0,-1.248080503045E-1,-1.45E0));
#9471=VERTEX_POINT('',#9470);
#9472=CARTESIAN_POINT('',(-1.1E0,-2.238348571787E-1,-1.536082689904E0));
#9473=VERTEX_POINT('',#9472);
#9474=CARTESIAN_POINT('',(-9.E-1,-2.998558274445E-1,-2.077E0));
#9475=CARTESIAN_POINT('',(-9.E-1,-2.998558274445E-1,-1.023E0));
#9476=VERTEX_POINT('',#9474);
#9477=VERTEX_POINT('',#9475);
#9478=CARTESIAN_POINT('',(-9.E-1,-1.171271933566E-1,-1.283963534547E0));
#9479=VERTEX_POINT('',#9478);
#9480=CARTESIAN_POINT('',(-9.E-1,-9.E-2,-1.37E0));
#9481=VERTEX_POINT('',#9480);
#9482=CARTESIAN_POINT('',(-9.E-1,-9.E-2,-1.45E0));
#9483=VERTEX_POINT('',#9482);
#9484=CARTESIAN_POINT('',(-9.E-1,-1.248080503045E-1,-1.45E0));
#9485=VERTEX_POINT('',#9484);
#9486=CARTESIAN_POINT('',(-9.E-1,-2.238348571787E-1,-1.536082689904E0));
#9487=VERTEX_POINT('',#9486);
#9488=CARTESIAN_POINT('',(-1.1E0,0.E0,0.E0));
#9489=DIRECTION('',(-1.E0,0.E0,0.E0));
#9490=DIRECTION('',(0.E0,0.E0,1.E0));
#9491=AXIS2_PLACEMENT_3D('',#9488,#9489,#9490);
#9492=PLANE('',#9491);
#9494=ORIENTED_EDGE('',*,*,#9493,.F.);
#9496=ORIENTED_EDGE('',*,*,#9495,.F.);
#9498=ORIENTED_EDGE('',*,*,#9497,.F.);
#9500=ORIENTED_EDGE('',*,*,#9499,.F.);
#9502=ORIENTED_EDGE('',*,*,#9501,.F.);
#9504=ORIENTED_EDGE('',*,*,#9503,.F.);
#9506=ORIENTED_EDGE('',*,*,#9505,.F.);
#9507=EDGE_LOOP('',(#9494,#9496,#9498,#9500,#9502,#9504,#9506));
#9508=FACE_OUTER_BOUND('',#9507,.F.);
#9510=CARTESIAN_POINT('',(-1.1E0,-2.998558274445E-1,-2.077E0));
#9511=DIRECTION('',(0.E0,-1.E0,0.E0));
#9512=DIRECTION('',(0.E0,0.E0,1.E0));
#9513=AXIS2_PLACEMENT_3D('',#9510,#9511,#9512);
#9514=PLANE('',#9513);
#9515=ORIENTED_EDGE('',*,*,#9493,.T.);
#9517=ORIENTED_EDGE('',*,*,#9516,.T.);
#9519=ORIENTED_EDGE('',*,*,#9518,.F.);
#9521=ORIENTED_EDGE('',*,*,#9520,.F.);
#9522=EDGE_LOOP('',(#9515,#9517,#9519,#9521));
#9523=FACE_OUTER_BOUND('',#9522,.F.);
#9525=CARTESIAN_POINT('',(-1.1E0,-2.998558274445E-1,-1.023E0));
#9526=DIRECTION('',(0.E0,8.191520442890E-1,5.735764363510E-1));
#9527=DIRECTION('',(0.E0,5.735764363510E-1,-8.191520442890E-1));
#9528=AXIS2_PLACEMENT_3D('',#9525,#9526,#9527);
#9529=PLANE('',#9528);
#9530=ORIENTED_EDGE('',*,*,#9505,.T.);
#9532=ORIENTED_EDGE('',*,*,#9531,.T.);
#9534=ORIENTED_EDGE('',*,*,#9533,.F.);
#9535=ORIENTED_EDGE('',*,*,#9516,.F.);
#9536=EDGE_LOOP('',(#9530,#9532,#9534,#9535));
#9537=FACE_OUTER_BOUND('',#9536,.F.);
#9539=CARTESIAN_POINT('',(-1.1E0,-2.4E-1,-1.37E0));
#9540=DIRECTION('',(-1.E0,0.E0,0.E0));
#9541=DIRECTION('',(0.E0,0.E0,1.E0));
#9542=AXIS2_PLACEMENT_3D('',#9539,#9540,#9541);
#9543=CYLINDRICAL_SURFACE('',#9542,1.5E-1);
#9544=ORIENTED_EDGE('',*,*,#9503,.T.);
#9546=ORIENTED_EDGE('',*,*,#9545,.T.);
#9548=ORIENTED_EDGE('',*,*,#9547,.F.);
#9549=ORIENTED_EDGE('',*,*,#9531,.F.);
#9550=EDGE_LOOP('',(#9544,#9546,#9548,#9549));
#9551=FACE_OUTER_BOUND('',#9550,.F.);
#9553=CARTESIAN_POINT('',(-1.1E0,-9.E-2,-1.37E0));
#9554=DIRECTION('',(0.E0,1.E0,0.E0));
#9555=DIRECTION('',(0.E0,0.E0,-1.E0));
#9556=AXIS2_PLACEMENT_3D('',#9553,#9554,#9555);
#9557=PLANE('',#9556);
#9558=ORIENTED_EDGE('',*,*,#9501,.T.);
#9560=ORIENTED_EDGE('',*,*,#9559,.T.);
#9562=ORIENTED_EDGE('',*,*,#9561,.F.);
#9563=ORIENTED_EDGE('',*,*,#9545,.F.);
#9564=EDGE_LOOP('',(#9558,#9560,#9562,#9563));
#9565=FACE_OUTER_BOUND('',#9564,.F.);
#9567=CARTESIAN_POINT('',(-1.1E0,-9.E-2,-1.45E0));
#9568=DIRECTION('',(0.E0,0.E0,-1.E0));
#9569=DIRECTION('',(0.E0,-1.E0,0.E0));
#9570=AXIS2_PLACEMENT_3D('',#9567,#9568,#9569);
#9571=PLANE('',#9570);
#9572=ORIENTED_EDGE('',*,*,#9499,.T.);
#9574=ORIENTED_EDGE('',*,*,#9573,.T.);
#9576=ORIENTED_EDGE('',*,*,#9575,.F.);
#9577=ORIENTED_EDGE('',*,*,#9559,.F.);
#9578=EDGE_LOOP('',(#9572,#9574,#9576,#9577));
#9579=FACE_OUTER_BOUND('',#9578,.F.);
#9581=CARTESIAN_POINT('',(-1.1E0,-1.248080503045E-1,-1.55E0));
#9582=DIRECTION('',(-1.E0,0.E0,0.E0));
#9583=DIRECTION('',(0.E0,0.E0,1.E0));
#9584=AXIS2_PLACEMENT_3D('',#9581,#9582,#9583);
#9585=CYLINDRICAL_SURFACE('',#9584,1.E-1);
#9586=ORIENTED_EDGE('',*,*,#9497,.T.);
#9588=ORIENTED_EDGE('',*,*,#9587,.T.);
#9590=ORIENTED_EDGE('',*,*,#9589,.F.);
#9591=ORIENTED_EDGE('',*,*,#9573,.F.);
#9592=EDGE_LOOP('',(#9586,#9588,#9590,#9591));
#9593=FACE_OUTER_BOUND('',#9592,.F.);
#9595=CARTESIAN_POINT('',(-1.1E0,-2.238348571787E-1,-1.536082689904E0));
#9596=DIRECTION('',(0.E0,9.902680687416E-1,-1.391731009601E-1));
#9597=DIRECTION('',(0.E0,-1.391731009601E-1,-9.902680687416E-1));
#9598=AXIS2_PLACEMENT_3D('',#9595,#9596,#9597);
#9599=PLANE('',#9598);
#9600=ORIENTED_EDGE('',*,*,#9495,.T.);
#9601=ORIENTED_EDGE('',*,*,#9520,.T.);
#9603=ORIENTED_EDGE('',*,*,#9602,.F.);
#9604=ORIENTED_EDGE('',*,*,#9587,.F.);
#9605=EDGE_LOOP('',(#9600,#9601,#9603,#9604));
#9606=FACE_OUTER_BOUND('',#9605,.F.);
#9608=CARTESIAN_POINT('',(-9.E-1,0.E0,0.E0));
#9609=DIRECTION('',(-1.E0,0.E0,0.E0));
#9610=DIRECTION('',(0.E0,0.E0,1.E0));
#9611=AXIS2_PLACEMENT_3D('',#9608,#9609,#9610);
#9612=PLANE('',#9611);
#9613=ORIENTED_EDGE('',*,*,#9518,.T.);
#9614=ORIENTED_EDGE('',*,*,#9533,.T.);
#9615=ORIENTED_EDGE('',*,*,#9547,.T.);
#9616=ORIENTED_EDGE('',*,*,#9561,.T.);
#9617=ORIENTED_EDGE('',*,*,#9575,.T.);
#9618=ORIENTED_EDGE('',*,*,#9589,.T.);
#9619=ORIENTED_EDGE('',*,*,#9602,.T.);
#9620=EDGE_LOOP('',(#9613,#9614,#9615,#9616,#9617,#9618,#9619));
#9621=FACE_OUTER_BOUND('',#9620,.F.);
#9625=DIRECTION('',(0.E0,0.E0,1.E0));
#9626=VECTOR('',#9625,1.054E0);
#9627=CARTESIAN_POINT('',(-6.E-1,-2.998558274445E-1,-2.077E0));
#9628=LINE('',#9627,#9626);
#9629=DIRECTION('',(0.E0,-1.391731009601E-1,-9.902680687416E-1));
#9630=VECTOR('',#9629,5.462332141876E-1);
#9631=CARTESIAN_POINT('',(-6.E-1,-2.238348571787E-1,-1.536082689904E0));
#9632=LINE('',#9631,#9630);
#9633=CARTESIAN_POINT('',(-6.E-1,-1.248080503045E-1,-1.55E0));
#9634=DIRECTION('',(1.E0,0.E0,0.E0));
#9635=DIRECTION('',(0.E0,0.E0,1.E0));
#9636=AXIS2_PLACEMENT_3D('',#9633,#9634,#9635);
#9638=DIRECTION('',(0.E0,-1.E0,0.E0));
#9639=VECTOR('',#9638,3.480805030450E-2);
#9640=CARTESIAN_POINT('',(-6.E-1,-9.E-2,-1.45E0));
#9641=LINE('',#9640,#9639);
#9642=DIRECTION('',(0.E0,0.E0,-1.E0));
#9643=VECTOR('',#9642,8.E-2);
#9644=CARTESIAN_POINT('',(-6.E-1,-9.E-2,-1.37E0));
#9645=LINE('',#9644,#9643);
#9646=CARTESIAN_POINT('',(-6.E-1,-2.4E-1,-1.37E0));
#9647=DIRECTION('',(-1.E0,0.E0,0.E0));
#9648=DIRECTION('',(0.E0,8.191520442890E-1,5.735764363510E-1));
#9649=AXIS2_PLACEMENT_3D('',#9646,#9647,#9648);
#9651=DIRECTION('',(0.E0,5.735764363510E-1,-8.191520442890E-1));
#9652=VECTOR('',#9651,3.185776515688E-1);
#9653=CARTESIAN_POINT('',(-6.E-1,-2.998558274445E-1,-1.023E0));
#9654=LINE('',#9653,#9652);
#9655=DIRECTION('',(1.E0,0.E0,0.E0));
#9656=VECTOR('',#9655,2.E-1);
#9657=CARTESIAN_POINT('',(-6.E-1,-2.998558274445E-1,-2.077E0));
#9658=LINE('',#9657,#9656);
#9659=DIRECTION('',(1.E0,0.E0,0.E0));
#9660=VECTOR('',#9659,2.E-1);
#9661=CARTESIAN_POINT('',(-6.E-1,-2.998558274445E-1,-1.023E0));
#9662=LINE('',#9661,#9660);
#9663=DIRECTION('',(1.E0,0.E0,0.E0));
#9664=VECTOR('',#9663,2.E-1);
#9665=CARTESIAN_POINT('',(-6.E-1,-1.171271933566E-1,-1.283963534547E0));
#9666=LINE('',#9665,#9664);
#9667=DIRECTION('',(1.E0,0.E0,0.E0));
#9668=VECTOR('',#9667,2.E-1);
#9669=CARTESIAN_POINT('',(-6.E-1,-9.E-2,-1.37E0));
#9670=LINE('',#9669,#9668);
#9671=DIRECTION('',(1.E0,0.E0,0.E0));
#9672=VECTOR('',#9671,2.E-1);
#9673=CARTESIAN_POINT('',(-6.E-1,-9.E-2,-1.45E0));
#9674=LINE('',#9673,#9672);
#9675=DIRECTION('',(1.E0,0.E0,0.E0));
#9676=VECTOR('',#9675,2.E-1);
#9677=CARTESIAN_POINT('',(-6.E-1,-1.248080503045E-1,-1.45E0));
#9678=LINE('',#9677,#9676);
#9679=DIRECTION('',(1.E0,0.E0,0.E0));
#9680=VECTOR('',#9679,2.E-1);
#9681=CARTESIAN_POINT('',(-6.E-1,-2.238348571787E-1,-1.536082689904E0));
#9682=LINE('',#9681,#9680);
#9683=DIRECTION('',(0.E0,0.E0,1.E0));
#9684=VECTOR('',#9683,1.054E0);
#9685=CARTESIAN_POINT('',(-4.E-1,-2.998558274445E-1,-2.077E0));
#9686=LINE('',#9685,#9684);
#9687=DIRECTION('',(0.E0,5.735764363510E-1,-8.191520442890E-1));
#9688=VECTOR('',#9687,3.185776515688E-1);
#9689=CARTESIAN_POINT('',(-4.E-1,-2.998558274445E-1,-1.023E0));
#9690=LINE('',#9689,#9688);
#9691=CARTESIAN_POINT('',(-4.E-1,-2.4E-1,-1.37E0));
#9692=DIRECTION('',(-1.E0,0.E0,0.E0));
#9693=DIRECTION('',(0.E0,8.191520442890E-1,5.735764363510E-1));
#9694=AXIS2_PLACEMENT_3D('',#9691,#9692,#9693);
#9696=DIRECTION('',(0.E0,0.E0,-1.E0));
#9697=VECTOR('',#9696,8.E-2);
#9698=CARTESIAN_POINT('',(-4.E-1,-9.E-2,-1.37E0));
#9699=LINE('',#9698,#9697);
#9700=DIRECTION('',(0.E0,-1.E0,0.E0));
#9701=VECTOR('',#9700,3.480805030450E-2);
#9702=CARTESIAN_POINT('',(-4.E-1,-9.E-2,-1.45E0));
#9703=LINE('',#9702,#9701);
#9704=CARTESIAN_POINT('',(-4.E-1,-1.248080503045E-1,-1.55E0));
#9705=DIRECTION('',(1.E0,0.E0,0.E0));
#9706=DIRECTION('',(0.E0,0.E0,1.E0));
#9707=AXIS2_PLACEMENT_3D('',#9704,#9705,#9706);
#9709=DIRECTION('',(0.E0,-1.391731009601E-1,-9.902680687416E-1));
#9710=VECTOR('',#9709,5.462332141876E-1);
#9711=CARTESIAN_POINT('',(-4.E-1,-2.238348571787E-1,-1.536082689904E0));
#9712=LINE('',#9711,#9710);
#9713=CARTESIAN_POINT('',(-6.E-1,-2.998558274445E-1,-2.077E0));
#9714=CARTESIAN_POINT('',(-6.E-1,-2.998558274445E-1,-1.023E0));
#9715=VERTEX_POINT('',#9713);
#9716=VERTEX_POINT('',#9714);
#9717=CARTESIAN_POINT('',(-6.E-1,-1.171271933566E-1,-1.283963534547E0));
#9718=VERTEX_POINT('',#9717);
#9719=CARTESIAN_POINT('',(-6.E-1,-9.E-2,-1.37E0));
#9720=VERTEX_POINT('',#9719);
#9721=CARTESIAN_POINT('',(-6.E-1,-9.E-2,-1.45E0));
#9722=VERTEX_POINT('',#9721);
#9723=CARTESIAN_POINT('',(-6.E-1,-1.248080503045E-1,-1.45E0));
#9724=VERTEX_POINT('',#9723);
#9725=CARTESIAN_POINT('',(-6.E-1,-2.238348571787E-1,-1.536082689904E0));
#9726=VERTEX_POINT('',#9725);
#9727=CARTESIAN_POINT('',(-4.E-1,-2.998558274445E-1,-2.077E0));
#9728=CARTESIAN_POINT('',(-4.E-1,-2.998558274445E-1,-1.023E0));
#9729=VERTEX_POINT('',#9727);
#9730=VERTEX_POINT('',#9728);
#9731=CARTESIAN_POINT('',(-4.E-1,-1.171271933566E-1,-1.283963534547E0));
#9732=VERTEX_POINT('',#9731);
#9733=CARTESIAN_POINT('',(-4.E-1,-9.E-2,-1.37E0));
#9734=VERTEX_POINT('',#9733);
#9735=CARTESIAN_POINT('',(-4.E-1,-9.E-2,-1.45E0));
#9736=VERTEX_POINT('',#9735);
#9737=CARTESIAN_POINT('',(-4.E-1,-1.248080503045E-1,-1.45E0));
#9738=VERTEX_POINT('',#9737);
#9739=CARTESIAN_POINT('',(-4.E-1,-2.238348571787E-1,-1.536082689904E0));
#9740=VERTEX_POINT('',#9739);
#9741=CARTESIAN_POINT('',(-6.E-1,0.E0,0.E0));
#9742=DIRECTION('',(-1.E0,0.E0,0.E0));
#9743=DIRECTION('',(0.E0,0.E0,1.E0));
#9744=AXIS2_PLACEMENT_3D('',#9741,#9742,#9743);
#9745=PLANE('',#9744);
#9747=ORIENTED_EDGE('',*,*,#9746,.F.);
#9749=ORIENTED_EDGE('',*,*,#9748,.F.);
#9751=ORIENTED_EDGE('',*,*,#9750,.F.);
#9753=ORIENTED_EDGE('',*,*,#9752,.F.);
#9755=ORIENTED_EDGE('',*,*,#9754,.F.);
#9757=ORIENTED_EDGE('',*,*,#9756,.F.);
#9759=ORIENTED_EDGE('',*,*,#9758,.F.);
#9760=EDGE_LOOP('',(#9747,#9749,#9751,#9753,#9755,#9757,#9759));
#9761=FACE_OUTER_BOUND('',#9760,.F.);
#9763=CARTESIAN_POINT('',(-6.E-1,-2.998558274445E-1,-2.077E0));
#9764=DIRECTION('',(0.E0,-1.E0,0.E0));
#9765=DIRECTION('',(0.E0,0.E0,1.E0));
#9766=AXIS2_PLACEMENT_3D('',#9763,#9764,#9765);
#9767=PLANE('',#9766);
#9768=ORIENTED_EDGE('',*,*,#9746,.T.);
#9770=ORIENTED_EDGE('',*,*,#9769,.T.);
#9772=ORIENTED_EDGE('',*,*,#9771,.F.);
#9774=ORIENTED_EDGE('',*,*,#9773,.F.);
#9775=EDGE_LOOP('',(#9768,#9770,#9772,#9774));
#9776=FACE_OUTER_BOUND('',#9775,.F.);
#9778=CARTESIAN_POINT('',(-6.E-1,-2.998558274445E-1,-1.023E0));
#9779=DIRECTION('',(0.E0,8.191520442890E-1,5.735764363510E-1));
#9780=DIRECTION('',(0.E0,5.735764363510E-1,-8.191520442890E-1));
#9781=AXIS2_PLACEMENT_3D('',#9778,#9779,#9780);
#9782=PLANE('',#9781);
#9783=ORIENTED_EDGE('',*,*,#9758,.T.);
#9785=ORIENTED_EDGE('',*,*,#9784,.T.);
#9787=ORIENTED_EDGE('',*,*,#9786,.F.);
#9788=ORIENTED_EDGE('',*,*,#9769,.F.);
#9789=EDGE_LOOP('',(#9783,#9785,#9787,#9788));
#9790=FACE_OUTER_BOUND('',#9789,.F.);
#9792=CARTESIAN_POINT('',(-6.E-1,-2.4E-1,-1.37E0));
#9793=DIRECTION('',(-1.E0,0.E0,0.E0));
#9794=DIRECTION('',(0.E0,0.E0,1.E0));
#9795=AXIS2_PLACEMENT_3D('',#9792,#9793,#9794);
#9796=CYLINDRICAL_SURFACE('',#9795,1.5E-1);
#9797=ORIENTED_EDGE('',*,*,#9756,.T.);
#9799=ORIENTED_EDGE('',*,*,#9798,.T.);
#9801=ORIENTED_EDGE('',*,*,#9800,.F.);
#9802=ORIENTED_EDGE('',*,*,#9784,.F.);
#9803=EDGE_LOOP('',(#9797,#9799,#9801,#9802));
#9804=FACE_OUTER_BOUND('',#9803,.F.);
#9806=CARTESIAN_POINT('',(-6.E-1,-9.E-2,-1.37E0));
#9807=DIRECTION('',(0.E0,1.E0,0.E0));
#9808=DIRECTION('',(0.E0,0.E0,-1.E0));
#9809=AXIS2_PLACEMENT_3D('',#9806,#9807,#9808);
#9810=PLANE('',#9809);
#9811=ORIENTED_EDGE('',*,*,#9754,.T.);
#9813=ORIENTED_EDGE('',*,*,#9812,.T.);
#9815=ORIENTED_EDGE('',*,*,#9814,.F.);
#9816=ORIENTED_EDGE('',*,*,#9798,.F.);
#9817=EDGE_LOOP('',(#9811,#9813,#9815,#9816));
#9818=FACE_OUTER_BOUND('',#9817,.F.);
#9820=CARTESIAN_POINT('',(-6.E-1,-9.E-2,-1.45E0));
#9821=DIRECTION('',(0.E0,0.E0,-1.E0));
#9822=DIRECTION('',(0.E0,-1.E0,0.E0));
#9823=AXIS2_PLACEMENT_3D('',#9820,#9821,#9822);
#9824=PLANE('',#9823);
#9825=ORIENTED_EDGE('',*,*,#9752,.T.);
#9827=ORIENTED_EDGE('',*,*,#9826,.T.);
#9829=ORIENTED_EDGE('',*,*,#9828,.F.);
#9830=ORIENTED_EDGE('',*,*,#9812,.F.);
#9831=EDGE_LOOP('',(#9825,#9827,#9829,#9830));
#9832=FACE_OUTER_BOUND('',#9831,.F.);
#9834=CARTESIAN_POINT('',(-6.E-1,-1.248080503045E-1,-1.55E0));
#9835=DIRECTION('',(-1.E0,0.E0,0.E0));
#9836=DIRECTION('',(0.E0,0.E0,1.E0));
#9837=AXIS2_PLACEMENT_3D('',#9834,#9835,#9836);
#9838=CYLINDRICAL_SURFACE('',#9837,1.E-1);
#9839=ORIENTED_EDGE('',*,*,#9750,.T.);
#9841=ORIENTED_EDGE('',*,*,#9840,.T.);
#9843=ORIENTED_EDGE('',*,*,#9842,.F.);
#9844=ORIENTED_EDGE('',*,*,#9826,.F.);
#9845=EDGE_LOOP('',(#9839,#9841,#9843,#9844));
#9846=FACE_OUTER_BOUND('',#9845,.F.);
#9848=CARTESIAN_POINT('',(-6.E-1,-2.238348571787E-1,-1.536082689904E0));
#9849=DIRECTION('',(0.E0,9.902680687416E-1,-1.391731009601E-1));
#9850=DIRECTION('',(0.E0,-1.391731009601E-1,-9.902680687416E-1));
#9851=AXIS2_PLACEMENT_3D('',#9848,#9849,#9850);
#9852=PLANE('',#9851);
#9853=ORIENTED_EDGE('',*,*,#9748,.T.);
#9854=ORIENTED_EDGE('',*,*,#9773,.T.);
#9856=ORIENTED_EDGE('',*,*,#9855,.F.);
#9857=ORIENTED_EDGE('',*,*,#9840,.F.);
#9858=EDGE_LOOP('',(#9853,#9854,#9856,#9857));
#9859=FACE_OUTER_BOUND('',#9858,.F.);
#9861=CARTESIAN_POINT('',(-4.E-1,0.E0,0.E0));
#9862=DIRECTION('',(-1.E0,0.E0,0.E0));
#9863=DIRECTION('',(0.E0,0.E0,1.E0));
#9864=AXIS2_PLACEMENT_3D('',#9861,#9862,#9863);
#9865=PLANE('',#9864);
#9866=ORIENTED_EDGE('',*,*,#9771,.T.);
#9867=ORIENTED_EDGE('',*,*,#9786,.T.);
#9868=ORIENTED_EDGE('',*,*,#9800,.T.);
#9869=ORIENTED_EDGE('',*,*,#9814,.T.);
#9870=ORIENTED_EDGE('',*,*,#9828,.T.);
#9871=ORIENTED_EDGE('',*,*,#9842,.T.);
#9872=ORIENTED_EDGE('',*,*,#9855,.T.);
#9873=EDGE_LOOP('',(#9866,#9867,#9868,#9869,#9870,#9871,#9872));
#9874=FACE_OUTER_BOUND('',#9873,.F.);
#9878=DIRECTION('',(0.E0,0.E0,1.E0));
#9879=VECTOR('',#9878,1.054E0);
#9880=CARTESIAN_POINT('',(-1.E-1,-2.998558274445E-1,-2.077E0));
#9881=LINE('',#9880,#9879);
#9882=DIRECTION('',(0.E0,-1.391731009601E-1,-9.902680687416E-1));
#9883=VECTOR('',#9882,5.462332141876E-1);
#9884=CARTESIAN_POINT('',(-1.E-1,-2.238348571787E-1,-1.536082689904E0));
#9885=LINE('',#9884,#9883);
#9886=CARTESIAN_POINT('',(-1.E-1,-1.248080503045E-1,-1.55E0));
#9887=DIRECTION('',(1.E0,0.E0,0.E0));
#9888=DIRECTION('',(0.E0,0.E0,1.E0));
#9889=AXIS2_PLACEMENT_3D('',#9886,#9887,#9888);
#9891=DIRECTION('',(0.E0,-1.E0,0.E0));
#9892=VECTOR('',#9891,3.480805030450E-2);
#9893=CARTESIAN_POINT('',(-1.E-1,-9.E-2,-1.45E0));
#9894=LINE('',#9893,#9892);
#9895=DIRECTION('',(0.E0,0.E0,-1.E0));
#9896=VECTOR('',#9895,8.E-2);
#9897=CARTESIAN_POINT('',(-1.E-1,-9.E-2,-1.37E0));
#9898=LINE('',#9897,#9896);
#9899=CARTESIAN_POINT('',(-1.E-1,-2.4E-1,-1.37E0));
#9900=DIRECTION('',(-1.E0,0.E0,0.E0));
#9901=DIRECTION('',(0.E0,8.191520442890E-1,5.735764363510E-1));
#9902=AXIS2_PLACEMENT_3D('',#9899,#9900,#9901);
#9904=DIRECTION('',(0.E0,5.735764363510E-1,-8.191520442890E-1));
#9905=VECTOR('',#9904,3.185776515688E-1);
#9906=CARTESIAN_POINT('',(-1.E-1,-2.998558274445E-1,-1.023E0));
#9907=LINE('',#9906,#9905);
#9908=DIRECTION('',(1.E0,0.E0,0.E0));
#9909=VECTOR('',#9908,2.E-1);
#9910=CARTESIAN_POINT('',(-1.E-1,-2.998558274445E-1,-2.077E0));
#9911=LINE('',#9910,#9909);
#9912=DIRECTION('',(1.E0,0.E0,0.E0));
#9913=VECTOR('',#9912,2.E-1);
#9914=CARTESIAN_POINT('',(-1.E-1,-2.998558274445E-1,-1.023E0));
#9915=LINE('',#9914,#9913);
#9916=DIRECTION('',(1.E0,0.E0,0.E0));
#9917=VECTOR('',#9916,2.E-1);
#9918=CARTESIAN_POINT('',(-1.E-1,-1.171271933566E-1,-1.283963534547E0));
#9919=LINE('',#9918,#9917);
#9920=DIRECTION('',(1.E0,0.E0,0.E0));
#9921=VECTOR('',#9920,2.E-1);
#9922=CARTESIAN_POINT('',(-1.E-1,-9.E-2,-1.37E0));
#9923=LINE('',#9922,#9921);
#9924=DIRECTION('',(1.E0,0.E0,0.E0));
#9925=VECTOR('',#9924,2.E-1);
#9926=CARTESIAN_POINT('',(-1.E-1,-9.E-2,-1.45E0));
#9927=LINE('',#9926,#9925);
#9928=DIRECTION('',(1.E0,0.E0,0.E0));
#9929=VECTOR('',#9928,2.E-1);
#9930=CARTESIAN_POINT('',(-1.E-1,-1.248080503045E-1,-1.45E0));
#9931=LINE('',#9930,#9929);
#9932=DIRECTION('',(1.E0,0.E0,0.E0));
#9933=VECTOR('',#9932,2.E-1);
#9934=CARTESIAN_POINT('',(-1.E-1,-2.238348571787E-1,-1.536082689904E0));
#9935=LINE('',#9934,#9933);
#9936=DIRECTION('',(0.E0,0.E0,1.E0));
#9937=VECTOR('',#9936,1.054E0);
#9938=CARTESIAN_POINT('',(1.E-1,-2.998558274445E-1,-2.077E0));
#9939=LINE('',#9938,#9937);
#9940=DIRECTION('',(0.E0,5.735764363510E-1,-8.191520442890E-1));
#9941=VECTOR('',#9940,3.185776515688E-1);
#9942=CARTESIAN_POINT('',(1.E-1,-2.998558274445E-1,-1.023E0));
#9943=LINE('',#9942,#9941);
#9944=CARTESIAN_POINT('',(1.E-1,-2.4E-1,-1.37E0));
#9945=DIRECTION('',(-1.E0,0.E0,0.E0));
#9946=DIRECTION('',(0.E0,8.191520442890E-1,5.735764363510E-1));
#9947=AXIS2_PLACEMENT_3D('',#9944,#9945,#9946);
#9949=DIRECTION('',(0.E0,0.E0,-1.E0));
#9950=VECTOR('',#9949,8.E-2);
#9951=CARTESIAN_POINT('',(1.E-1,-9.E-2,-1.37E0));
#9952=LINE('',#9951,#9950);
#9953=DIRECTION('',(0.E0,-1.E0,0.E0));
#9954=VECTOR('',#9953,3.480805030450E-2);
#9955=CARTESIAN_POINT('',(1.E-1,-9.E-2,-1.45E0));
#9956=LINE('',#9955,#9954);
#9957=CARTESIAN_POINT('',(1.E-1,-1.248080503045E-1,-1.55E0));
#9958=DIRECTION('',(1.E0,0.E0,0.E0));
#9959=DIRECTION('',(0.E0,0.E0,1.E0));
#9960=AXIS2_PLACEMENT_3D('',#9957,#9958,#9959);
#9962=DIRECTION('',(0.E0,-1.391731009601E-1,-9.902680687416E-1));
#9963=VECTOR('',#9962,5.462332141876E-1);
#9964=CARTESIAN_POINT('',(1.E-1,-2.238348571787E-1,-1.536082689904E0));
#9965=LINE('',#9964,#9963);
#9966=CARTESIAN_POINT('',(-1.E-1,-2.998558274445E-1,-2.077E0));
#9967=CARTESIAN_POINT('',(-1.E-1,-2.998558274445E-1,-1.023E0));
#9968=VERTEX_POINT('',#9966);
#9969=VERTEX_POINT('',#9967);
#9970=CARTESIAN_POINT('',(-1.E-1,-1.171271933566E-1,-1.283963534547E0));
#9971=VERTEX_POINT('',#9970);
#9972=CARTESIAN_POINT('',(-1.E-1,-9.E-2,-1.37E0));
#9973=VERTEX_POINT('',#9972);
#9974=CARTESIAN_POINT('',(-1.E-1,-9.E-2,-1.45E0));
#9975=VERTEX_POINT('',#9974);
#9976=CARTESIAN_POINT('',(-1.E-1,-1.248080503045E-1,-1.45E0));
#9977=VERTEX_POINT('',#9976);
#9978=CARTESIAN_POINT('',(-1.E-1,-2.238348571787E-1,-1.536082689904E0));
#9979=VERTEX_POINT('',#9978);
#9980=CARTESIAN_POINT('',(1.E-1,-2.998558274445E-1,-2.077E0));
#9981=CARTESIAN_POINT('',(1.E-1,-2.998558274445E-1,-1.023E0));
#9982=VERTEX_POINT('',#9980);
#9983=VERTEX_POINT('',#9981);
#9984=CARTESIAN_POINT('',(1.E-1,-1.171271933566E-1,-1.283963534547E0));
#9985=VERTEX_POINT('',#9984);
#9986=CARTESIAN_POINT('',(1.E-1,-9.E-2,-1.37E0));
#9987=VERTEX_POINT('',#9986);
#9988=CARTESIAN_POINT('',(1.E-1,-9.E-2,-1.45E0));
#9989=VERTEX_POINT('',#9988);
#9990=CARTESIAN_POINT('',(1.E-1,-1.248080503045E-1,-1.45E0));
#9991=VERTEX_POINT('',#9990);
#9992=CARTESIAN_POINT('',(1.E-1,-2.238348571787E-1,-1.536082689904E0));
#9993=VERTEX_POINT('',#9992);
#9994=CARTESIAN_POINT('',(-1.E-1,0.E0,0.E0));
#9995=DIRECTION('',(-1.E0,0.E0,0.E0));
#9996=DIRECTION('',(0.E0,0.E0,1.E0));
#9997=AXIS2_PLACEMENT_3D('',#9994,#9995,#9996);
#9998=PLANE('',#9997);
#10000=ORIENTED_EDGE('',*,*,#9999,.F.);
#10002=ORIENTED_EDGE('',*,*,#10001,.F.);
#10004=ORIENTED_EDGE('',*,*,#10003,.F.);
#10006=ORIENTED_EDGE('',*,*,#10005,.F.);
#10008=ORIENTED_EDGE('',*,*,#10007,.F.);
#10010=ORIENTED_EDGE('',*,*,#10009,.F.);
#10012=ORIENTED_EDGE('',*,*,#10011,.F.);
#10013=EDGE_LOOP('',(#10000,#10002,#10004,#10006,#10008,#10010,#10012));
#10014=FACE_OUTER_BOUND('',#10013,.F.);
#10016=CARTESIAN_POINT('',(-1.E-1,-2.998558274445E-1,-2.077E0));
#10017=DIRECTION('',(0.E0,-1.E0,0.E0));
#10018=DIRECTION('',(0.E0,0.E0,1.E0));
#10019=AXIS2_PLACEMENT_3D('',#10016,#10017,#10018);
#10020=PLANE('',#10019);
#10021=ORIENTED_EDGE('',*,*,#9999,.T.);
#10023=ORIENTED_EDGE('',*,*,#10022,.T.);
#10025=ORIENTED_EDGE('',*,*,#10024,.F.);
#10027=ORIENTED_EDGE('',*,*,#10026,.F.);
#10028=EDGE_LOOP('',(#10021,#10023,#10025,#10027));
#10029=FACE_OUTER_BOUND('',#10028,.F.);
#10031=CARTESIAN_POINT('',(-1.E-1,-2.998558274445E-1,-1.023E0));
#10032=DIRECTION('',(0.E0,8.191520442890E-1,5.735764363510E-1));
#10033=DIRECTION('',(0.E0,5.735764363510E-1,-8.191520442890E-1));
#10034=AXIS2_PLACEMENT_3D('',#10031,#10032,#10033);
#10035=PLANE('',#10034);
#10036=ORIENTED_EDGE('',*,*,#10011,.T.);
#10038=ORIENTED_EDGE('',*,*,#10037,.T.);
#10040=ORIENTED_EDGE('',*,*,#10039,.F.);
#10041=ORIENTED_EDGE('',*,*,#10022,.F.);
#10042=EDGE_LOOP('',(#10036,#10038,#10040,#10041));
#10043=FACE_OUTER_BOUND('',#10042,.F.);
#10045=CARTESIAN_POINT('',(-1.E-1,-2.4E-1,-1.37E0));
#10046=DIRECTION('',(-1.E0,0.E0,0.E0));
#10047=DIRECTION('',(0.E0,0.E0,1.E0));
#10048=AXIS2_PLACEMENT_3D('',#10045,#10046,#10047);
#10049=CYLINDRICAL_SURFACE('',#10048,1.5E-1);
#10050=ORIENTED_EDGE('',*,*,#10009,.T.);
#10052=ORIENTED_EDGE('',*,*,#10051,.T.);
#10054=ORIENTED_EDGE('',*,*,#10053,.F.);
#10055=ORIENTED_EDGE('',*,*,#10037,.F.);
#10056=EDGE_LOOP('',(#10050,#10052,#10054,#10055));
#10057=FACE_OUTER_BOUND('',#10056,.F.);
#10059=CARTESIAN_POINT('',(-1.E-1,-9.E-2,-1.37E0));
#10060=DIRECTION('',(0.E0,1.E0,0.E0));
#10061=DIRECTION('',(0.E0,0.E0,-1.E0));
#10062=AXIS2_PLACEMENT_3D('',#10059,#10060,#10061);
#10063=PLANE('',#10062);
#10064=ORIENTED_EDGE('',*,*,#10007,.T.);
#10066=ORIENTED_EDGE('',*,*,#10065,.T.);
#10068=ORIENTED_EDGE('',*,*,#10067,.F.);
#10069=ORIENTED_EDGE('',*,*,#10051,.F.);
#10070=EDGE_LOOP('',(#10064,#10066,#10068,#10069));
#10071=FACE_OUTER_BOUND('',#10070,.F.);
#10073=CARTESIAN_POINT('',(-1.E-1,-9.E-2,-1.45E0));
#10074=DIRECTION('',(0.E0,0.E0,-1.E0));
#10075=DIRECTION('',(0.E0,-1.E0,0.E0));
#10076=AXIS2_PLACEMENT_3D('',#10073,#10074,#10075);
#10077=PLANE('',#10076);
#10078=ORIENTED_EDGE('',*,*,#10005,.T.);
#10080=ORIENTED_EDGE('',*,*,#10079,.T.);
#10082=ORIENTED_EDGE('',*,*,#10081,.F.);
#10083=ORIENTED_EDGE('',*,*,#10065,.F.);
#10084=EDGE_LOOP('',(#10078,#10080,#10082,#10083));
#10085=FACE_OUTER_BOUND('',#10084,.F.);
#10087=CARTESIAN_POINT('',(-1.E-1,-1.248080503045E-1,-1.55E0));
#10088=DIRECTION('',(-1.E0,0.E0,0.E0));
#10089=DIRECTION('',(0.E0,0.E0,1.E0));
#10090=AXIS2_PLACEMENT_3D('',#10087,#10088,#10089);
#10091=CYLINDRICAL_SURFACE('',#10090,1.E-1);
#10092=ORIENTED_EDGE('',*,*,#10003,.T.);
#10094=ORIENTED_EDGE('',*,*,#10093,.T.);
#10096=ORIENTED_EDGE('',*,*,#10095,.F.);
#10097=ORIENTED_EDGE('',*,*,#10079,.F.);
#10098=EDGE_LOOP('',(#10092,#10094,#10096,#10097));
#10099=FACE_OUTER_BOUND('',#10098,.F.);
#10101=CARTESIAN_POINT('',(-1.E-1,-2.238348571787E-1,-1.536082689904E0));
#10102=DIRECTION('',(0.E0,9.902680687416E-1,-1.391731009601E-1));
#10103=DIRECTION('',(0.E0,-1.391731009601E-1,-9.902680687416E-1));
#10104=AXIS2_PLACEMENT_3D('',#10101,#10102,#10103);
#10105=PLANE('',#10104);
#10106=ORIENTED_EDGE('',*,*,#10001,.T.);
#10107=ORIENTED_EDGE('',*,*,#10026,.T.);
#10109=ORIENTED_EDGE('',*,*,#10108,.F.);
#10110=ORIENTED_EDGE('',*,*,#10093,.F.);
#10111=EDGE_LOOP('',(#10106,#10107,#10109,#10110));
#10112=FACE_OUTER_BOUND('',#10111,.F.);
#10114=CARTESIAN_POINT('',(1.E-1,0.E0,0.E0));
#10115=DIRECTION('',(-1.E0,0.E0,0.E0));
#10116=DIRECTION('',(0.E0,0.E0,1.E0));
#10117=AXIS2_PLACEMENT_3D('',#10114,#10115,#10116);
#10118=PLANE('',#10117);
#10119=ORIENTED_EDGE('',*,*,#10024,.T.);
#10120=ORIENTED_EDGE('',*,*,#10039,.T.);
#10121=ORIENTED_EDGE('',*,*,#10053,.T.);
#10122=ORIENTED_EDGE('',*,*,#10067,.T.);
#10123=ORIENTED_EDGE('',*,*,#10081,.T.);
#10124=ORIENTED_EDGE('',*,*,#10095,.T.);
#10125=ORIENTED_EDGE('',*,*,#10108,.T.);
#10126=EDGE_LOOP('',(#10119,#10120,#10121,#10122,#10123,#10124,#10125));
#10127=FACE_OUTER_BOUND('',#10126,.F.);
#10131=DIRECTION('',(0.E0,0.E0,1.E0));
#10132=VECTOR('',#10131,1.054E0);
#10133=CARTESIAN_POINT('',(4.E-1,-2.998558274445E-1,-2.077E0));
#10134=LINE('',#10133,#10132);
#10135=DIRECTION('',(0.E0,-1.391731009601E-1,-9.902680687416E-1));
#10136=VECTOR('',#10135,5.462332141876E-1);
#10137=CARTESIAN_POINT('',(4.E-1,-2.238348571787E-1,-1.536082689904E0));
#10138=LINE('',#10137,#10136);
#10139=CARTESIAN_POINT('',(4.E-1,-1.248080503045E-1,-1.55E0));
#10140=DIRECTION('',(1.E0,0.E0,0.E0));
#10141=DIRECTION('',(0.E0,0.E0,1.E0));
#10142=AXIS2_PLACEMENT_3D('',#10139,#10140,#10141);
#10144=DIRECTION('',(0.E0,-1.E0,0.E0));
#10145=VECTOR('',#10144,3.480805030450E-2);
#10146=CARTESIAN_POINT('',(4.E-1,-9.E-2,-1.45E0));
#10147=LINE('',#10146,#10145);
#10148=DIRECTION('',(0.E0,0.E0,-1.E0));
#10149=VECTOR('',#10148,8.E-2);
#10150=CARTESIAN_POINT('',(4.E-1,-9.E-2,-1.37E0));
#10151=LINE('',#10150,#10149);
#10152=CARTESIAN_POINT('',(4.E-1,-2.4E-1,-1.37E0));
#10153=DIRECTION('',(-1.E0,0.E0,0.E0));
#10154=DIRECTION('',(0.E0,8.191520442890E-1,5.735764363510E-1));
#10155=AXIS2_PLACEMENT_3D('',#10152,#10153,#10154);
#10157=DIRECTION('',(0.E0,5.735764363510E-1,-8.191520442890E-1));
#10158=VECTOR('',#10157,3.185776515688E-1);
#10159=CARTESIAN_POINT('',(4.E-1,-2.998558274445E-1,-1.023E0));
#10160=LINE('',#10159,#10158);
#10161=DIRECTION('',(1.E0,0.E0,0.E0));
#10162=VECTOR('',#10161,2.E-1);
#10163=CARTESIAN_POINT('',(4.E-1,-2.998558274445E-1,-2.077E0));
#10164=LINE('',#10163,#10162);
#10165=DIRECTION('',(1.E0,0.E0,0.E0));
#10166=VECTOR('',#10165,2.E-1);
#10167=CARTESIAN_POINT('',(4.E-1,-2.998558274445E-1,-1.023E0));
#10168=LINE('',#10167,#10166);
#10169=DIRECTION('',(1.E0,0.E0,0.E0));
#10170=VECTOR('',#10169,2.E-1);
#10171=CARTESIAN_POINT('',(4.E-1,-1.171271933566E-1,-1.283963534547E0));
#10172=LINE('',#10171,#10170);
#10173=DIRECTION('',(1.E0,0.E0,0.E0));
#10174=VECTOR('',#10173,2.E-1);
#10175=CARTESIAN_POINT('',(4.E-1,-9.E-2,-1.37E0));
#10176=LINE('',#10175,#10174);
#10177=DIRECTION('',(1.E0,0.E0,0.E0));
#10178=VECTOR('',#10177,2.E-1);
#10179=CARTESIAN_POINT('',(4.E-1,-9.E-2,-1.45E0));
#10180=LINE('',#10179,#10178);
#10181=DIRECTION('',(1.E0,0.E0,0.E0));
#10182=VECTOR('',#10181,2.E-1);
#10183=CARTESIAN_POINT('',(4.E-1,-1.248080503045E-1,-1.45E0));
#10184=LINE('',#10183,#10182);
#10185=DIRECTION('',(1.E0,0.E0,0.E0));
#10186=VECTOR('',#10185,2.E-1);
#10187=CARTESIAN_POINT('',(4.E-1,-2.238348571787E-1,-1.536082689904E0));
#10188=LINE('',#10187,#10186);
#10189=DIRECTION('',(0.E0,0.E0,1.E0));
#10190=VECTOR('',#10189,1.054E0);
#10191=CARTESIAN_POINT('',(6.E-1,-2.998558274445E-1,-2.077E0));
#10192=LINE('',#10191,#10190);
#10193=DIRECTION('',(0.E0,5.735764363510E-1,-8.191520442890E-1));
#10194=VECTOR('',#10193,3.185776515688E-1);
#10195=CARTESIAN_POINT('',(6.E-1,-2.998558274445E-1,-1.023E0));
#10196=LINE('',#10195,#10194);
#10197=CARTESIAN_POINT('',(6.E-1,-2.4E-1,-1.37E0));
#10198=DIRECTION('',(-1.E0,0.E0,0.E0));
#10199=DIRECTION('',(0.E0,8.191520442890E-1,5.735764363510E-1));
#10200=AXIS2_PLACEMENT_3D('',#10197,#10198,#10199);
#10202=DIRECTION('',(0.E0,0.E0,-1.E0));
#10203=VECTOR('',#10202,8.E-2);
#10204=CARTESIAN_POINT('',(6.E-1,-9.E-2,-1.37E0));
#10205=LINE('',#10204,#10203);
#10206=DIRECTION('',(0.E0,-1.E0,0.E0));
#10207=VECTOR('',#10206,3.480805030450E-2);
#10208=CARTESIAN_POINT('',(6.E-1,-9.E-2,-1.45E0));
#10209=LINE('',#10208,#10207);
#10210=CARTESIAN_POINT('',(6.E-1,-1.248080503045E-1,-1.55E0));
#10211=DIRECTION('',(1.E0,0.E0,0.E0));
#10212=DIRECTION('',(0.E0,0.E0,1.E0));
#10213=AXIS2_PLACEMENT_3D('',#10210,#10211,#10212);
#10215=DIRECTION('',(0.E0,-1.391731009601E-1,-9.902680687416E-1));
#10216=VECTOR('',#10215,5.462332141876E-1);
#10217=CARTESIAN_POINT('',(6.E-1,-2.238348571787E-1,-1.536082689904E0));
#10218=LINE('',#10217,#10216);
#10219=CARTESIAN_POINT('',(4.E-1,-2.998558274445E-1,-2.077E0));
#10220=CARTESIAN_POINT('',(4.E-1,-2.998558274445E-1,-1.023E0));
#10221=VERTEX_POINT('',#10219);
#10222=VERTEX_POINT('',#10220);
#10223=CARTESIAN_POINT('',(4.E-1,-1.171271933566E-1,-1.283963534547E0));
#10224=VERTEX_POINT('',#10223);
#10225=CARTESIAN_POINT('',(4.E-1,-9.E-2,-1.37E0));
#10226=VERTEX_POINT('',#10225);
#10227=CARTESIAN_POINT('',(4.E-1,-9.E-2,-1.45E0));
#10228=VERTEX_POINT('',#10227);
#10229=CARTESIAN_POINT('',(4.E-1,-1.248080503045E-1,-1.45E0));
#10230=VERTEX_POINT('',#10229);
#10231=CARTESIAN_POINT('',(4.E-1,-2.238348571787E-1,-1.536082689904E0));
#10232=VERTEX_POINT('',#10231);
#10233=CARTESIAN_POINT('',(6.E-1,-2.998558274445E-1,-2.077E0));
#10234=CARTESIAN_POINT('',(6.E-1,-2.998558274445E-1,-1.023E0));
#10235=VERTEX_POINT('',#10233);
#10236=VERTEX_POINT('',#10234);
#10237=CARTESIAN_POINT('',(6.E-1,-1.171271933566E-1,-1.283963534547E0));
#10238=VERTEX_POINT('',#10237);
#10239=CARTESIAN_POINT('',(6.E-1,-9.E-2,-1.37E0));
#10240=VERTEX_POINT('',#10239);
#10241=CARTESIAN_POINT('',(6.E-1,-9.E-2,-1.45E0));
#10242=VERTEX_POINT('',#10241);
#10243=CARTESIAN_POINT('',(6.E-1,-1.248080503045E-1,-1.45E0));
#10244=VERTEX_POINT('',#10243);
#10245=CARTESIAN_POINT('',(6.E-1,-2.238348571787E-1,-1.536082689904E0));
#10246=VERTEX_POINT('',#10245);
#10247=CARTESIAN_POINT('',(4.E-1,0.E0,0.E0));
#10248=DIRECTION('',(-1.E0,0.E0,0.E0));
#10249=DIRECTION('',(0.E0,0.E0,1.E0));
#10250=AXIS2_PLACEMENT_3D('',#10247,#10248,#10249);
#10251=PLANE('',#10250);
#10253=ORIENTED_EDGE('',*,*,#10252,.F.);
#10255=ORIENTED_EDGE('',*,*,#10254,.F.);
#10257=ORIENTED_EDGE('',*,*,#10256,.F.);
#10259=ORIENTED_EDGE('',*,*,#10258,.F.);
#10261=ORIENTED_EDGE('',*,*,#10260,.F.);
#10263=ORIENTED_EDGE('',*,*,#10262,.F.);
#10265=ORIENTED_EDGE('',*,*,#10264,.F.);
#10266=EDGE_LOOP('',(#10253,#10255,#10257,#10259,#10261,#10263,#10265));
#10267=FACE_OUTER_BOUND('',#10266,.F.);
#10269=CARTESIAN_POINT('',(4.E-1,-2.998558274445E-1,-2.077E0));
#10270=DIRECTION('',(0.E0,-1.E0,0.E0));
#10271=DIRECTION('',(0.E0,0.E0,1.E0));
#10272=AXIS2_PLACEMENT_3D('',#10269,#10270,#10271);
#10273=PLANE('',#10272);
#10274=ORIENTED_EDGE('',*,*,#10252,.T.);
#10276=ORIENTED_EDGE('',*,*,#10275,.T.);
#10278=ORIENTED_EDGE('',*,*,#10277,.F.);
#10280=ORIENTED_EDGE('',*,*,#10279,.F.);
#10281=EDGE_LOOP('',(#10274,#10276,#10278,#10280));
#10282=FACE_OUTER_BOUND('',#10281,.F.);
#10284=CARTESIAN_POINT('',(4.E-1,-2.998558274445E-1,-1.023E0));
#10285=DIRECTION('',(0.E0,8.191520442890E-1,5.735764363510E-1));
#10286=DIRECTION('',(0.E0,5.735764363510E-1,-8.191520442890E-1));
#10287=AXIS2_PLACEMENT_3D('',#10284,#10285,#10286);
#10288=PLANE('',#10287);
#10289=ORIENTED_EDGE('',*,*,#10264,.T.);
#10291=ORIENTED_EDGE('',*,*,#10290,.T.);
#10293=ORIENTED_EDGE('',*,*,#10292,.F.);
#10294=ORIENTED_EDGE('',*,*,#10275,.F.);
#10295=EDGE_LOOP('',(#10289,#10291,#10293,#10294));
#10296=FACE_OUTER_BOUND('',#10295,.F.);
#10298=CARTESIAN_POINT('',(4.E-1,-2.4E-1,-1.37E0));
#10299=DIRECTION('',(-1.E0,0.E0,0.E0));
#10300=DIRECTION('',(0.E0,0.E0,1.E0));
#10301=AXIS2_PLACEMENT_3D('',#10298,#10299,#10300);
#10302=CYLINDRICAL_SURFACE('',#10301,1.5E-1);
#10303=ORIENTED_EDGE('',*,*,#10262,.T.);
#10305=ORIENTED_EDGE('',*,*,#10304,.T.);
#10307=ORIENTED_EDGE('',*,*,#10306,.F.);
#10308=ORIENTED_EDGE('',*,*,#10290,.F.);
#10309=EDGE_LOOP('',(#10303,#10305,#10307,#10308));
#10310=FACE_OUTER_BOUND('',#10309,.F.);
#10312=CARTESIAN_POINT('',(4.E-1,-9.E-2,-1.37E0));
#10313=DIRECTION('',(0.E0,1.E0,0.E0));
#10314=DIRECTION('',(0.E0,0.E0,-1.E0));
#10315=AXIS2_PLACEMENT_3D('',#10312,#10313,#10314);
#10316=PLANE('',#10315);
#10317=ORIENTED_EDGE('',*,*,#10260,.T.);
#10319=ORIENTED_EDGE('',*,*,#10318,.T.);
#10321=ORIENTED_EDGE('',*,*,#10320,.F.);
#10322=ORIENTED_EDGE('',*,*,#10304,.F.);
#10323=EDGE_LOOP('',(#10317,#10319,#10321,#10322));
#10324=FACE_OUTER_BOUND('',#10323,.F.);
#10326=CARTESIAN_POINT('',(4.E-1,-9.E-2,-1.45E0));
#10327=DIRECTION('',(0.E0,0.E0,-1.E0));
#10328=DIRECTION('',(0.E0,-1.E0,0.E0));
#10329=AXIS2_PLACEMENT_3D('',#10326,#10327,#10328);
#10330=PLANE('',#10329);
#10331=ORIENTED_EDGE('',*,*,#10258,.T.);
#10333=ORIENTED_EDGE('',*,*,#10332,.T.);
#10335=ORIENTED_EDGE('',*,*,#10334,.F.);
#10336=ORIENTED_EDGE('',*,*,#10318,.F.);
#10337=EDGE_LOOP('',(#10331,#10333,#10335,#10336));
#10338=FACE_OUTER_BOUND('',#10337,.F.);
#10340=CARTESIAN_POINT('',(4.E-1,-1.248080503045E-1,-1.55E0));
#10341=DIRECTION('',(-1.E0,0.E0,0.E0));
#10342=DIRECTION('',(0.E0,0.E0,1.E0));
#10343=AXIS2_PLACEMENT_3D('',#10340,#10341,#10342);
#10344=CYLINDRICAL_SURFACE('',#10343,1.E-1);
#10345=ORIENTED_EDGE('',*,*,#10256,.T.);
#10347=ORIENTED_EDGE('',*,*,#10346,.T.);
#10349=ORIENTED_EDGE('',*,*,#10348,.F.);
#10350=ORIENTED_EDGE('',*,*,#10332,.F.);
#10351=EDGE_LOOP('',(#10345,#10347,#10349,#10350));
#10352=FACE_OUTER_BOUND('',#10351,.F.);
#10354=CARTESIAN_POINT('',(4.E-1,-2.238348571787E-1,-1.536082689904E0));
#10355=DIRECTION('',(0.E0,9.902680687416E-1,-1.391731009601E-1));
#10356=DIRECTION('',(0.E0,-1.391731009601E-1,-9.902680687416E-1));
#10357=AXIS2_PLACEMENT_3D('',#10354,#10355,#10356);
#10358=PLANE('',#10357);
#10359=ORIENTED_EDGE('',*,*,#10254,.T.);
#10360=ORIENTED_EDGE('',*,*,#10279,.T.);
#10362=ORIENTED_EDGE('',*,*,#10361,.F.);
#10363=ORIENTED_EDGE('',*,*,#10346,.F.);
#10364=EDGE_LOOP('',(#10359,#10360,#10362,#10363));
#10365=FACE_OUTER_BOUND('',#10364,.F.);
#10367=CARTESIAN_POINT('',(6.E-1,0.E0,0.E0));
#10368=DIRECTION('',(-1.E0,0.E0,0.E0));
#10369=DIRECTION('',(0.E0,0.E0,1.E0));
#10370=AXIS2_PLACEMENT_3D('',#10367,#10368,#10369);
#10371=PLANE('',#10370);
#10372=ORIENTED_EDGE('',*,*,#10277,.T.);
#10373=ORIENTED_EDGE('',*,*,#10292,.T.);
#10374=ORIENTED_EDGE('',*,*,#10306,.T.);
#10375=ORIENTED_EDGE('',*,*,#10320,.T.);
#10376=ORIENTED_EDGE('',*,*,#10334,.T.);
#10377=ORIENTED_EDGE('',*,*,#10348,.T.);
#10378=ORIENTED_EDGE('',*,*,#10361,.T.);
#10379=EDGE_LOOP('',(#10372,#10373,#10374,#10375,#10376,#10377,#10378));
#10380=FACE_OUTER_BOUND('',#10379,.F.);
#10384=DIRECTION('',(0.E0,0.E0,1.E0));
#10385=VECTOR('',#10384,1.054E0);
#10386=CARTESIAN_POINT('',(9.E-1,-2.998558274445E-1,-2.077E0));
#10387=LINE('',#10386,#10385);
#10388=DIRECTION('',(0.E0,-1.391731009601E-1,-9.902680687416E-1));
#10389=VECTOR('',#10388,5.462332141876E-1);
#10390=CARTESIAN_POINT('',(9.E-1,-2.238348571787E-1,-1.536082689904E0));
#10391=LINE('',#10390,#10389);
#10392=CARTESIAN_POINT('',(9.E-1,-1.248080503045E-1,-1.55E0));
#10393=DIRECTION('',(1.E0,0.E0,0.E0));
#10394=DIRECTION('',(0.E0,0.E0,1.E0));
#10395=AXIS2_PLACEMENT_3D('',#10392,#10393,#10394);
#10397=DIRECTION('',(0.E0,-1.E0,0.E0));
#10398=VECTOR('',#10397,3.480805030450E-2);
#10399=CARTESIAN_POINT('',(9.E-1,-9.E-2,-1.45E0));
#10400=LINE('',#10399,#10398);
#10401=DIRECTION('',(0.E0,0.E0,-1.E0));
#10402=VECTOR('',#10401,8.E-2);
#10403=CARTESIAN_POINT('',(9.E-1,-9.E-2,-1.37E0));
#10404=LINE('',#10403,#10402);
#10405=CARTESIAN_POINT('',(9.E-1,-2.4E-1,-1.37E0));
#10406=DIRECTION('',(-1.E0,0.E0,0.E0));
#10407=DIRECTION('',(0.E0,8.191520442890E-1,5.735764363510E-1));
#10408=AXIS2_PLACEMENT_3D('',#10405,#10406,#10407);
#10410=DIRECTION('',(0.E0,5.735764363510E-1,-8.191520442890E-1));
#10411=VECTOR('',#10410,3.185776515688E-1);
#10412=CARTESIAN_POINT('',(9.E-1,-2.998558274445E-1,-1.023E0));
#10413=LINE('',#10412,#10411);
#10414=DIRECTION('',(1.E0,0.E0,0.E0));
#10415=VECTOR('',#10414,2.E-1);
#10416=CARTESIAN_POINT('',(9.E-1,-2.998558274445E-1,-2.077E0));
#10417=LINE('',#10416,#10415);
#10418=DIRECTION('',(1.E0,0.E0,0.E0));
#10419=VECTOR('',#10418,2.E-1);
#10420=CARTESIAN_POINT('',(9.E-1,-2.998558274445E-1,-1.023E0));
#10421=LINE('',#10420,#10419);
#10422=DIRECTION('',(1.E0,0.E0,0.E0));
#10423=VECTOR('',#10422,2.E-1);
#10424=CARTESIAN_POINT('',(9.E-1,-1.171271933566E-1,-1.283963534547E0));
#10425=LINE('',#10424,#10423);
#10426=DIRECTION('',(1.E0,0.E0,0.E0));
#10427=VECTOR('',#10426,2.E-1);
#10428=CARTESIAN_POINT('',(9.E-1,-9.E-2,-1.37E0));
#10429=LINE('',#10428,#10427);
#10430=DIRECTION('',(1.E0,0.E0,0.E0));
#10431=VECTOR('',#10430,2.E-1);
#10432=CARTESIAN_POINT('',(9.E-1,-9.E-2,-1.45E0));
#10433=LINE('',#10432,#10431);
#10434=DIRECTION('',(1.E0,0.E0,0.E0));
#10435=VECTOR('',#10434,2.E-1);
#10436=CARTESIAN_POINT('',(9.E-1,-1.248080503045E-1,-1.45E0));
#10437=LINE('',#10436,#10435);
#10438=DIRECTION('',(1.E0,0.E0,0.E0));
#10439=VECTOR('',#10438,2.E-1);
#10440=CARTESIAN_POINT('',(9.E-1,-2.238348571787E-1,-1.536082689904E0));
#10441=LINE('',#10440,#10439);
#10442=DIRECTION('',(0.E0,0.E0,1.E0));
#10443=VECTOR('',#10442,1.054E0);
#10444=CARTESIAN_POINT('',(1.1E0,-2.998558274445E-1,-2.077E0));
#10445=LINE('',#10444,#10443);
#10446=DIRECTION('',(0.E0,5.735764363510E-1,-8.191520442890E-1));
#10447=VECTOR('',#10446,3.185776515688E-1);
#10448=CARTESIAN_POINT('',(1.1E0,-2.998558274445E-1,-1.023E0));
#10449=LINE('',#10448,#10447);
#10450=CARTESIAN_POINT('',(1.1E0,-2.4E-1,-1.37E0));
#10451=DIRECTION('',(-1.E0,0.E0,0.E0));
#10452=DIRECTION('',(0.E0,8.191520442890E-1,5.735764363510E-1));
#10453=AXIS2_PLACEMENT_3D('',#10450,#10451,#10452);
#10455=DIRECTION('',(0.E0,0.E0,-1.E0));
#10456=VECTOR('',#10455,8.E-2);
#10457=CARTESIAN_POINT('',(1.1E0,-9.E-2,-1.37E0));
#10458=LINE('',#10457,#10456);
#10459=DIRECTION('',(0.E0,-1.E0,0.E0));
#10460=VECTOR('',#10459,3.480805030450E-2);
#10461=CARTESIAN_POINT('',(1.1E0,-9.E-2,-1.45E0));
#10462=LINE('',#10461,#10460);
#10463=CARTESIAN_POINT('',(1.1E0,-1.248080503045E-1,-1.55E0));
#10464=DIRECTION('',(1.E0,0.E0,0.E0));
#10465=DIRECTION('',(0.E0,0.E0,1.E0));
#10466=AXIS2_PLACEMENT_3D('',#10463,#10464,#10465);
#10468=DIRECTION('',(0.E0,-1.391731009601E-1,-9.902680687416E-1));
#10469=VECTOR('',#10468,5.462332141876E-1);
#10470=CARTESIAN_POINT('',(1.1E0,-2.238348571787E-1,-1.536082689904E0));
#10471=LINE('',#10470,#10469);
#10472=CARTESIAN_POINT('',(9.E-1,-2.998558274445E-1,-2.077E0));
#10473=CARTESIAN_POINT('',(9.E-1,-2.998558274445E-1,-1.023E0));
#10474=VERTEX_POINT('',#10472);
#10475=VERTEX_POINT('',#10473);
#10476=CARTESIAN_POINT('',(9.E-1,-1.171271933566E-1,-1.283963534547E0));
#10477=VERTEX_POINT('',#10476);
#10478=CARTESIAN_POINT('',(9.E-1,-9.E-2,-1.37E0));
#10479=VERTEX_POINT('',#10478);
#10480=CARTESIAN_POINT('',(9.E-1,-9.E-2,-1.45E0));
#10481=VERTEX_POINT('',#10480);
#10482=CARTESIAN_POINT('',(9.E-1,-1.248080503045E-1,-1.45E0));
#10483=VERTEX_POINT('',#10482);
#10484=CARTESIAN_POINT('',(9.E-1,-2.238348571787E-1,-1.536082689904E0));
#10485=VERTEX_POINT('',#10484);
#10486=CARTESIAN_POINT('',(1.1E0,-2.998558274445E-1,-2.077E0));
#10487=CARTESIAN_POINT('',(1.1E0,-2.998558274445E-1,-1.023E0));
#10488=VERTEX_POINT('',#10486);
#10489=VERTEX_POINT('',#10487);
#10490=CARTESIAN_POINT('',(1.1E0,-1.171271933566E-1,-1.283963534547E0));
#10491=VERTEX_POINT('',#10490);
#10492=CARTESIAN_POINT('',(1.1E0,-9.E-2,-1.37E0));
#10493=VERTEX_POINT('',#10492);
#10494=CARTESIAN_POINT('',(1.1E0,-9.E-2,-1.45E0));
#10495=VERTEX_POINT('',#10494);
#10496=CARTESIAN_POINT('',(1.1E0,-1.248080503045E-1,-1.45E0));
#10497=VERTEX_POINT('',#10496);
#10498=CARTESIAN_POINT('',(1.1E0,-2.238348571787E-1,-1.536082689904E0));
#10499=VERTEX_POINT('',#10498);
#10500=CARTESIAN_POINT('',(9.E-1,0.E0,0.E0));
#10501=DIRECTION('',(-1.E0,0.E0,0.E0));
#10502=DIRECTION('',(0.E0,0.E0,1.E0));
#10503=AXIS2_PLACEMENT_3D('',#10500,#10501,#10502);
#10504=PLANE('',#10503);
#10506=ORIENTED_EDGE('',*,*,#10505,.F.);
#10508=ORIENTED_EDGE('',*,*,#10507,.F.);
#10510=ORIENTED_EDGE('',*,*,#10509,.F.);
#10512=ORIENTED_EDGE('',*,*,#10511,.F.);
#10514=ORIENTED_EDGE('',*,*,#10513,.F.);
#10516=ORIENTED_EDGE('',*,*,#10515,.F.);
#10518=ORIENTED_EDGE('',*,*,#10517,.F.);
#10519=EDGE_LOOP('',(#10506,#10508,#10510,#10512,#10514,#10516,#10518));
#10520=FACE_OUTER_BOUND('',#10519,.F.);
#10522=CARTESIAN_POINT('',(9.E-1,-2.998558274445E-1,-2.077E0));
#10523=DIRECTION('',(0.E0,-1.E0,0.E0));
#10524=DIRECTION('',(0.E0,0.E0,1.E0));
#10525=AXIS2_PLACEMENT_3D('',#10522,#10523,#10524);
#10526=PLANE('',#10525);
#10527=ORIENTED_EDGE('',*,*,#10505,.T.);
#10529=ORIENTED_EDGE('',*,*,#10528,.T.);
#10531=ORIENTED_EDGE('',*,*,#10530,.F.);
#10533=ORIENTED_EDGE('',*,*,#10532,.F.);
#10534=EDGE_LOOP('',(#10527,#10529,#10531,#10533));
#10535=FACE_OUTER_BOUND('',#10534,.F.);
#10537=CARTESIAN_POINT('',(9.E-1,-2.998558274445E-1,-1.023E0));
#10538=DIRECTION('',(0.E0,8.191520442890E-1,5.735764363510E-1));
#10539=DIRECTION('',(0.E0,5.735764363510E-1,-8.191520442890E-1));
#10540=AXIS2_PLACEMENT_3D('',#10537,#10538,#10539);
#10541=PLANE('',#10540);
#10542=ORIENTED_EDGE('',*,*,#10517,.T.);
#10544=ORIENTED_EDGE('',*,*,#10543,.T.);
#10546=ORIENTED_EDGE('',*,*,#10545,.F.);
#10547=ORIENTED_EDGE('',*,*,#10528,.F.);
#10548=EDGE_LOOP('',(#10542,#10544,#10546,#10547));
#10549=FACE_OUTER_BOUND('',#10548,.F.);
#10551=CARTESIAN_POINT('',(9.E-1,-2.4E-1,-1.37E0));
#10552=DIRECTION('',(-1.E0,0.E0,0.E0));
#10553=DIRECTION('',(0.E0,0.E0,1.E0));
#10554=AXIS2_PLACEMENT_3D('',#10551,#10552,#10553);
#10555=CYLINDRICAL_SURFACE('',#10554,1.5E-1);
#10556=ORIENTED_EDGE('',*,*,#10515,.T.);
#10558=ORIENTED_EDGE('',*,*,#10557,.T.);
#10560=ORIENTED_EDGE('',*,*,#10559,.F.);
#10561=ORIENTED_EDGE('',*,*,#10543,.F.);
#10562=EDGE_LOOP('',(#10556,#10558,#10560,#10561));
#10563=FACE_OUTER_BOUND('',#10562,.F.);
#10565=CARTESIAN_POINT('',(9.E-1,-9.E-2,-1.37E0));
#10566=DIRECTION('',(0.E0,1.E0,0.E0));
#10567=DIRECTION('',(0.E0,0.E0,-1.E0));
#10568=AXIS2_PLACEMENT_3D('',#10565,#10566,#10567);
#10569=PLANE('',#10568);
#10570=ORIENTED_EDGE('',*,*,#10513,.T.);
#10572=ORIENTED_EDGE('',*,*,#10571,.T.);
#10574=ORIENTED_EDGE('',*,*,#10573,.F.);
#10575=ORIENTED_EDGE('',*,*,#10557,.F.);
#10576=EDGE_LOOP('',(#10570,#10572,#10574,#10575));
#10577=FACE_OUTER_BOUND('',#10576,.F.);
#10579=CARTESIAN_POINT('',(9.E-1,-9.E-2,-1.45E0));
#10580=DIRECTION('',(0.E0,0.E0,-1.E0));
#10581=DIRECTION('',(0.E0,-1.E0,0.E0));
#10582=AXIS2_PLACEMENT_3D('',#10579,#10580,#10581);
#10583=PLANE('',#10582);
#10584=ORIENTED_EDGE('',*,*,#10511,.T.);
#10586=ORIENTED_EDGE('',*,*,#10585,.T.);
#10588=ORIENTED_EDGE('',*,*,#10587,.F.);
#10589=ORIENTED_EDGE('',*,*,#10571,.F.);
#10590=EDGE_LOOP('',(#10584,#10586,#10588,#10589));
#10591=FACE_OUTER_BOUND('',#10590,.F.);
#10593=CARTESIAN_POINT('',(9.E-1,-1.248080503045E-1,-1.55E0));
#10594=DIRECTION('',(-1.E0,0.E0,0.E0));
#10595=DIRECTION('',(0.E0,0.E0,1.E0));
#10596=AXIS2_PLACEMENT_3D('',#10593,#10594,#10595);
#10597=CYLINDRICAL_SURFACE('',#10596,1.E-1);
#10598=ORIENTED_EDGE('',*,*,#10509,.T.);
#10600=ORIENTED_EDGE('',*,*,#10599,.T.);
#10602=ORIENTED_EDGE('',*,*,#10601,.F.);
#10603=ORIENTED_EDGE('',*,*,#10585,.F.);
#10604=EDGE_LOOP('',(#10598,#10600,#10602,#10603));
#10605=FACE_OUTER_BOUND('',#10604,.F.);
#10607=CARTESIAN_POINT('',(9.E-1,-2.238348571787E-1,-1.536082689904E0));
#10608=DIRECTION('',(0.E0,9.902680687416E-1,-1.391731009601E-1));
#10609=DIRECTION('',(0.E0,-1.391731009601E-1,-9.902680687416E-1));
#10610=AXIS2_PLACEMENT_3D('',#10607,#10608,#10609);
#10611=PLANE('',#10610);
#10612=ORIENTED_EDGE('',*,*,#10507,.T.);
#10613=ORIENTED_EDGE('',*,*,#10532,.T.);
#10615=ORIENTED_EDGE('',*,*,#10614,.F.);
#10616=ORIENTED_EDGE('',*,*,#10599,.F.);
#10617=EDGE_LOOP('',(#10612,#10613,#10615,#10616));
#10618=FACE_OUTER_BOUND('',#10617,.F.);
#10620=CARTESIAN_POINT('',(1.1E0,0.E0,0.E0));
#10621=DIRECTION('',(-1.E0,0.E0,0.E0));
#10622=DIRECTION('',(0.E0,0.E0,1.E0));
#10623=AXIS2_PLACEMENT_3D('',#10620,#10621,#10622);
#10624=PLANE('',#10623);
#10625=ORIENTED_EDGE('',*,*,#10530,.T.);
#10626=ORIENTED_EDGE('',*,*,#10545,.T.);
#10627=ORIENTED_EDGE('',*,*,#10559,.T.);
#10628=ORIENTED_EDGE('',*,*,#10573,.T.);
#10629=ORIENTED_EDGE('',*,*,#10587,.T.);
#10630=ORIENTED_EDGE('',*,*,#10601,.T.);
#10631=ORIENTED_EDGE('',*,*,#10614,.T.);
#10632=EDGE_LOOP('',(#10625,#10626,#10627,#10628,#10629,#10630,#10631));
#10633=FACE_OUTER_BOUND('',#10632,.F.);
#10637=CARTESIAN_POINT('',(-1.E0,4.497836924588E-2,-3.1115E0));
#10638=DIRECTION('',(0.E0,0.E0,1.E0));
#10639=DIRECTION('',(1.E0,0.E0,0.E0));
#10640=AXIS2_PLACEMENT_3D('',#10637,#10638,#10639);
#10641=CARTESIAN_POINT('',(-5.E-1,4.497836924588E-2,-3.1115E0));
#10642=DIRECTION('',(0.E0,0.E0,1.E0));
#10643=DIRECTION('',(1.E0,0.E0,0.E0));
#10644=AXIS2_PLACEMENT_3D('',#10641,#10642,#10643);
#10645=CARTESIAN_POINT('',(0.E0,4.497836924588E-2,-3.1115E0));
#10646=DIRECTION('',(0.E0,0.E0,1.E0));
#10647=DIRECTION('',(1.E0,0.E0,0.E0));
#10648=AXIS2_PLACEMENT_3D('',#10645,#10646,#10647);
#10649=CARTESIAN_POINT('',(5.E-1,4.497836924588E-2,-3.1115E0));
#10650=DIRECTION('',(0.E0,0.E0,1.E0));
#10651=DIRECTION('',(1.E0,0.E0,0.E0));
#10652=AXIS2_PLACEMENT_3D('',#10649,#10650,#10651);
#10653=CARTESIAN_POINT('',(1.E0,4.497836924588E-2,-3.1115E0));
#10654=DIRECTION('',(0.E0,0.E0,1.E0));
#10655=DIRECTION('',(1.E0,0.E0,0.E0));
#10656=AXIS2_PLACEMENT_3D('',#10653,#10654,#10655);
#10659=PLANE_ANGLE_MEASURE_WITH_UNIT(PLANE_ANGLE_MEASURE(1.745329251994E-2),
#10658);
#10660=(CONVERSION_BASED_UNIT('DEGREE',#10659)NAMED_UNIT(*)PLANE_ANGLE_UNIT());
#10662=UNCERTAINTY_MEASURE_WITH_UNIT(LENGTH_MEASURE(1.E-3),#10657,
'distance_accuracy_value',
'Maximum model space distance between geometric entities at asserted connectivities');
#10665=APPLICATION_CONTEXT('automotive_design');
#10666=APPLICATION_PROTOCOL_DEFINITION('international standard',
'automotive_design',2001,#10665);
#10667=PRODUCT_DEFINITION_CONTEXT('part definition',#10665,'design');
#10668=PRODUCT_CONTEXT('',#10665,'mechanical');
#10669=PRODUCT('C-2492111-5','C-2492111-5','NOT SPECIFIED',(#10668));
#10670=PRODUCT_DEFINITION_FORMATION('1','LAST_VERSION',#10669);
#10678=DERIVED_UNIT_ELEMENT(#10677,2.E0);
#10679=DERIVED_UNIT((#10678));
#10680=MEASURE_REPRESENTATION_ITEM('surface area measure',AREA_MEASURE(
1.476426103085E2),#10679);
#10685=DERIVED_UNIT_ELEMENT(#10684,3.E0);
#10686=DERIVED_UNIT((#10685));
#10687=MEASURE_REPRESENTATION_ITEM('volume measure',VOLUME_MEASURE(
5.405349486762E1),#10686);
#10691=CARTESIAN_POINT('centre point',(7.970975412628E-8,1.417732849707E-2,
-2.135035921108E0));
#10696=DERIVED_UNIT_ELEMENT(#10695,2.E0);
#10697=DERIVED_UNIT((#10696));
#10698=MEASURE_REPRESENTATION_ITEM('surface area measure',AREA_MEASURE(
1.476426103085E2),#10697);
#10703=DERIVED_UNIT_ELEMENT(#10702,3.E0);
#10704=DERIVED_UNIT((#10703));
#10705=MEASURE_REPRESENTATION_ITEM('volume measure',VOLUME_MEASURE(
5.405349486762E1),#10704);
#10709=CARTESIAN_POINT('centre point',(7.970975412628E-8,1.417732849707E-2,
-2.135035921108E0));
#10714=PRODUCT_RELATED_PRODUCT_CATEGORY('part','',(#10669));
#1=DRAUGHTING_PRE_DEFINED_COLOUR('green');
#2=COLOUR_RGB('',1.1E-2,1.2E-2,1.E0);
#3=COLOUR_RGB('',4.1E-1,2.61589E-1,1.12848E-1);
#4=COLOUR_RGB('',5.04854E-1,1.5455E-2,1.5455E-2);
#5=COLOUR_RGB('',6.35294E-1,6.86275E-1,7.4902E-1);
#6=COLOUR_RGB('',6.40777E-1,6.40777E-1,6.40777E-1);
#7=COLOUR_RGB('',6.69062E-1,6.69903E-1,6.55217E-1);
#8=COLOUR_RGB('',9.21569E-1,7.05882E-1,4.70588E-1);
#9=DRAUGHTING_PRE_DEFINED_COLOUR('red');
#10=DRAUGHTING_PRE_DEFINED_COLOUR('yellow');
#11=COLOUR_RGB('',1.E0,1.E0,5.3E-1);
#12=COLOUR_RGB('',1.E0,1.E0,9.49E-1);
#13=DRAUGHTING_PRE_DEFINED_COLOUR('white');
#18=CIRCLE('',#17,1.E-1);
#79=CIRCLE('',#78,2.E-1);
#104=CIRCLE('',#103,2.E-1);
#193=CIRCLE('',#192,2.E-1);
#218=CIRCLE('',#217,2.E-1);
#263=CIRCLE('',#262,2.5E-1);
#272=CIRCLE('',#271,2.5E-1);
#349=CIRCLE('',#348,2.5E-1);
#358=CIRCLE('',#357,2.5E-1);
#627=CIRCLE('',#626,2.E-1);
#652=CIRCLE('',#651,2.E-1);
#757=CIRCLE('',#756,2.E-1);
#782=CIRCLE('',#781,2.E-1);
#819=CIRCLE('',#818,1.E-1);
#832=CIRCLE('',#831,1.E-1);
#909=CIRCLE('',#908,1.E-1);
#930=CIRCLE('',#929,1.E-1);
#943=CIRCLE('',#942,1.E-1);
#996=CIRCLE('',#995,1.E-1);
#1001=CIRCLE('',#1000,1.E-1);
#1018=CIRCLE('',#1017,2.E-1);
#1031=CIRCLE('',#1030,2.E-1);
#1040=CIRCLE('',#1039,1.E-1);
#1049=CIRCLE('',#1048,2.E-1);
#1058=CIRCLE('',#1057,2.E-1);
#1079=CIRCLE('',#1078,2.2E-1);
#1088=CIRCLE('',#1087,2.2E-1);
#1153=CIRCLE('',#1152,2.2E-1);
#1162=CIRCLE('',#1161,2.2E-1);
#1195=B_SPLINE_CURVE_WITH_KNOTS('',3,(#1183,#1184,#1185,#1186,#1187,#1188,#1189,
#1190,#1191,#1192,#1193,#1194),.UNSPECIFIED.,.F.,.F.,(4,1,1,1,1,1,1,1,1,4),
(0.E0,1.111111111111E-1,2.222222222222E-1,3.333333333333E-1,4.444444444444E-1,
5.555555555556E-1,6.666666666667E-1,7.777777777778E-1,8.888888888889E-1,1.E0),
.UNSPECIFIED.);
#1216=CIRCLE('',#1215,1.E-1);
#1225=CIRCLE('',#1224,1.E-1);
#1234=CIRCLE('',#1233,2.E-1);
#1239=CIRCLE('',#1238,2.E-1);
#1244=CIRCLE('',#1243,2.E-1);
#1253=CIRCLE('',#1252,2.E-1);
#1258=CIRCLE('',#1257,2.E-1);
#1263=CIRCLE('',#1262,2.E-1);
#1272=CIRCLE('',#1271,1.E-1);
#1281=CIRCLE('',#1280,1.E-1);
#1298=CIRCLE('',#1297,1.E-1);
#1307=CIRCLE('',#1306,1.E-1);
#1316=CIRCLE('',#1315,2.E-1);
#1321=CIRCLE('',#1320,2.E-1);
#1326=CIRCLE('',#1325,2.E-1);
#1335=CIRCLE('',#1334,2.E-1);
#1340=CIRCLE('',#1339,2.E-1);
#1345=CIRCLE('',#1344,2.E-1);
#1354=CIRCLE('',#1353,1.E-1);
#1363=CIRCLE('',#1362,1.E-1);
#1380=B_SPLINE_CURVE_WITH_KNOTS('',3,(#1368,#1369,#1370,#1371,#1372,#1373,#1374,
#1375,#1376,#1377,#1378,#1379),.UNSPECIFIED.,.F.,.F.,(4,1,1,1,1,1,1,1,1,4),
(0.E0,1.111111111111E-1,2.222222222222E-1,3.333333333333E-1,4.444444444444E-1,
5.555555555556E-1,6.666666666667E-1,7.777777777778E-1,8.888888888889E-1,1.E0),
.UNSPECIFIED.);
#1401=CIRCLE('',#1400,1.E-1);
#1423=B_SPLINE_CURVE_WITH_KNOTS('',3,(#1406,#1407,#1408,#1409,#1410,#1411,#1412,
#1413,#1414,#1415,#1416,#1417,#1418,#1419,#1420,#1421,#1422),.UNSPECIFIED.,.F.,
.F.,(4,1,1,1,1,1,1,1,1,1,1,1,1,1,4),(0.E0,8.201878356015E-2,1.741046825196E-1,
2.730123052991E-1,3.738501806835E-1,4.695217044535E-1,5.569596512475E-1,
6.359074356114E-1,7.069092728084E-1,7.704773068866E-1,8.269954616501E-1,
8.770572210466E-1,9.216058819324E-1,9.621386971941E-1,1.E0),.UNSPECIFIED.);
#1436=CIRCLE('',#1435,2.5E-1);
#1457=CIRCLE('',#1456,2.5E-1);
#1483=B_SPLINE_CURVE_WITH_KNOTS('',3,(#1466,#1467,#1468,#1469,#1470,#1471,#1472,
#1473,#1474,#1475,#1476,#1477,#1478,#1479,#1480,#1481,#1482),.UNSPECIFIED.,.F.,
.F.,(4,1,1,1,1,1,1,1,1,1,1,1,1,1,4),(0.E0,3.783361063660E-2,7.833117574627E-2,
1.228808247653E-1,1.729376387979E-1,2.294826828028E-1,2.930600740955E-1,
3.640701651894E-1,4.430353693528E-1,5.304793830096E-1,6.261513147115E-1,
7.269806108045E-1,8.258900882912E-1,9.179848161209E-1,1.E0),.UNSPECIFIED.);
#1492=CIRCLE('',#1491,1.E-1);
#1518=B_SPLINE_CURVE_WITH_KNOTS('',3,(#1501,#1502,#1503,#1504,#1505,#1506,#1507,
#1508,#1509,#1510,#1511,#1512,#1513,#1514,#1515,#1516,#1517),.UNSPECIFIED.,.F.,
.F.,(4,1,1,1,1,1,1,1,1,1,1,1,1,1,4),(0.E0,8.201878356015E-2,1.741046825196E-1,
2.730123052991E-1,3.738501806835E-1,4.695217044535E-1,5.569596512475E-1,
6.359074356114E-1,7.069092728084E-1,7.704773068866E-1,8.269954616501E-1,
8.770572210466E-1,9.216058819324E-1,9.621386971941E-1,1.E0),.UNSPECIFIED.);
#1527=CIRCLE('',#1526,1.E-1);
#1544=CIRCLE('',#1543,2.5E-1);
#1557=CIRCLE('',#1556,1.E-1);
#1579=B_SPLINE_CURVE_WITH_KNOTS('',3,(#1562,#1563,#1564,#1565,#1566,#1567,#1568,
#1569,#1570,#1571,#1572,#1573,#1574,#1575,#1576,#1577,#1578),.UNSPECIFIED.,.F.,
.F.,(4,1,1,1,1,1,1,1,1,1,1,1,1,1,4),(0.E0,3.783361063660E-2,7.833117574627E-2,
1.228808247653E-1,1.729376387979E-1,2.294826828028E-1,2.930600740955E-1,
3.640701651894E-1,4.430353693528E-1,5.304793830096E-1,6.261513147115E-1,
7.269806108045E-1,8.258900882912E-1,9.179848161209E-1,1.E0),.UNSPECIFIED.);
#1592=CIRCLE('',#1591,2.5E-1);
#1617=CIRCLE('',#1616,1.E-1);
#1626=CIRCLE('',#1625,2.E-1);
#1631=CIRCLE('',#1630,2.E-1);
#1636=CIRCLE('',#1635,2.E-1);
#1645=CIRCLE('',#1644,2.E-1);
#1650=CIRCLE('',#1649,2.E-1);
#1655=CIRCLE('',#1654,2.E-1);
#1664=CIRCLE('',#1663,1.E-1);
#1741=CIRCLE('',#1740,1.E-1);
#1750=CIRCLE('',#1749,2.E-1);
#1755=CIRCLE('',#1754,2.E-1);
#1760=CIRCLE('',#1759,2.E-1);
#1769=CIRCLE('',#1768,2.E-1);
#1774=CIRCLE('',#1773,2.E-1);
#1779=CIRCLE('',#1778,2.E-1);
#1788=CIRCLE('',#1787,1.E-1);
#1797=CIRCLE('',#1796,1.E-1);
#1810=CIRCLE('',#1809,1.2E-1);
#1827=CIRCLE('',#1826,1.E-1);
#1908=CIRCLE('',#1907,1.E-1);
#1917=CIRCLE('',#1916,1.E-1);
#1934=CIRCLE('',#1933,1.2E-1);
#1943=CIRCLE('',#1942,1.E-1);
#1948=CIRCLE('',#1947,1.E-1);
#1957=CIRCLE('',#1956,1.E-1);
#1970=CIRCLE('',#1969,1.2E-1);
#1987=CIRCLE('',#1986,1.E-1);
#2028=CIRCLE('',#2027,1.E-1);
#2033=CIRCLE('',#2032,1.E-1);
#2042=CIRCLE('',#2041,1.E-1);
#2047=CIRCLE('',#2046,1.E-1);
#2136=CIRCLE('',#2135,1.E-1);
#2141=CIRCLE('',#2140,1.E-1);
#2146=CIRCLE('',#2145,1.E-1);
#2151=CIRCLE('',#2150,1.E-1);
#2192=CIRCLE('',#2191,1.E-1);
#2201=CIRCLE('',#2200,1.E-1);
#2218=CIRCLE('',#2217,1.2E-1);
#2227=CIRCLE('',#2226,1.E-1);
#2232=CIRCLE('',#2231,1.E-1);
#2321=CIRCLE('',#2320,4.E-1);
#2334=CIRCLE('',#2333,4.E-1);
#2351=CIRCLE('',#2350,4.E-1);
#2360=CIRCLE('',#2359,4.E-1);
#2541=CIRCLE('',#2540,1.E-1);
#2554=CIRCLE('',#2553,1.2E-1);
#2571=CIRCLE('',#2570,1.E-1);
#2588=CIRCLE('',#2587,1.E-1);
#2597=CIRCLE('',#2596,1.E-1);
#2614=CIRCLE('',#2613,1.2E-1);
#2623=CIRCLE('',#2622,1.E-1);
#2628=CIRCLE('',#2627,1.E-1);
#2637=CIRCLE('',#2636,1.E-1);
#2642=CIRCLE('',#2641,1.E-1);
#2647=CIRCLE('',#2646,1.E-1);
#2652=CIRCLE('',#2651,1.E-1);
#2689=CIRCLE('',#2688,1.E-1);
#2702=CIRCLE('',#2701,1.2E-1);
#2719=CIRCLE('',#2718,1.E-1);
#2736=CIRCLE('',#2735,1.E-1);
#2745=CIRCLE('',#2744,1.E-1);
#2762=CIRCLE('',#2761,1.2E-1);
#2771=CIRCLE('',#2770,1.E-1);
#2776=CIRCLE('',#2775,1.E-1);
#2785=CIRCLE('',#2784,1.E-1);
#2790=CIRCLE('',#2789,1.E-1);
#2795=CIRCLE('',#2794,1.E-1);
#2800=CIRCLE('',#2799,1.E-1);
#2837=CIRCLE('',#2836,1.E-1);
#2850=CIRCLE('',#2849,1.2E-1);
#2867=CIRCLE('',#2866,1.E-1);
#2884=CIRCLE('',#2883,1.E-1);
#2893=CIRCLE('',#2892,1.E-1);
#2910=CIRCLE('',#2909,1.2E-1);
#2919=CIRCLE('',#2918,1.E-1);
#2924=CIRCLE('',#2923,1.E-1);
#2933=CIRCLE('',#2932,1.E-1);
#2938=CIRCLE('',#2937,1.E-1);
#2943=CIRCLE('',#2942,1.E-1);
#2948=CIRCLE('',#2947,1.E-1);
#3085=B_SPLINE_CURVE_WITH_KNOTS('',3,(#3073,#3074,#3075,#3076,#3077,#3078,#3079,
#3080,#3081,#3082,#3083,#3084),.UNSPECIFIED.,.F.,.F.,(4,1,1,1,1,1,1,1,1,4),
(0.E0,1.111111111111E-1,2.222222222222E-1,3.333333333333E-1,4.444444444444E-1,
5.555555555556E-1,6.666666666667E-1,7.777777777778E-1,8.888888888889E-1,1.E0),
.UNSPECIFIED.);
#3094=CIRCLE('',#3093,2.5E-1);
#3115=CIRCLE('',#3114,2.5E-1);
#3128=CIRCLE('',#3127,1.E-1);
#3137=CIRCLE('',#3136,2.E-1);
#3146=CIRCLE('',#3145,2.E-1);
#3171=CIRCLE('',#3170,1.E-1);
#3192=CIRCLE('',#3191,2.E-1);
#3205=CIRCLE('',#3204,2.E-1);
#3214=CIRCLE('',#3213,1.E-1);
#3299=CIRCLE('',#3298,2.2E-1);
#3308=CIRCLE('',#3307,2.2E-1);
#3321=CIRCLE('',#3320,2.2E-1);
#3330=CIRCLE('',#3329,2.2E-1);
#3363=CIRCLE('',#3362,1.E-1);
#3368=CIRCLE('',#3367,1.E-1);
#3409=CIRCLE('',#3408,1.E-1);
#3422=CIRCLE('',#3421,1.E-1);
#3507=B_SPLINE_CURVE_WITH_KNOTS('',3,(#3495,#3496,#3497,#3498,#3499,#3500,#3501,
#3502,#3503,#3504,#3505,#3506),.UNSPECIFIED.,.F.,.F.,(4,1,1,1,1,1,1,1,1,4),
(0.E0,1.111111111111E-1,2.222222222222E-1,3.333333333333E-1,4.444444444444E-1,
5.555555555556E-1,6.666666666667E-1,7.777777777778E-1,8.888888888889E-1,1.E0),
.UNSPECIFIED.);
#3516=CIRCLE('',#3515,2.5E-1);
#3525=CIRCLE('',#3524,2.5E-1);
#4609=EDGE_CURVE('',#4176,#4177,#22,.T.);
#4611=EDGE_CURVE('',#4176,#4179,#1040,.T.);
#4613=EDGE_CURVE('',#4179,#4181,#3372,.T.);
#4615=EDGE_CURVE('',#4181,#4177,#18,.T.);
#4619=ADVANCED_FACE('',(#4618),#4608,.T.);
#4626=EDGE_CURVE('',#3917,#4177,#197,.T.);
#4628=EDGE_CURVE('',#3891,#3917,#26,.T.);
#4630=EDGE_CURVE('',#3891,#4176,#1044,.T.);
#4634=ADVANCED_FACE('',(#4633),#4624,.T.);
#4640=EDGE_CURVE('',#4195,#4193,#30,.T.);
#4642=EDGE_CURVE('',#3895,#4193,#3209,.T.);
#4644=EDGE_CURVE('',#3907,#3895,#34,.T.);
#4646=EDGE_CURVE('',#3907,#4195,#777,.T.);
#4650=ADVANCED_FACE('',(#4649),#4639,.T.);
#4656=EDGE_CURVE('',#3740,#3741,#38,.T.);
#4658=EDGE_CURVE('',#3741,#3601,#42,.T.);
#4660=EDGE_CURVE('',#3600,#3601,#46,.T.);
#4662=EDGE_CURVE('',#3740,#3600,#296,.T.);
#4666=ADVANCED_FACE('',(#4665),#4655,.T.);
#4672=EDGE_CURVE('',#3771,#3781,#50,.T.);
#4674=EDGE_CURVE('',#3645,#3781,#320,.T.);
#4676=EDGE_CURVE('',#3644,#3645,#54,.T.);
#4678=EDGE_CURVE('',#3644,#3771,#58,.T.);
#4682=ADVANCED_FACE('',(#4681),#4671,.T.);
#4688=EDGE_CURVE('',#4227,#4233,#62,.T.);
#4690=EDGE_CURVE('',#4233,#3585,#2067,.T.);
#4692=EDGE_CURVE('',#3585,#3593,#66,.T.);
#4694=EDGE_CURVE('',#3593,#3744,#70,.T.);
#4696=EDGE_CURVE('',#3744,#3745,#74,.T.);
#4698=EDGE_CURVE('',#3698,#3745,#280,.T.);
#4700=EDGE_CURVE('',#3698,#3699,#79,.T.);
#4702=EDGE_CURVE('',#3699,#3701,#83,.T.);
#4704=EDGE_CURVE('',#3701,#3687,#1116,.T.);
#4706=EDGE_CURVE('',#3687,#3667,#87,.T.);
#4708=EDGE_CURVE('',#3667,#3756,#856,.T.);
#4710=EDGE_CURVE('',#3756,#3757,#91,.T.);
#4712=EDGE_CURVE('',#3757,#3759,#95,.T.);
#4714=EDGE_CURVE('',#4169,#3759,#963,.T.);
#4716=EDGE_CURVE('',#4173,#4169,#996,.T.);
#4718=EDGE_CURVE('',#4173,#3910,#99,.T.);
#4720=EDGE_CURVE('',#3910,#3911,#104,.T.);
#4722=EDGE_CURVE('',#3911,#3885,#108,.T.);
#4724=EDGE_CURVE('',#3597,#3885,#112,.T.);
#4726=EDGE_CURVE('',#3596,#3597,#116,.T.);
#4728=EDGE_CURVE('',#3596,#4227,#120,.T.);
#4732=ADVANCED_FACE('',(#4731),#4687,.T.);
#4738=EDGE_CURVE('',#4247,#4253,#124,.T.);
#4740=EDGE_CURVE('',#4253,#4235,#2083,.T.);
#4742=EDGE_CURVE('',#4231,#4235,#128,.T.);
#4744=EDGE_CURVE('',#4231,#4247,#132,.T.);
#4748=ADVANCED_FACE('',(#4747),#4737,.T.);
#4754=EDGE_CURVE('',#4267,#4273,#136,.T.);
#4756=EDGE_CURVE('',#4273,#4255,#2099,.T.);
#4758=EDGE_CURVE('',#4251,#4255,#140,.T.);
#4760=EDGE_CURVE('',#4251,#4267,#144,.T.);
#4764=ADVANCED_FACE('',(#4763),#4753,.T.);
#4770=EDGE_CURVE('',#4287,#4293,#148,.T.);
#4772=EDGE_CURVE('',#4293,#4275,#2115,.T.);
#4774=EDGE_CURVE('',#4271,#4275,#152,.T.);
#4776=EDGE_CURVE('',#4271,#4287,#156,.T.);
#4780=ADVANCED_FACE('',(#4779),#4769,.T.);
#4786=EDGE_CURVE('',#4591,#4597,#160,.T.);
#4788=EDGE_CURVE('',#4597,#4295,#2131,.T.);
#4790=EDGE_CURVE('',#4291,#4295,#164,.T.);
#4792=EDGE_CURVE('',#4291,#4591,#168,.T.);
#4796=ADVANCED_FACE('',(#4795),#4785,.T.);
#4802=EDGE_CURVE('',#4595,#4599,#172,.T.);
#4804=EDGE_CURVE('',#4595,#3649,#176,.T.);
#4806=EDGE_CURVE('',#3648,#3649,#180,.T.);
#4808=EDGE_CURVE('',#3914,#3648,#184,.T.);
#4810=EDGE_CURVE('',#3914,#3915,#188,.T.);
#4812=EDGE_CURVE('',#3915,#3917,#193,.T.);
#4816=EDGE_CURVE('',#3774,#4181,#3388,.T.);
#4818=EDGE_CURVE('',#3774,#3775,#201,.T.);
#4820=EDGE_CURVE('',#3779,#3775,#205,.T.);
#4822=EDGE_CURVE('',#3779,#3685,#864,.T.);
#4824=EDGE_CURVE('',#3689,#3685,#209,.T.);
#4826=EDGE_CURVE('',#3689,#3719,#1124,.T.);
#4828=EDGE_CURVE('',#3719,#3716,#213,.T.);
#4830=EDGE_CURVE('',#3716,#3717,#218,.T.);
#4832=EDGE_CURVE('',#3777,#3717,#336,.T.);
#4834=EDGE_CURVE('',#3769,#3777,#222,.T.);
#4836=EDGE_CURVE('',#3769,#3591,#226,.T.);
#4838=EDGE_CURVE('',#3591,#3581,#230,.T.);
#4840=EDGE_CURVE('',#3581,#4599,#2063,.T.);
#4844=ADVANCED_FACE('',(#4843),#4801,.T.);
#4851=EDGE_CURVE('',#3740,#3748,#292,.T.);
#4853=EDGE_CURVE('',#3748,#3751,#917,.T.);
#4855=EDGE_CURVE('',#3741,#3751,#414,.T.);
#4859=ADVANCED_FACE('',(#4858),#4849,.T.);
#4865=EDGE_CURVE('',#3855,#3851,#234,.T.);
#4867=EDGE_CURVE('',#3608,#3851,#554,.T.);
#4869=EDGE_CURVE('',#3608,#3827,#238,.T.);
#4871=EDGE_CURVE('',#3827,#3792,#242,.T.);
#4873=EDGE_CURVE('',#3792,#3797,#246,.T.);
#4875=EDGE_CURVE('',#3829,#3797,#250,.T.);
#4877=EDGE_CURVE('',#3829,#4317,#254,.T.);
#4879=EDGE_CURVE('',#4310,#4317,#3246,.T.);
#4881=EDGE_CURVE('',#4310,#3612,#258,.T.);
#4883=EDGE_CURVE('',#3612,#3613,#263,.T.);
#4885=EDGE_CURVE('',#3613,#3615,#267,.T.);
#4887=EDGE_CURVE('',#3615,#3617,#272,.T.);
#4889=EDGE_CURVE('',#3617,#3692,#276,.T.);
#4891=EDGE_CURVE('',#3692,#3698,#1132,.T.);
#4894=EDGE_CURVE('',#3745,#3749,#284,.T.);
#4896=EDGE_CURVE('',#3748,#3749,#288,.T.);
#4900=EDGE_CURVE('',#3853,#3600,#562,.T.);
#4902=EDGE_CURVE('',#3857,#3853,#300,.T.);
#4904=EDGE_CURVE('',#3855,#3857,#304,.T.);
#4908=ADVANCED_FACE('',(#4907),#4864,.F.);
#4914=EDGE_CURVE('',#3867,#3871,#308,.T.);
#4916=EDGE_CURVE('',#3871,#3873,#312,.T.);
#4918=EDGE_CURVE('',#3869,#3873,#316,.T.);
#4920=EDGE_CURVE('',#3869,#3645,#2996,.T.);
#4923=EDGE_CURVE('',#3781,#3785,#324,.T.);
#4925=EDGE_CURVE('',#3784,#3785,#328,.T.);
#4927=EDGE_CURVE('',#3777,#3784,#332,.T.);
#4930=EDGE_CURVE('',#3711,#3717,#340,.T.);
#4932=EDGE_CURVE('',#3711,#3632,#344,.T.);
#4934=EDGE_CURVE('',#3632,#3633,#349,.T.);
#4936=EDGE_CURVE('',#3633,#3628,#353,.T.);
#4938=EDGE_CURVE('',#3628,#3629,#358,.T.);
#4940=EDGE_CURVE('',#3629,#4325,#362,.T.);
#4942=EDGE_CURVE('',#4325,#4333,#366,.T.);
#4944=EDGE_CURVE('',#4333,#3837,#370,.T.);
#4946=EDGE_CURVE('',#3837,#3810,#374,.T.);
#4948=EDGE_CURVE('',#3810,#3815,#378,.T.);
#4950=EDGE_CURVE('',#3841,#3815,#382,.T.);
#4952=EDGE_CURVE('',#3841,#3653,#386,.T.);
#4954=EDGE_CURVE('',#3653,#3867,#2988,.T.);
#4958=ADVANCED_FACE('',(#4957),#4913,.F.);
#4964=EDGE_CURVE('',#3844,#3845,#398,.T.);
#4966=EDGE_CURVE('',#3845,#3851,#550,.T.);
#4969=EDGE_CURVE('',#3855,#3844,#390,.T.);
#4973=ADVANCED_FACE('',(#4972),#4963,.F.);
#4979=EDGE_CURVE('',#3860,#3861,#470,.T.);
#4981=EDGE_CURVE('',#3861,#3871,#394,.T.);
#4984=EDGE_CURVE('',#3860,#3867,#2984,.T.);
#4988=ADVANCED_FACE('',(#4987),#4978,.F.);
#4995=EDGE_CURVE('',#3844,#3848,#402,.T.);
#4997=EDGE_CURVE('',#3848,#3849,#406,.T.);
#4999=EDGE_CURVE('',#3849,#3601,#410,.T.);
#5003=EDGE_CURVE('',#3751,#3753,#418,.T.);
#5005=EDGE_CURVE('',#3744,#3753,#422,.T.);
#5008=EDGE_CURVE('',#3593,#3572,#426,.T.);
#5010=EDGE_CURVE('',#3537,#3572,#430,.T.);
#5012=EDGE_CURVE('',#3536,#3537,#434,.T.);
#5014=EDGE_CURVE('',#3545,#3536,#438,.T.);
#5016=EDGE_CURVE('',#3545,#3575,#442,.T.);
#5018=EDGE_CURVE('',#3821,#3575,#446,.T.);
#5020=EDGE_CURVE('',#3821,#3796,#450,.T.);
#5022=EDGE_CURVE('',#3793,#3796,#454,.T.);
#5024=EDGE_CURVE('',#3819,#3793,#458,.T.);
#5026=EDGE_CURVE('',#3609,#3819,#462,.T.);
#5028=EDGE_CURVE('',#3609,#3845,#466,.T.);
#5032=ADVANCED_FACE('',(#5031),#4993,.F.);
#5039=EDGE_CURVE('',#3652,#3860,#474,.T.);
#5041=EDGE_CURVE('',#3825,#3652,#478,.T.);
#5043=EDGE_CURVE('',#3825,#3814,#482,.T.);
#5045=EDGE_CURVE('',#3811,#3814,#486,.T.);
#5047=EDGE_CURVE('',#3823,#3811,#490,.T.);
#5049=EDGE_CURVE('',#3577,#3823,#494,.T.);
#5051=EDGE_CURVE('',#3543,#3577,#498,.T.);
#5053=EDGE_CURVE('',#3541,#3543,#502,.T.);
#5055=EDGE_CURVE('',#3540,#3541,#506,.T.);
#5057=EDGE_CURVE('',#3573,#3540,#510,.T.);
#5059=EDGE_CURVE('',#3591,#3573,#514,.T.);
#5062=EDGE_CURVE('',#3769,#3766,#518,.T.);
#5064=EDGE_CURVE('',#3766,#3767,#522,.T.);
#5066=EDGE_CURVE('',#3771,#3767,#526,.T.);
#5069=EDGE_CURVE('',#3864,#3644,#530,.T.);
#5071=EDGE_CURVE('',#3864,#3865,#534,.T.);
#5073=EDGE_CURVE('',#3861,#3865,#538,.T.);
#5077=ADVANCED_FACE('',(#5076),#5037,.F.);
#5086=EDGE_CURVE('',#3857,#3848,#542,.T.);
#5090=ADVANCED_FACE('',(#5089),#5082,.T.);
#5099=EDGE_CURVE('',#3849,#3853,#558,.T.);
#5103=ADVANCED_FACE('',(#5102),#5095,.T.);
#5110=EDGE_CURVE('',#3864,#3869,#2992,.T.);
#5113=EDGE_CURVE('',#3865,#3873,#546,.T.);
#5117=ADVANCED_FACE('',(#5116),#5108,.T.);
#5125=EDGE_CURVE('',#3608,#3609,#594,.T.);
#5130=ADVANCED_FACE('',(#5129),#5122,.T.);
#5142=ADVANCED_FACE('',(#5141),#5135,.T.);
#5148=EDGE_CURVE('',#3596,#3923,#566,.T.);
#5151=EDGE_CURVE('',#3929,#3597,#570,.T.);
#5153=EDGE_CURVE('',#3923,#3929,#574,.T.);
#5157=ADVANCED_FACE('',(#5156),#5147,.T.);
#5163=EDGE_CURVE('',#3925,#3604,#578,.T.);
#5165=EDGE_CURVE('',#3925,#3927,#582,.T.);
#5167=EDGE_CURVE('',#3605,#3927,#586,.T.);
#5169=EDGE_CURVE('',#3604,#3605,#614,.T.);
#5173=ADVANCED_FACE('',(#5172),#5162,.T.);
#5179=EDGE_CURVE('',#3819,#3827,#590,.T.);
#5186=ADVANCED_FACE('',(#5185),#5178,.T.);
#5192=EDGE_CURVE('',#3825,#3841,#598,.T.);
#5195=EDGE_CURVE('',#3652,#3653,#602,.T.);
#5200=ADVANCED_FACE('',(#5199),#5191,.T.);
#5206=EDGE_CURVE('',#4218,#4219,#606,.T.);
#5208=EDGE_CURVE('',#4219,#3604,#610,.T.);
#5211=EDGE_CURVE('',#3605,#3901,#618,.T.);
#5213=EDGE_CURVE('',#3899,#3901,#622,.T.);
#5215=EDGE_CURVE('',#3898,#3899,#627,.T.);
#5217=EDGE_CURVE('',#4189,#3898,#631,.T.);
#5219=EDGE_CURVE('',#4187,#4189,#3214,.T.);
#5221=EDGE_CURVE('',#3833,#4187,#991,.T.);
#5223=EDGE_CURVE('',#3803,#3833,#635,.T.);
#5225=EDGE_CURVE('',#3831,#3803,#639,.T.);
#5227=EDGE_CURVE('',#3831,#3670,#880,.T.);
#5229=EDGE_CURVE('',#4303,#3670,#643,.T.);
#5231=EDGE_CURVE('',#4337,#4303,#3258,.T.);
#5233=EDGE_CURVE('',#4319,#4337,#647,.T.);
#5235=EDGE_CURVE('',#4317,#4319,#652,.T.);
#5238=EDGE_CURVE('',#3821,#3829,#656,.T.);
#5241=EDGE_CURVE('',#3575,#4299,#660,.T.);
#5243=EDGE_CURVE('',#4299,#3583,#664,.T.);
#5245=EDGE_CURVE('',#4218,#3583,#668,.T.);
#5249=ADVANCED_FACE('',(#5248),#5205,.T.);
#5255=EDGE_CURVE('',#4238,#4239,#672,.T.);
#5257=EDGE_CURVE('',#4239,#4223,#676,.T.);
#5259=EDGE_CURVE('',#4222,#4223,#680,.T.);
#5261=EDGE_CURVE('',#4238,#4222,#684,.T.);
#5265=ADVANCED_FACE('',(#5264),#5254,.T.);
#5271=EDGE_CURVE('',#4258,#4259,#688,.T.);
#5273=EDGE_CURVE('',#4259,#4243,#692,.T.);
#5275=EDGE_CURVE('',#4242,#4243,#696,.T.);
#5277=EDGE_CURVE('',#4258,#4242,#700,.T.);
#5281=ADVANCED_FACE('',(#5280),#5270,.T.);
#5287=EDGE_CURVE('',#4278,#4279,#704,.T.);
#5289=EDGE_CURVE('',#4279,#4263,#708,.T.);
#5291=EDGE_CURVE('',#4262,#4263,#712,.T.);
#5293=EDGE_CURVE('',#4278,#4262,#716,.T.);
#5297=ADVANCED_FACE('',(#5296),#5286,.T.);
#5303=EDGE_CURVE('',#4578,#4585,#720,.T.);
#5305=EDGE_CURVE('',#4585,#4283,#724,.T.);
#5307=EDGE_CURVE('',#4282,#4283,#728,.T.);
#5309=EDGE_CURVE('',#4578,#4282,#732,.T.);
#5313=ADVANCED_FACE('',(#5312),#5302,.T.);
#5319=EDGE_CURVE('',#4582,#4587,#736,.T.);
#5321=EDGE_CURVE('',#3579,#4582,#740,.T.);
#5323=EDGE_CURVE('',#3579,#4297,#744,.T.);
#5325=EDGE_CURVE('',#4297,#3577,#748,.T.);
#5328=EDGE_CURVE('',#3823,#3837,#752,.T.);
#5331=EDGE_CURVE('',#4331,#4333,#757,.T.);
#5333=EDGE_CURVE('',#4339,#4331,#761,.T.);
#5335=EDGE_CURVE('',#4307,#4339,#3266,.T.);
#5337=EDGE_CURVE('',#4307,#3683,#765,.T.);
#5339=EDGE_CURVE('',#3683,#3839,#904,.T.);
#5341=EDGE_CURVE('',#3839,#3817,#769,.T.);
#5343=EDGE_CURVE('',#3835,#3817,#773,.T.);
#5345=EDGE_CURVE('',#4197,#3835,#3396,.T.);
#5347=EDGE_CURVE('',#4195,#4197,#3368,.T.);
#5350=EDGE_CURVE('',#3905,#3907,#782,.T.);
#5352=EDGE_CURVE('',#3904,#3905,#786,.T.);
#5354=EDGE_CURVE('',#3904,#3656,#790,.T.);
#5356=EDGE_CURVE('',#3656,#3657,#794,.T.);
#5358=EDGE_CURVE('',#3657,#4587,#798,.T.);
#5362=ADVANCED_FACE('',(#5361),#5318,.T.);
#5368=EDGE_CURVE('',#3792,#3793,#802,.T.);
#5375=ADVANCED_FACE('',(#5374),#5367,.F.);
#5383=EDGE_CURVE('',#3796,#3797,#806,.T.);
#5388=ADVANCED_FACE('',(#5387),#5380,.F.);
#5394=EDGE_CURVE('',#3810,#3811,#810,.T.);
#5397=EDGE_CURVE('',#3814,#3815,#814,.T.);
#5402=ADVANCED_FACE('',(#5401),#5393,.F.);
#5408=EDGE_CURVE('',#4152,#4155,#819,.T.);
#5410=EDGE_CURVE('',#3800,#4152,#888,.T.);
#5412=EDGE_CURVE('',#3800,#3801,#823,.T.);
#5414=EDGE_CURVE('',#3801,#4155,#827,.T.);
#5418=ADVANCED_FACE('',(#5417),#5407,.F.);
#5424=EDGE_CURVE('',#4160,#4161,#832,.T.);
#5426=EDGE_CURVE('',#4160,#3806,#836,.T.);
#5428=EDGE_CURVE('',#3806,#3807,#840,.T.);
#5430=EDGE_CURVE('',#4161,#3807,#896,.T.);
#5434=ADVANCED_FACE('',(#5433),#5423,.F.);
#5446=ADVANCED_FACE('',(#5445),#5439,.F.);
#5453=EDGE_CURVE('',#3831,#3800,#884,.T.);
#5456=EDGE_CURVE('',#3803,#3801,#3533,.T.);
#5460=ADVANCED_FACE('',(#5459),#5451,.F.);
#5466=EDGE_CURVE('',#4139,#4137,#844,.T.);
#5468=EDGE_CURVE('',#3761,#4137,#848,.T.);
#5470=EDGE_CURVE('',#3756,#3761,#852,.T.);
#5473=EDGE_CURVE('',#3665,#3667,#1104,.T.);
#5475=EDGE_CURVE('',#3664,#3665,#1088,.T.);
#5477=EDGE_CURVE('',#3664,#4139,#1005,.T.);
#5481=ADVANCED_FACE('',(#5480),#5465,.T.);
#5487=EDGE_CURVE('',#4144,#4145,#860,.T.);
#5489=EDGE_CURVE('',#3661,#4145,#1074,.T.);
#5491=EDGE_CURVE('',#3660,#3661,#1162,.T.);
#5493=EDGE_CURVE('',#3685,#3660,#1148,.T.);
#5496=EDGE_CURVE('',#3779,#3787,#868,.T.);
#5498=EDGE_CURVE('',#3787,#4144,#872,.T.);
#5502=ADVANCED_FACE('',(#5501),#5486,.T.);
#5508=EDGE_CURVE('',#4152,#4153,#876,.T.);
#5510=EDGE_CURVE('',#3675,#4153,#3162,.T.);
#5512=EDGE_CURVE('',#3673,#3675,#3308,.T.);
#5514=EDGE_CURVE('',#3671,#3673,#3290,.T.);
#5516=EDGE_CURVE('',#3670,#3671,#3274,.T.);
#5523=ADVANCED_FACE('',(#5522),#5507,.T.);
#5529=EDGE_CURVE('',#4163,#4161,#892,.T.);
#5532=EDGE_CURVE('',#3839,#3807,#900,.T.);
#5535=EDGE_CURVE('',#3681,#3683,#3358,.T.);
#5537=EDGE_CURVE('',#3679,#3681,#3342,.T.);
#5539=EDGE_CURVE('',#3678,#3679,#3330,.T.);
#5541=EDGE_CURVE('',#3678,#4163,#3179,.T.);
#5545=ADVANCED_FACE('',(#5544),#5528,.T.);
#5551=EDGE_CURVE('',#4136,#4137,#930,.T.);
#5554=EDGE_CURVE('',#4139,#4141,#909,.T.);
#5556=EDGE_CURVE('',#4141,#4136,#971,.T.);
#5560=ADVANCED_FACE('',(#5559),#5550,.F.);
#5567=EDGE_CURVE('',#3753,#3749,#913,.T.);
#5573=ADVANCED_FACE('',(#5572),#5565,.T.);
#5580=EDGE_CURVE('',#3784,#3766,#921,.T.);
#5583=EDGE_CURVE('',#3767,#3785,#925,.T.);
#5587=ADVANCED_FACE('',(#5586),#5578,.T.);
#5594=EDGE_CURVE('',#3763,#4136,#934,.T.);
#5596=EDGE_CURVE('',#3761,#3763,#938,.T.);
#5601=ADVANCED_FACE('',(#5600),#5592,.T.);
#5607=EDGE_CURVE('',#4144,#4147,#943,.T.);
#5610=EDGE_CURVE('',#3789,#3787,#947,.T.);
#5612=EDGE_CURVE('',#4147,#3789,#951,.T.);
#5616=ADVANCED_FACE('',(#5615),#5606,.T.);
#5628=ADVANCED_FACE('',(#5627),#5621,.T.);
#5637=EDGE_CURVE('',#3757,#3763,#955,.T.);
#5641=ADVANCED_FACE('',(#5640),#5633,.T.);
#5647=EDGE_CURVE('',#3759,#4136,#967,.T.);
#5654=ADVANCED_FACE('',(#5653),#5646,.T.);
#5660=EDGE_CURVE('',#4168,#4169,#959,.T.);
#5665=EDGE_CURVE('',#4141,#4168,#975,.T.);
#5669=ADVANCED_FACE('',(#5668),#5659,.F.);
#5675=EDGE_CURVE('',#4187,#4185,#979,.T.);
#5677=EDGE_CURVE('',#4157,#4185,#3166,.T.);
#5679=EDGE_CURVE('',#4155,#4157,#983,.T.);
#5681=EDGE_CURVE('',#3833,#4155,#987,.T.);
#5686=ADVANCED_FACE('',(#5685),#5674,.F.);
#5693=EDGE_CURVE('',#4168,#4171,#1001,.T.);
#5695=EDGE_CURVE('',#4171,#4173,#3218,.T.);
#5700=ADVANCED_FACE('',(#5699),#5691,.T.);
#5710=EDGE_CURVE('',#3704,#3664,#1083,.T.);
#5712=EDGE_CURVE('',#3695,#3704,#1009,.T.);
#5714=EDGE_CURVE('',#3693,#3695,#1013,.T.);
#5716=EDGE_CURVE('',#3692,#3693,#1018,.T.);
#5719=EDGE_CURVE('',#3617,#3625,#1022,.T.);
#5721=EDGE_CURVE('',#3625,#3875,#1452,.T.);
#5723=EDGE_CURVE('',#3879,#3875,#1026,.T.);
#5725=EDGE_CURVE('',#3878,#3879,#1031,.T.);
#5727=EDGE_CURVE('',#4171,#3878,#1035,.T.);
#5731=ADVANCED_FACE('',(#5730),#5705,.T.);
#5739=EDGE_CURVE('',#3890,#3891,#1049,.T.);
#5741=EDGE_CURVE('',#3919,#3890,#1053,.T.);
#5743=EDGE_CURVE('',#3919,#3640,#1596,.T.);
#5745=EDGE_CURVE('',#3632,#3640,#3434,.T.);
#5748=EDGE_CURVE('',#3710,#3711,#1058,.T.);
#5750=EDGE_CURVE('',#3713,#3710,#1062,.T.);
#5752=EDGE_CURVE('',#3725,#3713,#1066,.T.);
#5754=EDGE_CURVE('',#3725,#3661,#1070,.T.);
#5757=EDGE_CURVE('',#4149,#4145,#3409,.T.);
#5759=EDGE_CURVE('',#4179,#4149,#3376,.T.);
#5763=ADVANCED_FACE('',(#5762),#5736,.T.);
#5769=EDGE_CURVE('',#3704,#3705,#1079,.T.);
#5773=EDGE_CURVE('',#3705,#3665,#1100,.T.);
#5777=ADVANCED_FACE('',(#5776),#5768,.T.);
#5784=EDGE_CURVE('',#3705,#3707,#1096,.T.);
#5786=EDGE_CURVE('',#3695,#3707,#1092,.T.);
#5791=ADVANCED_FACE('',(#5790),#5782,.T.);
#5801=EDGE_CURVE('',#3707,#3687,#1108,.T.);
#5805=ADVANCED_FACE('',(#5804),#5796,.T.);
#5811=EDGE_CURVE('',#3701,#3707,#1112,.T.);
#5817=ADVANCED_FACE('',(#5816),#5810,.T.);
#5823=EDGE_CURVE('',#3719,#3722,#1120,.T.);
#5826=EDGE_CURVE('',#3689,#3722,#1144,.T.);
#5830=ADVANCED_FACE('',(#5829),#5822,.T.);
#5837=EDGE_CURVE('',#3693,#3699,#1128,.T.);
#5844=ADVANCED_FACE('',(#5843),#5835,.T.);
#5856=ADVANCED_FACE('',(#5855),#5849,.T.);
#5864=EDGE_CURVE('',#3713,#3722,#1136,.T.);
#5867=EDGE_CURVE('',#3710,#3716,#1166,.T.);
#5871=ADVANCED_FACE('',(#5870),#5861,.T.);
#5877=EDGE_CURVE('',#3722,#3723,#1140,.T.);
#5879=EDGE_CURVE('',#3723,#3725,#1153,.T.);
#5885=ADVANCED_FACE('',(#5884),#5876,.T.);
#5895=EDGE_CURVE('',#3723,#3660,#1157,.T.);
#5899=ADVANCED_FACE('',(#5898),#5890,.T.);
#5911=ADVANCED_FACE('',(#5910),#5904,.T.);
#5923=ADVANCED_FACE('',(#5922),#5916,.T.);
#5930=EDGE_CURVE('',#3615,#3624,#1170,.T.);
#5932=EDGE_CURVE('',#3624,#3625,#1457,.T.);
#5937=ADVANCED_FACE('',(#5936),#5928,.T.);
#5943=EDGE_CURVE('',#4212,#4210,#1174,.T.);
#5945=EDGE_CURVE('',#3933,#4210,#3529,.T.);
#5947=EDGE_CURVE('',#3933,#3624,#1461,.T.);
#5951=EDGE_CURVE('',#3613,#3621,#1178,.T.);
#5953=EDGE_CURVE('',#3621,#3931,#1431,.T.);
#5955=EDGE_CURVE('',#3931,#4212,#1182,.T.);
#5959=ADVANCED_FACE('',(#5958),#5942,.T.);
#5965=EDGE_CURVE('',#4207,#4208,#1195,.T.);
#5967=EDGE_CURVE('',#4208,#4210,#3525,.T.);
#5970=EDGE_CURVE('',#4212,#4214,#3516,.T.);
#5972=EDGE_CURVE('',#4214,#4215,#3507,.T.);
#5974=EDGE_CURVE('',#4215,#4207,#1289,.T.);
#5978=ADVANCED_FACE('',(#5977),#5964,.T.);
#5998=B_SPLINE_CURVE_WITH_KNOTS('',3,(#5979,#5980,#5981,#5982,#5983,#5984,#5985,
#5986,#5987,#5988,#5989,#5990,#5991,#5992,#5993,#5994,#5995,#5996,#5997),
.UNSPECIFIED.,.F.,.F.,(4,1,1,1,1,1,1,1,1,1,1,1,1,1,1,1,4),(0.E0,
2.451809579107E-2,6.049809259294E-2,9.901152651087E-2,1.413785171908E-1,
1.889828557273E-1,2.427575409404E-1,3.032200317493E-1,3.707510658608E-1,
4.458474615114E-1,5.290072572268E-1,6.199918536938E-1,7.158811354705E-1,
8.099446579249E-1,8.975273114708E-1,9.755242566215E-1,1.E0),.UNSPECIFIED.);
#6003=EDGE_CURVE('',#3992,#4207,#1203,.T.);
#6005=EDGE_CURVE('',#3992,#3991,#1483,.T.);
#6007=EDGE_CURVE('',#3991,#4208,#1199,.T.);
#6011=ADVANCED_FACE('',(#6010),#6001,.F.);
#6017=EDGE_CURVE('',#4207,#3936,#1367,.T.);
#6019=EDGE_CURVE('',#3994,#3936,#3442,.T.);
#6021=EDGE_CURVE('',#3992,#3994,#1487,.T.);
#6026=ADVANCED_FACE('',(#6025),#6016,.T.);
#6032=EDGE_CURVE('',#4206,#4198,#1207,.T.);
#6034=EDGE_CURVE('',#4035,#4206,#1211,.T.);
#6036=EDGE_CURVE('',#4033,#4035,#1216,.T.);
#6038=EDGE_CURVE('',#4031,#4033,#1220,.T.);
#6040=EDGE_CURVE('',#4029,#4031,#1225,.T.);
#6042=EDGE_CURVE('',#4027,#4029,#1229,.T.);
#6044=EDGE_CURVE('',#4025,#4027,#1234,.T.);
#6046=EDGE_CURVE('',#4023,#4025,#1239,.T.);
#6048=EDGE_CURVE('',#4021,#4023,#1244,.T.);
#6050=EDGE_CURVE('',#4019,#4021,#1248,.T.);
#6052=EDGE_CURVE('',#4017,#4019,#1253,.T.);
#6054=EDGE_CURVE('',#4015,#4017,#1258,.T.);
#6056=EDGE_CURVE('',#4013,#4015,#1263,.T.);
#6058=EDGE_CURVE('',#4011,#4013,#1267,.T.);
#6060=EDGE_CURVE('',#4009,#4011,#1272,.T.);
#6062=EDGE_CURVE('',#4007,#4009,#1276,.T.);
#6064=EDGE_CURVE('',#4006,#4007,#1281,.T.);
#6066=EDGE_CURVE('',#4198,#4006,#1285,.T.);
#6070=ADVANCED_FACE('',(#6069),#6031,.T.);
#6077=EDGE_CURVE('',#3965,#4215,#1293,.T.);
#6079=EDGE_CURVE('',#3963,#3965,#1298,.T.);
#6081=EDGE_CURVE('',#3961,#3963,#1302,.T.);
#6083=EDGE_CURVE('',#3959,#3961,#1307,.T.);
#6085=EDGE_CURVE('',#3957,#3959,#1311,.T.);
#6087=EDGE_CURVE('',#3955,#3957,#1316,.T.);
#6089=EDGE_CURVE('',#3953,#3955,#1321,.T.);
#6091=EDGE_CURVE('',#3951,#3953,#1326,.T.);
#6093=EDGE_CURVE('',#3949,#3951,#1330,.T.);
#6095=EDGE_CURVE('',#3947,#3949,#1335,.T.);
#6097=EDGE_CURVE('',#3945,#3947,#1340,.T.);
#6099=EDGE_CURVE('',#3943,#3945,#1345,.T.);
#6101=EDGE_CURVE('',#3941,#3943,#1349,.T.);
#6103=EDGE_CURVE('',#3939,#3941,#1354,.T.);
#6105=EDGE_CURVE('',#3937,#3939,#1358,.T.);
#6107=EDGE_CURVE('',#3936,#3937,#1363,.T.);
#6112=ADVANCED_FACE('',(#6111),#6075,.T.);
#6118=EDGE_CURVE('',#4198,#4199,#1380,.T.);
#6120=EDGE_CURVE('',#4199,#4201,#3115,.T.);
#6122=EDGE_CURVE('',#4203,#4201,#3102,.T.);
#6124=EDGE_CURVE('',#4203,#4205,#3094,.T.);
#6126=EDGE_CURVE('',#4205,#4206,#3085,.T.);
#6131=ADVANCED_FACE('',(#6130),#6117,.T.);
#6151=B_SPLINE_CURVE_WITH_KNOTS('',3,(#6132,#6133,#6134,#6135,#6136,#6137,#6138,
#6139,#6140,#6141,#6142,#6143,#6144,#6145,#6146,#6147,#6148,#6149,#6150),
.UNSPECIFIED.,.F.,.F.,(4,1,1,1,1,1,1,1,1,1,1,1,1,1,1,1,4),(0.E0,
2.448015725074E-2,1.024867285276E-1,1.900679499133E-1,2.841371885836E-1,
3.800422553518E-1,4.710336991917E-1,5.541943379236E-1,6.292801377955E-1,
6.968086920325E-1,7.572670915113E-1,8.110204791700E-1,8.586333067821E-1,
9.010027268079E-1,9.395527491994E-1,9.755619447491E-1,1.E0),.UNSPECIFIED.);
#6156=EDGE_CURVE('',#4072,#4198,#1388,.T.);
#6158=EDGE_CURVE('',#4071,#4072,#1518,.T.);
#6160=EDGE_CURVE('',#4071,#4199,#1384,.T.);
#6164=ADVANCED_FACE('',(#6163),#6154,.T.);
#6171=EDGE_CURVE('',#4074,#4006,#1392,.T.);
#6173=EDGE_CURVE('',#4072,#4074,#1522,.T.);
#6178=ADVANCED_FACE('',(#6177),#6169,.T.);
#6184=EDGE_CURVE('',#4074,#4076,#1527,.T.);
#6188=EDGE_CURVE('',#4076,#4007,#3016,.T.);
#6192=ADVANCED_FACE('',(#6191),#6183,.T.);
#6199=EDGE_CURVE('',#3927,#3998,#1396,.T.);
#6201=EDGE_CURVE('',#3998,#4000,#1401,.T.);
#6203=EDGE_CURVE('',#4000,#4002,#1405,.T.);
#6205=EDGE_CURVE('',#4003,#4002,#1423,.T.);
#6207=EDGE_CURVE('',#3931,#4003,#1427,.T.);
#6210=EDGE_CURVE('',#3620,#3621,#1436,.T.);
#6212=EDGE_CURVE('',#3887,#3620,#1440,.T.);
#6214=EDGE_CURVE('',#3901,#3887,#1444,.T.);
#6219=ADVANCED_FACE('',(#6218),#6197,.T.);
#6227=EDGE_CURVE('',#3875,#3885,#1448,.T.);
#6232=EDGE_CURVE('',#3933,#3991,#1465,.T.);
#6236=EDGE_CURVE('',#3994,#3996,#1492,.T.);
#6238=EDGE_CURVE('',#3996,#3929,#1496,.T.);
#6242=ADVANCED_FACE('',(#6241),#6224,.T.);
#6248=EDGE_CURVE('',#4070,#4071,#1500,.T.);
#6253=EDGE_CURVE('',#4076,#4065,#1531,.T.);
#6255=EDGE_CURVE('',#3656,#4065,#3004,.T.);
#6258=EDGE_CURVE('',#3904,#3921,#1535,.T.);
#6260=EDGE_CURVE('',#3637,#3921,#1539,.T.);
#6262=EDGE_CURVE('',#3636,#3637,#1544,.T.);
#6264=EDGE_CURVE('',#4070,#3636,#1548,.T.);
#6268=ADVANCED_FACE('',(#6267),#6247,.T.);
#6274=EDGE_CURVE('',#4067,#4078,#1552,.T.);
#6276=EDGE_CURVE('',#4078,#4080,#1557,.T.);
#6278=EDGE_CURVE('',#4080,#4082,#1561,.T.);
#6280=EDGE_CURVE('',#4082,#4083,#1579,.T.);
#6282=EDGE_CURVE('',#4085,#4083,#1583,.T.);
#6284=EDGE_CURVE('',#3641,#4085,#1587,.T.);
#6286=EDGE_CURVE('',#3640,#3641,#1592,.T.);
#6289=EDGE_CURVE('',#3919,#3914,#1600,.T.);
#6292=EDGE_CURVE('',#4067,#3648,#3012,.T.);
#6296=ADVANCED_FACE('',(#6295),#6273,.T.);
#6302=EDGE_CURVE('',#3925,#3989,#1792,.T.);
#6304=EDGE_CURVE('',#3989,#3961,#1604,.T.);
#6307=EDGE_CURVE('',#3998,#3963,#3490,.T.);
#6313=ADVANCED_FACE('',(#6312),#6301,.T.);
#6320=EDGE_CURVE('',#4585,#4574,#1801,.T.);
#6322=EDGE_CURVE('',#4574,#4575,#2236,.T.);
#6324=EDGE_CURVE('',#4587,#4575,#2187,.T.);
#6327=EDGE_CURVE('',#4038,#3657,#1608,.T.);
#6329=EDGE_CURVE('',#4038,#4039,#1612,.T.);
#6331=EDGE_CURVE('',#4039,#4041,#1617,.T.);
#6333=EDGE_CURVE('',#4041,#4043,#1621,.T.);
#6335=EDGE_CURVE('',#4043,#4045,#1626,.T.);
#6337=EDGE_CURVE('',#4047,#4045,#1631,.T.);
#6339=EDGE_CURVE('',#4047,#4049,#1636,.T.);
#6341=EDGE_CURVE('',#4049,#4051,#1640,.T.);
#6343=EDGE_CURVE('',#4051,#4053,#1645,.T.);
#6345=EDGE_CURVE('',#4055,#4053,#1650,.T.);
#6347=EDGE_CURVE('',#4055,#4057,#1655,.T.);
#6349=EDGE_CURVE('',#4057,#4059,#1659,.T.);
#6351=EDGE_CURVE('',#4059,#4061,#1664,.T.);
#6353=EDGE_CURVE('',#4063,#4061,#1668,.T.);
#6355=EDGE_CURVE('',#3649,#4063,#1672,.T.);
#6358=EDGE_CURVE('',#4594,#4595,#1676,.T.);
#6360=EDGE_CURVE('',#4594,#4590,#1680,.T.);
#6362=EDGE_CURVE('',#4590,#4591,#1684,.T.);
#6365=EDGE_CURVE('',#4290,#4291,#1688,.T.);
#6367=EDGE_CURVE('',#4290,#4286,#1692,.T.);
#6369=EDGE_CURVE('',#4286,#4287,#1696,.T.);
#6372=EDGE_CURVE('',#4270,#4271,#1700,.T.);
#6374=EDGE_CURVE('',#4270,#4266,#1704,.T.);
#6376=EDGE_CURVE('',#4266,#4267,#1708,.T.);
#6379=EDGE_CURVE('',#4250,#4251,#1712,.T.);
#6381=EDGE_CURVE('',#4250,#4246,#1716,.T.);
#6383=EDGE_CURVE('',#4246,#4247,#1720,.T.);
#6386=EDGE_CURVE('',#4230,#4231,#1724,.T.);
#6388=EDGE_CURVE('',#4230,#4226,#1728,.T.);
#6390=EDGE_CURVE('',#4226,#4227,#1732,.T.);
#6394=EDGE_CURVE('',#3923,#3967,#1736,.T.);
#6396=EDGE_CURVE('',#3967,#3969,#1741,.T.);
#6398=EDGE_CURVE('',#3969,#3971,#1745,.T.);
#6400=EDGE_CURVE('',#3971,#3973,#1750,.T.);
#6402=EDGE_CURVE('',#3975,#3973,#1755,.T.);
#6404=EDGE_CURVE('',#3975,#3977,#1760,.T.);
#6406=EDGE_CURVE('',#3977,#3979,#1764,.T.);
#6408=EDGE_CURVE('',#3979,#3981,#1769,.T.);
#6410=EDGE_CURVE('',#3983,#3981,#1774,.T.);
#6412=EDGE_CURVE('',#3983,#3985,#1779,.T.);
#6414=EDGE_CURVE('',#3985,#3987,#1783,.T.);
#6416=EDGE_CURVE('',#3987,#3989,#1788,.T.);
#6421=EDGE_CURVE('',#4219,#4410,#2545,.T.);
#6423=EDGE_CURVE('',#4410,#4411,#2632,.T.);
#6425=EDGE_CURVE('',#4223,#4411,#2583,.T.);
#6428=EDGE_CURVE('',#4239,#4450,#2693,.T.);
#6430=EDGE_CURVE('',#4450,#4451,#2780,.T.);
#6432=EDGE_CURVE('',#4243,#4451,#2731,.T.);
#6435=EDGE_CURVE('',#4259,#4490,#2841,.T.);
#6437=EDGE_CURVE('',#4490,#4491,#2928,.T.);
#6439=EDGE_CURVE('',#4263,#4491,#2879,.T.);
#6442=EDGE_CURVE('',#4279,#4530,#1961,.T.);
#6444=EDGE_CURVE('',#4530,#4531,#1952,.T.);
#6446=EDGE_CURVE('',#4283,#4531,#1903,.T.);
#6450=ADVANCED_FACE('',(#6449),#6318,.T.);
#6456=EDGE_CURVE('',#4570,#4579,#1797,.T.);
#6458=EDGE_CURVE('',#4574,#4570,#2227,.T.);
#6462=EDGE_CURVE('',#4578,#4579,#1839,.T.);
#6466=ADVANCED_FACE('',(#6465),#6455,.T.);
#6473=EDGE_CURVE('',#4543,#4590,#1805,.T.);
#6475=EDGE_CURVE('',#4541,#4543,#1810,.T.);
#6477=EDGE_CURVE('',#4539,#4541,#1814,.T.);
#6479=EDGE_CURVE('',#4538,#4539,#1818,.T.);
#6481=EDGE_CURVE('',#4549,#4538,#1822,.T.);
#6483=EDGE_CURVE('',#4547,#4549,#1827,.T.);
#6485=EDGE_CURVE('',#4546,#4547,#1831,.T.);
#6487=EDGE_CURVE('',#4566,#4546,#2146,.T.);
#6489=EDGE_CURVE('',#4601,#4566,#2136,.T.);
#6491=EDGE_CURVE('',#4597,#4601,#2051,.T.);
#6496=ADVANCED_FACE('',(#6495),#6471,.T.);
#6502=EDGE_CURVE('',#4583,#4579,#1899,.T.);
#6504=EDGE_CURVE('',#4571,#4583,#2192,.T.);
#6506=EDGE_CURVE('',#4570,#4571,#1835,.T.);
#6511=ADVANCED_FACE('',(#6510),#6501,.T.);
#6519=EDGE_CURVE('',#4359,#4282,#1843,.T.);
#6521=EDGE_CURVE('',#4359,#4357,#1847,.T.);
#6523=EDGE_CURVE('',#4357,#4278,#1851,.T.);
#6526=EDGE_CURVE('',#4355,#4262,#1855,.T.);
#6528=EDGE_CURVE('',#4355,#4353,#1859,.T.);
#6530=EDGE_CURVE('',#4353,#4258,#1863,.T.);
#6533=EDGE_CURVE('',#4351,#4242,#1867,.T.);
#6535=EDGE_CURVE('',#4351,#4349,#1871,.T.);
#6537=EDGE_CURVE('',#4349,#4238,#1875,.T.);
#6540=EDGE_CURVE('',#4347,#4222,#1879,.T.);
#6542=EDGE_CURVE('',#4347,#4345,#1883,.T.);
#6544=EDGE_CURVE('',#4345,#4218,#1887,.T.);
#6547=EDGE_CURVE('',#3565,#3583,#2300,.T.);
#6549=EDGE_CURVE('',#3553,#3565,#1891,.T.);
#6551=EDGE_CURVE('',#3553,#3579,#2240,.T.);
#6554=EDGE_CURVE('',#4582,#4583,#1895,.T.);
#6559=ADVANCED_FACE('',(#6558),#6516,.T.);
#6566=EDGE_CURVE('',#4527,#4531,#1948,.T.);
#6568=EDGE_CURVE('',#4527,#4359,#1908,.T.);
#6574=ADVANCED_FACE('',(#6573),#6564,.F.);
#6582=EDGE_CURVE('',#4295,#4375,#2127,.T.);
#6584=EDGE_CURVE('',#4535,#4375,#2047,.T.);
#6586=EDGE_CURVE('',#4520,#4535,#2033,.T.);
#6588=EDGE_CURVE('',#4520,#4521,#1912,.T.);
#6590=EDGE_CURVE('',#4521,#4523,#1917,.T.);
#6592=EDGE_CURVE('',#4523,#4512,#1921,.T.);
#6594=EDGE_CURVE('',#4512,#4513,#1925,.T.);
#6596=EDGE_CURVE('',#4513,#4515,#1929,.T.);
#6598=EDGE_CURVE('',#4515,#4517,#1934,.T.);
#6600=EDGE_CURVE('',#4517,#4290,#1938,.T.);
#6604=ADVANCED_FACE('',(#6603),#6579,.F.);
#6610=EDGE_CURVE('',#4530,#4526,#1943,.T.);
#6612=EDGE_CURVE('',#4526,#4527,#1995,.T.);
#6618=ADVANCED_FACE('',(#6617),#6609,.F.);
#6624=EDGE_CURVE('',#4526,#4357,#1957,.T.);
#6632=ADVANCED_FACE('',(#6631),#6623,.T.);
#6639=EDGE_CURVE('',#4503,#4286,#1965,.T.);
#6641=EDGE_CURVE('',#4501,#4503,#1970,.T.);
#6643=EDGE_CURVE('',#4499,#4501,#1974,.T.);
#6645=EDGE_CURVE('',#4498,#4499,#1978,.T.);
#6647=EDGE_CURVE('',#4509,#4498,#1982,.T.);
#6649=EDGE_CURVE('',#4507,#4509,#1987,.T.);
#6651=EDGE_CURVE('',#4506,#4507,#1991,.T.);
#6653=EDGE_CURVE('',#4533,#4506,#2028,.T.);
#6655=EDGE_CURVE('',#4373,#4533,#2042,.T.);
#6657=EDGE_CURVE('',#4293,#4373,#2119,.T.);
#6662=ADVANCED_FACE('',(#6661),#6637,.T.);
#6674=ADVANCED_FACE('',(#6673),#6667,.T.);
#6682=EDGE_CURVE('',#4503,#4517,#1999,.T.);
#6687=ADVANCED_FACE('',(#6686),#6679,.T.);
#6696=EDGE_CURVE('',#4501,#4515,#2003,.T.);
#6700=ADVANCED_FACE('',(#6699),#6692,.F.);
#6709=EDGE_CURVE('',#4499,#4513,#2007,.T.);
#6713=ADVANCED_FACE('',(#6712),#6705,.T.);
#6722=EDGE_CURVE('',#4498,#4512,#2011,.T.);
#6726=ADVANCED_FACE('',(#6725),#6718,.T.);
#6735=EDGE_CURVE('',#4509,#4523,#2015,.T.);
#6739=ADVANCED_FACE('',(#6738),#6731,.T.);
#6748=EDGE_CURVE('',#4507,#4521,#2019,.T.);
#6752=ADVANCED_FACE('',(#6751),#6744,.T.);
#6761=EDGE_CURVE('',#4506,#4520,#2023,.T.);
#6765=ADVANCED_FACE('',(#6764),#6757,.T.);
#6774=EDGE_CURVE('',#4533,#4535,#2037,.T.);
#6778=ADVANCED_FACE('',(#6777),#6770,.F.);
#6787=EDGE_CURVE('',#4375,#4373,#2123,.T.);
#6791=ADVANCED_FACE('',(#6790),#6783,.T.);
#6798=EDGE_CURVE('',#4603,#4601,#2055,.T.);
#6800=EDGE_CURVE('',#4599,#4603,#2059,.T.);
#6803=EDGE_CURVE('',#3581,#3556,#2272,.T.);
#6805=EDGE_CURVE('',#3556,#3568,#2536,.T.);
#6807=EDGE_CURVE('',#3585,#3568,#2304,.T.);
#6810=EDGE_CURVE('',#4233,#4361,#2071,.T.);
#6812=EDGE_CURVE('',#4363,#4361,#2075,.T.);
#6814=EDGE_CURVE('',#4235,#4363,#2079,.T.);
#6817=EDGE_CURVE('',#4253,#4365,#2087,.T.);
#6819=EDGE_CURVE('',#4367,#4365,#2091,.T.);
#6821=EDGE_CURVE('',#4255,#4367,#2095,.T.);
#6824=EDGE_CURVE('',#4273,#4369,#2103,.T.);
#6826=EDGE_CURVE('',#4371,#4369,#2107,.T.);
#6828=EDGE_CURVE('',#4275,#4371,#2111,.T.);
#6837=ADVANCED_FACE('',(#6836),#6796,.T.);
#6844=EDGE_CURVE('',#4566,#4567,#2155,.T.);
#6846=EDGE_CURVE('',#4567,#4603,#2141,.T.);
#6851=ADVANCED_FACE('',(#6850),#6842,.T.);
#6858=EDGE_CURVE('',#4546,#4560,#2159,.T.);
#6860=EDGE_CURVE('',#4560,#4567,#2151,.T.);
#6865=ADVANCED_FACE('',(#6864),#6856,.F.);
#6872=EDGE_CURVE('',#4547,#4561,#2163,.T.);
#6874=EDGE_CURVE('',#4560,#4561,#2196,.T.);
#6879=ADVANCED_FACE('',(#6878),#6870,.T.);
#6886=EDGE_CURVE('',#4549,#4563,#2167,.T.);
#6888=EDGE_CURVE('',#4561,#4563,#2201,.T.);
#6893=ADVANCED_FACE('',(#6892),#6884,.T.);
#6900=EDGE_CURVE('',#4538,#4552,#2171,.T.);
#6902=EDGE_CURVE('',#4563,#4552,#2205,.T.);
#6907=ADVANCED_FACE('',(#6906),#6898,.T.);
#6914=EDGE_CURVE('',#4539,#4553,#2175,.T.);
#6916=EDGE_CURVE('',#4552,#4553,#2209,.T.);
#6921=ADVANCED_FACE('',(#6920),#6912,.T.);
#6928=EDGE_CURVE('',#4541,#4555,#2179,.T.);
#6930=EDGE_CURVE('',#4553,#4555,#2213,.T.);
#6935=ADVANCED_FACE('',(#6934),#6926,.T.);
#6942=EDGE_CURVE('',#4543,#4557,#2183,.T.);
#6944=EDGE_CURVE('',#4555,#4557,#2218,.T.);
#6949=ADVANCED_FACE('',(#6948),#6940,.F.);
#6956=EDGE_CURVE('',#4557,#4594,#2222,.T.);
#6962=ADVANCED_FACE('',(#6961),#6954,.T.);
#6969=EDGE_CURVE('',#4571,#4575,#2232,.T.);
#6976=ADVANCED_FACE('',(#6975),#6967,.F.);
#6996=ADVANCED_FACE('',(#6995),#6981,.F.);
#7008=ADVANCED_FACE('',(#7007),#7001,.F.);
#7016=EDGE_CURVE('',#3551,#3553,#2244,.T.);
#7018=EDGE_CURVE('',#3549,#3551,#2248,.T.);
#7020=EDGE_CURVE('',#3548,#3549,#2252,.T.);
#7022=EDGE_CURVE('',#3587,#3548,#2256,.T.);
#7024=EDGE_CURVE('',#3587,#4297,#2260,.T.);
#7028=ADVANCED_FACE('',(#7027),#7013,.T.);
#7035=EDGE_CURVE('',#3557,#3573,#2264,.T.);
#7037=EDGE_CURVE('',#3556,#3557,#2268,.T.);
#7043=ADVANCED_FACE('',(#7042),#7033,.T.);
#7051=EDGE_CURVE('',#3563,#3565,#2296,.T.);
#7053=EDGE_CURVE('',#3551,#3563,#2276,.T.);
#7057=ADVANCED_FACE('',(#7056),#7048,.T.);
#7064=EDGE_CURVE('',#3589,#4299,#2280,.T.);
#7066=EDGE_CURVE('',#3589,#3560,#2284,.T.);
#7068=EDGE_CURVE('',#3560,#3561,#2288,.T.);
#7070=EDGE_CURVE('',#3561,#3563,#2292,.T.);
#7076=ADVANCED_FACE('',(#7075),#7062,.T.);
#7085=EDGE_CURVE('',#3568,#3569,#2308,.T.);
#7087=EDGE_CURVE('',#3569,#3572,#2312,.T.);
#7091=ADVANCED_FACE('',(#7090),#7081,.T.);
#7097=EDGE_CURVE('',#3572,#3573,#2325,.T.);
#7100=EDGE_CURVE('',#3557,#3569,#2316,.T.);
#7105=ADVANCED_FACE('',(#7104),#7096,.T.);
#7111=EDGE_CURVE('',#3727,#3575,#2376,.T.);
#7113=EDGE_CURVE('',#3589,#3727,#2452,.T.);
#7119=ADVANCED_FACE('',(#7118),#7110,.T.);
#7125=EDGE_CURVE('',#3729,#3577,#2424,.T.);
#7129=EDGE_CURVE('',#3729,#3587,#2448,.T.);
#7133=ADVANCED_FACE('',(#7132),#7124,.T.);
#7139=EDGE_CURVE('',#4091,#4093,#2321,.T.);
#7141=EDGE_CURVE('',#3537,#4091,#2532,.T.);
#7146=EDGE_CURVE('',#3540,#4097,#2329,.T.);
#7148=EDGE_CURVE('',#4096,#4097,#2334,.T.);
#7150=EDGE_CURVE('',#4093,#4096,#2504,.T.);
#7154=ADVANCED_FACE('',(#7153),#7138,.T.);
#7160=EDGE_CURVE('',#4088,#4089,#2351,.T.);
#7162=EDGE_CURVE('',#4091,#4089,#2528,.T.);
#7165=EDGE_CURVE('',#4093,#4088,#2500,.T.);
#7169=ADVANCED_FACE('',(#7168),#7159,.T.);
#7175=EDGE_CURVE('',#4104,#4107,#2338,.T.);
#7177=EDGE_CURVE('',#4104,#3545,#2342,.T.);
#7180=EDGE_CURVE('',#3536,#4089,#2346,.T.);
#7183=EDGE_CURVE('',#4107,#4088,#2496,.T.);
#7187=ADVANCED_FACE('',(#7186),#7174,.T.);
#7193=EDGE_CURVE('',#4112,#4113,#2355,.T.);
#7195=EDGE_CURVE('',#4101,#4112,#2512,.T.);
#7197=EDGE_CURVE('',#4099,#4101,#2360,.T.);
#7199=EDGE_CURVE('',#3541,#4099,#2524,.T.);
#7202=EDGE_CURVE('',#4113,#3543,#2364,.T.);
#7206=ADVANCED_FACE('',(#7205),#7192,.T.);
#7212=EDGE_CURVE('',#4104,#4105,#2380,.T.);
#7215=EDGE_CURVE('',#4107,#4109,#2492,.T.);
#7217=EDGE_CURVE('',#4109,#4105,#2368,.T.);
#7221=ADVANCED_FACE('',(#7220),#7211,.T.);
#7227=EDGE_CURVE('',#4124,#4125,#2372,.T.);
#7229=EDGE_CURVE('',#3727,#4124,#2456,.T.);
#7235=EDGE_CURVE('',#4105,#4125,#2384,.T.);
#7239=ADVANCED_FACE('',(#7238),#7226,.F.);
#7245=EDGE_CURVE('',#4120,#4121,#2396,.T.);
#7247=EDGE_CURVE('',#4120,#4124,#2388,.T.);
#7250=EDGE_CURVE('',#4125,#4121,#2392,.T.);
#7254=ADVANCED_FACE('',(#7253),#7244,.T.);
#7261=EDGE_CURVE('',#4121,#3732,#2400,.T.);
#7263=EDGE_CURVE('',#3732,#3733,#2476,.T.);
#7265=EDGE_CURVE('',#4120,#3733,#2460,.T.);
#7269=ADVANCED_FACE('',(#7268),#7259,.F.);
#7275=EDGE_CURVE('',#4132,#4115,#2416,.T.);
#7277=EDGE_CURVE('',#4128,#4132,#2432,.T.);
#7279=EDGE_CURVE('',#4128,#3737,#2404,.T.);
#7281=EDGE_CURVE('',#3737,#3732,#2480,.T.);
#7287=EDGE_CURVE('',#4109,#4117,#2408,.T.);
#7289=EDGE_CURVE('',#4115,#4117,#2488,.T.);
#7293=ADVANCED_FACE('',(#7292),#7274,.F.);
#7299=EDGE_CURVE('',#4132,#4133,#2412,.T.);
#7302=EDGE_CURVE('',#4115,#4113,#2420,.T.);
#7307=EDGE_CURVE('',#3729,#4133,#2428,.T.);
#7311=ADVANCED_FACE('',(#7310),#7298,.F.);
#7317=EDGE_CURVE('',#4128,#4129,#2440,.T.);
#7321=EDGE_CURVE('',#4133,#4129,#2436,.T.);
#7325=ADVANCED_FACE('',(#7324),#7316,.T.);
#7332=EDGE_CURVE('',#4129,#3736,#2444,.T.);
#7334=EDGE_CURVE('',#3736,#3737,#2484,.T.);
#7339=ADVANCED_FACE('',(#7338),#7330,.F.);
#7350=EDGE_CURVE('',#3548,#3560,#2464,.T.);
#7357=EDGE_CURVE('',#3736,#3733,#2472,.T.);
#7361=ADVANCED_FACE('',(#7360),#7344,.T.);
#7368=EDGE_CURVE('',#3549,#3561,#2468,.T.);
#7374=ADVANCED_FACE('',(#7373),#7366,.T.);
#7386=ADVANCED_FACE('',(#7385),#7379,.T.);
#7398=ADVANCED_FACE('',(#7397),#7391,.T.);
#7407=EDGE_CURVE('',#4117,#4112,#2516,.T.);
#7411=ADVANCED_FACE('',(#7410),#7403,.T.);
#7421=EDGE_CURVE('',#4101,#4096,#2508,.T.);
#7428=ADVANCED_FACE('',(#7427),#7416,.T.);
#7435=EDGE_CURVE('',#4099,#4097,#2520,.T.);
#7441=ADVANCED_FACE('',(#7440),#7433,.T.);
#7453=ADVANCED_FACE('',(#7452),#7446,.T.);
#7465=ADVANCED_FACE('',(#7464),#7458,.T.);
#7477=ADVANCED_FACE('',(#7476),#7470,.T.);
#7483=EDGE_CURVE('',#4406,#4345,#2541,.T.);
#7485=EDGE_CURVE('',#4410,#4406,#2623,.T.);
#7492=ADVANCED_FACE('',(#7491),#7482,.T.);
#7499=EDGE_CURVE('',#4383,#4226,#2549,.T.);
#7501=EDGE_CURVE('',#4381,#4383,#2554,.T.);
#7503=EDGE_CURVE('',#4379,#4381,#2558,.T.);
#7505=EDGE_CURVE('',#4378,#4379,#2562,.T.);
#7507=EDGE_CURVE('',#4389,#4378,#2566,.T.);
#7509=EDGE_CURVE('',#4387,#4389,#2571,.T.);
#7511=EDGE_CURVE('',#4386,#4387,#2575,.T.);
#7513=EDGE_CURVE('',#4413,#4386,#2647,.T.);
#7515=EDGE_CURVE('',#4361,#4413,#2637,.T.);
#7521=ADVANCED_FACE('',(#7520),#7497,.T.);
#7528=EDGE_CURVE('',#4407,#4347,#2588,.T.);
#7530=EDGE_CURVE('',#4406,#4407,#2579,.T.);
#7535=ADVANCED_FACE('',(#7534),#7526,.T.);
#7542=EDGE_CURVE('',#4407,#4411,#2628,.T.);
#7549=ADVANCED_FACE('',(#7548),#7540,.F.);
#7558=EDGE_CURVE('',#4415,#4363,#2642,.T.);
#7560=EDGE_CURVE('',#4400,#4415,#2652,.T.);
#7562=EDGE_CURVE('',#4400,#4401,#2592,.T.);
#7564=EDGE_CURVE('',#4401,#4403,#2597,.T.);
#7566=EDGE_CURVE('',#4403,#4392,#2601,.T.);
#7568=EDGE_CURVE('',#4392,#4393,#2605,.T.);
#7570=EDGE_CURVE('',#4393,#4395,#2609,.T.);
#7572=EDGE_CURVE('',#4395,#4397,#2614,.T.);
#7574=EDGE_CURVE('',#4397,#4230,#2618,.T.);
#7578=ADVANCED_FACE('',(#7577),#7554,.F.);
#7590=ADVANCED_FACE('',(#7589),#7583,.F.);
#7597=EDGE_CURVE('',#4413,#4415,#2656,.T.);
#7603=ADVANCED_FACE('',(#7602),#7595,.T.);
#7610=EDGE_CURVE('',#4386,#4400,#2660,.T.);
#7616=ADVANCED_FACE('',(#7615),#7608,.F.);
#7623=EDGE_CURVE('',#4387,#4401,#2664,.T.);
#7629=ADVANCED_FACE('',(#7628),#7621,.T.);
#7636=EDGE_CURVE('',#4389,#4403,#2668,.T.);
#7642=ADVANCED_FACE('',(#7641),#7634,.T.);
#7649=EDGE_CURVE('',#4378,#4392,#2672,.T.);
#7655=ADVANCED_FACE('',(#7654),#7647,.T.);
#7662=EDGE_CURVE('',#4379,#4393,#2676,.T.);
#7668=ADVANCED_FACE('',(#7667),#7660,.T.);
#7675=EDGE_CURVE('',#4381,#4395,#2680,.T.);
#7681=ADVANCED_FACE('',(#7680),#7673,.T.);
#7688=EDGE_CURVE('',#4383,#4397,#2684,.T.);
#7694=ADVANCED_FACE('',(#7693),#7686,.F.);
#7706=ADVANCED_FACE('',(#7705),#7699,.T.);
#7712=EDGE_CURVE('',#4446,#4349,#2689,.T.);
#7714=EDGE_CURVE('',#4450,#4446,#2771,.T.);
#7721=ADVANCED_FACE('',(#7720),#7711,.T.);
#7728=EDGE_CURVE('',#4423,#4246,#2697,.T.);
#7730=EDGE_CURVE('',#4421,#4423,#2702,.T.);
#7732=EDGE_CURVE('',#4419,#4421,#2706,.T.);
#7734=EDGE_CURVE('',#4418,#4419,#2710,.T.);
#7736=EDGE_CURVE('',#4429,#4418,#2714,.T.);
#7738=EDGE_CURVE('',#4427,#4429,#2719,.T.);
#7740=EDGE_CURVE('',#4426,#4427,#2723,.T.);
#7742=EDGE_CURVE('',#4453,#4426,#2795,.T.);
#7744=EDGE_CURVE('',#4365,#4453,#2785,.T.);
#7750=ADVANCED_FACE('',(#7749),#7726,.T.);
#7757=EDGE_CURVE('',#4447,#4351,#2736,.T.);
#7759=EDGE_CURVE('',#4446,#4447,#2727,.T.);
#7764=ADVANCED_FACE('',(#7763),#7755,.T.);
#7771=EDGE_CURVE('',#4447,#4451,#2776,.T.);
#7778=ADVANCED_FACE('',(#7777),#7769,.F.);
#7787=EDGE_CURVE('',#4455,#4367,#2790,.T.);
#7789=EDGE_CURVE('',#4440,#4455,#2800,.T.);
#7791=EDGE_CURVE('',#4440,#4441,#2740,.T.);
#7793=EDGE_CURVE('',#4441,#4443,#2745,.T.);
#7795=EDGE_CURVE('',#4443,#4432,#2749,.T.);
#7797=EDGE_CURVE('',#4432,#4433,#2753,.T.);
#7799=EDGE_CURVE('',#4433,#4435,#2757,.T.);
#7801=EDGE_CURVE('',#4435,#4437,#2762,.T.);
#7803=EDGE_CURVE('',#4437,#4250,#2766,.T.);
#7807=ADVANCED_FACE('',(#7806),#7783,.F.);
#7819=ADVANCED_FACE('',(#7818),#7812,.F.);
#7826=EDGE_CURVE('',#4453,#4455,#2804,.T.);
#7832=ADVANCED_FACE('',(#7831),#7824,.T.);
#7839=EDGE_CURVE('',#4426,#4440,#2808,.T.);
#7845=ADVANCED_FACE('',(#7844),#7837,.F.);
#7852=EDGE_CURVE('',#4427,#4441,#2812,.T.);
#7858=ADVANCED_FACE('',(#7857),#7850,.T.);
#7865=EDGE_CURVE('',#4429,#4443,#2816,.T.);
#7871=ADVANCED_FACE('',(#7870),#7863,.T.);
#7878=EDGE_CURVE('',#4418,#4432,#2820,.T.);
#7884=ADVANCED_FACE('',(#7883),#7876,.T.);
#7891=EDGE_CURVE('',#4419,#4433,#2824,.T.);
#7897=ADVANCED_FACE('',(#7896),#7889,.T.);
#7904=EDGE_CURVE('',#4421,#4435,#2828,.T.);
#7910=ADVANCED_FACE('',(#7909),#7902,.T.);
#7917=EDGE_CURVE('',#4423,#4437,#2832,.T.);
#7923=ADVANCED_FACE('',(#7922),#7915,.F.);
#7935=ADVANCED_FACE('',(#7934),#7928,.T.);
#7941=EDGE_CURVE('',#4486,#4353,#2837,.T.);
#7943=EDGE_CURVE('',#4490,#4486,#2919,.T.);
#7950=ADVANCED_FACE('',(#7949),#7940,.T.);
#7957=EDGE_CURVE('',#4463,#4266,#2845,.T.);
#7959=EDGE_CURVE('',#4461,#4463,#2850,.T.);
#7961=EDGE_CURVE('',#4459,#4461,#2854,.T.);
#7963=EDGE_CURVE('',#4458,#4459,#2858,.T.);
#7965=EDGE_CURVE('',#4469,#4458,#2862,.T.);
#7967=EDGE_CURVE('',#4467,#4469,#2867,.T.);
#7969=EDGE_CURVE('',#4466,#4467,#2871,.T.);
#7971=EDGE_CURVE('',#4493,#4466,#2943,.T.);
#7973=EDGE_CURVE('',#4369,#4493,#2933,.T.);
#7979=ADVANCED_FACE('',(#7978),#7955,.T.);
#7986=EDGE_CURVE('',#4487,#4355,#2884,.T.);
#7988=EDGE_CURVE('',#4486,#4487,#2875,.T.);
#7993=ADVANCED_FACE('',(#7992),#7984,.T.);
#8000=EDGE_CURVE('',#4487,#4491,#2924,.T.);
#8007=ADVANCED_FACE('',(#8006),#7998,.F.);
#8016=EDGE_CURVE('',#4495,#4371,#2938,.T.);
#8018=EDGE_CURVE('',#4480,#4495,#2948,.T.);
#8020=EDGE_CURVE('',#4480,#4481,#2888,.T.);
#8022=EDGE_CURVE('',#4481,#4483,#2893,.T.);
#8024=EDGE_CURVE('',#4483,#4472,#2897,.T.);
#8026=EDGE_CURVE('',#4472,#4473,#2901,.T.);
#8028=EDGE_CURVE('',#4473,#4475,#2905,.T.);
#8030=EDGE_CURVE('',#4475,#4477,#2910,.T.);
#8032=EDGE_CURVE('',#4477,#4270,#2914,.T.);
#8036=ADVANCED_FACE('',(#8035),#8012,.F.);
#8048=ADVANCED_FACE('',(#8047),#8041,.F.);
#8055=EDGE_CURVE('',#4493,#4495,#2952,.T.);
#8061=ADVANCED_FACE('',(#8060),#8053,.T.);
#8068=EDGE_CURVE('',#4466,#4480,#2956,.T.);
#8074=ADVANCED_FACE('',(#8073),#8066,.F.);
#8081=EDGE_CURVE('',#4467,#4481,#2960,.T.);
#8087=ADVANCED_FACE('',(#8086),#8079,.T.);
#8094=EDGE_CURVE('',#4469,#4483,#2964,.T.);
#8100=ADVANCED_FACE('',(#8099),#8092,.T.);
#8107=EDGE_CURVE('',#4458,#4472,#2968,.T.);
#8113=ADVANCED_FACE('',(#8112),#8105,.T.);
#8120=EDGE_CURVE('',#4459,#4473,#2972,.T.);
#8126=ADVANCED_FACE('',(#8125),#8118,.T.);
#8133=EDGE_CURVE('',#4461,#4475,#2976,.T.);
#8139=ADVANCED_FACE('',(#8138),#8131,.T.);
#8146=EDGE_CURVE('',#4463,#4477,#2980,.T.);
#8152=ADVANCED_FACE('',(#8151),#8144,.F.);
#8164=ADVANCED_FACE('',(#8163),#8157,.T.);
#8176=ADVANCED_FACE('',(#8175),#8169,.T.);
#8188=ADVANCED_FACE('',(#8187),#8181,.T.);
#8194=EDGE_CURVE('',#4038,#4065,#3000,.T.);
#8201=ADVANCED_FACE('',(#8200),#8193,.T.);
#8207=EDGE_CURVE('',#4063,#4067,#3008,.T.);
#8214=ADVANCED_FACE('',(#8213),#8206,.T.);
#8225=EDGE_CURVE('',#4039,#4009,#3020,.T.);
#8229=ADVANCED_FACE('',(#8228),#8219,.T.);
#8238=EDGE_CURVE('',#4041,#4011,#3024,.T.);
#8242=ADVANCED_FACE('',(#8241),#8234,.T.);
#8251=EDGE_CURVE('',#4043,#4013,#3028,.T.);
#8255=ADVANCED_FACE('',(#8254),#8247,.T.);
#8264=EDGE_CURVE('',#4045,#4015,#3032,.T.);
#8268=ADVANCED_FACE('',(#8267),#8260,.T.);
#8277=EDGE_CURVE('',#4047,#4017,#3036,.T.);
#8281=ADVANCED_FACE('',(#8280),#8273,.F.);
#8290=EDGE_CURVE('',#4049,#4019,#3040,.T.);
#8294=ADVANCED_FACE('',(#8293),#8286,.T.);
#8303=EDGE_CURVE('',#4051,#4021,#3044,.T.);
#8307=ADVANCED_FACE('',(#8306),#8299,.T.);
#8316=EDGE_CURVE('',#4053,#4023,#3048,.T.);
#8320=ADVANCED_FACE('',(#8319),#8312,.T.);
#8329=EDGE_CURVE('',#4055,#4025,#3052,.T.);
#8333=ADVANCED_FACE('',(#8332),#8325,.F.);
#8342=EDGE_CURVE('',#4057,#4027,#3056,.T.);
#8346=ADVANCED_FACE('',(#8345),#8338,.T.);
#8355=EDGE_CURVE('',#4059,#4029,#3060,.T.);
#8359=ADVANCED_FACE('',(#8358),#8351,.T.);
#8368=EDGE_CURVE('',#4061,#4031,#3064,.T.);
#8372=ADVANCED_FACE('',(#8371),#8364,.T.);
#8381=EDGE_CURVE('',#4078,#4033,#3068,.T.);
#8387=ADVANCED_FACE('',(#8386),#8377,.T.);
#8396=EDGE_CURVE('',#4080,#4035,#3072,.T.);
#8400=ADVANCED_FACE('',(#8399),#8392,.T.);
#8407=EDGE_CURVE('',#4082,#4206,#3089,.T.);
#8413=ADVANCED_FACE('',(#8412),#8405,.T.);
#8433=B_SPLINE_CURVE_WITH_KNOTS('',3,(#8414,#8415,#8416,#8417,#8418,#8419,#8420,
#8421,#8422,#8423,#8424,#8425,#8426,#8427,#8428,#8429,#8430,#8431,#8432),
.UNSPECIFIED.,.F.,.F.,(4,1,1,1,1,1,1,1,1,1,1,1,1,1,1,1,4),(0.E0,
2.451809579107E-2,6.049809259294E-2,9.901152651086E-2,1.413785171908E-1,
1.889828557273E-1,2.427575409404E-1,3.032200317493E-1,3.707510658608E-1,
4.458474615114E-1,5.290072572268E-1,6.199918536938E-1,7.158811354705E-1,
8.099446579249E-1,8.975273114708E-1,9.755242566215E-1,1.E0),.UNSPECIFIED.);
#8438=EDGE_CURVE('',#4083,#4205,#3098,.T.);
#8444=ADVANCED_FACE('',(#8443),#8436,.T.);
#8451=EDGE_CURVE('',#4085,#4203,#3110,.T.);
#8457=ADVANCED_FACE('',(#8456),#8449,.T.);
#8464=EDGE_CURVE('',#4070,#4201,#3119,.T.);
#8467=EDGE_CURVE('',#3628,#3636,#3123,.T.);
#8470=EDGE_CURVE('',#3633,#3641,#3106,.T.);
#8476=ADVANCED_FACE('',(#8475),#8462,.T.);
#8488=ADVANCED_FACE('',(#8487),#8481,.T.);
#8497=EDGE_CURVE('',#3629,#3637,#3196,.T.);
#8501=ADVANCED_FACE('',(#8500),#8493,.T.);
#8507=EDGE_CURVE('',#4184,#4185,#3128,.T.);
#8509=EDGE_CURVE('',#4184,#3882,#3132,.T.);
#8511=EDGE_CURVE('',#3882,#3883,#3137,.T.);
#8513=EDGE_CURVE('',#3883,#3887,#3141,.T.);
#8516=EDGE_CURVE('',#3612,#3620,#3242,.T.);
#8519=EDGE_CURVE('',#4310,#4311,#3146,.T.);
#8521=EDGE_CURVE('',#4311,#4313,#3150,.T.);
#8523=EDGE_CURVE('',#4313,#4315,#3154,.T.);
#8525=EDGE_CURVE('',#4315,#3675,#3158,.T.);
#8528=EDGE_CURVE('',#4157,#4153,#3363,.T.);
#8533=ADVANCED_FACE('',(#8532),#8506,.T.);
#8539=EDGE_CURVE('',#4192,#4193,#3171,.T.);
#8541=EDGE_CURVE('',#4192,#4165,#3175,.T.);
#8543=EDGE_CURVE('',#4163,#4165,#3422,.T.);
#8546=EDGE_CURVE('',#4329,#3678,#3325,.T.);
#8548=EDGE_CURVE('',#4329,#4327,#3183,.T.);
#8550=EDGE_CURVE('',#4327,#4324,#3187,.T.);
#8552=EDGE_CURVE('',#4324,#4325,#3192,.T.);
#8557=EDGE_CURVE('',#3921,#3894,#3200,.T.);
#8559=EDGE_CURVE('',#3894,#3895,#3205,.T.);
#8564=ADVANCED_FACE('',(#8563),#8538,.T.);
#8573=EDGE_CURVE('',#4189,#4184,#3222,.T.);
#8577=ADVANCED_FACE('',(#8576),#8569,.T.);
#8585=EDGE_CURVE('',#3878,#3910,#3230,.T.);
#8590=ADVANCED_FACE('',(#8589),#8582,.T.);
#8598=EDGE_CURVE('',#3898,#3882,#3226,.T.);
#8603=ADVANCED_FACE('',(#8602),#8595,.T.);
#8610=EDGE_CURVE('',#3899,#3883,#3238,.T.);
#8616=ADVANCED_FACE('',(#8615),#8608,.T.);
#8625=EDGE_CURVE('',#3879,#3911,#3234,.T.);
#8629=ADVANCED_FACE('',(#8628),#8621,.T.);
#8641=ADVANCED_FACE('',(#8640),#8634,.T.);
#8653=ADVANCED_FACE('',(#8652),#8646,.T.);
#8665=ADVANCED_FACE('',(#8664),#8658,.T.);
#8673=EDGE_CURVE('',#4311,#4319,#3250,.T.);
#8678=ADVANCED_FACE('',(#8677),#8670,.T.);
#8686=EDGE_CURVE('',#4337,#4321,#3254,.T.);
#8688=EDGE_CURVE('',#4313,#4321,#3294,.T.);
#8693=ADVANCED_FACE('',(#8692),#8683,.F.);
#8701=EDGE_CURVE('',#4302,#4303,#3270,.T.);
#8703=EDGE_CURVE('',#4302,#4321,#3282,.T.);
#8707=ADVANCED_FACE('',(#8706),#8698,.F.);
#8713=EDGE_CURVE('',#4339,#4335,#3262,.T.);
#8715=EDGE_CURVE('',#4335,#4306,#3346,.T.);
#8717=EDGE_CURVE('',#4306,#4307,#3350,.T.);
#8722=ADVANCED_FACE('',(#8721),#8712,.F.);
#8731=EDGE_CURVE('',#4302,#3671,#3286,.T.);
#8735=ADVANCED_FACE('',(#8734),#8727,.T.);
#8741=EDGE_CURVE('',#4321,#4341,#3278,.T.);
#8746=EDGE_CURVE('',#4341,#3673,#3303,.T.);
#8750=ADVANCED_FACE('',(#8749),#8740,.T.);
#8759=EDGE_CURVE('',#4341,#4315,#3299,.T.);
#8763=ADVANCED_FACE('',(#8762),#8755,.F.);
#8775=ADVANCED_FACE('',(#8774),#8768,.T.);
#8781=EDGE_CURVE('',#4324,#4331,#3316,.T.);
#8784=EDGE_CURVE('',#4327,#4335,#3312,.T.);
#8790=ADVANCED_FACE('',(#8789),#8780,.F.);
#8802=ADVANCED_FACE('',(#8801),#8795,.T.);
#8809=EDGE_CURVE('',#4329,#4343,#3321,.T.);
#8811=EDGE_CURVE('',#4343,#4335,#3334,.T.);
#8816=ADVANCED_FACE('',(#8815),#8807,.F.);
#8825=EDGE_CURVE('',#4343,#3679,#3338,.T.);
#8829=ADVANCED_FACE('',(#8828),#8821,.T.);
#8838=EDGE_CURVE('',#4306,#3681,#3354,.T.);
#8843=ADVANCED_FACE('',(#8842),#8834,.T.);
#8855=ADVANCED_FACE('',(#8854),#8848,.T.);
#8867=ADVANCED_FACE('',(#8866),#8860,.F.);
#8876=EDGE_CURVE('',#4197,#4192,#3392,.T.);
#8880=ADVANCED_FACE('',(#8879),#8872,.T.);
#8888=EDGE_CURVE('',#4147,#4149,#3380,.T.);
#8890=EDGE_CURVE('',#3774,#4147,#3384,.T.);
#8895=ADVANCED_FACE('',(#8894),#8885,.F.);
#8903=EDGE_CURVE('',#3835,#4160,#3400,.T.);
#8905=EDGE_CURVE('',#4165,#4160,#3404,.T.);
#8910=ADVANCED_FACE('',(#8909),#8900,.F.);
#8922=ADVANCED_FACE('',(#8921),#8915,.F.);
#8930=EDGE_CURVE('',#3775,#3789,#3413,.T.);
#8935=ADVANCED_FACE('',(#8934),#8927,.T.);
#8947=ADVANCED_FACE('',(#8946),#8940,.T.);
#8959=ADVANCED_FACE('',(#8958),#8952,.T.);
#8968=EDGE_CURVE('',#3817,#3806,#3417,.T.);
#8972=ADVANCED_FACE('',(#8971),#8964,.F.);
#8984=ADVANCED_FACE('',(#8983),#8977,.F.);
#8996=ADVANCED_FACE('',(#8995),#8989,.F.);
#9008=ADVANCED_FACE('',(#9007),#9001,.F.);
#9015=EDGE_CURVE('',#3905,#3894,#3426,.T.);
#9021=ADVANCED_FACE('',(#9020),#9013,.T.);
#9030=EDGE_CURVE('',#3890,#3915,#3430,.T.);
#9034=ADVANCED_FACE('',(#9033),#9026,.T.);
#9046=ADVANCED_FACE('',(#9045),#9039,.T.);
#9058=ADVANCED_FACE('',(#9057),#9051,.T.);
#9070=ADVANCED_FACE('',(#9069),#9063,.T.);
#9079=EDGE_CURVE('',#3996,#3937,#3438,.T.);
#9082=EDGE_CURVE('',#3967,#3939,#3446,.T.);
#9086=ADVANCED_FACE('',(#9085),#9075,.T.);
#9098=ADVANCED_FACE('',(#9097),#9091,.T.);
#9107=EDGE_CURVE('',#3969,#3941,#3450,.T.);
#9111=ADVANCED_FACE('',(#9110),#9103,.T.);
#9120=EDGE_CURVE('',#3971,#3943,#3454,.T.);
#9124=ADVANCED_FACE('',(#9123),#9116,.T.);
#9133=EDGE_CURVE('',#3973,#3945,#3458,.T.);
#9137=ADVANCED_FACE('',(#9136),#9129,.T.);
#9146=EDGE_CURVE('',#3975,#3947,#3462,.T.);
#9150=ADVANCED_FACE('',(#9149),#9142,.F.);
#9159=EDGE_CURVE('',#3977,#3949,#3466,.T.);
#9163=ADVANCED_FACE('',(#9162),#9155,.T.);
#9172=EDGE_CURVE('',#3979,#3951,#3470,.T.);
#9176=ADVANCED_FACE('',(#9175),#9168,.T.);
#9185=EDGE_CURVE('',#3981,#3953,#3474,.T.);
#9189=ADVANCED_FACE('',(#9188),#9181,.T.);
#9198=EDGE_CURVE('',#3983,#3955,#3478,.T.);
#9202=ADVANCED_FACE('',(#9201),#9194,.F.);
#9211=EDGE_CURVE('',#3985,#3957,#3482,.T.);
#9215=ADVANCED_FACE('',(#9214),#9207,.T.);
#9224=EDGE_CURVE('',#3987,#3959,#3486,.T.);
#9228=ADVANCED_FACE('',(#9227),#9220,.T.);
#9240=ADVANCED_FACE('',(#9239),#9233,.T.);
#9249=EDGE_CURVE('',#4000,#3965,#3494,.T.);
#9253=ADVANCED_FACE('',(#9252),#9245,.T.);
#9260=EDGE_CURVE('',#4002,#4215,#3511,.T.);
#9266=ADVANCED_FACE('',(#9265),#9258,.T.);
#9286=B_SPLINE_CURVE_WITH_KNOTS('',3,(#9267,#9268,#9269,#9270,#9271,#9272,#9273,
#9274,#9275,#9276,#9277,#9278,#9279,#9280,#9281,#9282,#9283,#9284,#9285),
.UNSPECIFIED.,.F.,.F.,(4,1,1,1,1,1,1,1,1,1,1,1,1,1,1,1,4),(0.E0,
2.448015725074E-2,1.024867285276E-1,1.900679499133E-1,2.841371885836E-1,
3.800422553518E-1,4.710336991917E-1,5.541943379236E-1,6.292801377955E-1,
6.968086920325E-1,7.572670915113E-1,8.110204791700E-1,8.586333067821E-1,
9.010027268079E-1,9.395527491994E-1,9.755619447491E-1,1.E0),.UNSPECIFIED.);
#9291=EDGE_CURVE('',#4003,#4214,#3520,.T.);
#9297=ADVANCED_FACE('',(#9296),#9289,.F.);
#9309=ADVANCED_FACE('',(#9308),#9302,.T.);
#9321=ADVANCED_FACE('',(#9320),#9314,.T.);
#9333=ADVANCED_FACE('',(#9332),#9326,.F.);
#9345=ADVANCED_FACE('',(#9344),#9338,.T.);
#9357=ADVANCED_FACE('',(#9356),#9350,.F.);
#9369=ADVANCED_FACE('',(#9368),#9362,.T.);
#9370=CLOSED_SHELL('',(#4619,#4634,#4650,#4666,#4682,#4732,#4748,#4764,#4780,
#4796,#4844,#4859,#4908,#4958,#4973,#4988,#5032,#5077,#5090,#5103,#5117,#5130,
#5142,#5157,#5173,#5186,#5200,#5249,#5265,#5281,#5297,#5313,#5362,#5375,#5388,
#5402,#5418,#5434,#5446,#5460,#5481,#5502,#5523,#5545,#5560,#5573,#5587,#5601,
#5616,#5628,#5641,#5654,#5669,#5686,#5700,#5731,#5763,#5777,#5791,#5805,#5817,
#5830,#5844,#5856,#5871,#5885,#5899,#5911,#5923,#5937,#5959,#5978,#6011,#6026,
#6070,#6112,#6131,#6164,#6178,#6192,#6219,#6242,#6268,#6296,#6313,#6450,#6466,
#6496,#6511,#6559,#6574,#6604,#6618,#6632,#6662,#6674,#6687,#6700,#6713,#6726,
#6739,#6752,#6765,#6778,#6791,#6837,#6851,#6865,#6879,#6893,#6907,#6921,#6935,
#6949,#6962,#6976,#6996,#7008,#7028,#7043,#7057,#7076,#7091,#7105,#7119,#7133,
#7154,#7169,#7187,#7206,#7221,#7239,#7254,#7269,#7293,#7311,#7325,#7339,#7361,
#7374,#7386,#7398,#7411,#7428,#7441,#7453,#7465,#7477,#7492,#7521,#7535,#7549,
#7578,#7590,#7603,#7616,#7629,#7642,#7655,#7668,#7681,#7694,#7706,#7721,#7750,
#7764,#7778,#7807,#7819,#7832,#7845,#7858,#7871,#7884,#7897,#7910,#7923,#7935,
#7950,#7979,#7993,#8007,#8036,#8048,#8061,#8074,#8087,#8100,#8113,#8126,#8139,
#8152,#8164,#8176,#8188,#8201,#8214,#8229,#8242,#8255,#8268,#8281,#8294,#8307,
#8320,#8333,#8346,#8359,#8372,#8387,#8400,#8413,#8444,#8457,#8476,#8488,#8501,
#8533,#8564,#8577,#8590,#8603,#8616,#8629,#8641,#8653,#8665,#8678,#8693,#8707,
#8722,#8735,#8750,#8763,#8775,#8790,#8802,#8816,#8829,#8843,#8855,#8867,#8880,
#8895,#8910,#8922,#8935,#8947,#8959,#8972,#8984,#8996,#9008,#9021,#9034,#9046,
#9058,#9070,#9086,#9098,#9111,#9124,#9137,#9150,#9163,#9176,#9189,#9202,#9215,
#9228,#9240,#9253,#9266,#9297,#9309,#9321,#9333,#9345,#9357,#9369));
#9371=MANIFOLD_SOLID_BREP('',#9370);
#9384=CIRCLE('',#9383,1.E-1);
#9397=CIRCLE('',#9396,1.5E-1);
#9442=CIRCLE('',#9441,1.5E-1);
#9455=CIRCLE('',#9454,1.E-1);
#9493=EDGE_CURVE('',#9462,#9463,#9375,.T.);
#9495=EDGE_CURVE('',#9473,#9462,#9379,.T.);
#9497=EDGE_CURVE('',#9471,#9473,#9384,.T.);
#9499=EDGE_CURVE('',#9469,#9471,#9388,.T.);
#9501=EDGE_CURVE('',#9467,#9469,#9392,.T.);
#9503=EDGE_CURVE('',#9465,#9467,#9397,.T.);
#9505=EDGE_CURVE('',#9463,#9465,#9401,.T.);
#9509=ADVANCED_FACE('',(#9508),#9492,.T.);
#9516=EDGE_CURVE('',#9463,#9477,#9409,.T.);
#9518=EDGE_CURVE('',#9476,#9477,#9433,.T.);
#9520=EDGE_CURVE('',#9462,#9476,#9405,.T.);
#9524=ADVANCED_FACE('',(#9523),#9514,.T.);
#9531=EDGE_CURVE('',#9465,#9479,#9413,.T.);
#9533=EDGE_CURVE('',#9477,#9479,#9437,.T.);
#9538=ADVANCED_FACE('',(#9537),#9529,.T.);
#9545=EDGE_CURVE('',#9467,#9481,#9417,.T.);
#9547=EDGE_CURVE('',#9479,#9481,#9442,.T.);
#9552=ADVANCED_FACE('',(#9551),#9543,.T.);
#9559=EDGE_CURVE('',#9469,#9483,#9421,.T.);
#9561=EDGE_CURVE('',#9481,#9483,#9446,.T.);
#9566=ADVANCED_FACE('',(#9565),#9557,.T.);
#9573=EDGE_CURVE('',#9471,#9485,#9425,.T.);
#9575=EDGE_CURVE('',#9483,#9485,#9450,.T.);
#9580=ADVANCED_FACE('',(#9579),#9571,.T.);
#9587=EDGE_CURVE('',#9473,#9487,#9429,.T.);
#9589=EDGE_CURVE('',#9485,#9487,#9455,.T.);
#9594=ADVANCED_FACE('',(#9593),#9585,.F.);
#9602=EDGE_CURVE('',#9487,#9476,#9459,.T.);
#9607=ADVANCED_FACE('',(#9606),#9599,.T.);
#9622=ADVANCED_FACE('',(#9621),#9612,.F.);
#9623=CLOSED_SHELL('',(#9509,#9524,#9538,#9552,#9566,#9580,#9594,#9607,#9622));
#9624=MANIFOLD_SOLID_BREP('',#9623);
#9637=CIRCLE('',#9636,1.E-1);
#9650=CIRCLE('',#9649,1.5E-1);
#9695=CIRCLE('',#9694,1.5E-1);
#9708=CIRCLE('',#9707,1.E-1);
#9746=EDGE_CURVE('',#9715,#9716,#9628,.T.);
#9748=EDGE_CURVE('',#9726,#9715,#9632,.T.);
#9750=EDGE_CURVE('',#9724,#9726,#9637,.T.);
#9752=EDGE_CURVE('',#9722,#9724,#9641,.T.);
#9754=EDGE_CURVE('',#9720,#9722,#9645,.T.);
#9756=EDGE_CURVE('',#9718,#9720,#9650,.T.);
#9758=EDGE_CURVE('',#9716,#9718,#9654,.T.);
#9762=ADVANCED_FACE('',(#9761),#9745,.T.);
#9769=EDGE_CURVE('',#9716,#9730,#9662,.T.);
#9771=EDGE_CURVE('',#9729,#9730,#9686,.T.);
#9773=EDGE_CURVE('',#9715,#9729,#9658,.T.);
#9777=ADVANCED_FACE('',(#9776),#9767,.T.);
#9784=EDGE_CURVE('',#9718,#9732,#9666,.T.);
#9786=EDGE_CURVE('',#9730,#9732,#9690,.T.);
#9791=ADVANCED_FACE('',(#9790),#9782,.T.);
#9798=EDGE_CURVE('',#9720,#9734,#9670,.T.);
#9800=EDGE_CURVE('',#9732,#9734,#9695,.T.);
#9805=ADVANCED_FACE('',(#9804),#9796,.T.);
#9812=EDGE_CURVE('',#9722,#9736,#9674,.T.);
#9814=EDGE_CURVE('',#9734,#9736,#9699,.T.);
#9819=ADVANCED_FACE('',(#9818),#9810,.T.);
#9826=EDGE_CURVE('',#9724,#9738,#9678,.T.);
#9828=EDGE_CURVE('',#9736,#9738,#9703,.T.);
#9833=ADVANCED_FACE('',(#9832),#9824,.T.);
#9840=EDGE_CURVE('',#9726,#9740,#9682,.T.);
#9842=EDGE_CURVE('',#9738,#9740,#9708,.T.);
#9847=ADVANCED_FACE('',(#9846),#9838,.F.);
#9855=EDGE_CURVE('',#9740,#9729,#9712,.T.);
#9860=ADVANCED_FACE('',(#9859),#9852,.T.);
#9875=ADVANCED_FACE('',(#9874),#9865,.F.);
#9876=CLOSED_SHELL('',(#9762,#9777,#9791,#9805,#9819,#9833,#9847,#9860,#9875));
#9877=MANIFOLD_SOLID_BREP('',#9876);
#9890=CIRCLE('',#9889,1.E-1);
#9903=CIRCLE('',#9902,1.5E-1);
#9948=CIRCLE('',#9947,1.5E-1);
#9961=CIRCLE('',#9960,1.E-1);
#9999=EDGE_CURVE('',#9968,#9969,#9881,.T.);
#10001=EDGE_CURVE('',#9979,#9968,#9885,.T.);
#10003=EDGE_CURVE('',#9977,#9979,#9890,.T.);
#10005=EDGE_CURVE('',#9975,#9977,#9894,.T.);
#10007=EDGE_CURVE('',#9973,#9975,#9898,.T.);
#10009=EDGE_CURVE('',#9971,#9973,#9903,.T.);
#10011=EDGE_CURVE('',#9969,#9971,#9907,.T.);
#10015=ADVANCED_FACE('',(#10014),#9998,.T.);
#10022=EDGE_CURVE('',#9969,#9983,#9915,.T.);
#10024=EDGE_CURVE('',#9982,#9983,#9939,.T.);
#10026=EDGE_CURVE('',#9968,#9982,#9911,.T.);
#10030=ADVANCED_FACE('',(#10029),#10020,.T.);
#10037=EDGE_CURVE('',#9971,#9985,#9919,.T.);
#10039=EDGE_CURVE('',#9983,#9985,#9943,.T.);
#10044=ADVANCED_FACE('',(#10043),#10035,.T.);
#10051=EDGE_CURVE('',#9973,#9987,#9923,.T.);
#10053=EDGE_CURVE('',#9985,#9987,#9948,.T.);
#10058=ADVANCED_FACE('',(#10057),#10049,.T.);
#10065=EDGE_CURVE('',#9975,#9989,#9927,.T.);
#10067=EDGE_CURVE('',#9987,#9989,#9952,.T.);
#10072=ADVANCED_FACE('',(#10071),#10063,.T.);
#10079=EDGE_CURVE('',#9977,#9991,#9931,.T.);
#10081=EDGE_CURVE('',#9989,#9991,#9956,.T.);
#10086=ADVANCED_FACE('',(#10085),#10077,.T.);
#10093=EDGE_CURVE('',#9979,#9993,#9935,.T.);
#10095=EDGE_CURVE('',#9991,#9993,#9961,.T.);
#10100=ADVANCED_FACE('',(#10099),#10091,.F.);
#10108=EDGE_CURVE('',#9993,#9982,#9965,.T.);
#10113=ADVANCED_FACE('',(#10112),#10105,.T.);
#10128=ADVANCED_FACE('',(#10127),#10118,.F.);
#10129=CLOSED_SHELL('',(#10015,#10030,#10044,#10058,#10072,#10086,#10100,#10113,
#10128));
#10130=MANIFOLD_SOLID_BREP('',#10129);
#10143=CIRCLE('',#10142,1.E-1);
#10156=CIRCLE('',#10155,1.5E-1);
#10201=CIRCLE('',#10200,1.5E-1);
#10214=CIRCLE('',#10213,1.E-1);
#10252=EDGE_CURVE('',#10221,#10222,#10134,.T.);
#10254=EDGE_CURVE('',#10232,#10221,#10138,.T.);
#10256=EDGE_CURVE('',#10230,#10232,#10143,.T.);
#10258=EDGE_CURVE('',#10228,#10230,#10147,.T.);
#10260=EDGE_CURVE('',#10226,#10228,#10151,.T.);
#10262=EDGE_CURVE('',#10224,#10226,#10156,.T.);
#10264=EDGE_CURVE('',#10222,#10224,#10160,.T.);
#10268=ADVANCED_FACE('',(#10267),#10251,.T.);
#10275=EDGE_CURVE('',#10222,#10236,#10168,.T.);
#10277=EDGE_CURVE('',#10235,#10236,#10192,.T.);
#10279=EDGE_CURVE('',#10221,#10235,#10164,.T.);
#10283=ADVANCED_FACE('',(#10282),#10273,.T.);
#10290=EDGE_CURVE('',#10224,#10238,#10172,.T.);
#10292=EDGE_CURVE('',#10236,#10238,#10196,.T.);
#10297=ADVANCED_FACE('',(#10296),#10288,.T.);
#10304=EDGE_CURVE('',#10226,#10240,#10176,.T.);
#10306=EDGE_CURVE('',#10238,#10240,#10201,.T.);
#10311=ADVANCED_FACE('',(#10310),#10302,.T.);
#10318=EDGE_CURVE('',#10228,#10242,#10180,.T.);
#10320=EDGE_CURVE('',#10240,#10242,#10205,.T.);
#10325=ADVANCED_FACE('',(#10324),#10316,.T.);
#10332=EDGE_CURVE('',#10230,#10244,#10184,.T.);
#10334=EDGE_CURVE('',#10242,#10244,#10209,.T.);
#10339=ADVANCED_FACE('',(#10338),#10330,.T.);
#10346=EDGE_CURVE('',#10232,#10246,#10188,.T.);
#10348=EDGE_CURVE('',#10244,#10246,#10214,.T.);
#10353=ADVANCED_FACE('',(#10352),#10344,.F.);
#10361=EDGE_CURVE('',#10246,#10235,#10218,.T.);
#10366=ADVANCED_FACE('',(#10365),#10358,.T.);
#10381=ADVANCED_FACE('',(#10380),#10371,.F.);
#10382=CLOSED_SHELL('',(#10268,#10283,#10297,#10311,#10325,#10339,#10353,#10366,
#10381));
#10383=MANIFOLD_SOLID_BREP('',#10382);
#10396=CIRCLE('',#10395,1.E-1);
#10409=CIRCLE('',#10408,1.5E-1);
#10454=CIRCLE('',#10453,1.5E-1);
#10467=CIRCLE('',#10466,1.E-1);
#10505=EDGE_CURVE('',#10474,#10475,#10387,.T.);
#10507=EDGE_CURVE('',#10485,#10474,#10391,.T.);
#10509=EDGE_CURVE('',#10483,#10485,#10396,.T.);
#10511=EDGE_CURVE('',#10481,#10483,#10400,.T.);
#10513=EDGE_CURVE('',#10479,#10481,#10404,.T.);
#10515=EDGE_CURVE('',#10477,#10479,#10409,.T.);
#10517=EDGE_CURVE('',#10475,#10477,#10413,.T.);
#10521=ADVANCED_FACE('',(#10520),#10504,.T.);
#10528=EDGE_CURVE('',#10475,#10489,#10421,.T.);
#10530=EDGE_CURVE('',#10488,#10489,#10445,.T.);
#10532=EDGE_CURVE('',#10474,#10488,#10417,.T.);
#10536=ADVANCED_FACE('',(#10535),#10526,.T.);
#10543=EDGE_CURVE('',#10477,#10491,#10425,.T.);
#10545=EDGE_CURVE('',#10489,#10491,#10449,.T.);
#10550=ADVANCED_FACE('',(#10549),#10541,.T.);
#10557=EDGE_CURVE('',#10479,#10493,#10429,.T.);
#10559=EDGE_CURVE('',#10491,#10493,#10454,.T.);
#10564=ADVANCED_FACE('',(#10563),#10555,.T.);
#10571=EDGE_CURVE('',#10481,#10495,#10433,.T.);
#10573=EDGE_CURVE('',#10493,#10495,#10458,.T.);
#10578=ADVANCED_FACE('',(#10577),#10569,.T.);
#10585=EDGE_CURVE('',#10483,#10497,#10437,.T.);
#10587=EDGE_CURVE('',#10495,#10497,#10462,.T.);
#10592=ADVANCED_FACE('',(#10591),#10583,.T.);
#10599=EDGE_CURVE('',#10485,#10499,#10441,.T.);
#10601=EDGE_CURVE('',#10497,#10499,#10467,.T.);
#10606=ADVANCED_FACE('',(#10605),#10597,.F.);
#10614=EDGE_CURVE('',#10499,#10488,#10471,.T.);
#10619=ADVANCED_FACE('',(#10618),#10611,.T.);
#10634=ADVANCED_FACE('',(#10633),#10624,.F.);
#10635=CLOSED_SHELL('',(#10521,#10536,#10550,#10564,#10578,#10592,#10606,#10619,
#10634));
#10636=MANIFOLD_SOLID_BREP('',#10635);
#10657=(LENGTH_UNIT()NAMED_UNIT(*)SI_UNIT(.MILLI.,.METRE.));
#10658=(NAMED_UNIT(*)PLANE_ANGLE_UNIT()SI_UNIT($,.RADIAN.));
#10661=(NAMED_UNIT(*)SI_UNIT($,.STERADIAN.)SOLID_ANGLE_UNIT());
#10663=(GEOMETRIC_REPRESENTATION_CONTEXT(3)GLOBAL_UNCERTAINTY_ASSIGNED_CONTEXT((
#10662))GLOBAL_UNIT_ASSIGNED_CONTEXT((#10657,#10660,#10661))REPRESENTATION_CONTEXT('ID1','3'));
#10664=ADVANCED_BREP_SHAPE_REPRESENTATION('',(#9371,#9624,#9877,#10130,#10383,
#10636),#10663);
#10671=PRODUCT_DEFINITION('part definition','',#10670,#10667);
#10672=PRODUCT_DEFINITION_SHAPE('','SHAPE FOR C-2492111-5.',#10671);
#10673=SHAPE_ASPECT('','solid data associated with C-2492111-5',#10672,.F.);
#10674=PROPERTY_DEFINITION('',
'shape for solid data with which properties are associated',#10673);
#10675=SHAPE_REPRESENTATION('',(#9371,#9624,#9877,#10130,#10383,#10636),#10663);
#10676=SHAPE_DEFINITION_REPRESENTATION(#10674,#10675);
#10677=(LENGTH_UNIT()NAMED_UNIT(*)SI_UNIT(.MILLI.,.METRE.));
#10681=PROPERTY_DEFINITION('geometric validation property',
'area of C-2492111-5',#10673);
#10682=REPRESENTATION('surface area',(#10680),#10663);
#10683=PROPERTY_DEFINITION_REPRESENTATION(#10681,#10682);
#10684=(LENGTH_UNIT()NAMED_UNIT(*)SI_UNIT(.MILLI.,.METRE.));
#10688=PROPERTY_DEFINITION('geometric validation property',
'volume of C-2492111-5',#10673);
#10689=REPRESENTATION('volume',(#10687),#10663);
#10690=PROPERTY_DEFINITION_REPRESENTATION(#10688,#10689);
#10692=PROPERTY_DEFINITION('geometric validation property',
'centroid of C-2492111-5',#10673);
#10693=REPRESENTATION('centroid',(#10691),#10663);
#10694=PROPERTY_DEFINITION_REPRESENTATION(#10692,#10693);
#10695=(LENGTH_UNIT()NAMED_UNIT(*)SI_UNIT(.MILLI.,.METRE.));
#10699=PROPERTY_DEFINITION('geometric validation property',
'area of C-2492111-5',#10672);
#10700=REPRESENTATION('surface area',(#10698),#10663);
#10701=PROPERTY_DEFINITION_REPRESENTATION(#10699,#10700);
#10702=(LENGTH_UNIT()NAMED_UNIT(*)SI_UNIT(.MILLI.,.METRE.));
#10706=PROPERTY_DEFINITION('geometric validation property',
'volume of C-2492111-5',#10672);
#10707=REPRESENTATION('volume',(#10705),#10663);
#10708=PROPERTY_DEFINITION_REPRESENTATION(#10706,#10707);
#10710=PROPERTY_DEFINITION('geometric validation property',
'centroid of C-2492111-5',#10672);
#10711=REPRESENTATION('centroid',(#10709),#10663);
#10712=PROPERTY_DEFINITION_REPRESENTATION(#10710,#10711);
#10713=SHAPE_DEFINITION_REPRESENTATION(#10672,#10664);
ENDSEC;
END-ISO-10303-21;
