ISO-10303-21;
HEADER;
FILE_DESCRIPTION(('FreeCAD Model'),'2;1');
FILE_NAME('Open CASCADE Shape Model','2026-09-06T11:56:21',('FreeCAD'),(
    'FreeCAD'),'Open CASCADE STEP processor 7.8','FreeCAD','Unknown');
FILE_SCHEMA(('AUTOMOTIVE_DESIGN { 1 0 10303 214 1 1 1 1 }'));
ENDSEC;
DATA;
#1 = APPLICATION_PROTOCOL_DEFINITION('international standard',
  'automotive_design',2000,#2);
#2 = APPLICATION_CONTEXT(
  'core data for automotive mechanical design processes');
#3 = SHAPE_DEFINITION_REPRESENTATION(#4,#10);
#4 = PRODUCT_DEFINITION_SHAPE('','',#5);
#5 = PRODUCT_DEFINITION('design','',#6,#9);
#6 = PRODUCT_DEFINITION_FORMATION('','',#7);
#7 = PRODUCT('Open CASCADE STEP translator 7.8 1',
  'Open CASCADE STEP translator 7.8 1','',(#8));
#8 = PRODUCT_CONTEXT('',#2,'mechanical');
#9 = PRODUCT_DEFINITION_CONTEXT('part definition',#2,'design');
#10 = ADVANCED_BREP_SHAPE_REPRESENTATION('',(#11,#15),#7080);
#11 = AXIS2_PLACEMENT_3D('',#12,#13,#14);
#12 = CARTESIAN_POINT('',(0.,0.,0.));
#13 = DIRECTION('',(0.,0.,1.));
#14 = DIRECTION('',(1.,0.,-0.));
#15 = MANIFOLD_SOLID_BREP('',#16);
#16 = CLOSED_SHELL('',(#17,#89,#133,#158,#190,#214,#252,#269,#301,#326,
    #358,#383,#415,#440,#472,#495,#531,#555,#585,#720,#799,#839,#863,
    #894,#925,#995,#1106,#1208,#1233,#1265,#1297,#1352,#1394,#1434,#1524
    ,#1614,#1653,#1686,#1724,#1762,#1843,#1909,#2131,#2228,#2325,#2349,
    #2487,#2518,#2558,#2583,#2606,#2645,#2671,#2713,#2767,#2784,#2801,
    #2818,#2830,#2848,#2970,#3002,#3034,#3066,#3084,#3102,#3126,#3151,
    #3169,#3187,#3222,#3266,#3299,#3331,#3363,#3403,#3428,#3453,#3510,
    #3527,#3558,#3591,#3613,#3645,#3711,#3768,#3793,#3899,#3980,#4002,
    #4020,#4037,#4054,#4066,#4083,#4105,#4122,#4139,#4151,#4163,#4180,
    #4198,#4214,#4231,#4248,#4265,#4282,#4299,#4311,#4328,#4353,#4377,
    #4400,#4433,#4453,#4503,#4521,#4538,#4550,#4573,#4585,#4617,#4796,
    #4843,#4883,#4907,#4931,#4955,#4979,#4996,#5010,#5050,#5067,#5084,
    #5101,#5216,#5263,#5296,#5320,#5360,#5393,#5410,#5427,#5444,#5456,
    #5473,#5490,#5502,#5549,#5582,#5606,#5646,#5679,#5696,#5713,#5730,
    #5742,#5759,#5776,#5788,#5835,#5868,#5892,#5932,#5965,#5982,#5999,
    #6016,#6028,#6045,#6062,#6074,#6121,#6154,#6178,#6218,#6251,#6268,
    #6285,#6302,#6314,#6331,#6348,#6360,#6379,#6396,#6415,#6427,#6439,
    #6456,#6468,#6480,#6497,#6514,#6527,#6546,#6563,#6580,#6597,#6609,
    #6626,#6643,#6674,#6686,#6711,#6728,#6746,#6763,#6781,#6806,#6823,
    #6840,#6852,#6869,#6886,#6903,#6920,#6933,#6981,#7004,#7017,#7034,
    #7051,#7068));
#17 = ADVANCED_FACE('',(#18),#84,.T.);
#18 = FACE_BOUND('',#19,.F.);
#19 = EDGE_LOOP('',(#20,#30,#38,#46,#54,#62,#70,#78));
#20 = ORIENTED_EDGE('',*,*,#21,.F.);
#21 = EDGE_CURVE('',#22,#24,#26,.T.);
#22 = VERTEX_POINT('',#23);
#23 = CARTESIAN_POINT('',(3.665,-3.75,1.75));
#24 = VERTEX_POINT('',#25);
#25 = CARTESIAN_POINT('',(1.895,-3.75,1.75));
#26 = LINE('',#27,#28);
#27 = CARTESIAN_POINT('',(3.665,-3.75,1.75));
#28 = VECTOR('',#29,1.);
#29 = DIRECTION('',(-1.,-0.,0.));
#30 = ORIENTED_EDGE('',*,*,#31,.F.);
#31 = EDGE_CURVE('',#32,#22,#34,.T.);
#32 = VERTEX_POINT('',#33);
#33 = CARTESIAN_POINT('',(3.665,-3.75,0.35));
#34 = LINE('',#35,#36);
#35 = CARTESIAN_POINT('',(3.665,-3.75,0.35));
#36 = VECTOR('',#37,1.);
#37 = DIRECTION('',(0.,-2.22044604925E-16,1.));
#38 = ORIENTED_EDGE('',*,*,#39,.F.);
#39 = EDGE_CURVE('',#40,#32,#42,.T.);
#40 = VERTEX_POINT('',#41);
#41 = CARTESIAN_POINT('',(-3.665,-3.75,0.35));
#42 = LINE('',#43,#44);
#43 = CARTESIAN_POINT('',(-3.665,-3.75,0.35));
#44 = VECTOR('',#45,1.);
#45 = DIRECTION('',(1.,0.,0.));
#46 = ORIENTED_EDGE('',*,*,#47,.F.);
#47 = EDGE_CURVE('',#48,#40,#50,.T.);
#48 = VERTEX_POINT('',#49);
#49 = CARTESIAN_POINT('',(-3.665,-3.75,1.75));
#50 = LINE('',#51,#52);
#51 = CARTESIAN_POINT('',(-3.665,-3.75,1.75));
#52 = VECTOR('',#53,1.);
#53 = DIRECTION('',(0.,2.22044604925E-16,-1.));
#54 = ORIENTED_EDGE('',*,*,#55,.F.);
#55 = EDGE_CURVE('',#56,#48,#58,.T.);
#56 = VERTEX_POINT('',#57);
#57 = CARTESIAN_POINT('',(-1.895,-3.75,1.75));
#58 = LINE('',#59,#60);
#59 = CARTESIAN_POINT('',(-1.895,-3.75,1.75));
#60 = VECTOR('',#61,1.);
#61 = DIRECTION('',(-1.,-0.,0.));
#62 = ORIENTED_EDGE('',*,*,#63,.F.);
#63 = EDGE_CURVE('',#64,#56,#66,.T.);
#64 = VERTEX_POINT('',#65);
#65 = CARTESIAN_POINT('',(-1.895,-3.75,0.88));
#66 = LINE('',#67,#68);
#67 = CARTESIAN_POINT('',(-1.895,-3.75,0.88));
#68 = VECTOR('',#69,1.);
#69 = DIRECTION('',(0.,-2.22044604925E-16,1.));
#70 = ORIENTED_EDGE('',*,*,#71,.F.);
#71 = EDGE_CURVE('',#72,#64,#74,.T.);
#72 = VERTEX_POINT('',#73);
#73 = CARTESIAN_POINT('',(1.895,-3.75,0.88));
#74 = LINE('',#75,#76);
#75 = CARTESIAN_POINT('',(1.895,-3.75,0.88));
#76 = VECTOR('',#77,1.);
#77 = DIRECTION('',(-1.,-0.,0.));
#78 = ORIENTED_EDGE('',*,*,#79,.F.);
#79 = EDGE_CURVE('',#24,#72,#80,.T.);
#80 = LINE('',#81,#82);
#81 = CARTESIAN_POINT('',(1.895,-3.75,1.75));
#82 = VECTOR('',#83,1.);
#83 = DIRECTION('',(0.,2.22044604925E-16,-1.));
#84 = PLANE('',#85);
#85 = AXIS2_PLACEMENT_3D('',#86,#87,#88);
#86 = CARTESIAN_POINT('',(0.,-3.75,1.05));
#87 = DIRECTION('',(0.,-1.,-2.22044604925E-16));
#88 = DIRECTION('',(-1.,-0.,0.));
#89 = ADVANCED_FACE('',(#90),#128,.T.);
#90 = FACE_BOUND('',#91,.T.);
#91 = EDGE_LOOP('',(#92,#102,#112,#120,#121));
#92 = ORIENTED_EDGE('',*,*,#93,.T.);
#93 = EDGE_CURVE('',#94,#96,#98,.T.);
#94 = VERTEX_POINT('',#95);
#95 = CARTESIAN_POINT('',(3.665,-3.45,2.05));
#96 = VERTEX_POINT('',#97);
#97 = CARTESIAN_POINT('',(1.895,-3.45,2.05));
#98 = LINE('',#99,#100);
#99 = CARTESIAN_POINT('',(3.665,-3.45,2.05));
#100 = VECTOR('',#101,1.);
#101 = DIRECTION('',(-1.,-0.,0.));
#102 = ORIENTED_EDGE('',*,*,#103,.F.);
#103 = EDGE_CURVE('',#104,#96,#106,.T.);
#104 = VERTEX_POINT('',#105);
#105 = CARTESIAN_POINT('',(1.807132034356,-3.662132034356,1.962132034356
    ));
#106 = B_SPLINE_CURVE_WITH_KNOTS('',3,(#107,#108,#109,#110,#111),
  .UNSPECIFIED.,.F.,.F.,(4,1,4),(0.,0.5,1.),.QUASI_UNIFORM_KNOTS.);
#107 = CARTESIAN_POINT('',(1.807132034356,-3.662132034356,1.962132034356
    ));
#108 = CARTESIAN_POINT('',(1.833734010884,-3.635530057828,1.988734010884
    ));
#109 = CARTESIAN_POINT('',(1.875612589936,-3.574035355589,2.030612589936
    ));
#110 = CARTESIAN_POINT('',(1.895,-3.496075974928,2.05));
#111 = CARTESIAN_POINT('',(1.895,-3.45,2.05));
#112 = ORIENTED_EDGE('',*,*,#113,.F.);
#113 = EDGE_CURVE('',#24,#104,#114,.T.);
#114 = B_SPLINE_CURVE_WITH_KNOTS('',3,(#115,#116,#117,#118,#119),
  .UNSPECIFIED.,.F.,.F.,(4,1,4),(0.,0.5,1.),.QUASI_UNIFORM_KNOTS.);
#115 = CARTESIAN_POINT('',(1.895,-3.75,1.75));
#116 = CARTESIAN_POINT('',(1.895,-3.75,1.796075974928));
#117 = CARTESIAN_POINT('',(1.875612589936,-3.730612589936,1.874035355589
    ));
#118 = CARTESIAN_POINT('',(1.833734010884,-3.688734010884,1.935530057828
    ));
#119 = CARTESIAN_POINT('',(1.807132034356,-3.662132034356,1.962132034356
    ));
#120 = ORIENTED_EDGE('',*,*,#21,.F.);
#121 = ORIENTED_EDGE('',*,*,#122,.T.);
#122 = EDGE_CURVE('',#22,#94,#123,.T.);
#123 = CIRCLE('',#124,0.3);
#124 = AXIS2_PLACEMENT_3D('',#125,#126,#127);
#125 = CARTESIAN_POINT('',(3.665,-3.45,1.75));
#126 = DIRECTION('',(-1.,-0.,0.));
#127 = DIRECTION('',(0.,-1.,-2.22044604925E-16));
#128 = CYLINDRICAL_SURFACE('',#129,0.3);
#129 = AXIS2_PLACEMENT_3D('',#130,#131,#132);
#130 = CARTESIAN_POINT('',(3.979296867369,-3.45,1.75));
#131 = DIRECTION('',(-1.,-0.,0.));
#132 = DIRECTION('',(0.,-1.,-2.22044604925E-16));
#133 = ADVANCED_FACE('',(#134),#153,.T.);
#134 = FACE_BOUND('',#135,.T.);
#135 = EDGE_LOOP('',(#136,#137,#146));
#136 = ORIENTED_EDGE('',*,*,#122,.F.);
#137 = ORIENTED_EDGE('',*,*,#138,.F.);
#138 = EDGE_CURVE('',#139,#22,#141,.T.);
#139 = VERTEX_POINT('',#140);
#140 = CARTESIAN_POINT('',(3.965,-3.45,1.75));
#141 = CIRCLE('',#142,0.3);
#142 = AXIS2_PLACEMENT_3D('',#143,#144,#145);
#143 = CARTESIAN_POINT('',(3.665,-3.45,1.75));
#144 = DIRECTION('',(0.,2.22044604925E-16,-1.));
#145 = DIRECTION('',(1.,0.,0.));
#146 = ORIENTED_EDGE('',*,*,#147,.F.);
#147 = EDGE_CURVE('',#94,#139,#148,.T.);
#148 = CIRCLE('',#149,0.3);
#149 = AXIS2_PLACEMENT_3D('',#150,#151,#152);
#150 = CARTESIAN_POINT('',(3.665,-3.45,1.75));
#151 = DIRECTION('',(-0.,1.,2.22044604925E-16));
#152 = DIRECTION('',(0.,-2.22044604925E-16,1.));
#153 = SPHERICAL_SURFACE('',#154,0.3);
#154 = AXIS2_PLACEMENT_3D('',#155,#156,#157);
#155 = CARTESIAN_POINT('',(3.665,-3.45,1.75));
#156 = DIRECTION('',(0.707106781187,1.570092458684E-16,-0.707106781187)
  );
#157 = DIRECTION('',(0.707106781187,-1.570092458684E-16,0.707106781187)
  );
#158 = ADVANCED_FACE('',(#159),#185,.T.);
#159 = FACE_BOUND('',#160,.T.);
#160 = EDGE_LOOP('',(#161,#169,#178,#184));
#161 = ORIENTED_EDGE('',*,*,#162,.T.);
#162 = EDGE_CURVE('',#139,#163,#165,.T.);
#163 = VERTEX_POINT('',#164);
#164 = CARTESIAN_POINT('',(3.965,-2.6,1.75));
#165 = LINE('',#166,#167);
#166 = CARTESIAN_POINT('',(3.965,-3.45,1.75));
#167 = VECTOR('',#168,1.);
#168 = DIRECTION('',(0.,1.,2.22044604925E-16));
#169 = ORIENTED_EDGE('',*,*,#170,.T.);
#170 = EDGE_CURVE('',#163,#171,#173,.T.);
#171 = VERTEX_POINT('',#172);
#172 = CARTESIAN_POINT('',(3.665,-2.6,2.05));
#173 = CIRCLE('',#174,0.3);
#174 = AXIS2_PLACEMENT_3D('',#175,#176,#177);
#175 = CARTESIAN_POINT('',(3.665,-2.6,1.75));
#176 = DIRECTION('',(0.,-1.,-2.22044604925E-16));
#177 = DIRECTION('',(1.,0.,0.));
#178 = ORIENTED_EDGE('',*,*,#179,.F.);
#179 = EDGE_CURVE('',#94,#171,#180,.T.);
#180 = LINE('',#181,#182);
#181 = CARTESIAN_POINT('',(3.665,-3.45,2.05));
#182 = VECTOR('',#183,1.);
#183 = DIRECTION('',(0.,1.,2.22044604925E-16));
#184 = ORIENTED_EDGE('',*,*,#147,.T.);
#185 = CYLINDRICAL_SURFACE('',#186,0.3);
#186 = AXIS2_PLACEMENT_3D('',#187,#188,#189);
#187 = CARTESIAN_POINT('',(3.665,-3.764549020641,1.75));
#188 = DIRECTION('',(0.,1.,2.22044604925E-16));
#189 = DIRECTION('',(0.,-2.22044604925E-16,1.));
#190 = ADVANCED_FACE('',(#191),#209,.T.);
#191 = FACE_BOUND('',#192,.F.);
#192 = EDGE_LOOP('',(#193,#201,#202,#203));
#193 = ORIENTED_EDGE('',*,*,#194,.T.);
#194 = EDGE_CURVE('',#195,#171,#197,.T.);
#195 = VERTEX_POINT('',#196);
#196 = CARTESIAN_POINT('',(1.895,-2.6,2.05));
#197 = LINE('',#198,#199);
#198 = CARTESIAN_POINT('',(1.895,-2.6,2.05));
#199 = VECTOR('',#200,1.);
#200 = DIRECTION('',(1.,0.,0.));
#201 = ORIENTED_EDGE('',*,*,#179,.F.);
#202 = ORIENTED_EDGE('',*,*,#93,.T.);
#203 = ORIENTED_EDGE('',*,*,#204,.T.);
#204 = EDGE_CURVE('',#96,#195,#205,.T.);
#205 = LINE('',#206,#207);
#206 = CARTESIAN_POINT('',(1.895,-3.45,2.05));
#207 = VECTOR('',#208,1.);
#208 = DIRECTION('',(0.,1.,2.22044604925E-16));
#209 = PLANE('',#210);
#210 = AXIS2_PLACEMENT_3D('',#211,#212,#213);
#211 = CARTESIAN_POINT('',(3.965,-3.75,2.05));
#212 = DIRECTION('',(0.,-2.22044604925E-16,1.));
#213 = DIRECTION('',(-1.,-0.,0.));
#214 = ADVANCED_FACE('',(#215),#247,.T.);
#215 = FACE_BOUND('',#216,.T.);
#216 = EDGE_LOOP('',(#217,#227,#239,#240));
#217 = ORIENTED_EDGE('',*,*,#218,.F.);
#218 = EDGE_CURVE('',#219,#221,#223,.T.);
#219 = VERTEX_POINT('',#220);
#220 = CARTESIAN_POINT('',(1.595,-2.3,1.75));
#221 = VERTEX_POINT('',#222);
#222 = CARTESIAN_POINT('',(3.665,-2.3,1.75));
#223 = LINE('',#224,#225);
#224 = CARTESIAN_POINT('',(1.595,-2.3,1.75));
#225 = VECTOR('',#226,1.);
#226 = DIRECTION('',(1.,0.,0.));
#227 = ORIENTED_EDGE('',*,*,#228,.F.);
#228 = EDGE_CURVE('',#195,#219,#229,.T.);
#229 = B_SPLINE_CURVE_WITH_KNOTS('',3,(#230,#231,#232,#233,#234,#235,
    #236,#237,#238),.UNSPECIFIED.,.F.,.F.,(4,1,1,1,1,1,4),(0.,0.125,0.25
    ,0.375,0.5,0.75,1.),.UNSPECIFIED.);
#230 = CARTESIAN_POINT('',(1.895,-2.6,2.05));
#231 = CARTESIAN_POINT('',(1.895,-2.56982233047,2.05));
#232 = CARTESIAN_POINT('',(1.886862457342,-2.520975214603,2.041862457342
    ));
#233 = CARTESIAN_POINT('',(1.863966898374,-2.462821416023,2.018966898374
    ));
#234 = CARTESIAN_POINT('',(1.833516285042,-2.415352077791,1.988516285042
    ));
#235 = CARTESIAN_POINT('',(1.785007459674,-2.363243238403,1.940007459675
    ));
#236 = CARTESIAN_POINT('',(1.711127300747,-2.3168372135,1.866127300747)
  );
#237 = CARTESIAN_POINT('',(1.63767766953,-2.3,1.79267766953));
#238 = CARTESIAN_POINT('',(1.595,-2.3,1.75));
#239 = ORIENTED_EDGE('',*,*,#194,.T.);
#240 = ORIENTED_EDGE('',*,*,#241,.T.);
#241 = EDGE_CURVE('',#171,#221,#242,.T.);
#242 = CIRCLE('',#243,0.3);
#243 = AXIS2_PLACEMENT_3D('',#244,#245,#246);
#244 = CARTESIAN_POINT('',(3.665,-2.6,1.75));
#245 = DIRECTION('',(-1.,0.,0.));
#246 = DIRECTION('',(0.,-2.22044604925E-16,1.));
#247 = CYLINDRICAL_SURFACE('',#248,0.3);
#248 = AXIS2_PLACEMENT_3D('',#249,#250,#251);
#249 = CARTESIAN_POINT('',(-3.986124561882,-2.6,1.75));
#250 = DIRECTION('',(1.,0.,0.));
#251 = DIRECTION('',(0.,1.,2.22044604925E-16));
#252 = ADVANCED_FACE('',(#253),#264,.T.);
#253 = FACE_BOUND('',#254,.T.);
#254 = EDGE_LOOP('',(#255,#256,#263));
#255 = ORIENTED_EDGE('',*,*,#170,.F.);
#256 = ORIENTED_EDGE('',*,*,#257,.F.);
#257 = EDGE_CURVE('',#221,#163,#258,.T.);
#258 = CIRCLE('',#259,0.3);
#259 = AXIS2_PLACEMENT_3D('',#260,#261,#262);
#260 = CARTESIAN_POINT('',(3.665,-2.6,1.75));
#261 = DIRECTION('',(0.,2.22044604925E-16,-1.));
#262 = DIRECTION('',(0.,1.,2.22044604925E-16));
#263 = ORIENTED_EDGE('',*,*,#241,.F.);
#264 = SPHERICAL_SURFACE('',#265,0.3);
#265 = AXIS2_PLACEMENT_3D('',#266,#267,#268);
#266 = CARTESIAN_POINT('',(3.665,-2.6,1.75));
#267 = DIRECTION('',(0.707106781187,-0.707106781187,-1.570092458684E-16)
  );
#268 = DIRECTION('',(0.707106781187,0.707106781187,1.570092458684E-16));
#269 = ADVANCED_FACE('',(#270),#296,.T.);
#270 = FACE_BOUND('',#271,.T.);
#271 = EDGE_LOOP('',(#272,#280,#281,#289));
#272 = ORIENTED_EDGE('',*,*,#273,.F.);
#273 = EDGE_CURVE('',#221,#274,#276,.T.);
#274 = VERTEX_POINT('',#275);
#275 = CARTESIAN_POINT('',(3.665,-2.3,0.35));
#276 = LINE('',#277,#278);
#277 = CARTESIAN_POINT('',(3.665,-2.3,1.75));
#278 = VECTOR('',#279,1.);
#279 = DIRECTION('',(0.,2.22044604925E-16,-1.));
#280 = ORIENTED_EDGE('',*,*,#257,.T.);
#281 = ORIENTED_EDGE('',*,*,#282,.T.);
#282 = EDGE_CURVE('',#163,#283,#285,.T.);
#283 = VERTEX_POINT('',#284);
#284 = CARTESIAN_POINT('',(3.965,-2.6,0.35));
#285 = LINE('',#286,#287);
#286 = CARTESIAN_POINT('',(3.965,-2.6,1.75));
#287 = VECTOR('',#288,1.);
#288 = DIRECTION('',(0.,2.22044604925E-16,-1.));
#289 = ORIENTED_EDGE('',*,*,#290,.T.);
#290 = EDGE_CURVE('',#283,#274,#291,.T.);
#291 = CIRCLE('',#292,0.3);
#292 = AXIS2_PLACEMENT_3D('',#293,#294,#295);
#293 = CARTESIAN_POINT('',(3.665,-2.6,0.35));
#294 = DIRECTION('',(0.,-2.22044604925E-16,1.));
#295 = DIRECTION('',(1.,0.,0.));
#296 = CYLINDRICAL_SURFACE('',#297,0.3);
#297 = AXIS2_PLACEMENT_3D('',#298,#299,#300);
#298 = CARTESIAN_POINT('',(3.665,-2.6,2.064021283926));
#299 = DIRECTION('',(0.,2.22044604925E-16,-1.));
#300 = DIRECTION('',(0.,1.,2.22044604925E-16));
#301 = ADVANCED_FACE('',(#302),#321,.T.);
#302 = FACE_BOUND('',#303,.T.);
#303 = EDGE_LOOP('',(#304,#305,#314));
#304 = ORIENTED_EDGE('',*,*,#290,.F.);
#305 = ORIENTED_EDGE('',*,*,#306,.F.);
#306 = EDGE_CURVE('',#307,#283,#309,.T.);
#307 = VERTEX_POINT('',#308);
#308 = CARTESIAN_POINT('',(3.665,-2.6,5.E-02));
#309 = CIRCLE('',#310,0.3);
#310 = AXIS2_PLACEMENT_3D('',#311,#312,#313);
#311 = CARTESIAN_POINT('',(3.665,-2.6,0.35));
#312 = DIRECTION('',(0.,-1.,-2.22044604925E-16));
#313 = DIRECTION('',(0.,2.22044604925E-16,-1.));
#314 = ORIENTED_EDGE('',*,*,#315,.F.);
#315 = EDGE_CURVE('',#274,#307,#316,.T.);
#316 = CIRCLE('',#317,0.3);
#317 = AXIS2_PLACEMENT_3D('',#318,#319,#320);
#318 = CARTESIAN_POINT('',(3.665,-2.6,0.35));
#319 = DIRECTION('',(-1.,0.,0.));
#320 = DIRECTION('',(0.,1.,2.22044604925E-16));
#321 = SPHERICAL_SURFACE('',#322,0.3);
#322 = AXIS2_PLACEMENT_3D('',#323,#324,#325);
#323 = CARTESIAN_POINT('',(3.665,-2.6,0.35));
#324 = DIRECTION('',(0.707106781187,-1.570092458684E-16,0.707106781187)
  );
#325 = DIRECTION('',(0.707106781187,1.570092458684E-16,-0.707106781187)
  );
#326 = ADVANCED_FACE('',(#327),#353,.T.);
#327 = FACE_BOUND('',#328,.T.);
#328 = EDGE_LOOP('',(#329,#337,#338,#346));
#329 = ORIENTED_EDGE('',*,*,#330,.F.);
#330 = EDGE_CURVE('',#274,#331,#333,.T.);
#331 = VERTEX_POINT('',#332);
#332 = CARTESIAN_POINT('',(-3.665,-2.3,0.35));
#333 = LINE('',#334,#335);
#334 = CARTESIAN_POINT('',(3.665,-2.3,0.35));
#335 = VECTOR('',#336,1.);
#336 = DIRECTION('',(-1.,-0.,0.));
#337 = ORIENTED_EDGE('',*,*,#315,.T.);
#338 = ORIENTED_EDGE('',*,*,#339,.T.);
#339 = EDGE_CURVE('',#307,#340,#342,.T.);
#340 = VERTEX_POINT('',#341);
#341 = CARTESIAN_POINT('',(-3.665,-2.6,5.E-02));
#342 = LINE('',#343,#344);
#343 = CARTESIAN_POINT('',(3.665,-2.6,5.E-02));
#344 = VECTOR('',#345,1.);
#345 = DIRECTION('',(-1.,-0.,0.));
#346 = ORIENTED_EDGE('',*,*,#347,.T.);
#347 = EDGE_CURVE('',#340,#331,#348,.T.);
#348 = CIRCLE('',#349,0.3);
#349 = AXIS2_PLACEMENT_3D('',#350,#351,#352);
#350 = CARTESIAN_POINT('',(-3.665,-2.6,0.35));
#351 = DIRECTION('',(1.,-0.,0.));
#352 = DIRECTION('',(0.,2.22044604925E-16,-1.));
#353 = CYLINDRICAL_SURFACE('',#354,0.3);
#354 = AXIS2_PLACEMENT_3D('',#355,#356,#357);
#355 = CARTESIAN_POINT('',(3.979986383838,-2.6,0.35));
#356 = DIRECTION('',(-1.,-0.,0.));
#357 = DIRECTION('',(0.,1.,2.22044604925E-16));
#358 = ADVANCED_FACE('',(#359),#378,.T.);
#359 = FACE_BOUND('',#360,.T.);
#360 = EDGE_LOOP('',(#361,#362,#371));
#361 = ORIENTED_EDGE('',*,*,#347,.F.);
#362 = ORIENTED_EDGE('',*,*,#363,.F.);
#363 = EDGE_CURVE('',#364,#340,#366,.T.);
#364 = VERTEX_POINT('',#365);
#365 = CARTESIAN_POINT('',(-3.965,-2.6,0.35));
#366 = CIRCLE('',#367,0.3);
#367 = AXIS2_PLACEMENT_3D('',#368,#369,#370);
#368 = CARTESIAN_POINT('',(-3.665,-2.6,0.35));
#369 = DIRECTION('',(0.,-1.,-2.22044604925E-16));
#370 = DIRECTION('',(-1.,-0.,0.));
#371 = ORIENTED_EDGE('',*,*,#372,.F.);
#372 = EDGE_CURVE('',#331,#364,#373,.T.);
#373 = CIRCLE('',#374,0.3);
#374 = AXIS2_PLACEMENT_3D('',#375,#376,#377);
#375 = CARTESIAN_POINT('',(-3.665,-2.6,0.35));
#376 = DIRECTION('',(0.,-2.22044604925E-16,1.));
#377 = DIRECTION('',(0.,1.,2.22044604925E-16));
#378 = SPHERICAL_SURFACE('',#379,0.3);
#379 = AXIS2_PLACEMENT_3D('',#380,#381,#382);
#380 = CARTESIAN_POINT('',(-3.665,-2.6,0.35));
#381 = DIRECTION('',(0.707106781187,1.570092458684E-16,-0.707106781187)
  );
#382 = DIRECTION('',(-0.707106781187,1.570092458684E-16,-0.707106781187)
  );
#383 = ADVANCED_FACE('',(#384),#410,.T.);
#384 = FACE_BOUND('',#385,.T.);
#385 = EDGE_LOOP('',(#386,#394,#395,#403));
#386 = ORIENTED_EDGE('',*,*,#387,.F.);
#387 = EDGE_CURVE('',#331,#388,#390,.T.);
#388 = VERTEX_POINT('',#389);
#389 = CARTESIAN_POINT('',(-3.665,-2.3,1.75));
#390 = LINE('',#391,#392);
#391 = CARTESIAN_POINT('',(-3.665,-2.3,0.35));
#392 = VECTOR('',#393,1.);
#393 = DIRECTION('',(0.,-2.22044604925E-16,1.));
#394 = ORIENTED_EDGE('',*,*,#372,.T.);
#395 = ORIENTED_EDGE('',*,*,#396,.T.);
#396 = EDGE_CURVE('',#364,#397,#399,.T.);
#397 = VERTEX_POINT('',#398);
#398 = CARTESIAN_POINT('',(-3.965,-2.6,1.75));
#399 = LINE('',#400,#401);
#400 = CARTESIAN_POINT('',(-3.965,-2.6,0.35));
#401 = VECTOR('',#402,1.);
#402 = DIRECTION('',(0.,-2.22044604925E-16,1.));
#403 = ORIENTED_EDGE('',*,*,#404,.T.);
#404 = EDGE_CURVE('',#397,#388,#405,.T.);
#405 = CIRCLE('',#406,0.3);
#406 = AXIS2_PLACEMENT_3D('',#407,#408,#409);
#407 = CARTESIAN_POINT('',(-3.665,-2.6,1.75));
#408 = DIRECTION('',(-0.,2.22044604925E-16,-1.));
#409 = DIRECTION('',(-1.,-0.,0.));
#410 = CYLINDRICAL_SURFACE('',#411,0.3);
#411 = AXIS2_PLACEMENT_3D('',#412,#413,#414);
#412 = CARTESIAN_POINT('',(-3.665,-2.6,3.5450979359E-02));
#413 = DIRECTION('',(0.,-2.22044604925E-16,1.));
#414 = DIRECTION('',(0.,1.,2.22044604925E-16));
#415 = ADVANCED_FACE('',(#416),#435,.T.);
#416 = FACE_BOUND('',#417,.T.);
#417 = EDGE_LOOP('',(#418,#427,#428));
#418 = ORIENTED_EDGE('',*,*,#419,.F.);
#419 = EDGE_CURVE('',#388,#420,#422,.T.);
#420 = VERTEX_POINT('',#421);
#421 = CARTESIAN_POINT('',(-3.665,-2.6,2.05));
#422 = CIRCLE('',#423,0.3);
#423 = AXIS2_PLACEMENT_3D('',#424,#425,#426);
#424 = CARTESIAN_POINT('',(-3.665,-2.6,1.75));
#425 = DIRECTION('',(1.,0.,-0.));
#426 = DIRECTION('',(0.,1.,2.22044604925E-16));
#427 = ORIENTED_EDGE('',*,*,#404,.F.);
#428 = ORIENTED_EDGE('',*,*,#429,.F.);
#429 = EDGE_CURVE('',#420,#397,#430,.T.);
#430 = CIRCLE('',#431,0.3);
#431 = AXIS2_PLACEMENT_3D('',#432,#433,#434);
#432 = CARTESIAN_POINT('',(-3.665,-2.6,1.75));
#433 = DIRECTION('',(0.,-1.,-2.22044604925E-16));
#434 = DIRECTION('',(0.,-2.22044604925E-16,1.));
#435 = SPHERICAL_SURFACE('',#436,0.3);
#436 = AXIS2_PLACEMENT_3D('',#437,#438,#439);
#437 = CARTESIAN_POINT('',(-3.665,-2.6,1.75));
#438 = DIRECTION('',(-0.707106781187,1.570092458684E-16,-0.707106781187)
  );
#439 = DIRECTION('',(-0.707106781187,-1.570092458684E-16,0.707106781187)
  );
#440 = ADVANCED_FACE('',(#441),#467,.T.);
#441 = FACE_BOUND('',#442,.T.);
#442 = EDGE_LOOP('',(#443,#451,#452,#460));
#443 = ORIENTED_EDGE('',*,*,#444,.T.);
#444 = EDGE_CURVE('',#445,#420,#447,.T.);
#445 = VERTEX_POINT('',#446);
#446 = CARTESIAN_POINT('',(-3.665,-3.45,2.05));
#447 = LINE('',#448,#449);
#448 = CARTESIAN_POINT('',(-3.665,-3.45,2.05));
#449 = VECTOR('',#450,1.);
#450 = DIRECTION('',(0.,1.,2.22044604925E-16));
#451 = ORIENTED_EDGE('',*,*,#429,.T.);
#452 = ORIENTED_EDGE('',*,*,#453,.F.);
#453 = EDGE_CURVE('',#454,#397,#456,.T.);
#454 = VERTEX_POINT('',#455);
#455 = CARTESIAN_POINT('',(-3.965,-3.45,1.75));
#456 = LINE('',#457,#458);
#457 = CARTESIAN_POINT('',(-3.965,-3.45,1.75));
#458 = VECTOR('',#459,1.);
#459 = DIRECTION('',(0.,1.,2.22044604925E-16));
#460 = ORIENTED_EDGE('',*,*,#461,.T.);
#461 = EDGE_CURVE('',#454,#445,#462,.T.);
#462 = CIRCLE('',#463,0.3);
#463 = AXIS2_PLACEMENT_3D('',#464,#465,#466);
#464 = CARTESIAN_POINT('',(-3.665,-3.45,1.75));
#465 = DIRECTION('',(0.,1.,2.22044604925E-16));
#466 = DIRECTION('',(-1.,-0.,0.));
#467 = CYLINDRICAL_SURFACE('',#468,0.3);
#468 = AXIS2_PLACEMENT_3D('',#469,#470,#471);
#469 = CARTESIAN_POINT('',(-3.665,-3.764549020641,1.75));
#470 = DIRECTION('',(0.,1.,2.22044604925E-16));
#471 = DIRECTION('',(-1.,-0.,0.));
#472 = ADVANCED_FACE('',(#473),#490,.T.);
#473 = FACE_BOUND('',#474,.T.);
#474 = EDGE_LOOP('',(#475,#476,#483));
#475 = ORIENTED_EDGE('',*,*,#461,.F.);
#476 = ORIENTED_EDGE('',*,*,#477,.F.);
#477 = EDGE_CURVE('',#48,#454,#478,.T.);
#478 = CIRCLE('',#479,0.3);
#479 = AXIS2_PLACEMENT_3D('',#480,#481,#482);
#480 = CARTESIAN_POINT('',(-3.665,-3.45,1.75));
#481 = DIRECTION('',(-0.,2.22044604925E-16,-1.));
#482 = DIRECTION('',(0.,-1.,-2.22044604925E-16));
#483 = ORIENTED_EDGE('',*,*,#484,.F.);
#484 = EDGE_CURVE('',#445,#48,#485,.T.);
#485 = CIRCLE('',#486,0.3);
#486 = AXIS2_PLACEMENT_3D('',#487,#488,#489);
#487 = CARTESIAN_POINT('',(-3.665,-3.45,1.75));
#488 = DIRECTION('',(1.,0.,0.));
#489 = DIRECTION('',(0.,-2.22044604925E-16,1.));
#490 = SPHERICAL_SURFACE('',#491,0.3);
#491 = AXIS2_PLACEMENT_3D('',#492,#493,#494);
#492 = CARTESIAN_POINT('',(-3.665,-3.45,1.75));
#493 = DIRECTION('',(-0.707106781187,0.707106781187,1.570092458684E-16)
  );
#494 = DIRECTION('',(-0.707106781187,-0.707106781187,-1.570092458684E-16
    ));
#495 = ADVANCED_FACE('',(#496),#526,.T.);
#496 = FACE_BOUND('',#497,.T.);
#497 = EDGE_LOOP('',(#498,#499,#509,#519,#525));
#498 = ORIENTED_EDGE('',*,*,#55,.F.);
#499 = ORIENTED_EDGE('',*,*,#500,.F.);
#500 = EDGE_CURVE('',#501,#56,#503,.T.);
#501 = VERTEX_POINT('',#502);
#502 = CARTESIAN_POINT('',(-1.807132034356,-3.662132034356,
    1.962132034356));
#503 = B_SPLINE_CURVE_WITH_KNOTS('',3,(#504,#505,#506,#507,#508),
  .UNSPECIFIED.,.F.,.F.,(4,1,4),(0.,0.5,1.),.QUASI_UNIFORM_KNOTS.);
#504 = CARTESIAN_POINT('',(-1.807132034356,-3.662132034356,
    1.962132034356));
#505 = CARTESIAN_POINT('',(-1.833734010884,-3.688734010884,
    1.935530057828));
#506 = CARTESIAN_POINT('',(-1.875612589936,-3.730612589936,
    1.874035355589));
#507 = CARTESIAN_POINT('',(-1.895,-3.75,1.796075974928));
#508 = CARTESIAN_POINT('',(-1.895,-3.75,1.75));
#509 = ORIENTED_EDGE('',*,*,#510,.F.);
#510 = EDGE_CURVE('',#511,#501,#513,.T.);
#511 = VERTEX_POINT('',#512);
#512 = CARTESIAN_POINT('',(-1.895,-3.45,2.05));
#513 = B_SPLINE_CURVE_WITH_KNOTS('',3,(#514,#515,#516,#517,#518),
  .UNSPECIFIED.,.F.,.F.,(4,1,4),(0.,0.5,1.),.QUASI_UNIFORM_KNOTS.);
#514 = CARTESIAN_POINT('',(-1.895,-3.45,2.05));
#515 = CARTESIAN_POINT('',(-1.895,-3.496075974928,2.05));
#516 = CARTESIAN_POINT('',(-1.875612589936,-3.574035355589,
    2.030612589936));
#517 = CARTESIAN_POINT('',(-1.833734010884,-3.635530057828,
    1.988734010884));
#518 = CARTESIAN_POINT('',(-1.807132034356,-3.662132034356,
    1.962132034356));
#519 = ORIENTED_EDGE('',*,*,#520,.T.);
#520 = EDGE_CURVE('',#511,#445,#521,.T.);
#521 = LINE('',#522,#523);
#522 = CARTESIAN_POINT('',(-1.895,-3.45,2.05));
#523 = VECTOR('',#524,1.);
#524 = DIRECTION('',(-1.,-0.,0.));
#525 = ORIENTED_EDGE('',*,*,#484,.T.);
#526 = CYLINDRICAL_SURFACE('',#527,0.3);
#527 = AXIS2_PLACEMENT_3D('',#528,#529,#530);
#528 = CARTESIAN_POINT('',(-1.880703132631,-3.45,1.75));
#529 = DIRECTION('',(-1.,-0.,0.));
#530 = DIRECTION('',(0.,-1.,-2.22044604925E-16));
#531 = ADVANCED_FACE('',(#532),#550,.T.);
#532 = FACE_BOUND('',#533,.F.);
#533 = EDGE_LOOP('',(#534,#542,#548,#549));
#534 = ORIENTED_EDGE('',*,*,#535,.T.);
#535 = EDGE_CURVE('',#420,#536,#538,.T.);
#536 = VERTEX_POINT('',#537);
#537 = CARTESIAN_POINT('',(-1.895,-2.6,2.05));
#538 = LINE('',#539,#540);
#539 = CARTESIAN_POINT('',(-3.665,-2.6,2.05));
#540 = VECTOR('',#541,1.);
#541 = DIRECTION('',(1.,0.,0.));
#542 = ORIENTED_EDGE('',*,*,#543,.F.);
#543 = EDGE_CURVE('',#511,#536,#544,.T.);
#544 = LINE('',#545,#546);
#545 = CARTESIAN_POINT('',(-1.895,-3.45,2.05));
#546 = VECTOR('',#547,1.);
#547 = DIRECTION('',(0.,1.,2.22044604925E-16));
#548 = ORIENTED_EDGE('',*,*,#520,.T.);
#549 = ORIENTED_EDGE('',*,*,#444,.T.);
#550 = PLANE('',#551);
#551 = AXIS2_PLACEMENT_3D('',#552,#553,#554);
#552 = CARTESIAN_POINT('',(-1.595,-3.75,2.05));
#553 = DIRECTION('',(0.,-2.22044604925E-16,1.));
#554 = DIRECTION('',(-1.,-0.,0.));
#555 = ADVANCED_FACE('',(#556),#580,.T.);
#556 = FACE_BOUND('',#557,.T.);
#557 = EDGE_LOOP('',(#558,#559,#573,#579));
#558 = ORIENTED_EDGE('',*,*,#535,.T.);
#559 = ORIENTED_EDGE('',*,*,#560,.F.);
#560 = EDGE_CURVE('',#561,#536,#563,.T.);
#561 = VERTEX_POINT('',#562);
#562 = CARTESIAN_POINT('',(-1.595,-2.3,1.75));
#563 = B_SPLINE_CURVE_WITH_KNOTS('',3,(#564,#565,#566,#567,#568,#569,
    #570,#571,#572),.UNSPECIFIED.,.F.,.F.,(4,1,1,1,1,1,4),(0.,0.25,0.5,
    0.625,0.75,0.875,1.),.UNSPECIFIED.);
#564 = CARTESIAN_POINT('',(-1.595,-2.3,1.75));
#565 = CARTESIAN_POINT('',(-1.63767766953,-2.3,1.79267766953));
#566 = CARTESIAN_POINT('',(-1.711127300747,-2.3168372135,1.866127300747)
  );
#567 = CARTESIAN_POINT('',(-1.785007459674,-2.363243238403,
    1.940007459675));
#568 = CARTESIAN_POINT('',(-1.833516285042,-2.415352077791,
    1.988516285042));
#569 = CARTESIAN_POINT('',(-1.863966898374,-2.462821416023,
    2.018966898374));
#570 = CARTESIAN_POINT('',(-1.886862457342,-2.520975214603,
    2.041862457342));
#571 = CARTESIAN_POINT('',(-1.895,-2.56982233047,2.05));
#572 = CARTESIAN_POINT('',(-1.895,-2.6,2.05));
#573 = ORIENTED_EDGE('',*,*,#574,.F.);
#574 = EDGE_CURVE('',#388,#561,#575,.T.);
#575 = LINE('',#576,#577);
#576 = CARTESIAN_POINT('',(-3.665,-2.3,1.75));
#577 = VECTOR('',#578,1.);
#578 = DIRECTION('',(1.,0.,0.));
#579 = ORIENTED_EDGE('',*,*,#419,.T.);
#580 = CYLINDRICAL_SURFACE('',#581,0.3);
#581 = AXIS2_PLACEMENT_3D('',#582,#583,#584);
#582 = CARTESIAN_POINT('',(-3.986124561882,-2.6,1.75));
#583 = DIRECTION('',(1.,0.,0.));
#584 = DIRECTION('',(0.,1.,2.22044604925E-16));
#585 = ADVANCED_FACE('',(#586,#647,#681),#715,.F.);
#586 = FACE_BOUND('',#587,.F.);
#587 = EDGE_LOOP('',(#588,#589,#590,#591,#592,#593,#601,#609,#617,#625,
    #633,#641));
#588 = ORIENTED_EDGE('',*,*,#574,.F.);
#589 = ORIENTED_EDGE('',*,*,#387,.F.);
#590 = ORIENTED_EDGE('',*,*,#330,.F.);
#591 = ORIENTED_EDGE('',*,*,#273,.F.);
#592 = ORIENTED_EDGE('',*,*,#218,.F.);
#593 = ORIENTED_EDGE('',*,*,#594,.T.);
#594 = EDGE_CURVE('',#219,#595,#597,.T.);
#595 = VERTEX_POINT('',#596);
#596 = CARTESIAN_POINT('',(1.595,-2.3,1.55));
#597 = LINE('',#598,#599);
#598 = CARTESIAN_POINT('',(1.595,-2.3,1.75));
#599 = VECTOR('',#600,1.);
#600 = DIRECTION('',(0.,2.22044604925E-16,-1.));
#601 = ORIENTED_EDGE('',*,*,#602,.T.);
#602 = EDGE_CURVE('',#595,#603,#605,.T.);
#603 = VERTEX_POINT('',#604);
#604 = CARTESIAN_POINT('',(2.14,-2.3,1.55));
#605 = LINE('',#606,#607);
#606 = CARTESIAN_POINT('',(1.595,-2.3,1.55));
#607 = VECTOR('',#608,1.);
#608 = DIRECTION('',(1.,0.,0.));
#609 = ORIENTED_EDGE('',*,*,#610,.T.);
#610 = EDGE_CURVE('',#603,#611,#613,.T.);
#611 = VERTEX_POINT('',#612);
#612 = CARTESIAN_POINT('',(2.14,-2.3,0.55));
#613 = LINE('',#614,#615);
#614 = CARTESIAN_POINT('',(2.14,-2.3,1.55));
#615 = VECTOR('',#616,1.);
#616 = DIRECTION('',(0.,2.22044604925E-16,-1.));
#617 = ORIENTED_EDGE('',*,*,#618,.T.);
#618 = EDGE_CURVE('',#611,#619,#621,.T.);
#619 = VERTEX_POINT('',#620);
#620 = CARTESIAN_POINT('',(-2.14,-2.3,0.55));
#621 = LINE('',#622,#623);
#622 = CARTESIAN_POINT('',(2.14,-2.3,0.55));
#623 = VECTOR('',#624,1.);
#624 = DIRECTION('',(-1.,-0.,0.));
#625 = ORIENTED_EDGE('',*,*,#626,.F.);
#626 = EDGE_CURVE('',#627,#619,#629,.T.);
#627 = VERTEX_POINT('',#628);
#628 = CARTESIAN_POINT('',(-2.14,-2.3,1.55));
#629 = LINE('',#630,#631);
#630 = CARTESIAN_POINT('',(-2.14,-2.3,1.55));
#631 = VECTOR('',#632,1.);
#632 = DIRECTION('',(0.,2.22044604925E-16,-1.));
#633 = ORIENTED_EDGE('',*,*,#634,.T.);
#634 = EDGE_CURVE('',#627,#635,#637,.T.);
#635 = VERTEX_POINT('',#636);
#636 = CARTESIAN_POINT('',(-1.595,-2.3,1.55));
#637 = LINE('',#638,#639);
#638 = CARTESIAN_POINT('',(-2.14,-2.3,1.55));
#639 = VECTOR('',#640,1.);
#640 = DIRECTION('',(1.,0.,0.));
#641 = ORIENTED_EDGE('',*,*,#642,.F.);
#642 = EDGE_CURVE('',#561,#635,#643,.T.);
#643 = LINE('',#644,#645);
#644 = CARTESIAN_POINT('',(-1.595,-2.3,1.75));
#645 = VECTOR('',#646,1.);
#646 = DIRECTION('',(0.,2.22044604925E-16,-1.));
#647 = FACE_BOUND('',#648,.F.);
#648 = EDGE_LOOP('',(#649,#659,#667,#675));
#649 = ORIENTED_EDGE('',*,*,#650,.T.);
#650 = EDGE_CURVE('',#651,#653,#655,.T.);
#651 = VERTEX_POINT('',#652);
#652 = CARTESIAN_POINT('',(-2.202530870902,-2.3,1.54));
#653 = VERTEX_POINT('',#654);
#654 = CARTESIAN_POINT('',(-2.202530870902,-2.3,0.55));
#655 = LINE('',#656,#657);
#656 = CARTESIAN_POINT('',(-2.202530870902,-2.3,1.54));
#657 = VECTOR('',#658,1.);
#658 = DIRECTION('',(0.,2.22044604925E-16,-1.));
#659 = ORIENTED_EDGE('',*,*,#660,.T.);
#660 = EDGE_CURVE('',#653,#661,#663,.T.);
#661 = VERTEX_POINT('',#662);
#662 = CARTESIAN_POINT('',(-3.12,-2.3,0.55));
#663 = LINE('',#664,#665);
#664 = CARTESIAN_POINT('',(-2.202530870902,-2.3,0.55));
#665 = VECTOR('',#666,1.);
#666 = DIRECTION('',(-1.,-0.,0.));
#667 = ORIENTED_EDGE('',*,*,#668,.F.);
#668 = EDGE_CURVE('',#669,#661,#671,.T.);
#669 = VERTEX_POINT('',#670);
#670 = CARTESIAN_POINT('',(-3.12,-2.3,1.54));
#671 = LINE('',#672,#673);
#672 = CARTESIAN_POINT('',(-3.12,-2.3,1.54));
#673 = VECTOR('',#674,1.);
#674 = DIRECTION('',(0.,2.22044604925E-16,-1.));
#675 = ORIENTED_EDGE('',*,*,#676,.F.);
#676 = EDGE_CURVE('',#651,#669,#677,.T.);
#677 = LINE('',#678,#679);
#678 = CARTESIAN_POINT('',(-2.202530870902,-2.3,1.54));
#679 = VECTOR('',#680,1.);
#680 = DIRECTION('',(-1.,-0.,0.));
#681 = FACE_BOUND('',#682,.F.);
#682 = EDGE_LOOP('',(#683,#693,#701,#709));
#683 = ORIENTED_EDGE('',*,*,#684,.F.);
#684 = EDGE_CURVE('',#685,#687,#689,.T.);
#685 = VERTEX_POINT('',#686);
#686 = CARTESIAN_POINT('',(3.12,-2.3,0.55));
#687 = VERTEX_POINT('',#688);
#688 = CARTESIAN_POINT('',(3.12,-2.3,1.54));
#689 = LINE('',#690,#691);
#690 = CARTESIAN_POINT('',(3.12,-2.3,0.55));
#691 = VECTOR('',#692,1.);
#692 = DIRECTION('',(0.,-2.22044604925E-16,1.));
#693 = ORIENTED_EDGE('',*,*,#694,.T.);
#694 = EDGE_CURVE('',#685,#695,#697,.T.);
#695 = VERTEX_POINT('',#696);
#696 = CARTESIAN_POINT('',(2.202530870902,-2.3,0.55));
#697 = LINE('',#698,#699);
#698 = CARTESIAN_POINT('',(3.12,-2.3,0.55));
#699 = VECTOR('',#700,1.);
#700 = DIRECTION('',(-1.,-0.,0.));
#701 = ORIENTED_EDGE('',*,*,#702,.F.);
#702 = EDGE_CURVE('',#703,#695,#705,.T.);
#703 = VERTEX_POINT('',#704);
#704 = CARTESIAN_POINT('',(2.202530870902,-2.3,1.54));
#705 = LINE('',#706,#707);
#706 = CARTESIAN_POINT('',(2.202530870902,-2.3,1.54));
#707 = VECTOR('',#708,1.);
#708 = DIRECTION('',(0.,2.22044604925E-16,-1.));
#709 = ORIENTED_EDGE('',*,*,#710,.F.);
#710 = EDGE_CURVE('',#687,#703,#711,.T.);
#711 = LINE('',#712,#713);
#712 = CARTESIAN_POINT('',(3.12,-2.3,1.54));
#713 = VECTOR('',#714,1.);
#714 = DIRECTION('',(-1.,-0.,0.));
#715 = PLANE('',#716);
#716 = AXIS2_PLACEMENT_3D('',#717,#718,#719);
#717 = CARTESIAN_POINT('',(0.,-2.3,1.05));
#718 = DIRECTION('',(0.,-1.,-2.22044604925E-16));
#719 = DIRECTION('',(-1.,-0.,0.));
#720 = ADVANCED_FACE('',(#721),#794,.T.);
#721 = FACE_BOUND('',#722,.F.);
#722 = EDGE_LOOP('',(#723,#731,#732,#740,#748,#756,#764,#772,#780,#788)
  );
#723 = ORIENTED_EDGE('',*,*,#724,.F.);
#724 = EDGE_CURVE('',#685,#725,#727,.T.);
#725 = VERTEX_POINT('',#726);
#726 = CARTESIAN_POINT('',(3.12,-2.26,0.55));
#727 = LINE('',#728,#729);
#728 = CARTESIAN_POINT('',(3.12,-2.3,0.55));
#729 = VECTOR('',#730,1.);
#730 = DIRECTION('',(0.,1.,2.22044604925E-16));
#731 = ORIENTED_EDGE('',*,*,#684,.T.);
#732 = ORIENTED_EDGE('',*,*,#733,.F.);
#733 = EDGE_CURVE('',#734,#687,#736,.T.);
#734 = VERTEX_POINT('',#735);
#735 = CARTESIAN_POINT('',(3.12,-0.901,1.54));
#736 = LINE('',#737,#738);
#737 = CARTESIAN_POINT('',(3.12,-0.901,1.54));
#738 = VECTOR('',#739,1.);
#739 = DIRECTION('',(0.,-1.,-2.22044604925E-16));
#740 = ORIENTED_EDGE('',*,*,#741,.F.);
#741 = EDGE_CURVE('',#742,#734,#744,.T.);
#742 = VERTEX_POINT('',#743);
#743 = CARTESIAN_POINT('',(3.12,0.61,0.990040976024));
#744 = LINE('',#745,#746);
#745 = CARTESIAN_POINT('',(3.12,0.61,0.990040976024));
#746 = VECTOR('',#747,1.);
#747 = DIRECTION('',(0.,-0.939692620786,0.342020143326));
#748 = ORIENTED_EDGE('',*,*,#749,.T.);
#749 = EDGE_CURVE('',#742,#750,#752,.T.);
#750 = VERTEX_POINT('',#751);
#751 = CARTESIAN_POINT('',(3.12,0.61,0.55));
#752 = LINE('',#753,#754);
#753 = CARTESIAN_POINT('',(3.12,0.61,0.990040976024));
#754 = VECTOR('',#755,1.);
#755 = DIRECTION('',(0.,2.22044604925E-16,-1.));
#756 = ORIENTED_EDGE('',*,*,#757,.F.);
#757 = EDGE_CURVE('',#758,#750,#760,.T.);
#758 = VERTEX_POINT('',#759);
#759 = CARTESIAN_POINT('',(3.12,0.65,0.55));
#760 = LINE('',#761,#762);
#761 = CARTESIAN_POINT('',(3.12,0.65,0.55));
#762 = VECTOR('',#763,1.);
#763 = DIRECTION('',(0.,-1.,-2.22044604925E-16));
#764 = ORIENTED_EDGE('',*,*,#765,.F.);
#765 = EDGE_CURVE('',#766,#758,#768,.T.);
#766 = VERTEX_POINT('',#767);
#767 = CARTESIAN_POINT('',(3.12,0.65,0.22));
#768 = LINE('',#769,#770);
#769 = CARTESIAN_POINT('',(3.12,0.65,0.22));
#770 = VECTOR('',#771,1.);
#771 = DIRECTION('',(0.,-2.22044604925E-16,1.));
#772 = ORIENTED_EDGE('',*,*,#773,.F.);
#773 = EDGE_CURVE('',#774,#766,#776,.T.);
#774 = VERTEX_POINT('',#775);
#775 = CARTESIAN_POINT('',(3.12,-2.15,0.22));
#776 = LINE('',#777,#778);
#777 = CARTESIAN_POINT('',(3.12,-2.15,0.22));
#778 = VECTOR('',#779,1.);
#779 = DIRECTION('',(0.,1.,2.22044604925E-16));
#780 = ORIENTED_EDGE('',*,*,#781,.F.);
#781 = EDGE_CURVE('',#782,#774,#784,.T.);
#782 = VERTEX_POINT('',#783);
#783 = CARTESIAN_POINT('',(3.12,-2.26,0.22));
#784 = LINE('',#785,#786);
#785 = CARTESIAN_POINT('',(3.12,-2.26,0.22));
#786 = VECTOR('',#787,1.);
#787 = DIRECTION('',(0.,1.,2.22044604925E-16));
#788 = ORIENTED_EDGE('',*,*,#789,.T.);
#789 = EDGE_CURVE('',#782,#725,#790,.T.);
#790 = LINE('',#791,#792);
#791 = CARTESIAN_POINT('',(3.12,-2.26,0.22));
#792 = VECTOR('',#793,1.);
#793 = DIRECTION('',(0.,-2.22044604925E-16,1.));
#794 = PLANE('',#795);
#795 = AXIS2_PLACEMENT_3D('',#796,#797,#798);
#796 = CARTESIAN_POINT('',(3.12,-2.3,0.22));
#797 = DIRECTION('',(1.,0.,0.));
#798 = DIRECTION('',(0.,-2.22044604925E-16,1.));
#799 = ADVANCED_FACE('',(#800),#834,.T.);
#800 = FACE_BOUND('',#801,.F.);
#801 = EDGE_LOOP('',(#802,#812,#820,#828));
#802 = ORIENTED_EDGE('',*,*,#803,.F.);
#803 = EDGE_CURVE('',#804,#806,#808,.T.);
#804 = VERTEX_POINT('',#805);
#805 = CARTESIAN_POINT('',(3.12,-2.26,1.88));
#806 = VERTEX_POINT('',#807);
#807 = CARTESIAN_POINT('',(3.12,-2.26,1.55));
#808 = LINE('',#809,#810);
#809 = CARTESIAN_POINT('',(3.12,-2.26,1.88));
#810 = VECTOR('',#811,1.);
#811 = DIRECTION('',(0.,2.22044604925E-16,-1.));
#812 = ORIENTED_EDGE('',*,*,#813,.T.);
#813 = EDGE_CURVE('',#804,#814,#816,.T.);
#814 = VERTEX_POINT('',#815);
#815 = CARTESIAN_POINT('',(3.12,0.65,1.88));
#816 = LINE('',#817,#818);
#817 = CARTESIAN_POINT('',(3.12,-2.26,1.88));
#818 = VECTOR('',#819,1.);
#819 = DIRECTION('',(0.,1.,2.22044604925E-16));
#820 = ORIENTED_EDGE('',*,*,#821,.F.);
#821 = EDGE_CURVE('',#822,#814,#824,.T.);
#822 = VERTEX_POINT('',#823);
#823 = CARTESIAN_POINT('',(3.12,0.65,1.55));
#824 = LINE('',#825,#826);
#825 = CARTESIAN_POINT('',(3.12,0.65,1.55));
#826 = VECTOR('',#827,1.);
#827 = DIRECTION('',(0.,-2.22044604925E-16,1.));
#828 = ORIENTED_EDGE('',*,*,#829,.T.);
#829 = EDGE_CURVE('',#822,#806,#830,.T.);
#830 = LINE('',#831,#832);
#831 = CARTESIAN_POINT('',(3.12,0.65,1.55));
#832 = VECTOR('',#833,1.);
#833 = DIRECTION('',(0.,-1.,-2.22044604925E-16));
#834 = PLANE('',#835);
#835 = AXIS2_PLACEMENT_3D('',#836,#837,#838);
#836 = CARTESIAN_POINT('',(3.12,-2.3,0.22));
#837 = DIRECTION('',(1.,0.,0.));
#838 = DIRECTION('',(0.,-2.22044604925E-16,1.));
#839 = ADVANCED_FACE('',(#840),#858,.T.);
#840 = FACE_BOUND('',#841,.F.);
#841 = EDGE_LOOP('',(#842,#843,#844,#852));
#842 = ORIENTED_EDGE('',*,*,#694,.F.);
#843 = ORIENTED_EDGE('',*,*,#724,.T.);
#844 = ORIENTED_EDGE('',*,*,#845,.F.);
#845 = EDGE_CURVE('',#846,#725,#848,.T.);
#846 = VERTEX_POINT('',#847);
#847 = CARTESIAN_POINT('',(2.209583950131,-2.26,0.55));
#848 = LINE('',#849,#850);
#849 = CARTESIAN_POINT('',(2.209583950131,-2.26,0.55));
#850 = VECTOR('',#851,1.);
#851 = DIRECTION('',(1.,0.,0.));
#852 = ORIENTED_EDGE('',*,*,#853,.F.);
#853 = EDGE_CURVE('',#695,#846,#854,.T.);
#854 = LINE('',#855,#856);
#855 = CARTESIAN_POINT('',(2.202530870902,-2.3,0.55));
#856 = VECTOR('',#857,1.);
#857 = DIRECTION('',(0.173648177667,0.984807753012,2.186712484447E-16));
#858 = PLANE('',#859);
#859 = AXIS2_PLACEMENT_3D('',#860,#861,#862);
#860 = CARTESIAN_POINT('',(0.,-2.3,0.55));
#861 = DIRECTION('',(0.,2.22044604925E-16,-1.));
#862 = DIRECTION('',(-1.,-0.,0.));
#863 = ADVANCED_FACE('',(#864),#889,.T.);
#864 = FACE_BOUND('',#865,.F.);
#865 = EDGE_LOOP('',(#866,#867,#875,#883));
#866 = ORIENTED_EDGE('',*,*,#618,.F.);
#867 = ORIENTED_EDGE('',*,*,#868,.T.);
#868 = EDGE_CURVE('',#611,#869,#871,.T.);
#869 = VERTEX_POINT('',#870);
#870 = CARTESIAN_POINT('',(2.14,-2.26,0.55));
#871 = LINE('',#872,#873);
#872 = CARTESIAN_POINT('',(2.14,-2.3,0.55));
#873 = VECTOR('',#874,1.);
#874 = DIRECTION('',(0.,1.,2.22044604925E-16));
#875 = ORIENTED_EDGE('',*,*,#876,.F.);
#876 = EDGE_CURVE('',#877,#869,#879,.T.);
#877 = VERTEX_POINT('',#878);
#878 = CARTESIAN_POINT('',(-2.14,-2.26,0.55));
#879 = LINE('',#880,#881);
#880 = CARTESIAN_POINT('',(-2.14,-2.26,0.55));
#881 = VECTOR('',#882,1.);
#882 = DIRECTION('',(1.,0.,0.));
#883 = ORIENTED_EDGE('',*,*,#884,.F.);
#884 = EDGE_CURVE('',#619,#877,#885,.T.);
#885 = LINE('',#886,#887);
#886 = CARTESIAN_POINT('',(-2.14,-2.3,0.55));
#887 = VECTOR('',#888,1.);
#888 = DIRECTION('',(0.,1.,2.22044604925E-16));
#889 = PLANE('',#890);
#890 = AXIS2_PLACEMENT_3D('',#891,#892,#893);
#891 = CARTESIAN_POINT('',(0.,-2.3,0.55));
#892 = DIRECTION('',(0.,2.22044604925E-16,-1.));
#893 = DIRECTION('',(-1.,-0.,0.));
#894 = ADVANCED_FACE('',(#895),#920,.T.);
#895 = FACE_BOUND('',#896,.F.);
#896 = EDGE_LOOP('',(#897,#898,#906,#914));
#897 = ORIENTED_EDGE('',*,*,#660,.F.);
#898 = ORIENTED_EDGE('',*,*,#899,.T.);
#899 = EDGE_CURVE('',#653,#900,#902,.T.);
#900 = VERTEX_POINT('',#901);
#901 = CARTESIAN_POINT('',(-2.209583950131,-2.26,0.55));
#902 = LINE('',#903,#904);
#903 = CARTESIAN_POINT('',(-2.202530870902,-2.3,0.55));
#904 = VECTOR('',#905,1.);
#905 = DIRECTION('',(-0.173648177667,0.984807753012,2.186712484447E-16)
  );
#906 = ORIENTED_EDGE('',*,*,#907,.F.);
#907 = EDGE_CURVE('',#908,#900,#910,.T.);
#908 = VERTEX_POINT('',#909);
#909 = CARTESIAN_POINT('',(-3.12,-2.26,0.55));
#910 = LINE('',#911,#912);
#911 = CARTESIAN_POINT('',(-3.12,-2.26,0.55));
#912 = VECTOR('',#913,1.);
#913 = DIRECTION('',(1.,0.,0.));
#914 = ORIENTED_EDGE('',*,*,#915,.F.);
#915 = EDGE_CURVE('',#661,#908,#916,.T.);
#916 = LINE('',#917,#918);
#917 = CARTESIAN_POINT('',(-3.12,-2.3,0.55));
#918 = VECTOR('',#919,1.);
#919 = DIRECTION('',(0.,1.,2.22044604925E-16));
#920 = PLANE('',#921);
#921 = AXIS2_PLACEMENT_3D('',#922,#923,#924);
#922 = CARTESIAN_POINT('',(0.,-2.3,0.55));
#923 = DIRECTION('',(0.,2.22044604925E-16,-1.));
#924 = DIRECTION('',(-1.,-0.,0.));
#925 = ADVANCED_FACE('',(#926),#990,.F.);
#926 = FACE_BOUND('',#927,.F.);
#927 = EDGE_LOOP('',(#928,#929,#935,#936,#942,#943,#944,#952,#960,#968,
    #976,#984));
#928 = ORIENTED_EDGE('',*,*,#907,.T.);
#929 = ORIENTED_EDGE('',*,*,#930,.T.);
#930 = EDGE_CURVE('',#900,#877,#931,.T.);
#931 = LINE('',#932,#933);
#932 = CARTESIAN_POINT('',(-2.209583950131,-2.26,0.55));
#933 = VECTOR('',#934,1.);
#934 = DIRECTION('',(1.,0.,0.));
#935 = ORIENTED_EDGE('',*,*,#876,.T.);
#936 = ORIENTED_EDGE('',*,*,#937,.T.);
#937 = EDGE_CURVE('',#869,#846,#938,.T.);
#938 = LINE('',#939,#940);
#939 = CARTESIAN_POINT('',(2.14,-2.26,0.55));
#940 = VECTOR('',#941,1.);
#941 = DIRECTION('',(1.,0.,0.));
#942 = ORIENTED_EDGE('',*,*,#845,.T.);
#943 = ORIENTED_EDGE('',*,*,#789,.F.);
#944 = ORIENTED_EDGE('',*,*,#945,.F.);
#945 = EDGE_CURVE('',#946,#782,#948,.T.);
#946 = VERTEX_POINT('',#947);
#947 = CARTESIAN_POINT('',(1.4,-2.26,0.22));
#948 = LINE('',#949,#950);
#949 = CARTESIAN_POINT('',(1.4,-2.26,0.22));
#950 = VECTOR('',#951,1.);
#951 = DIRECTION('',(1.,0.,0.));
#952 = ORIENTED_EDGE('',*,*,#953,.T.);
#953 = EDGE_CURVE('',#946,#954,#956,.T.);
#954 = VERTEX_POINT('',#955);
#955 = CARTESIAN_POINT('',(1.4,-2.26,5.E-02));
#956 = LINE('',#957,#958);
#957 = CARTESIAN_POINT('',(1.4,-2.26,0.22));
#958 = VECTOR('',#959,1.);
#959 = DIRECTION('',(0.,2.22044604925E-16,-1.));
#960 = ORIENTED_EDGE('',*,*,#961,.F.);
#961 = EDGE_CURVE('',#962,#954,#964,.T.);
#962 = VERTEX_POINT('',#963);
#963 = CARTESIAN_POINT('',(-1.4,-2.26,5.E-02));
#964 = LINE('',#965,#966);
#965 = CARTESIAN_POINT('',(-1.4,-2.26,5.E-02));
#966 = VECTOR('',#967,1.);
#967 = DIRECTION('',(1.,0.,0.));
#968 = ORIENTED_EDGE('',*,*,#969,.T.);
#969 = EDGE_CURVE('',#962,#970,#972,.T.);
#970 = VERTEX_POINT('',#971);
#971 = CARTESIAN_POINT('',(-1.4,-2.26,0.22));
#972 = LINE('',#973,#974);
#973 = CARTESIAN_POINT('',(-1.4,-2.26,5.E-02));
#974 = VECTOR('',#975,1.);
#975 = DIRECTION('',(0.,-2.22044604925E-16,1.));
#976 = ORIENTED_EDGE('',*,*,#977,.F.);
#977 = EDGE_CURVE('',#978,#970,#980,.T.);
#978 = VERTEX_POINT('',#979);
#979 = CARTESIAN_POINT('',(-3.12,-2.26,0.22));
#980 = LINE('',#981,#982);
#981 = CARTESIAN_POINT('',(-3.12,-2.26,0.22));
#982 = VECTOR('',#983,1.);
#983 = DIRECTION('',(1.,0.,0.));
#984 = ORIENTED_EDGE('',*,*,#985,.T.);
#985 = EDGE_CURVE('',#978,#908,#986,.T.);
#986 = LINE('',#987,#988);
#987 = CARTESIAN_POINT('',(-3.12,-2.26,0.22));
#988 = VECTOR('',#989,1.);
#989 = DIRECTION('',(0.,-2.22044604925E-16,1.));
#990 = PLANE('',#991);
#991 = AXIS2_PLACEMENT_3D('',#992,#993,#994);
#992 = CARTESIAN_POINT('',(-3.12,-2.26,5.E-02));
#993 = DIRECTION('',(0.,1.,2.22044604925E-16));
#994 = DIRECTION('',(1.,0.,0.));
#995 = ADVANCED_FACE('',(#996),#1101,.F.);
#996 = FACE_BOUND('',#997,.F.);
#997 = EDGE_LOOP('',(#998,#999,#1007,#1015,#1023,#1031,#1039,#1047,#1055
    ,#1063,#1071,#1079,#1087,#1095));
#998 = ORIENTED_EDGE('',*,*,#930,.F.);
#999 = ORIENTED_EDGE('',*,*,#1000,.F.);
#1000 = EDGE_CURVE('',#1001,#900,#1003,.T.);
#1001 = VERTEX_POINT('',#1002);
#1002 = CARTESIAN_POINT('',(-2.421,-1.061,0.55));
#1003 = LINE('',#1004,#1005);
#1004 = CARTESIAN_POINT('',(-2.421,-1.061,0.55));
#1005 = VECTOR('',#1006,1.);
#1006 = DIRECTION('',(0.173648177667,-0.984807753012,-2.186712484447E-16
    ));
#1007 = ORIENTED_EDGE('',*,*,#1008,.F.);
#1008 = EDGE_CURVE('',#1009,#1001,#1011,.T.);
#1009 = VERTEX_POINT('',#1010);
#1010 = CARTESIAN_POINT('',(-2.421,-0.461,0.55));
#1011 = LINE('',#1012,#1013);
#1012 = CARTESIAN_POINT('',(-2.421,-0.461,0.55));
#1013 = VECTOR('',#1014,1.);
#1014 = DIRECTION('',(0.,-1.,-2.22044604925E-16));
#1015 = ORIENTED_EDGE('',*,*,#1016,.F.);
#1016 = EDGE_CURVE('',#1017,#1009,#1019,.T.);
#1017 = VERTEX_POINT('',#1018);
#1018 = CARTESIAN_POINT('',(-2.17,-0.21,0.55));
#1019 = LINE('',#1020,#1021);
#1020 = CARTESIAN_POINT('',(-2.17,-0.21,0.55));
#1021 = VECTOR('',#1022,1.);
#1022 = DIRECTION('',(-0.707106781187,-0.707106781187,
    -1.570092458684E-16));
#1023 = ORIENTED_EDGE('',*,*,#1024,.F.);
#1024 = EDGE_CURVE('',#1025,#1017,#1027,.T.);
#1025 = VERTEX_POINT('',#1026);
#1026 = CARTESIAN_POINT('',(-2.17,0.19,0.55));
#1027 = LINE('',#1028,#1029);
#1028 = CARTESIAN_POINT('',(-2.17,0.19,0.55));
#1029 = VECTOR('',#1030,1.);
#1030 = DIRECTION('',(0.,-1.,-2.22044604925E-16));
#1031 = ORIENTED_EDGE('',*,*,#1032,.F.);
#1032 = EDGE_CURVE('',#1033,#1025,#1035,.T.);
#1033 = VERTEX_POINT('',#1034);
#1034 = CARTESIAN_POINT('',(-2.59,0.61,0.55));
#1035 = LINE('',#1036,#1037);
#1036 = CARTESIAN_POINT('',(-2.59,0.61,0.55));
#1037 = VECTOR('',#1038,1.);
#1038 = DIRECTION('',(0.707106781187,-0.707106781187,-1.570092458684E-16
    ));
#1039 = ORIENTED_EDGE('',*,*,#1040,.F.);
#1040 = EDGE_CURVE('',#1041,#1033,#1043,.T.);
#1041 = VERTEX_POINT('',#1042);
#1042 = CARTESIAN_POINT('',(-3.12,0.61,0.55));
#1043 = LINE('',#1044,#1045);
#1044 = CARTESIAN_POINT('',(-3.12,0.61,0.55));
#1045 = VECTOR('',#1046,1.);
#1046 = DIRECTION('',(1.,0.,0.));
#1047 = ORIENTED_EDGE('',*,*,#1048,.F.);
#1048 = EDGE_CURVE('',#1049,#1041,#1051,.T.);
#1049 = VERTEX_POINT('',#1050);
#1050 = CARTESIAN_POINT('',(-3.12,0.65,0.55));
#1051 = LINE('',#1052,#1053);
#1052 = CARTESIAN_POINT('',(-3.12,0.65,0.55));
#1053 = VECTOR('',#1054,1.);
#1054 = DIRECTION('',(0.,-1.,-2.22044604925E-16));
#1055 = ORIENTED_EDGE('',*,*,#1056,.F.);
#1056 = EDGE_CURVE('',#1057,#1049,#1059,.T.);
#1057 = VERTEX_POINT('',#1058);
#1058 = CARTESIAN_POINT('',(-2.14,0.65,0.55));
#1059 = LINE('',#1060,#1061);
#1060 = CARTESIAN_POINT('',(-2.14,0.65,0.55));
#1061 = VECTOR('',#1062,1.);
#1062 = DIRECTION('',(-1.,-0.,0.));
#1063 = ORIENTED_EDGE('',*,*,#1064,.T.);
#1064 = EDGE_CURVE('',#1057,#1065,#1067,.T.);
#1065 = VERTEX_POINT('',#1066);
#1066 = CARTESIAN_POINT('',(-2.14,-0.37,0.55));
#1067 = LINE('',#1068,#1069);
#1068 = CARTESIAN_POINT('',(-2.14,0.65,0.55));
#1069 = VECTOR('',#1070,1.);
#1070 = DIRECTION('',(0.,-1.,-2.22044604925E-16));
#1071 = ORIENTED_EDGE('',*,*,#1072,.T.);
#1072 = EDGE_CURVE('',#1065,#1073,#1075,.T.);
#1073 = VERTEX_POINT('',#1074);
#1074 = CARTESIAN_POINT('',(-2.29,-0.52,0.55));
#1075 = LINE('',#1076,#1077);
#1076 = CARTESIAN_POINT('',(-2.14,-0.37,0.55));
#1077 = VECTOR('',#1078,1.);
#1078 = DIRECTION('',(-0.707106781187,-0.707106781187,
    -1.570092458684E-16));
#1079 = ORIENTED_EDGE('',*,*,#1080,.T.);
#1080 = EDGE_CURVE('',#1073,#1081,#1083,.T.);
#1081 = VERTEX_POINT('',#1082);
#1082 = CARTESIAN_POINT('',(-2.29,-1.02,0.55));
#1083 = LINE('',#1084,#1085);
#1084 = CARTESIAN_POINT('',(-2.29,-0.52,0.55));
#1085 = VECTOR('',#1086,1.);
#1086 = DIRECTION('',(0.,-1.,-2.22044604925E-16));
#1087 = ORIENTED_EDGE('',*,*,#1088,.T.);
#1088 = EDGE_CURVE('',#1081,#1089,#1091,.T.);
#1089 = VERTEX_POINT('',#1090);
#1090 = CARTESIAN_POINT('',(-2.14,-1.180013375193,0.55));
#1091 = LINE('',#1092,#1093);
#1092 = CARTESIAN_POINT('',(-2.29,-1.02,0.55));
#1093 = VECTOR('',#1094,1.);
#1094 = DIRECTION('',(0.683910700219,-0.729565729819,-1.619961342445E-16
    ));
#1095 = ORIENTED_EDGE('',*,*,#1096,.T.);
#1096 = EDGE_CURVE('',#1089,#877,#1097,.T.);
#1097 = LINE('',#1098,#1099);
#1098 = CARTESIAN_POINT('',(-2.14,-1.180013375193,0.55));
#1099 = VECTOR('',#1100,1.);
#1100 = DIRECTION('',(0.,-1.,-2.22044604925E-16));
#1101 = PLANE('',#1102);
#1102 = AXIS2_PLACEMENT_3D('',#1103,#1104,#1105);
#1103 = CARTESIAN_POINT('',(0.,-3.75,0.55));
#1104 = DIRECTION('',(0.,2.22044604925E-16,-1.));
#1105 = DIRECTION('',(0.,1.,2.22044604925E-16));
#1106 = ADVANCED_FACE('',(#1107),#1203,.F.);
#1107 = FACE_BOUND('',#1108,.F.);
#1108 = EDGE_LOOP('',(#1109,#1110,#1118,#1126,#1134,#1142,#1150,#1156,
    #1157,#1165,#1173,#1181,#1189,#1197));
#1109 = ORIENTED_EDGE('',*,*,#937,.F.);
#1110 = ORIENTED_EDGE('',*,*,#1111,.T.);
#1111 = EDGE_CURVE('',#869,#1112,#1114,.T.);
#1112 = VERTEX_POINT('',#1113);
#1113 = CARTESIAN_POINT('',(2.14,-1.180013375193,0.55));
#1114 = LINE('',#1115,#1116);
#1115 = CARTESIAN_POINT('',(2.14,-2.26,0.55));
#1116 = VECTOR('',#1117,1.);
#1117 = DIRECTION('',(0.,1.,2.22044604925E-16));
#1118 = ORIENTED_EDGE('',*,*,#1119,.T.);
#1119 = EDGE_CURVE('',#1112,#1120,#1122,.T.);
#1120 = VERTEX_POINT('',#1121);
#1121 = CARTESIAN_POINT('',(2.29,-1.02,0.55));
#1122 = LINE('',#1123,#1124);
#1123 = CARTESIAN_POINT('',(2.14,-1.180013375193,0.55));
#1124 = VECTOR('',#1125,1.);
#1125 = DIRECTION('',(0.683910700219,0.729565729819,1.619961342445E-16)
  );
#1126 = ORIENTED_EDGE('',*,*,#1127,.T.);
#1127 = EDGE_CURVE('',#1120,#1128,#1130,.T.);
#1128 = VERTEX_POINT('',#1129);
#1129 = CARTESIAN_POINT('',(2.29,-0.52,0.55));
#1130 = LINE('',#1131,#1132);
#1131 = CARTESIAN_POINT('',(2.29,-1.02,0.55));
#1132 = VECTOR('',#1133,1.);
#1133 = DIRECTION('',(0.,1.,2.22044604925E-16));
#1134 = ORIENTED_EDGE('',*,*,#1135,.T.);
#1135 = EDGE_CURVE('',#1128,#1136,#1138,.T.);
#1136 = VERTEX_POINT('',#1137);
#1137 = CARTESIAN_POINT('',(2.14,-0.37,0.55));
#1138 = LINE('',#1139,#1140);
#1139 = CARTESIAN_POINT('',(2.29,-0.52,0.55));
#1140 = VECTOR('',#1141,1.);
#1141 = DIRECTION('',(-0.707106781187,0.707106781187,1.570092458684E-16)
  );
#1142 = ORIENTED_EDGE('',*,*,#1143,.T.);
#1143 = EDGE_CURVE('',#1136,#1144,#1146,.T.);
#1144 = VERTEX_POINT('',#1145);
#1145 = CARTESIAN_POINT('',(2.14,0.65,0.55));
#1146 = LINE('',#1147,#1148);
#1147 = CARTESIAN_POINT('',(2.14,-0.37,0.55));
#1148 = VECTOR('',#1149,1.);
#1149 = DIRECTION('',(0.,1.,2.22044604925E-16));
#1150 = ORIENTED_EDGE('',*,*,#1151,.F.);
#1151 = EDGE_CURVE('',#758,#1144,#1152,.T.);
#1152 = LINE('',#1153,#1154);
#1153 = CARTESIAN_POINT('',(3.12,0.65,0.55));
#1154 = VECTOR('',#1155,1.);
#1155 = DIRECTION('',(-1.,-0.,0.));
#1156 = ORIENTED_EDGE('',*,*,#757,.T.);
#1157 = ORIENTED_EDGE('',*,*,#1158,.T.);
#1158 = EDGE_CURVE('',#750,#1159,#1161,.T.);
#1159 = VERTEX_POINT('',#1160);
#1160 = CARTESIAN_POINT('',(2.59,0.61,0.55));
#1161 = LINE('',#1162,#1163);
#1162 = CARTESIAN_POINT('',(3.12,0.61,0.55));
#1163 = VECTOR('',#1164,1.);
#1164 = DIRECTION('',(-1.,-0.,0.));
#1165 = ORIENTED_EDGE('',*,*,#1166,.F.);
#1166 = EDGE_CURVE('',#1167,#1159,#1169,.T.);
#1167 = VERTEX_POINT('',#1168);
#1168 = CARTESIAN_POINT('',(2.17,0.19,0.55));
#1169 = LINE('',#1170,#1171);
#1170 = CARTESIAN_POINT('',(2.17,0.19,0.55));
#1171 = VECTOR('',#1172,1.);
#1172 = DIRECTION('',(0.707106781187,0.707106781187,1.570092458684E-16)
  );
#1173 = ORIENTED_EDGE('',*,*,#1174,.F.);
#1174 = EDGE_CURVE('',#1175,#1167,#1177,.T.);
#1175 = VERTEX_POINT('',#1176);
#1176 = CARTESIAN_POINT('',(2.17,-0.21,0.55));
#1177 = LINE('',#1178,#1179);
#1178 = CARTESIAN_POINT('',(2.17,-0.21,0.55));
#1179 = VECTOR('',#1180,1.);
#1180 = DIRECTION('',(0.,1.,2.22044604925E-16));
#1181 = ORIENTED_EDGE('',*,*,#1182,.F.);
#1182 = EDGE_CURVE('',#1183,#1175,#1185,.T.);
#1183 = VERTEX_POINT('',#1184);
#1184 = CARTESIAN_POINT('',(2.421,-0.461,0.55));
#1185 = LINE('',#1186,#1187);
#1186 = CARTESIAN_POINT('',(2.421,-0.461,0.55));
#1187 = VECTOR('',#1188,1.);
#1188 = DIRECTION('',(-0.707106781187,0.707106781187,1.570092458684E-16)
  );
#1189 = ORIENTED_EDGE('',*,*,#1190,.F.);
#1190 = EDGE_CURVE('',#1191,#1183,#1193,.T.);
#1191 = VERTEX_POINT('',#1192);
#1192 = CARTESIAN_POINT('',(2.421,-1.061,0.55));
#1193 = LINE('',#1194,#1195);
#1194 = CARTESIAN_POINT('',(2.421,-1.061,0.55));
#1195 = VECTOR('',#1196,1.);
#1196 = DIRECTION('',(0.,1.,2.22044604925E-16));
#1197 = ORIENTED_EDGE('',*,*,#1198,.F.);
#1198 = EDGE_CURVE('',#846,#1191,#1199,.T.);
#1199 = LINE('',#1200,#1201);
#1200 = CARTESIAN_POINT('',(2.209583950131,-2.26,0.55));
#1201 = VECTOR('',#1202,1.);
#1202 = DIRECTION('',(0.173648177667,0.984807753012,2.186712484447E-16)
  );
#1203 = PLANE('',#1204);
#1204 = AXIS2_PLACEMENT_3D('',#1205,#1206,#1207);
#1205 = CARTESIAN_POINT('',(0.,-3.75,0.55));
#1206 = DIRECTION('',(0.,2.22044604925E-16,-1.));
#1207 = DIRECTION('',(0.,1.,2.22044604925E-16));
#1208 = ADVANCED_FACE('',(#1209),#1228,.T.);
#1209 = FACE_BOUND('',#1210,.F.);
#1210 = EDGE_LOOP('',(#1211,#1212,#1213,#1221,#1227));
#1211 = ORIENTED_EDGE('',*,*,#899,.F.);
#1212 = ORIENTED_EDGE('',*,*,#650,.F.);
#1213 = ORIENTED_EDGE('',*,*,#1214,.T.);
#1214 = EDGE_CURVE('',#651,#1215,#1217,.T.);
#1215 = VERTEX_POINT('',#1216);
#1216 = CARTESIAN_POINT('',(-2.421,-1.061,1.54));
#1217 = LINE('',#1218,#1219);
#1218 = CARTESIAN_POINT('',(-2.202530870902,-2.3,1.54));
#1219 = VECTOR('',#1220,1.);
#1220 = DIRECTION('',(-0.173648177667,0.984807753012,2.186712484447E-16)
  );
#1221 = ORIENTED_EDGE('',*,*,#1222,.T.);
#1222 = EDGE_CURVE('',#1215,#1001,#1223,.T.);
#1223 = LINE('',#1224,#1225);
#1224 = CARTESIAN_POINT('',(-2.421,-1.061,1.54));
#1225 = VECTOR('',#1226,1.);
#1226 = DIRECTION('',(0.,2.22044604925E-16,-1.));
#1227 = ORIENTED_EDGE('',*,*,#1000,.T.);
#1228 = PLANE('',#1229);
#1229 = AXIS2_PLACEMENT_3D('',#1230,#1231,#1232);
#1230 = CARTESIAN_POINT('',(-2.421,-1.061,0.55));
#1231 = DIRECTION('',(0.984807753012,0.173648177667,3.8557641006E-17));
#1232 = DIRECTION('',(0.173648177667,-0.984807753012,-2.186712484447E-16
    ));
#1233 = ADVANCED_FACE('',(#1234),#1260,.F.);
#1234 = FACE_BOUND('',#1235,.F.);
#1235 = EDGE_LOOP('',(#1236,#1246,#1252,#1253,#1254));
#1236 = ORIENTED_EDGE('',*,*,#1237,.F.);
#1237 = EDGE_CURVE('',#1238,#1240,#1242,.T.);
#1238 = VERTEX_POINT('',#1239);
#1239 = CARTESIAN_POINT('',(-2.421,-0.901,1.54));
#1240 = VERTEX_POINT('',#1241);
#1241 = CARTESIAN_POINT('',(-3.12,-0.901,1.54));
#1242 = LINE('',#1243,#1244);
#1243 = CARTESIAN_POINT('',(-2.421,-0.901,1.54));
#1244 = VECTOR('',#1245,1.);
#1245 = DIRECTION('',(-1.,-0.,0.));
#1246 = ORIENTED_EDGE('',*,*,#1247,.F.);
#1247 = EDGE_CURVE('',#1215,#1238,#1248,.T.);
#1248 = LINE('',#1249,#1250);
#1249 = CARTESIAN_POINT('',(-2.421,-1.061,1.54));
#1250 = VECTOR('',#1251,1.);
#1251 = DIRECTION('',(0.,1.,2.22044604925E-16));
#1252 = ORIENTED_EDGE('',*,*,#1214,.F.);
#1253 = ORIENTED_EDGE('',*,*,#676,.T.);
#1254 = ORIENTED_EDGE('',*,*,#1255,.T.);
#1255 = EDGE_CURVE('',#669,#1240,#1256,.T.);
#1256 = LINE('',#1257,#1258);
#1257 = CARTESIAN_POINT('',(-3.12,-2.3,1.54));
#1258 = VECTOR('',#1259,1.);
#1259 = DIRECTION('',(0.,1.,2.22044604925E-16));
#1260 = PLANE('',#1261);
#1261 = AXIS2_PLACEMENT_3D('',#1262,#1263,#1264);
#1262 = CARTESIAN_POINT('',(0.,-3.75,1.54));
#1263 = DIRECTION('',(0.,2.22044604925E-16,-1.));
#1264 = DIRECTION('',(0.,-1.,-2.22044604925E-16));
#1265 = ADVANCED_FACE('',(#1266),#1292,.F.);
#1266 = FACE_BOUND('',#1267,.F.);
#1267 = EDGE_LOOP('',(#1268,#1276,#1277,#1278,#1286));
#1268 = ORIENTED_EDGE('',*,*,#1269,.F.);
#1269 = EDGE_CURVE('',#734,#1270,#1272,.T.);
#1270 = VERTEX_POINT('',#1271);
#1271 = CARTESIAN_POINT('',(2.421,-0.901,1.54));
#1272 = LINE('',#1273,#1274);
#1273 = CARTESIAN_POINT('',(3.12,-0.901,1.54));
#1274 = VECTOR('',#1275,1.);
#1275 = DIRECTION('',(-1.,-0.,0.));
#1276 = ORIENTED_EDGE('',*,*,#733,.T.);
#1277 = ORIENTED_EDGE('',*,*,#710,.T.);
#1278 = ORIENTED_EDGE('',*,*,#1279,.F.);
#1279 = EDGE_CURVE('',#1280,#703,#1282,.T.);
#1280 = VERTEX_POINT('',#1281);
#1281 = CARTESIAN_POINT('',(2.421,-1.061,1.54));
#1282 = LINE('',#1283,#1284);
#1283 = CARTESIAN_POINT('',(2.421,-1.061,1.54));
#1284 = VECTOR('',#1285,1.);
#1285 = DIRECTION('',(-0.173648177667,-0.984807753012,
    -2.186712484447E-16));
#1286 = ORIENTED_EDGE('',*,*,#1287,.F.);
#1287 = EDGE_CURVE('',#1270,#1280,#1288,.T.);
#1288 = LINE('',#1289,#1290);
#1289 = CARTESIAN_POINT('',(2.421,-0.901,1.54));
#1290 = VECTOR('',#1291,1.);
#1291 = DIRECTION('',(0.,-1.,-2.22044604925E-16));
#1292 = PLANE('',#1293);
#1293 = AXIS2_PLACEMENT_3D('',#1294,#1295,#1296);
#1294 = CARTESIAN_POINT('',(0.,-3.75,1.54));
#1295 = DIRECTION('',(0.,2.22044604925E-16,-1.));
#1296 = DIRECTION('',(0.,-1.,-2.22044604925E-16));
#1297 = ADVANCED_FACE('',(#1298),#1347,.T.);
#1298 = FACE_BOUND('',#1299,.F.);
#1299 = EDGE_LOOP('',(#1300,#1308,#1316,#1324,#1332,#1340,#1346));
#1300 = ORIENTED_EDGE('',*,*,#1301,.T.);
#1301 = EDGE_CURVE('',#1240,#1302,#1304,.T.);
#1302 = VERTEX_POINT('',#1303);
#1303 = CARTESIAN_POINT('',(-3.12,0.61,0.990040976024));
#1304 = LINE('',#1305,#1306);
#1305 = CARTESIAN_POINT('',(-3.12,-0.901,1.54));
#1306 = VECTOR('',#1307,1.);
#1307 = DIRECTION('',(0.,0.939692620786,-0.342020143326));
#1308 = ORIENTED_EDGE('',*,*,#1309,.F.);
#1309 = EDGE_CURVE('',#1310,#1302,#1312,.T.);
#1310 = VERTEX_POINT('',#1311);
#1311 = CARTESIAN_POINT('',(-2.59,0.61,0.990040976024));
#1312 = LINE('',#1313,#1314);
#1313 = CARTESIAN_POINT('',(-2.59,0.61,0.990040976024));
#1314 = VECTOR('',#1315,1.);
#1315 = DIRECTION('',(-1.,-0.,0.));
#1316 = ORIENTED_EDGE('',*,*,#1317,.T.);
#1317 = EDGE_CURVE('',#1310,#1318,#1320,.T.);
#1318 = VERTEX_POINT('',#1319);
#1319 = CARTESIAN_POINT('',(-2.17,0.19,1.142908474416));
#1320 = LINE('',#1321,#1322);
#1321 = CARTESIAN_POINT('',(-2.59,0.61,0.990040976024));
#1322 = VECTOR('',#1323,1.);
#1323 = DIRECTION('',(0.684791078772,-0.684791078772,0.249243569364));
#1324 = ORIENTED_EDGE('',*,*,#1325,.T.);
#1325 = EDGE_CURVE('',#1318,#1326,#1328,.T.);
#1326 = VERTEX_POINT('',#1327);
#1327 = CARTESIAN_POINT('',(-2.17,-0.21,1.288496568122));
#1328 = LINE('',#1329,#1330);
#1329 = CARTESIAN_POINT('',(-2.17,0.19,1.142908474416));
#1330 = VECTOR('',#1331,1.);
#1331 = DIRECTION('',(0.,-0.939692620786,0.342020143326));
#1332 = ORIENTED_EDGE('',*,*,#1333,.T.);
#1333 = EDGE_CURVE('',#1326,#1334,#1336,.T.);
#1334 = VERTEX_POINT('',#1335);
#1335 = CARTESIAN_POINT('',(-2.421,-0.461,1.379853096923));
#1336 = LINE('',#1337,#1338);
#1337 = CARTESIAN_POINT('',(-2.17,-0.21,1.288496568122));
#1338 = VECTOR('',#1339,1.);
#1339 = DIRECTION('',(-0.684791078772,-0.684791078772,0.249243569364));
#1340 = ORIENTED_EDGE('',*,*,#1341,.T.);
#1341 = EDGE_CURVE('',#1334,#1238,#1342,.T.);
#1342 = LINE('',#1343,#1344);
#1343 = CARTESIAN_POINT('',(-2.421,-0.461,1.379853096923));
#1344 = VECTOR('',#1345,1.);
#1345 = DIRECTION('',(0.,-0.939692620786,0.342020143326));
#1346 = ORIENTED_EDGE('',*,*,#1237,.T.);
#1347 = PLANE('',#1348);
#1348 = AXIS2_PLACEMENT_3D('',#1349,#1350,#1351);
#1349 = CARTESIAN_POINT('',(-2.855,-0.1455,1.265020488012));
#1350 = DIRECTION('',(0.,0.342020143326,0.939692620786));
#1351 = DIRECTION('',(-1.,-0.,0.));
#1352 = ADVANCED_FACE('',(#1353),#1389,.T.);
#1353 = FACE_BOUND('',#1354,.F.);
#1354 = EDGE_LOOP('',(#1355,#1356,#1357,#1365,#1373,#1379,#1380,#1386,
    #1387,#1388));
#1355 = ORIENTED_EDGE('',*,*,#915,.T.);
#1356 = ORIENTED_EDGE('',*,*,#985,.F.);
#1357 = ORIENTED_EDGE('',*,*,#1358,.T.);
#1358 = EDGE_CURVE('',#978,#1359,#1361,.T.);
#1359 = VERTEX_POINT('',#1360);
#1360 = CARTESIAN_POINT('',(-3.12,-2.15,0.22));
#1361 = LINE('',#1362,#1363);
#1362 = CARTESIAN_POINT('',(-3.12,-2.26,0.22));
#1363 = VECTOR('',#1364,1.);
#1364 = DIRECTION('',(0.,1.,2.22044604925E-16));
#1365 = ORIENTED_EDGE('',*,*,#1366,.F.);
#1366 = EDGE_CURVE('',#1367,#1359,#1369,.T.);
#1367 = VERTEX_POINT('',#1368);
#1368 = CARTESIAN_POINT('',(-3.12,0.65,0.22));
#1369 = LINE('',#1370,#1371);
#1370 = CARTESIAN_POINT('',(-3.12,0.65,0.22));
#1371 = VECTOR('',#1372,1.);
#1372 = DIRECTION('',(0.,-1.,-2.22044604925E-16));
#1373 = ORIENTED_EDGE('',*,*,#1374,.F.);
#1374 = EDGE_CURVE('',#1049,#1367,#1375,.T.);
#1375 = LINE('',#1376,#1377);
#1376 = CARTESIAN_POINT('',(-3.12,0.65,0.55));
#1377 = VECTOR('',#1378,1.);
#1378 = DIRECTION('',(0.,2.22044604925E-16,-1.));
#1379 = ORIENTED_EDGE('',*,*,#1048,.T.);
#1380 = ORIENTED_EDGE('',*,*,#1381,.F.);
#1381 = EDGE_CURVE('',#1302,#1041,#1382,.T.);
#1382 = LINE('',#1383,#1384);
#1383 = CARTESIAN_POINT('',(-3.12,0.61,0.990040976024));
#1384 = VECTOR('',#1385,1.);
#1385 = DIRECTION('',(0.,2.22044604925E-16,-1.));
#1386 = ORIENTED_EDGE('',*,*,#1301,.F.);
#1387 = ORIENTED_EDGE('',*,*,#1255,.F.);
#1388 = ORIENTED_EDGE('',*,*,#668,.T.);
#1389 = PLANE('',#1390);
#1390 = AXIS2_PLACEMENT_3D('',#1391,#1392,#1393);
#1391 = CARTESIAN_POINT('',(-3.12,-2.3,1.88));
#1392 = DIRECTION('',(-1.,-0.,0.));
#1393 = DIRECTION('',(0.,2.22044604925E-16,-1.));
#1394 = ADVANCED_FACE('',(#1395),#1429,.T.);
#1395 = FACE_BOUND('',#1396,.F.);
#1396 = EDGE_LOOP('',(#1397,#1407,#1415,#1423));
#1397 = ORIENTED_EDGE('',*,*,#1398,.T.);
#1398 = EDGE_CURVE('',#1399,#1401,#1403,.T.);
#1399 = VERTEX_POINT('',#1400);
#1400 = CARTESIAN_POINT('',(-3.12,-2.26,1.88));
#1401 = VERTEX_POINT('',#1402);
#1402 = CARTESIAN_POINT('',(-3.12,-2.26,1.55));
#1403 = LINE('',#1404,#1405);
#1404 = CARTESIAN_POINT('',(-3.12,-2.26,1.88));
#1405 = VECTOR('',#1406,1.);
#1406 = DIRECTION('',(0.,2.22044604925E-16,-1.));
#1407 = ORIENTED_EDGE('',*,*,#1408,.F.);
#1408 = EDGE_CURVE('',#1409,#1401,#1411,.T.);
#1409 = VERTEX_POINT('',#1410);
#1410 = CARTESIAN_POINT('',(-3.12,0.65,1.55));
#1411 = LINE('',#1412,#1413);
#1412 = CARTESIAN_POINT('',(-3.12,0.65,1.55));
#1413 = VECTOR('',#1414,1.);
#1414 = DIRECTION('',(0.,-1.,-2.22044604925E-16));
#1415 = ORIENTED_EDGE('',*,*,#1416,.F.);
#1416 = EDGE_CURVE('',#1417,#1409,#1419,.T.);
#1417 = VERTEX_POINT('',#1418);
#1418 = CARTESIAN_POINT('',(-3.12,0.65,1.88));
#1419 = LINE('',#1420,#1421);
#1420 = CARTESIAN_POINT('',(-3.12,0.65,1.88));
#1421 = VECTOR('',#1422,1.);
#1422 = DIRECTION('',(0.,2.22044604925E-16,-1.));
#1423 = ORIENTED_EDGE('',*,*,#1424,.F.);
#1424 = EDGE_CURVE('',#1399,#1417,#1425,.T.);
#1425 = LINE('',#1426,#1427);
#1426 = CARTESIAN_POINT('',(-3.12,-2.26,1.88));
#1427 = VECTOR('',#1428,1.);
#1428 = DIRECTION('',(0.,1.,2.22044604925E-16));
#1429 = PLANE('',#1430);
#1430 = AXIS2_PLACEMENT_3D('',#1431,#1432,#1433);
#1431 = CARTESIAN_POINT('',(-3.12,-2.3,1.88));
#1432 = DIRECTION('',(-1.,-0.,0.));
#1433 = DIRECTION('',(0.,2.22044604925E-16,-1.));
#1434 = ADVANCED_FACE('',(#1435),#1519,.T.);
#1435 = FACE_BOUND('',#1436,.F.);
#1436 = EDGE_LOOP('',(#1437,#1445,#1454,#1462,#1471,#1479,#1487,#1495,
    #1503,#1511,#1517,#1518));
#1437 = ORIENTED_EDGE('',*,*,#1438,.T.);
#1438 = EDGE_CURVE('',#774,#1439,#1441,.T.);
#1439 = VERTEX_POINT('',#1440);
#1440 = CARTESIAN_POINT('',(2.065,-2.15,0.22));
#1441 = LINE('',#1442,#1443);
#1442 = CARTESIAN_POINT('',(3.12,-2.15,0.22));
#1443 = VECTOR('',#1444,1.);
#1444 = DIRECTION('',(-1.,-0.,0.));
#1445 = ORIENTED_EDGE('',*,*,#1446,.F.);
#1446 = EDGE_CURVE('',#1447,#1439,#1449,.T.);
#1447 = VERTEX_POINT('',#1448);
#1448 = CARTESIAN_POINT('',(2.015,-2.1,0.22));
#1449 = CIRCLE('',#1450,5.E-02);
#1450 = AXIS2_PLACEMENT_3D('',#1451,#1452,#1453);
#1451 = CARTESIAN_POINT('',(2.065,-2.1,0.22));
#1452 = DIRECTION('',(0.,-2.22044604925E-16,1.));
#1453 = DIRECTION('',(-1.,-0.,0.));
#1454 = ORIENTED_EDGE('',*,*,#1455,.T.);
#1455 = EDGE_CURVE('',#1447,#1456,#1458,.T.);
#1456 = VERTEX_POINT('',#1457);
#1457 = CARTESIAN_POINT('',(2.015,-1.2,0.22));
#1458 = LINE('',#1459,#1460);
#1459 = CARTESIAN_POINT('',(2.015,-2.1,0.22));
#1460 = VECTOR('',#1461,1.);
#1461 = DIRECTION('',(0.,1.,2.22044604925E-16));
#1462 = ORIENTED_EDGE('',*,*,#1463,.F.);
#1463 = EDGE_CURVE('',#1464,#1456,#1466,.T.);
#1464 = VERTEX_POINT('',#1465);
#1465 = CARTESIAN_POINT('',(1.965,-1.15,0.22));
#1466 = CIRCLE('',#1467,5.E-02);
#1467 = AXIS2_PLACEMENT_3D('',#1468,#1469,#1470);
#1468 = CARTESIAN_POINT('',(1.965,-1.2,0.22));
#1469 = DIRECTION('',(0.,2.22044604925E-16,-1.));
#1470 = DIRECTION('',(0.,1.,2.22044604925E-16));
#1471 = ORIENTED_EDGE('',*,*,#1472,.F.);
#1472 = EDGE_CURVE('',#1473,#1464,#1475,.T.);
#1473 = VERTEX_POINT('',#1474);
#1474 = CARTESIAN_POINT('',(1.93,-1.15,0.22));
#1475 = LINE('',#1476,#1477);
#1476 = CARTESIAN_POINT('',(1.93,-1.15,0.22));
#1477 = VECTOR('',#1478,1.);
#1478 = DIRECTION('',(1.,0.,0.));
#1479 = ORIENTED_EDGE('',*,*,#1480,.F.);
#1480 = EDGE_CURVE('',#1481,#1473,#1483,.T.);
#1481 = VERTEX_POINT('',#1482);
#1482 = CARTESIAN_POINT('',(1.93,-1.2,0.22));
#1483 = LINE('',#1484,#1485);
#1484 = CARTESIAN_POINT('',(1.93,-1.2,0.22));
#1485 = VECTOR('',#1486,1.);
#1486 = DIRECTION('',(0.,1.,2.22044604925E-16));
#1487 = ORIENTED_EDGE('',*,*,#1488,.F.);
#1488 = EDGE_CURVE('',#1489,#1481,#1491,.T.);
#1489 = VERTEX_POINT('',#1490);
#1490 = CARTESIAN_POINT('',(1.55,-1.2,0.22));
#1491 = LINE('',#1492,#1493);
#1492 = CARTESIAN_POINT('',(1.55,-1.2,0.22));
#1493 = VECTOR('',#1494,1.);
#1494 = DIRECTION('',(1.,0.,0.));
#1495 = ORIENTED_EDGE('',*,*,#1496,.F.);
#1496 = EDGE_CURVE('',#1497,#1489,#1499,.T.);
#1497 = VERTEX_POINT('',#1498);
#1498 = CARTESIAN_POINT('',(1.55,0.5,0.22));
#1499 = LINE('',#1500,#1501);
#1500 = CARTESIAN_POINT('',(1.55,0.5,0.22));
#1501 = VECTOR('',#1502,1.);
#1502 = DIRECTION('',(0.,-1.,-2.22044604925E-16));
#1503 = ORIENTED_EDGE('',*,*,#1504,.F.);
#1504 = EDGE_CURVE('',#1505,#1497,#1507,.T.);
#1505 = VERTEX_POINT('',#1506);
#1506 = CARTESIAN_POINT('',(1.4,0.65,0.22));
#1507 = LINE('',#1508,#1509);
#1508 = CARTESIAN_POINT('',(1.4,0.65,0.22));
#1509 = VECTOR('',#1510,1.);
#1510 = DIRECTION('',(0.707106781187,-0.707106781187,-1.570092458684E-16
    ));
#1511 = ORIENTED_EDGE('',*,*,#1512,.T.);
#1512 = EDGE_CURVE('',#1505,#946,#1513,.T.);
#1513 = LINE('',#1514,#1515);
#1514 = CARTESIAN_POINT('',(1.4,0.65,0.22));
#1515 = VECTOR('',#1516,1.);
#1516 = DIRECTION('',(0.,-1.,-2.22044604925E-16));
#1517 = ORIENTED_EDGE('',*,*,#945,.T.);
#1518 = ORIENTED_EDGE('',*,*,#781,.T.);
#1519 = PLANE('',#1520);
#1520 = AXIS2_PLACEMENT_3D('',#1521,#1522,#1523);
#1521 = CARTESIAN_POINT('',(-3.12,-2.3,0.22));
#1522 = DIRECTION('',(0.,2.22044604925E-16,-1.));
#1523 = DIRECTION('',(1.,0.,0.));
#1524 = ADVANCED_FACE('',(#1525),#1609,.T.);
#1525 = FACE_BOUND('',#1526,.F.);
#1526 = EDGE_LOOP('',(#1527,#1537,#1546,#1552,#1553,#1554,#1562,#1570,
    #1578,#1586,#1594,#1602));
#1527 = ORIENTED_EDGE('',*,*,#1528,.T.);
#1528 = EDGE_CURVE('',#1529,#1531,#1533,.T.);
#1529 = VERTEX_POINT('',#1530);
#1530 = CARTESIAN_POINT('',(-2.015,-1.2,0.22));
#1531 = VERTEX_POINT('',#1532);
#1532 = CARTESIAN_POINT('',(-2.015,-2.1,0.22));
#1533 = LINE('',#1534,#1535);
#1534 = CARTESIAN_POINT('',(-2.015,-1.2,0.22));
#1535 = VECTOR('',#1536,1.);
#1536 = DIRECTION('',(0.,-1.,-2.22044604925E-16));
#1537 = ORIENTED_EDGE('',*,*,#1538,.F.);
#1538 = EDGE_CURVE('',#1539,#1531,#1541,.T.);
#1539 = VERTEX_POINT('',#1540);
#1540 = CARTESIAN_POINT('',(-2.065,-2.15,0.22));
#1541 = CIRCLE('',#1542,5.E-02);
#1542 = AXIS2_PLACEMENT_3D('',#1543,#1544,#1545);
#1543 = CARTESIAN_POINT('',(-2.065,-2.1,0.22));
#1544 = DIRECTION('',(0.,-2.22044604925E-16,1.));
#1545 = DIRECTION('',(0.,-1.,-2.22044604925E-16));
#1546 = ORIENTED_EDGE('',*,*,#1547,.F.);
#1547 = EDGE_CURVE('',#1359,#1539,#1548,.T.);
#1548 = LINE('',#1549,#1550);
#1549 = CARTESIAN_POINT('',(-3.12,-2.15,0.22));
#1550 = VECTOR('',#1551,1.);
#1551 = DIRECTION('',(1.,0.,0.));
#1552 = ORIENTED_EDGE('',*,*,#1358,.F.);
#1553 = ORIENTED_EDGE('',*,*,#977,.T.);
#1554 = ORIENTED_EDGE('',*,*,#1555,.F.);
#1555 = EDGE_CURVE('',#1556,#970,#1558,.T.);
#1556 = VERTEX_POINT('',#1557);
#1557 = CARTESIAN_POINT('',(-1.4,0.65,0.22));
#1558 = LINE('',#1559,#1560);
#1559 = CARTESIAN_POINT('',(-1.4,0.65,0.22));
#1560 = VECTOR('',#1561,1.);
#1561 = DIRECTION('',(0.,-1.,-2.22044604925E-16));
#1562 = ORIENTED_EDGE('',*,*,#1563,.F.);
#1563 = EDGE_CURVE('',#1564,#1556,#1566,.T.);
#1564 = VERTEX_POINT('',#1565);
#1565 = CARTESIAN_POINT('',(-1.55,0.5,0.22));
#1566 = LINE('',#1567,#1568);
#1567 = CARTESIAN_POINT('',(-1.55,0.5,0.22));
#1568 = VECTOR('',#1569,1.);
#1569 = DIRECTION('',(0.707106781187,0.707106781187,1.570092458684E-16)
  );
#1570 = ORIENTED_EDGE('',*,*,#1571,.T.);
#1571 = EDGE_CURVE('',#1564,#1572,#1574,.T.);
#1572 = VERTEX_POINT('',#1573);
#1573 = CARTESIAN_POINT('',(-1.55,-1.2,0.22));
#1574 = LINE('',#1575,#1576);
#1575 = CARTESIAN_POINT('',(-1.55,0.5,0.22));
#1576 = VECTOR('',#1577,1.);
#1577 = DIRECTION('',(0.,-1.,-2.22044604925E-16));
#1578 = ORIENTED_EDGE('',*,*,#1579,.F.);
#1579 = EDGE_CURVE('',#1580,#1572,#1582,.T.);
#1580 = VERTEX_POINT('',#1581);
#1581 = CARTESIAN_POINT('',(-1.93,-1.2,0.22));
#1582 = LINE('',#1583,#1584);
#1583 = CARTESIAN_POINT('',(-1.93,-1.2,0.22));
#1584 = VECTOR('',#1585,1.);
#1585 = DIRECTION('',(1.,0.,0.));
#1586 = ORIENTED_EDGE('',*,*,#1587,.F.);
#1587 = EDGE_CURVE('',#1588,#1580,#1590,.T.);
#1588 = VERTEX_POINT('',#1589);
#1589 = CARTESIAN_POINT('',(-1.93,-1.15,0.22));
#1590 = LINE('',#1591,#1592);
#1591 = CARTESIAN_POINT('',(-1.93,-1.15,0.22));
#1592 = VECTOR('',#1593,1.);
#1593 = DIRECTION('',(0.,-1.,-2.22044604925E-16));
#1594 = ORIENTED_EDGE('',*,*,#1595,.F.);
#1595 = EDGE_CURVE('',#1596,#1588,#1598,.T.);
#1596 = VERTEX_POINT('',#1597);
#1597 = CARTESIAN_POINT('',(-1.965,-1.15,0.22));
#1598 = LINE('',#1599,#1600);
#1599 = CARTESIAN_POINT('',(-1.965,-1.15,0.22));
#1600 = VECTOR('',#1601,1.);
#1601 = DIRECTION('',(1.,0.,0.));
#1602 = ORIENTED_EDGE('',*,*,#1603,.F.);
#1603 = EDGE_CURVE('',#1529,#1596,#1604,.T.);
#1604 = CIRCLE('',#1605,5.E-02);
#1605 = AXIS2_PLACEMENT_3D('',#1606,#1607,#1608);
#1606 = CARTESIAN_POINT('',(-1.965,-1.2,0.22));
#1607 = DIRECTION('',(-0.,2.22044604925E-16,-1.));
#1608 = DIRECTION('',(-1.,-0.,0.));
#1609 = PLANE('',#1610);
#1610 = AXIS2_PLACEMENT_3D('',#1611,#1612,#1613);
#1611 = CARTESIAN_POINT('',(-3.12,-2.3,0.22));
#1612 = DIRECTION('',(0.,2.22044604925E-16,-1.));
#1613 = DIRECTION('',(1.,0.,0.));
#1614 = ADVANCED_FACE('',(#1615),#1648,.T.);
#1615 = FACE_BOUND('',#1616,.F.);
#1616 = EDGE_LOOP('',(#1617,#1627,#1635,#1641,#1642));
#1617 = ORIENTED_EDGE('',*,*,#1618,.F.);
#1618 = EDGE_CURVE('',#1619,#1621,#1623,.T.);
#1619 = VERTEX_POINT('',#1620);
#1620 = CARTESIAN_POINT('',(3.215,-2.15,2.E-02));
#1621 = VERTEX_POINT('',#1622);
#1622 = CARTESIAN_POINT('',(3.215,-2.15,0.22));
#1623 = LINE('',#1624,#1625);
#1624 = CARTESIAN_POINT('',(3.215,-2.15,2.E-02));
#1625 = VECTOR('',#1626,1.);
#1626 = DIRECTION('',(0.,-2.22044604925E-16,1.));
#1627 = ORIENTED_EDGE('',*,*,#1628,.T.);
#1628 = EDGE_CURVE('',#1619,#1629,#1631,.T.);
#1629 = VERTEX_POINT('',#1630);
#1630 = CARTESIAN_POINT('',(2.065,-2.15,2.E-02));
#1631 = LINE('',#1632,#1633);
#1632 = CARTESIAN_POINT('',(3.215,-2.15,2.E-02));
#1633 = VECTOR('',#1634,1.);
#1634 = DIRECTION('',(-1.,-0.,0.));
#1635 = ORIENTED_EDGE('',*,*,#1636,.T.);
#1636 = EDGE_CURVE('',#1629,#1439,#1637,.T.);
#1637 = LINE('',#1638,#1639);
#1638 = CARTESIAN_POINT('',(2.065,-2.15,2.E-02));
#1639 = VECTOR('',#1640,1.);
#1640 = DIRECTION('',(0.,-2.22044604925E-16,1.));
#1641 = ORIENTED_EDGE('',*,*,#1438,.F.);
#1642 = ORIENTED_EDGE('',*,*,#1643,.F.);
#1643 = EDGE_CURVE('',#1621,#774,#1644,.T.);
#1644 = LINE('',#1645,#1646);
#1645 = CARTESIAN_POINT('',(3.215,-2.15,0.22));
#1646 = VECTOR('',#1647,1.);
#1647 = DIRECTION('',(-1.,-0.,0.));
#1648 = PLANE('',#1649);
#1649 = AXIS2_PLACEMENT_3D('',#1650,#1651,#1652);
#1650 = CARTESIAN_POINT('',(3.315,-2.15,0.22));
#1651 = DIRECTION('',(0.,-1.,-2.22044604925E-16));
#1652 = DIRECTION('',(-1.,-0.,0.));
#1653 = ADVANCED_FACE('',(#1654),#1681,.T.);
#1654 = FACE_BOUND('',#1655,.T.);
#1655 = EDGE_LOOP('',(#1656,#1657,#1666,#1674));
#1656 = ORIENTED_EDGE('',*,*,#1618,.F.);
#1657 = ORIENTED_EDGE('',*,*,#1658,.F.);
#1658 = EDGE_CURVE('',#1659,#1619,#1661,.T.);
#1659 = VERTEX_POINT('',#1660);
#1660 = CARTESIAN_POINT('',(3.315,-2.05,2.E-02));
#1661 = CIRCLE('',#1662,0.1);
#1662 = AXIS2_PLACEMENT_3D('',#1663,#1664,#1665);
#1663 = CARTESIAN_POINT('',(3.215,-2.05,2.E-02));
#1664 = DIRECTION('',(0.,2.22044604925E-16,-1.));
#1665 = DIRECTION('',(1.,0.,0.));
#1666 = ORIENTED_EDGE('',*,*,#1667,.T.);
#1667 = EDGE_CURVE('',#1659,#1668,#1670,.T.);
#1668 = VERTEX_POINT('',#1669);
#1669 = CARTESIAN_POINT('',(3.315,-2.05,0.22));
#1670 = LINE('',#1671,#1672);
#1671 = CARTESIAN_POINT('',(3.315,-2.05,2.E-02));
#1672 = VECTOR('',#1673,1.);
#1673 = DIRECTION('',(0.,-2.22044604925E-16,1.));
#1674 = ORIENTED_EDGE('',*,*,#1675,.F.);
#1675 = EDGE_CURVE('',#1621,#1668,#1676,.T.);
#1676 = CIRCLE('',#1677,0.1);
#1677 = AXIS2_PLACEMENT_3D('',#1678,#1679,#1680);
#1678 = CARTESIAN_POINT('',(3.215,-2.05,0.22));
#1679 = DIRECTION('',(0.,-2.22044604925E-16,1.));
#1680 = DIRECTION('',(0.,-1.,-2.22044604925E-16));
#1681 = CYLINDRICAL_SURFACE('',#1682,0.1);
#1682 = AXIS2_PLACEMENT_3D('',#1683,#1684,#1685);
#1683 = CARTESIAN_POINT('',(3.215,-2.05,5.450979359E-03));
#1684 = DIRECTION('',(0.,-2.22044604925E-16,1.));
#1685 = DIRECTION('',(0.,-1.,-2.22044604925E-16));
#1686 = ADVANCED_FACE('',(#1687),#1719,.T.);
#1687 = FACE_BOUND('',#1688,.F.);
#1688 = EDGE_LOOP('',(#1689,#1699,#1705,#1713));
#1689 = ORIENTED_EDGE('',*,*,#1690,.T.);
#1690 = EDGE_CURVE('',#1691,#1693,#1695,.T.);
#1691 = VERTEX_POINT('',#1692);
#1692 = CARTESIAN_POINT('',(1.916,0.65,0.22));
#1693 = VERTEX_POINT('',#1694);
#1694 = CARTESIAN_POINT('',(1.93,0.65,0.22));
#1695 = LINE('',#1696,#1697);
#1696 = CARTESIAN_POINT('',(1.916,0.65,0.22));
#1697 = VECTOR('',#1698,1.);
#1698 = DIRECTION('',(1.,6.344131569287E-14,1.408680187895E-29));
#1699 = ORIENTED_EDGE('',*,*,#1700,.T.);
#1700 = EDGE_CURVE('',#1693,#1473,#1701,.T.);
#1701 = LINE('',#1702,#1703);
#1702 = CARTESIAN_POINT('',(1.93,0.65,0.22));
#1703 = VECTOR('',#1704,1.);
#1704 = DIRECTION('',(0.,-1.,-2.22044604925E-16));
#1705 = ORIENTED_EDGE('',*,*,#1706,.F.);
#1706 = EDGE_CURVE('',#1707,#1473,#1709,.T.);
#1707 = VERTEX_POINT('',#1708);
#1708 = CARTESIAN_POINT('',(1.916,-1.15,0.22));
#1709 = LINE('',#1710,#1711);
#1710 = CARTESIAN_POINT('',(1.916,-1.15,0.22));
#1711 = VECTOR('',#1712,1.);
#1712 = DIRECTION('',(1.,0.,0.));
#1713 = ORIENTED_EDGE('',*,*,#1714,.F.);
#1714 = EDGE_CURVE('',#1691,#1707,#1715,.T.);
#1715 = LINE('',#1716,#1717);
#1716 = CARTESIAN_POINT('',(1.916,0.65,0.22));
#1717 = VECTOR('',#1718,1.);
#1718 = DIRECTION('',(0.,-1.,-2.22044604925E-16));
#1719 = PLANE('',#1720);
#1720 = AXIS2_PLACEMENT_3D('',#1721,#1722,#1723);
#1721 = CARTESIAN_POINT('',(-3.315,0.65,0.22));
#1722 = DIRECTION('',(0.,-2.22044604925E-16,1.));
#1723 = DIRECTION('',(1.,0.,0.));
#1724 = ADVANCED_FACE('',(#1725),#1757,.T.);
#1725 = FACE_BOUND('',#1726,.F.);
#1726 = EDGE_LOOP('',(#1727,#1737,#1745,#1751));
#1727 = ORIENTED_EDGE('',*,*,#1728,.T.);
#1728 = EDGE_CURVE('',#1729,#1731,#1733,.T.);
#1729 = VERTEX_POINT('',#1730);
#1730 = CARTESIAN_POINT('',(-1.93,0.65,0.22));
#1731 = VERTEX_POINT('',#1732);
#1732 = CARTESIAN_POINT('',(-1.916,0.65,0.22));
#1733 = LINE('',#1734,#1735);
#1734 = CARTESIAN_POINT('',(-1.93,0.65,0.22));
#1735 = VECTOR('',#1736,1.);
#1736 = DIRECTION('',(1.,-6.344131569287E-14,1.586032892322E-14));
#1737 = ORIENTED_EDGE('',*,*,#1738,.T.);
#1738 = EDGE_CURVE('',#1731,#1739,#1741,.T.);
#1739 = VERTEX_POINT('',#1740);
#1740 = CARTESIAN_POINT('',(-1.916,-1.15,0.22));
#1741 = LINE('',#1742,#1743);
#1742 = CARTESIAN_POINT('',(-1.916,0.65,0.22));
#1743 = VECTOR('',#1744,1.);
#1744 = DIRECTION('',(0.,-1.,-2.22044604925E-16));
#1745 = ORIENTED_EDGE('',*,*,#1746,.F.);
#1746 = EDGE_CURVE('',#1588,#1739,#1747,.T.);
#1747 = LINE('',#1748,#1749);
#1748 = CARTESIAN_POINT('',(-1.93,-1.15,0.22));
#1749 = VECTOR('',#1750,1.);
#1750 = DIRECTION('',(1.,-3.521700469737E-30,1.586032892322E-14));
#1751 = ORIENTED_EDGE('',*,*,#1752,.F.);
#1752 = EDGE_CURVE('',#1729,#1588,#1753,.T.);
#1753 = LINE('',#1754,#1755);
#1754 = CARTESIAN_POINT('',(-1.93,0.65,0.22));
#1755 = VECTOR('',#1756,1.);
#1756 = DIRECTION('',(0.,-1.,-2.22044604925E-16));
#1757 = PLANE('',#1758);
#1758 = AXIS2_PLACEMENT_3D('',#1759,#1760,#1761);
#1759 = CARTESIAN_POINT('',(-3.315,0.65,0.22));
#1760 = DIRECTION('',(0.,-2.22044604925E-16,1.));
#1761 = DIRECTION('',(1.,0.,0.));
#1762 = ADVANCED_FACE('',(#1763),#1838,.T.);
#1763 = FACE_BOUND('',#1764,.F.);
#1764 = EDGE_LOOP('',(#1765,#1776,#1784,#1792,#1800,#1808,#1816,#1825,
    #1831,#1832));
#1765 = ORIENTED_EDGE('',*,*,#1766,.F.);
#1766 = EDGE_CURVE('',#1767,#1769,#1771,.T.);
#1767 = VERTEX_POINT('',#1768);
#1768 = CARTESIAN_POINT('',(-3.315,-2.05,0.22));
#1769 = VERTEX_POINT('',#1770);
#1770 = CARTESIAN_POINT('',(-3.215,-2.15,0.22));
#1771 = CIRCLE('',#1772,0.1);
#1772 = AXIS2_PLACEMENT_3D('',#1773,#1774,#1775);
#1773 = CARTESIAN_POINT('',(-3.215,-2.05,0.22));
#1774 = DIRECTION('',(0.,-2.22044604925E-16,1.));
#1775 = DIRECTION('',(-1.,-0.,0.));
#1776 = ORIENTED_EDGE('',*,*,#1777,.F.);
#1777 = EDGE_CURVE('',#1778,#1767,#1780,.T.);
#1778 = VERTEX_POINT('',#1779);
#1779 = CARTESIAN_POINT('',(-3.315,-1.75,0.22));
#1780 = LINE('',#1781,#1782);
#1781 = CARTESIAN_POINT('',(-3.315,-1.75,0.22));
#1782 = VECTOR('',#1783,1.);
#1783 = DIRECTION('',(0.,-1.,-2.22044604925E-16));
#1784 = ORIENTED_EDGE('',*,*,#1785,.F.);
#1785 = EDGE_CURVE('',#1786,#1778,#1788,.T.);
#1786 = VERTEX_POINT('',#1787);
#1787 = CARTESIAN_POINT('',(-3.165,-1.6,0.22));
#1788 = LINE('',#1789,#1790);
#1789 = CARTESIAN_POINT('',(-3.165,-1.6,0.22));
#1790 = VECTOR('',#1791,1.);
#1791 = DIRECTION('',(-0.707106781187,-0.707106781187,
    -1.570092458684E-16));
#1792 = ORIENTED_EDGE('',*,*,#1793,.F.);
#1793 = EDGE_CURVE('',#1794,#1786,#1796,.T.);
#1794 = VERTEX_POINT('',#1795);
#1795 = CARTESIAN_POINT('',(-3.165,-1.2,0.22));
#1796 = LINE('',#1797,#1798);
#1797 = CARTESIAN_POINT('',(-3.165,-1.2,0.22));
#1798 = VECTOR('',#1799,1.);
#1799 = DIRECTION('',(0.,-1.,-2.22044604925E-16));
#1800 = ORIENTED_EDGE('',*,*,#1801,.F.);
#1801 = EDGE_CURVE('',#1802,#1794,#1804,.T.);
#1802 = VERTEX_POINT('',#1803);
#1803 = CARTESIAN_POINT('',(-3.315,-1.05,0.22));
#1804 = LINE('',#1805,#1806);
#1805 = CARTESIAN_POINT('',(-3.315,-1.05,0.22));
#1806 = VECTOR('',#1807,1.);
#1807 = DIRECTION('',(0.707106781187,-0.707106781187,-1.570092458684E-16
    ));
#1808 = ORIENTED_EDGE('',*,*,#1809,.F.);
#1809 = EDGE_CURVE('',#1810,#1802,#1812,.T.);
#1810 = VERTEX_POINT('',#1811);
#1811 = CARTESIAN_POINT('',(-3.315,0.55,0.22));
#1812 = LINE('',#1813,#1814);
#1813 = CARTESIAN_POINT('',(-3.315,0.55,0.22));
#1814 = VECTOR('',#1815,1.);
#1815 = DIRECTION('',(0.,-1.,-2.22044604925E-16));
#1816 = ORIENTED_EDGE('',*,*,#1817,.F.);
#1817 = EDGE_CURVE('',#1818,#1810,#1820,.T.);
#1818 = VERTEX_POINT('',#1819);
#1819 = CARTESIAN_POINT('',(-3.215,0.65,0.22));
#1820 = CIRCLE('',#1821,0.1);
#1821 = AXIS2_PLACEMENT_3D('',#1822,#1823,#1824);
#1822 = CARTESIAN_POINT('',(-3.215,0.55,0.22));
#1823 = DIRECTION('',(0.,-2.22044604925E-16,1.));
#1824 = DIRECTION('',(0.,1.,2.22044604925E-16));
#1825 = ORIENTED_EDGE('',*,*,#1826,.T.);
#1826 = EDGE_CURVE('',#1818,#1367,#1827,.T.);
#1827 = LINE('',#1828,#1829);
#1828 = CARTESIAN_POINT('',(-3.215,0.65,0.22));
#1829 = VECTOR('',#1830,1.);
#1830 = DIRECTION('',(1.,0.,0.));
#1831 = ORIENTED_EDGE('',*,*,#1366,.T.);
#1832 = ORIENTED_EDGE('',*,*,#1833,.T.);
#1833 = EDGE_CURVE('',#1359,#1769,#1834,.T.);
#1834 = LINE('',#1835,#1836);
#1835 = CARTESIAN_POINT('',(-3.12,-2.15,0.22));
#1836 = VECTOR('',#1837,1.);
#1837 = DIRECTION('',(-1.,-0.,0.));
#1838 = PLANE('',#1839);
#1839 = AXIS2_PLACEMENT_3D('',#1840,#1841,#1842);
#1840 = CARTESIAN_POINT('',(-3.315,0.65,0.22));
#1841 = DIRECTION('',(0.,-2.22044604925E-16,1.));
#1842 = DIRECTION('',(1.,0.,0.));
#1843 = ADVANCED_FACE('',(#1844),#1904,.T.);
#1844 = FACE_BOUND('',#1845,.F.);
#1845 = EDGE_LOOP('',(#1846,#1857,#1865,#1873,#1881,#1889,#1895,#1896,
    #1897,#1898));
#1846 = ORIENTED_EDGE('',*,*,#1847,.F.);
#1847 = EDGE_CURVE('',#1848,#1850,#1852,.T.);
#1848 = VERTEX_POINT('',#1849);
#1849 = CARTESIAN_POINT('',(3.315,0.55,0.22));
#1850 = VERTEX_POINT('',#1851);
#1851 = CARTESIAN_POINT('',(3.215,0.65,0.22));
#1852 = CIRCLE('',#1853,0.1);
#1853 = AXIS2_PLACEMENT_3D('',#1854,#1855,#1856);
#1854 = CARTESIAN_POINT('',(3.215,0.55,0.22));
#1855 = DIRECTION('',(0.,-2.22044604925E-16,1.));
#1856 = DIRECTION('',(1.,0.,0.));
#1857 = ORIENTED_EDGE('',*,*,#1858,.F.);
#1858 = EDGE_CURVE('',#1859,#1848,#1861,.T.);
#1859 = VERTEX_POINT('',#1860);
#1860 = CARTESIAN_POINT('',(3.315,-1.05,0.22));
#1861 = LINE('',#1862,#1863);
#1862 = CARTESIAN_POINT('',(3.315,-1.05,0.22));
#1863 = VECTOR('',#1864,1.);
#1864 = DIRECTION('',(0.,1.,2.22044604925E-16));
#1865 = ORIENTED_EDGE('',*,*,#1866,.F.);
#1866 = EDGE_CURVE('',#1867,#1859,#1869,.T.);
#1867 = VERTEX_POINT('',#1868);
#1868 = CARTESIAN_POINT('',(3.165,-1.2,0.22));
#1869 = LINE('',#1870,#1871);
#1870 = CARTESIAN_POINT('',(3.165,-1.2,0.22));
#1871 = VECTOR('',#1872,1.);
#1872 = DIRECTION('',(0.707106781187,0.707106781187,1.570092458684E-16)
  );
#1873 = ORIENTED_EDGE('',*,*,#1874,.F.);
#1874 = EDGE_CURVE('',#1875,#1867,#1877,.T.);
#1875 = VERTEX_POINT('',#1876);
#1876 = CARTESIAN_POINT('',(3.165,-1.6,0.22));
#1877 = LINE('',#1878,#1879);
#1878 = CARTESIAN_POINT('',(3.165,-1.6,0.22));
#1879 = VECTOR('',#1880,1.);
#1880 = DIRECTION('',(0.,1.,2.22044604925E-16));
#1881 = ORIENTED_EDGE('',*,*,#1882,.F.);
#1882 = EDGE_CURVE('',#1883,#1875,#1885,.T.);
#1883 = VERTEX_POINT('',#1884);
#1884 = CARTESIAN_POINT('',(3.315,-1.75,0.22));
#1885 = LINE('',#1886,#1887);
#1886 = CARTESIAN_POINT('',(3.315,-1.75,0.22));
#1887 = VECTOR('',#1888,1.);
#1888 = DIRECTION('',(-0.707106781187,0.707106781187,1.570092458684E-16)
  );
#1889 = ORIENTED_EDGE('',*,*,#1890,.F.);
#1890 = EDGE_CURVE('',#1668,#1883,#1891,.T.);
#1891 = LINE('',#1892,#1893);
#1892 = CARTESIAN_POINT('',(3.315,-2.05,0.22));
#1893 = VECTOR('',#1894,1.);
#1894 = DIRECTION('',(0.,1.,2.22044604925E-16));
#1895 = ORIENTED_EDGE('',*,*,#1675,.F.);
#1896 = ORIENTED_EDGE('',*,*,#1643,.T.);
#1897 = ORIENTED_EDGE('',*,*,#773,.T.);
#1898 = ORIENTED_EDGE('',*,*,#1899,.T.);
#1899 = EDGE_CURVE('',#766,#1850,#1900,.T.);
#1900 = LINE('',#1901,#1902);
#1901 = CARTESIAN_POINT('',(3.12,0.65,0.22));
#1902 = VECTOR('',#1903,1.);
#1903 = DIRECTION('',(1.,0.,0.));
#1904 = PLANE('',#1905);
#1905 = AXIS2_PLACEMENT_3D('',#1906,#1907,#1908);
#1906 = CARTESIAN_POINT('',(-3.315,0.65,0.22));
#1907 = DIRECTION('',(0.,-2.22044604925E-16,1.));
#1908 = DIRECTION('',(1.,0.,0.));
#1909 = ADVANCED_FACE('',(#1910,#1956,#1990,#2024,#2058,#2092),#2126,.F.
  );
#1910 = FACE_BOUND('',#1911,.F.);
#1911 = EDGE_LOOP('',(#1912,#1920,#1928,#1934,#1942,#1950));
#1912 = ORIENTED_EDGE('',*,*,#1913,.F.);
#1913 = EDGE_CURVE('',#1914,#1505,#1916,.T.);
#1914 = VERTEX_POINT('',#1915);
#1915 = CARTESIAN_POINT('',(1.4,0.65,2.05));
#1916 = LINE('',#1917,#1918);
#1917 = CARTESIAN_POINT('',(1.4,0.65,2.05));
#1918 = VECTOR('',#1919,1.);
#1919 = DIRECTION('',(0.,2.22044604925E-16,-1.));
#1920 = ORIENTED_EDGE('',*,*,#1921,.T.);
#1921 = EDGE_CURVE('',#1914,#1922,#1924,.T.);
#1922 = VERTEX_POINT('',#1923);
#1923 = CARTESIAN_POINT('',(-1.4,0.65,2.05));
#1924 = LINE('',#1925,#1926);
#1925 = CARTESIAN_POINT('',(1.4,0.65,2.05));
#1926 = VECTOR('',#1927,1.);
#1927 = DIRECTION('',(-1.,-0.,0.));
#1928 = ORIENTED_EDGE('',*,*,#1929,.F.);
#1929 = EDGE_CURVE('',#1556,#1922,#1930,.T.);
#1930 = LINE('',#1931,#1932);
#1931 = CARTESIAN_POINT('',(-1.4,0.65,0.22));
#1932 = VECTOR('',#1933,1.);
#1933 = DIRECTION('',(0.,-2.22044604925E-16,1.));
#1934 = ORIENTED_EDGE('',*,*,#1935,.F.);
#1935 = EDGE_CURVE('',#1936,#1556,#1938,.T.);
#1936 = VERTEX_POINT('',#1937);
#1937 = CARTESIAN_POINT('',(-1.4,0.65,5.E-02));
#1938 = LINE('',#1939,#1940);
#1939 = CARTESIAN_POINT('',(-1.4,0.65,5.E-02));
#1940 = VECTOR('',#1941,1.);
#1941 = DIRECTION('',(0.,-2.22044604925E-16,1.));
#1942 = ORIENTED_EDGE('',*,*,#1943,.F.);
#1943 = EDGE_CURVE('',#1944,#1936,#1946,.T.);
#1944 = VERTEX_POINT('',#1945);
#1945 = CARTESIAN_POINT('',(1.4,0.65,5.E-02));
#1946 = LINE('',#1947,#1948);
#1947 = CARTESIAN_POINT('',(1.4,0.65,5.E-02));
#1948 = VECTOR('',#1949,1.);
#1949 = DIRECTION('',(-1.,-0.,0.));
#1950 = ORIENTED_EDGE('',*,*,#1951,.F.);
#1951 = EDGE_CURVE('',#1505,#1944,#1952,.T.);
#1952 = LINE('',#1953,#1954);
#1953 = CARTESIAN_POINT('',(1.4,0.65,0.22));
#1954 = VECTOR('',#1955,1.);
#1955 = DIRECTION('',(0.,2.22044604925E-16,-1.));
#1956 = FACE_BOUND('',#1957,.F.);
#1957 = EDGE_LOOP('',(#1958,#1968,#1976,#1984));
#1958 = ORIENTED_EDGE('',*,*,#1959,.T.);
#1959 = EDGE_CURVE('',#1960,#1962,#1964,.T.);
#1960 = VERTEX_POINT('',#1961);
#1961 = CARTESIAN_POINT('',(-1.1,0.65,0.2));
#1962 = VERTEX_POINT('',#1963);
#1963 = CARTESIAN_POINT('',(-1.1,0.65,0.63));
#1964 = LINE('',#1965,#1966);
#1965 = CARTESIAN_POINT('',(-1.1,0.65,0.2));
#1966 = VECTOR('',#1967,1.);
#1967 = DIRECTION('',(0.,-2.22044604925E-16,1.));
#1968 = ORIENTED_EDGE('',*,*,#1969,.F.);
#1969 = EDGE_CURVE('',#1970,#1962,#1972,.T.);
#1970 = VERTEX_POINT('',#1971);
#1971 = CARTESIAN_POINT('',(-0.9,0.65,0.63));
#1972 = LINE('',#1973,#1974);
#1973 = CARTESIAN_POINT('',(-0.9,0.65,0.63));
#1974 = VECTOR('',#1975,1.);
#1975 = DIRECTION('',(-1.,-0.,0.));
#1976 = ORIENTED_EDGE('',*,*,#1977,.F.);
#1977 = EDGE_CURVE('',#1978,#1970,#1980,.T.);
#1978 = VERTEX_POINT('',#1979);
#1979 = CARTESIAN_POINT('',(-0.9,0.65,0.2));
#1980 = LINE('',#1981,#1982);
#1981 = CARTESIAN_POINT('',(-0.9,0.65,0.2));
#1982 = VECTOR('',#1983,1.);
#1983 = DIRECTION('',(0.,-2.22044604925E-16,1.));
#1984 = ORIENTED_EDGE('',*,*,#1985,.T.);
#1985 = EDGE_CURVE('',#1978,#1960,#1986,.T.);
#1986 = LINE('',#1987,#1988);
#1987 = CARTESIAN_POINT('',(-0.9,0.65,0.2));
#1988 = VECTOR('',#1989,1.);
#1989 = DIRECTION('',(-1.,-0.,0.));
#1990 = FACE_BOUND('',#1991,.F.);
#1991 = EDGE_LOOP('',(#1992,#2002,#2010,#2018));
#1992 = ORIENTED_EDGE('',*,*,#1993,.T.);
#1993 = EDGE_CURVE('',#1994,#1996,#1998,.T.);
#1994 = VERTEX_POINT('',#1995);
#1995 = CARTESIAN_POINT('',(-0.6,0.65,0.2));
#1996 = VERTEX_POINT('',#1997);
#1997 = CARTESIAN_POINT('',(-0.6,0.65,0.63));
#1998 = LINE('',#1999,#2000);
#1999 = CARTESIAN_POINT('',(-0.6,0.65,0.2));
#2000 = VECTOR('',#2001,1.);
#2001 = DIRECTION('',(0.,-2.22044604925E-16,1.));
#2002 = ORIENTED_EDGE('',*,*,#2003,.F.);
#2003 = EDGE_CURVE('',#2004,#1996,#2006,.T.);
#2004 = VERTEX_POINT('',#2005);
#2005 = CARTESIAN_POINT('',(-0.4,0.65,0.63));
#2006 = LINE('',#2007,#2008);
#2007 = CARTESIAN_POINT('',(-0.4,0.65,0.63));
#2008 = VECTOR('',#2009,1.);
#2009 = DIRECTION('',(-1.,-0.,0.));
#2010 = ORIENTED_EDGE('',*,*,#2011,.F.);
#2011 = EDGE_CURVE('',#2012,#2004,#2014,.T.);
#2012 = VERTEX_POINT('',#2013);
#2013 = CARTESIAN_POINT('',(-0.4,0.65,0.2));
#2014 = LINE('',#2015,#2016);
#2015 = CARTESIAN_POINT('',(-0.4,0.65,0.2));
#2016 = VECTOR('',#2017,1.);
#2017 = DIRECTION('',(0.,-2.22044604925E-16,1.));
#2018 = ORIENTED_EDGE('',*,*,#2019,.T.);
#2019 = EDGE_CURVE('',#2012,#1994,#2020,.T.);
#2020 = LINE('',#2021,#2022);
#2021 = CARTESIAN_POINT('',(-0.4,0.65,0.2));
#2022 = VECTOR('',#2023,1.);
#2023 = DIRECTION('',(-1.,-0.,0.));
#2024 = FACE_BOUND('',#2025,.F.);
#2025 = EDGE_LOOP('',(#2026,#2036,#2044,#2052));
#2026 = ORIENTED_EDGE('',*,*,#2027,.T.);
#2027 = EDGE_CURVE('',#2028,#2030,#2032,.T.);
#2028 = VERTEX_POINT('',#2029);
#2029 = CARTESIAN_POINT('',(-0.1,0.65,0.2));
#2030 = VERTEX_POINT('',#2031);
#2031 = CARTESIAN_POINT('',(-0.1,0.65,0.63));
#2032 = LINE('',#2033,#2034);
#2033 = CARTESIAN_POINT('',(-0.1,0.65,0.2));
#2034 = VECTOR('',#2035,1.);
#2035 = DIRECTION('',(0.,-2.22044604925E-16,1.));
#2036 = ORIENTED_EDGE('',*,*,#2037,.F.);
#2037 = EDGE_CURVE('',#2038,#2030,#2040,.T.);
#2038 = VERTEX_POINT('',#2039);
#2039 = CARTESIAN_POINT('',(0.1,0.65,0.63));
#2040 = LINE('',#2041,#2042);
#2041 = CARTESIAN_POINT('',(0.1,0.65,0.63));
#2042 = VECTOR('',#2043,1.);
#2043 = DIRECTION('',(-1.,-0.,0.));
#2044 = ORIENTED_EDGE('',*,*,#2045,.F.);
#2045 = EDGE_CURVE('',#2046,#2038,#2048,.T.);
#2046 = VERTEX_POINT('',#2047);
#2047 = CARTESIAN_POINT('',(0.1,0.65,0.2));
#2048 = LINE('',#2049,#2050);
#2049 = CARTESIAN_POINT('',(0.1,0.65,0.2));
#2050 = VECTOR('',#2051,1.);
#2051 = DIRECTION('',(0.,-2.22044604925E-16,1.));
#2052 = ORIENTED_EDGE('',*,*,#2053,.T.);
#2053 = EDGE_CURVE('',#2046,#2028,#2054,.T.);
#2054 = LINE('',#2055,#2056);
#2055 = CARTESIAN_POINT('',(0.1,0.65,0.2));
#2056 = VECTOR('',#2057,1.);
#2057 = DIRECTION('',(-1.,-0.,0.));
#2058 = FACE_BOUND('',#2059,.F.);
#2059 = EDGE_LOOP('',(#2060,#2070,#2078,#2086));
#2060 = ORIENTED_EDGE('',*,*,#2061,.T.);
#2061 = EDGE_CURVE('',#2062,#2064,#2066,.T.);
#2062 = VERTEX_POINT('',#2063);
#2063 = CARTESIAN_POINT('',(0.4,0.65,0.2));
#2064 = VERTEX_POINT('',#2065);
#2065 = CARTESIAN_POINT('',(0.4,0.65,0.63));
#2066 = LINE('',#2067,#2068);
#2067 = CARTESIAN_POINT('',(0.4,0.65,0.2));
#2068 = VECTOR('',#2069,1.);
#2069 = DIRECTION('',(0.,-2.22044604925E-16,1.));
#2070 = ORIENTED_EDGE('',*,*,#2071,.F.);
#2071 = EDGE_CURVE('',#2072,#2064,#2074,.T.);
#2072 = VERTEX_POINT('',#2073);
#2073 = CARTESIAN_POINT('',(0.6,0.65,0.63));
#2074 = LINE('',#2075,#2076);
#2075 = CARTESIAN_POINT('',(0.6,0.65,0.63));
#2076 = VECTOR('',#2077,1.);
#2077 = DIRECTION('',(-1.,-0.,0.));
#2078 = ORIENTED_EDGE('',*,*,#2079,.F.);
#2079 = EDGE_CURVE('',#2080,#2072,#2082,.T.);
#2080 = VERTEX_POINT('',#2081);
#2081 = CARTESIAN_POINT('',(0.6,0.65,0.2));
#2082 = LINE('',#2083,#2084);
#2083 = CARTESIAN_POINT('',(0.6,0.65,0.2));
#2084 = VECTOR('',#2085,1.);
#2085 = DIRECTION('',(0.,-2.22044604925E-16,1.));
#2086 = ORIENTED_EDGE('',*,*,#2087,.T.);
#2087 = EDGE_CURVE('',#2080,#2062,#2088,.T.);
#2088 = LINE('',#2089,#2090);
#2089 = CARTESIAN_POINT('',(0.6,0.65,0.2));
#2090 = VECTOR('',#2091,1.);
#2091 = DIRECTION('',(-1.,-0.,0.));
#2092 = FACE_BOUND('',#2093,.F.);
#2093 = EDGE_LOOP('',(#2094,#2104,#2112,#2120));
#2094 = ORIENTED_EDGE('',*,*,#2095,.T.);
#2095 = EDGE_CURVE('',#2096,#2098,#2100,.T.);
#2096 = VERTEX_POINT('',#2097);
#2097 = CARTESIAN_POINT('',(0.9,0.65,0.2));
#2098 = VERTEX_POINT('',#2099);
#2099 = CARTESIAN_POINT('',(0.9,0.65,0.63));
#2100 = LINE('',#2101,#2102);
#2101 = CARTESIAN_POINT('',(0.9,0.65,0.2));
#2102 = VECTOR('',#2103,1.);
#2103 = DIRECTION('',(0.,-2.22044604925E-16,1.));
#2104 = ORIENTED_EDGE('',*,*,#2105,.F.);
#2105 = EDGE_CURVE('',#2106,#2098,#2108,.T.);
#2106 = VERTEX_POINT('',#2107);
#2107 = CARTESIAN_POINT('',(1.1,0.65,0.63));
#2108 = LINE('',#2109,#2110);
#2109 = CARTESIAN_POINT('',(1.1,0.65,0.63));
#2110 = VECTOR('',#2111,1.);
#2111 = DIRECTION('',(-1.,-0.,0.));
#2112 = ORIENTED_EDGE('',*,*,#2113,.F.);
#2113 = EDGE_CURVE('',#2114,#2106,#2116,.T.);
#2114 = VERTEX_POINT('',#2115);
#2115 = CARTESIAN_POINT('',(1.1,0.65,0.2));
#2116 = LINE('',#2117,#2118);
#2117 = CARTESIAN_POINT('',(1.1,0.65,0.2));
#2118 = VECTOR('',#2119,1.);
#2119 = DIRECTION('',(0.,-2.22044604925E-16,1.));
#2120 = ORIENTED_EDGE('',*,*,#2121,.T.);
#2121 = EDGE_CURVE('',#2114,#2096,#2122,.T.);
#2122 = LINE('',#2123,#2124);
#2123 = CARTESIAN_POINT('',(1.1,0.65,0.2));
#2124 = VECTOR('',#2125,1.);
#2125 = DIRECTION('',(-1.,-0.,0.));
#2126 = PLANE('',#2127);
#2127 = AXIS2_PLACEMENT_3D('',#2128,#2129,#2130);
#2128 = CARTESIAN_POINT('',(0.,0.65,1.05));
#2129 = DIRECTION('',(0.,-1.,-2.22044604925E-16));
#2130 = DIRECTION('',(-1.,-0.,0.));
#2131 = ADVANCED_FACE('',(#2132),#2223,.F.);
#2132 = FACE_BOUND('',#2133,.F.);
#2133 = EDGE_LOOP('',(#2134,#2142,#2150,#2159,#2167,#2175,#2183,#2190,
    #2191,#2199,#2205,#2206,#2214,#2220,#2221,#2222));
#2134 = ORIENTED_EDGE('',*,*,#2135,.F.);
#2135 = EDGE_CURVE('',#2136,#1818,#2138,.T.);
#2136 = VERTEX_POINT('',#2137);
#2137 = CARTESIAN_POINT('',(-3.215,0.65,2.E-02));
#2138 = LINE('',#2139,#2140);
#2139 = CARTESIAN_POINT('',(-3.215,0.65,2.E-02));
#2140 = VECTOR('',#2141,1.);
#2141 = DIRECTION('',(0.,-2.22044604925E-16,1.));
#2142 = ORIENTED_EDGE('',*,*,#2143,.F.);
#2143 = EDGE_CURVE('',#2144,#2136,#2146,.T.);
#2144 = VERTEX_POINT('',#2145);
#2145 = CARTESIAN_POINT('',(-1.916,0.65,2.E-02));
#2146 = LINE('',#2147,#2148);
#2147 = CARTESIAN_POINT('',(-1.916,0.65,2.E-02));
#2148 = VECTOR('',#2149,1.);
#2149 = DIRECTION('',(-1.,-0.,0.));
#2150 = ORIENTED_EDGE('',*,*,#2151,.F.);
#2151 = EDGE_CURVE('',#2152,#2144,#2154,.T.);
#2152 = VERTEX_POINT('',#2153);
#2153 = CARTESIAN_POINT('',(-1.565,0.65,0.371));
#2154 = CIRCLE('',#2155,0.351);
#2155 = AXIS2_PLACEMENT_3D('',#2156,#2157,#2158);
#2156 = CARTESIAN_POINT('',(-1.916,0.65,0.371));
#2157 = DIRECTION('',(-0.,1.,2.22044604925E-16));
#2158 = DIRECTION('',(1.,0.,0.));
#2159 = ORIENTED_EDGE('',*,*,#2160,.F.);
#2160 = EDGE_CURVE('',#2161,#2152,#2163,.T.);
#2161 = VERTEX_POINT('',#2162);
#2162 = CARTESIAN_POINT('',(-1.565,0.65,0.77));
#2163 = LINE('',#2164,#2165);
#2164 = CARTESIAN_POINT('',(-1.565,0.65,0.77));
#2165 = VECTOR('',#2166,1.);
#2166 = DIRECTION('',(0.,2.22044604925E-16,-1.));
#2167 = ORIENTED_EDGE('',*,*,#2168,.F.);
#2168 = EDGE_CURVE('',#2169,#2161,#2171,.T.);
#2169 = VERTEX_POINT('',#2170);
#2170 = CARTESIAN_POINT('',(-1.765,0.65,0.77));
#2171 = LINE('',#2172,#2173);
#2172 = CARTESIAN_POINT('',(-1.765,0.65,0.77));
#2173 = VECTOR('',#2174,1.);
#2174 = DIRECTION('',(1.,0.,0.));
#2175 = ORIENTED_EDGE('',*,*,#2176,.F.);
#2176 = EDGE_CURVE('',#2177,#2169,#2179,.T.);
#2177 = VERTEX_POINT('',#2178);
#2178 = CARTESIAN_POINT('',(-1.765,0.65,0.371));
#2179 = LINE('',#2180,#2181);
#2180 = CARTESIAN_POINT('',(-1.765,0.65,0.371));
#2181 = VECTOR('',#2182,1.);
#2182 = DIRECTION('',(0.,-2.22044604925E-16,1.));
#2183 = ORIENTED_EDGE('',*,*,#2184,.F.);
#2184 = EDGE_CURVE('',#1731,#2177,#2185,.T.);
#2185 = CIRCLE('',#2186,0.151);
#2186 = AXIS2_PLACEMENT_3D('',#2187,#2188,#2189);
#2187 = CARTESIAN_POINT('',(-1.916,0.65,0.371));
#2188 = DIRECTION('',(0.,-1.,-2.22044604925E-16));
#2189 = DIRECTION('',(0.,2.22044604925E-16,-1.));
#2190 = ORIENTED_EDGE('',*,*,#1728,.F.);
#2191 = ORIENTED_EDGE('',*,*,#2192,.F.);
#2192 = EDGE_CURVE('',#2193,#1729,#2195,.T.);
#2193 = VERTEX_POINT('',#2194);
#2194 = CARTESIAN_POINT('',(-1.93,0.65,1.88));
#2195 = LINE('',#2196,#2197);
#2196 = CARTESIAN_POINT('',(-1.93,0.65,1.88));
#2197 = VECTOR('',#2198,1.);
#2198 = DIRECTION('',(0.,2.22044604925E-16,-1.));
#2199 = ORIENTED_EDGE('',*,*,#2200,.T.);
#2200 = EDGE_CURVE('',#2193,#1417,#2201,.T.);
#2201 = LINE('',#2202,#2203);
#2202 = CARTESIAN_POINT('',(-1.93,0.65,1.88));
#2203 = VECTOR('',#2204,1.);
#2204 = DIRECTION('',(-1.,-0.,0.));
#2205 = ORIENTED_EDGE('',*,*,#1416,.T.);
#2206 = ORIENTED_EDGE('',*,*,#2207,.F.);
#2207 = EDGE_CURVE('',#2208,#1409,#2210,.T.);
#2208 = VERTEX_POINT('',#2209);
#2209 = CARTESIAN_POINT('',(-2.14,0.65,1.55));
#2210 = LINE('',#2211,#2212);
#2211 = CARTESIAN_POINT('',(-2.14,0.65,1.55));
#2212 = VECTOR('',#2213,1.);
#2213 = DIRECTION('',(-1.,-0.,0.));
#2214 = ORIENTED_EDGE('',*,*,#2215,.T.);
#2215 = EDGE_CURVE('',#2208,#1057,#2216,.T.);
#2216 = LINE('',#2217,#2218);
#2217 = CARTESIAN_POINT('',(-2.14,0.65,1.55));
#2218 = VECTOR('',#2219,1.);
#2219 = DIRECTION('',(0.,2.22044604925E-16,-1.));
#2220 = ORIENTED_EDGE('',*,*,#1056,.T.);
#2221 = ORIENTED_EDGE('',*,*,#1374,.T.);
#2222 = ORIENTED_EDGE('',*,*,#1826,.F.);
#2223 = PLANE('',#2224);
#2224 = AXIS2_PLACEMENT_3D('',#2225,#2226,#2227);
#2225 = CARTESIAN_POINT('',(0.,0.65,1.05));
#2226 = DIRECTION('',(0.,-1.,-2.22044604925E-16));
#2227 = DIRECTION('',(-1.,-0.,0.));
#2228 = ADVANCED_FACE('',(#2229),#2320,.F.);
#2229 = FACE_BOUND('',#2230,.F.);
#2230 = EDGE_LOOP('',(#2231,#2239,#2240,#2241,#2242,#2250,#2256,#2257,
    #2265,#2271,#2272,#2281,#2289,#2297,#2305,#2314));
#2231 = ORIENTED_EDGE('',*,*,#2232,.F.);
#2232 = EDGE_CURVE('',#1850,#2233,#2235,.T.);
#2233 = VERTEX_POINT('',#2234);
#2234 = CARTESIAN_POINT('',(3.215,0.65,2.E-02));
#2235 = LINE('',#2236,#2237);
#2236 = CARTESIAN_POINT('',(3.215,0.65,0.22));
#2237 = VECTOR('',#2238,1.);
#2238 = DIRECTION('',(0.,2.22044604925E-16,-1.));
#2239 = ORIENTED_EDGE('',*,*,#1899,.F.);
#2240 = ORIENTED_EDGE('',*,*,#765,.T.);
#2241 = ORIENTED_EDGE('',*,*,#1151,.T.);
#2242 = ORIENTED_EDGE('',*,*,#2243,.F.);
#2243 = EDGE_CURVE('',#2244,#1144,#2246,.T.);
#2244 = VERTEX_POINT('',#2245);
#2245 = CARTESIAN_POINT('',(2.14,0.65,1.55));
#2246 = LINE('',#2247,#2248);
#2247 = CARTESIAN_POINT('',(2.14,0.65,1.55));
#2248 = VECTOR('',#2249,1.);
#2249 = DIRECTION('',(0.,2.22044604925E-16,-1.));
#2250 = ORIENTED_EDGE('',*,*,#2251,.F.);
#2251 = EDGE_CURVE('',#822,#2244,#2252,.T.);
#2252 = LINE('',#2253,#2254);
#2253 = CARTESIAN_POINT('',(3.12,0.65,1.55));
#2254 = VECTOR('',#2255,1.);
#2255 = DIRECTION('',(-1.,-0.,0.));
#2256 = ORIENTED_EDGE('',*,*,#821,.T.);
#2257 = ORIENTED_EDGE('',*,*,#2258,.T.);
#2258 = EDGE_CURVE('',#814,#2259,#2261,.T.);
#2259 = VERTEX_POINT('',#2260);
#2260 = CARTESIAN_POINT('',(1.93,0.65,1.88));
#2261 = LINE('',#2262,#2263);
#2262 = CARTESIAN_POINT('',(3.12,0.65,1.88));
#2263 = VECTOR('',#2264,1.);
#2264 = DIRECTION('',(-1.,-0.,0.));
#2265 = ORIENTED_EDGE('',*,*,#2266,.F.);
#2266 = EDGE_CURVE('',#1693,#2259,#2267,.T.);
#2267 = LINE('',#2268,#2269);
#2268 = CARTESIAN_POINT('',(1.93,0.65,0.22));
#2269 = VECTOR('',#2270,1.);
#2270 = DIRECTION('',(0.,-2.22044604925E-16,1.));
#2271 = ORIENTED_EDGE('',*,*,#1690,.F.);
#2272 = ORIENTED_EDGE('',*,*,#2273,.F.);
#2273 = EDGE_CURVE('',#2274,#1691,#2276,.T.);
#2274 = VERTEX_POINT('',#2275);
#2275 = CARTESIAN_POINT('',(1.765,0.65,0.371));
#2276 = CIRCLE('',#2277,0.151);
#2277 = AXIS2_PLACEMENT_3D('',#2278,#2279,#2280);
#2278 = CARTESIAN_POINT('',(1.916,0.65,0.371));
#2279 = DIRECTION('',(0.,-1.,-2.22044604925E-16));
#2280 = DIRECTION('',(-1.,-0.,0.));
#2281 = ORIENTED_EDGE('',*,*,#2282,.F.);
#2282 = EDGE_CURVE('',#2283,#2274,#2285,.T.);
#2283 = VERTEX_POINT('',#2284);
#2284 = CARTESIAN_POINT('',(1.765,0.65,0.77));
#2285 = LINE('',#2286,#2287);
#2286 = CARTESIAN_POINT('',(1.765,0.65,0.77));
#2287 = VECTOR('',#2288,1.);
#2288 = DIRECTION('',(0.,2.22044604925E-16,-1.));
#2289 = ORIENTED_EDGE('',*,*,#2290,.F.);
#2290 = EDGE_CURVE('',#2291,#2283,#2293,.T.);
#2291 = VERTEX_POINT('',#2292);
#2292 = CARTESIAN_POINT('',(1.565,0.65,0.77));
#2293 = LINE('',#2294,#2295);
#2294 = CARTESIAN_POINT('',(1.565,0.65,0.77));
#2295 = VECTOR('',#2296,1.);
#2296 = DIRECTION('',(1.,0.,0.));
#2297 = ORIENTED_EDGE('',*,*,#2298,.F.);
#2298 = EDGE_CURVE('',#2299,#2291,#2301,.T.);
#2299 = VERTEX_POINT('',#2300);
#2300 = CARTESIAN_POINT('',(1.565,0.65,0.371));
#2301 = LINE('',#2302,#2303);
#2302 = CARTESIAN_POINT('',(1.565,0.65,0.371));
#2303 = VECTOR('',#2304,1.);
#2304 = DIRECTION('',(0.,-2.22044604925E-16,1.));
#2305 = ORIENTED_EDGE('',*,*,#2306,.F.);
#2306 = EDGE_CURVE('',#2307,#2299,#2309,.T.);
#2307 = VERTEX_POINT('',#2308);
#2308 = CARTESIAN_POINT('',(1.916,0.65,2.E-02));
#2309 = CIRCLE('',#2310,0.351);
#2310 = AXIS2_PLACEMENT_3D('',#2311,#2312,#2313);
#2311 = CARTESIAN_POINT('',(1.916,0.65,0.371));
#2312 = DIRECTION('',(0.,1.,2.22044604925E-16));
#2313 = DIRECTION('',(0.,2.22044604925E-16,-1.));
#2314 = ORIENTED_EDGE('',*,*,#2315,.F.);
#2315 = EDGE_CURVE('',#2233,#2307,#2316,.T.);
#2316 = LINE('',#2317,#2318);
#2317 = CARTESIAN_POINT('',(3.215,0.65,2.E-02));
#2318 = VECTOR('',#2319,1.);
#2319 = DIRECTION('',(-1.,-0.,0.));
#2320 = PLANE('',#2321);
#2321 = AXIS2_PLACEMENT_3D('',#2322,#2323,#2324);
#2322 = CARTESIAN_POINT('',(0.,0.65,1.05));
#2323 = DIRECTION('',(0.,-1.,-2.22044604925E-16));
#2324 = DIRECTION('',(-1.,-0.,0.));
#2325 = ADVANCED_FACE('',(#2326),#2344,.T.);
#2326 = FACE_BOUND('',#2327,.F.);
#2327 = EDGE_LOOP('',(#2328,#2329,#2337,#2343));
#2328 = ORIENTED_EDGE('',*,*,#1504,.T.);
#2329 = ORIENTED_EDGE('',*,*,#2330,.F.);
#2330 = EDGE_CURVE('',#2331,#1497,#2333,.T.);
#2331 = VERTEX_POINT('',#2332);
#2332 = CARTESIAN_POINT('',(1.55,0.5,2.05));
#2333 = LINE('',#2334,#2335);
#2334 = CARTESIAN_POINT('',(1.55,0.5,2.05));
#2335 = VECTOR('',#2336,1.);
#2336 = DIRECTION('',(0.,2.22044604925E-16,-1.));
#2337 = ORIENTED_EDGE('',*,*,#2338,.T.);
#2338 = EDGE_CURVE('',#2331,#1914,#2339,.T.);
#2339 = LINE('',#2340,#2341);
#2340 = CARTESIAN_POINT('',(1.55,0.5,2.05));
#2341 = VECTOR('',#2342,1.);
#2342 = DIRECTION('',(-0.707106781187,0.707106781186,1.570092458684E-16)
  );
#2343 = ORIENTED_EDGE('',*,*,#1913,.T.);
#2344 = PLANE('',#2345);
#2345 = AXIS2_PLACEMENT_3D('',#2346,#2347,#2348);
#2346 = CARTESIAN_POINT('',(1.475,0.575,1.135));
#2347 = DIRECTION('',(0.707106781187,0.707106781187,1.570092458684E-16)
  );
#2348 = DIRECTION('',(0.,2.22044604925E-16,-1.));
#2349 = ADVANCED_FACE('',(#2350),#2482,.F.);
#2350 = FACE_BOUND('',#2351,.F.);
#2351 = EDGE_LOOP('',(#2352,#2362,#2370,#2378,#2386,#2394,#2402,#2408,
    #2409,#2410,#2418,#2426,#2435,#2443,#2452,#2460,#2468,#2476));
#2352 = ORIENTED_EDGE('',*,*,#2353,.T.);
#2353 = EDGE_CURVE('',#2354,#2356,#2358,.T.);
#2354 = VERTEX_POINT('',#2355);
#2355 = CARTESIAN_POINT('',(1.55,-1.2,1.88));
#2356 = VERTEX_POINT('',#2357);
#2357 = CARTESIAN_POINT('',(1.55,-2.26,1.88));
#2358 = LINE('',#2359,#2360);
#2359 = CARTESIAN_POINT('',(1.55,-1.2,1.88));
#2360 = VECTOR('',#2361,1.);
#2361 = DIRECTION('',(0.,-1.,-2.22044604925E-16));
#2362 = ORIENTED_EDGE('',*,*,#2363,.T.);
#2363 = EDGE_CURVE('',#2356,#2364,#2366,.T.);
#2364 = VERTEX_POINT('',#2365);
#2365 = CARTESIAN_POINT('',(1.55,-2.26,1.55));
#2366 = LINE('',#2367,#2368);
#2367 = CARTESIAN_POINT('',(1.55,-2.26,1.88));
#2368 = VECTOR('',#2369,1.);
#2369 = DIRECTION('',(0.,2.22044604925E-16,-1.));
#2370 = ORIENTED_EDGE('',*,*,#2371,.T.);
#2371 = EDGE_CURVE('',#2364,#2372,#2374,.T.);
#2372 = VERTEX_POINT('',#2373);
#2373 = CARTESIAN_POINT('',(1.55,-2.3,1.55));
#2374 = LINE('',#2375,#2376);
#2375 = CARTESIAN_POINT('',(1.55,-2.26,1.55));
#2376 = VECTOR('',#2377,1.);
#2377 = DIRECTION('',(0.,-1.,-2.22044604925E-16));
#2378 = ORIENTED_EDGE('',*,*,#2379,.T.);
#2379 = EDGE_CURVE('',#2372,#2380,#2382,.T.);
#2380 = VERTEX_POINT('',#2381);
#2381 = CARTESIAN_POINT('',(1.55,-2.3,1.506666435475));
#2382 = LINE('',#2383,#2384);
#2383 = CARTESIAN_POINT('',(1.55,-2.3,1.55));
#2384 = VECTOR('',#2385,1.);
#2385 = DIRECTION('',(0.,2.22044604925E-16,-1.));
#2386 = ORIENTED_EDGE('',*,*,#2387,.F.);
#2387 = EDGE_CURVE('',#2388,#2380,#2390,.T.);
#2388 = VERTEX_POINT('',#2389);
#2389 = CARTESIAN_POINT('',(1.55,-3.76,1.749991330306));
#2390 = LINE('',#2391,#2392);
#2391 = CARTESIAN_POINT('',(1.55,-3.76,1.749991330306));
#2392 = VECTOR('',#2393,1.);
#2393 = DIRECTION('',(0.,0.986394848329,-0.164393440227));
#2394 = ORIENTED_EDGE('',*,*,#2395,.T.);
#2395 = EDGE_CURVE('',#2388,#2396,#2398,.T.);
#2396 = VERTEX_POINT('',#2397);
#2397 = CARTESIAN_POINT('',(1.55,-3.76,2.05));
#2398 = LINE('',#2399,#2400);
#2399 = CARTESIAN_POINT('',(1.55,-3.76,1.749991330306));
#2400 = VECTOR('',#2401,1.);
#2401 = DIRECTION('',(0.,-2.22044604925E-16,1.));
#2402 = ORIENTED_EDGE('',*,*,#2403,.T.);
#2403 = EDGE_CURVE('',#2396,#2331,#2404,.T.);
#2404 = LINE('',#2405,#2406);
#2405 = CARTESIAN_POINT('',(1.55,-3.76,2.05));
#2406 = VECTOR('',#2407,1.);
#2407 = DIRECTION('',(0.,1.,2.22044604925E-16));
#2408 = ORIENTED_EDGE('',*,*,#2330,.T.);
#2409 = ORIENTED_EDGE('',*,*,#1496,.T.);
#2410 = ORIENTED_EDGE('',*,*,#2411,.T.);
#2411 = EDGE_CURVE('',#1489,#2412,#2414,.T.);
#2412 = VERTEX_POINT('',#2413);
#2413 = CARTESIAN_POINT('',(1.55,-1.2,0.77));
#2414 = LINE('',#2415,#2416);
#2415 = CARTESIAN_POINT('',(1.55,-1.2,0.22));
#2416 = VECTOR('',#2417,1.);
#2417 = DIRECTION('',(0.,-2.22044604925E-16,1.));
#2418 = ORIENTED_EDGE('',*,*,#2419,.T.);
#2419 = EDGE_CURVE('',#2412,#2420,#2422,.T.);
#2420 = VERTEX_POINT('',#2421);
#2421 = CARTESIAN_POINT('',(1.55,-0.15,0.77));
#2422 = LINE('',#2423,#2424);
#2423 = CARTESIAN_POINT('',(1.55,-1.2,0.77));
#2424 = VECTOR('',#2425,1.);
#2425 = DIRECTION('',(0.,1.,2.22044604925E-16));
#2426 = ORIENTED_EDGE('',*,*,#2427,.F.);
#2427 = EDGE_CURVE('',#2428,#2420,#2430,.T.);
#2428 = VERTEX_POINT('',#2429);
#2429 = CARTESIAN_POINT('',(1.55,8.881784197001E-16,0.92));
#2430 = CIRCLE('',#2431,0.15);
#2431 = AXIS2_PLACEMENT_3D('',#2432,#2433,#2434);
#2432 = CARTESIAN_POINT('',(1.55,-0.15,0.92));
#2433 = DIRECTION('',(-1.,0.,0.));
#2434 = DIRECTION('',(0.,1.,2.22044604925E-16));
#2435 = ORIENTED_EDGE('',*,*,#2436,.F.);
#2436 = EDGE_CURVE('',#2437,#2428,#2439,.T.);
#2437 = VERTEX_POINT('',#2438);
#2438 = CARTESIAN_POINT('',(1.55,8.881784197001E-16,1.22));
#2439 = LINE('',#2440,#2441);
#2440 = CARTESIAN_POINT('',(1.55,8.881784197001E-16,1.22));
#2441 = VECTOR('',#2442,1.);
#2442 = DIRECTION('',(0.,2.22044604925E-16,-1.));
#2443 = ORIENTED_EDGE('',*,*,#2444,.F.);
#2444 = EDGE_CURVE('',#2445,#2437,#2447,.T.);
#2445 = VERTEX_POINT('',#2446);
#2446 = CARTESIAN_POINT('',(1.55,-0.15,1.37));
#2447 = CIRCLE('',#2448,0.15);
#2448 = AXIS2_PLACEMENT_3D('',#2449,#2450,#2451);
#2449 = CARTESIAN_POINT('',(1.55,-0.15,1.22));
#2450 = DIRECTION('',(-1.,0.,0.));
#2451 = DIRECTION('',(0.,-2.22044604925E-16,1.));
#2452 = ORIENTED_EDGE('',*,*,#2453,.F.);
#2453 = EDGE_CURVE('',#2454,#2445,#2456,.T.);
#2454 = VERTEX_POINT('',#2455);
#2455 = CARTESIAN_POINT('',(1.55,-0.36,1.37));
#2456 = LINE('',#2457,#2458);
#2457 = CARTESIAN_POINT('',(1.55,-0.36,1.37));
#2458 = VECTOR('',#2459,1.);
#2459 = DIRECTION('',(0.,1.,2.22044604925E-16));
#2460 = ORIENTED_EDGE('',*,*,#2461,.F.);
#2461 = EDGE_CURVE('',#2462,#2454,#2464,.T.);
#2462 = VERTEX_POINT('',#2463);
#2463 = CARTESIAN_POINT('',(1.55,-0.36,1.5));
#2464 = LINE('',#2465,#2466);
#2465 = CARTESIAN_POINT('',(1.55,-0.36,1.5));
#2466 = VECTOR('',#2467,1.);
#2467 = DIRECTION('',(0.,2.22044604925E-16,-1.));
#2468 = ORIENTED_EDGE('',*,*,#2469,.F.);
#2469 = EDGE_CURVE('',#2470,#2462,#2472,.T.);
#2470 = VERTEX_POINT('',#2471);
#2471 = CARTESIAN_POINT('',(1.55,-1.2,1.5));
#2472 = LINE('',#2473,#2474);
#2473 = CARTESIAN_POINT('',(1.55,-1.2,1.5));
#2474 = VECTOR('',#2475,1.);
#2475 = DIRECTION('',(0.,1.,2.22044604925E-16));
#2476 = ORIENTED_EDGE('',*,*,#2477,.T.);
#2477 = EDGE_CURVE('',#2470,#2354,#2478,.T.);
#2478 = LINE('',#2479,#2480);
#2479 = CARTESIAN_POINT('',(1.55,-1.2,1.5));
#2480 = VECTOR('',#2481,1.);
#2481 = DIRECTION('',(0.,-2.22044604925E-16,1.));
#2482 = PLANE('',#2483);
#2483 = AXIS2_PLACEMENT_3D('',#2484,#2485,#2486);
#2484 = CARTESIAN_POINT('',(1.55,0.65,0.22));
#2485 = DIRECTION('',(-1.,-0.,0.));
#2486 = DIRECTION('',(0.,-2.22044604925E-16,1.));
#2487 = ADVANCED_FACE('',(#2488),#2513,.T.);
#2488 = FACE_BOUND('',#2489,.F.);
#2489 = EDGE_LOOP('',(#2490,#2496,#2497,#2505,#2511,#2512));
#2490 = ORIENTED_EDGE('',*,*,#2491,.T.);
#2491 = EDGE_CURVE('',#804,#2356,#2492,.T.);
#2492 = LINE('',#2493,#2494);
#2493 = CARTESIAN_POINT('',(3.12,-2.26,1.88));
#2494 = VECTOR('',#2495,1.);
#2495 = DIRECTION('',(-1.,-0.,0.));
#2496 = ORIENTED_EDGE('',*,*,#2353,.F.);
#2497 = ORIENTED_EDGE('',*,*,#2498,.F.);
#2498 = EDGE_CURVE('',#2499,#2354,#2501,.T.);
#2499 = VERTEX_POINT('',#2500);
#2500 = CARTESIAN_POINT('',(1.93,-1.2,1.88));
#2501 = LINE('',#2502,#2503);
#2502 = CARTESIAN_POINT('',(1.93,-1.2,1.88));
#2503 = VECTOR('',#2504,1.);
#2504 = DIRECTION('',(-1.,-0.,0.));
#2505 = ORIENTED_EDGE('',*,*,#2506,.F.);
#2506 = EDGE_CURVE('',#2259,#2499,#2507,.T.);
#2507 = LINE('',#2508,#2509);
#2508 = CARTESIAN_POINT('',(1.93,0.65,1.88));
#2509 = VECTOR('',#2510,1.);
#2510 = DIRECTION('',(0.,-1.,-2.22044604925E-16));
#2511 = ORIENTED_EDGE('',*,*,#2258,.F.);
#2512 = ORIENTED_EDGE('',*,*,#813,.F.);
#2513 = PLANE('',#2514);
#2514 = AXIS2_PLACEMENT_3D('',#2515,#2516,#2517);
#2515 = CARTESIAN_POINT('',(3.12,-2.3,1.88));
#2516 = DIRECTION('',(0.,-2.22044604925E-16,1.));
#2517 = DIRECTION('',(-1.,-0.,0.));
#2518 = ADVANCED_FACE('',(#2519),#2553,.T.);
#2519 = FACE_BOUND('',#2520,.F.);
#2520 = EDGE_LOOP('',(#2521,#2529,#2530,#2531,#2539,#2547));
#2521 = ORIENTED_EDGE('',*,*,#2522,.F.);
#2522 = EDGE_CURVE('',#1399,#2523,#2525,.T.);
#2523 = VERTEX_POINT('',#2524);
#2524 = CARTESIAN_POINT('',(-1.55,-2.26,1.88));
#2525 = LINE('',#2526,#2527);
#2526 = CARTESIAN_POINT('',(-3.12,-2.26,1.88));
#2527 = VECTOR('',#2528,1.);
#2528 = DIRECTION('',(1.,0.,0.));
#2529 = ORIENTED_EDGE('',*,*,#1424,.T.);
#2530 = ORIENTED_EDGE('',*,*,#2200,.F.);
#2531 = ORIENTED_EDGE('',*,*,#2532,.F.);
#2532 = EDGE_CURVE('',#2533,#2193,#2535,.T.);
#2533 = VERTEX_POINT('',#2534);
#2534 = CARTESIAN_POINT('',(-1.93,-1.2,1.88));
#2535 = LINE('',#2536,#2537);
#2536 = CARTESIAN_POINT('',(-1.93,-1.2,1.88));
#2537 = VECTOR('',#2538,1.);
#2538 = DIRECTION('',(0.,1.,2.22044604925E-16));
#2539 = ORIENTED_EDGE('',*,*,#2540,.F.);
#2540 = EDGE_CURVE('',#2541,#2533,#2543,.T.);
#2541 = VERTEX_POINT('',#2542);
#2542 = CARTESIAN_POINT('',(-1.55,-1.2,1.88));
#2543 = LINE('',#2544,#2545);
#2544 = CARTESIAN_POINT('',(-1.55,-1.2,1.88));
#2545 = VECTOR('',#2546,1.);
#2546 = DIRECTION('',(-1.,-0.,0.));
#2547 = ORIENTED_EDGE('',*,*,#2548,.T.);
#2548 = EDGE_CURVE('',#2541,#2523,#2549,.T.);
#2549 = LINE('',#2550,#2551);
#2550 = CARTESIAN_POINT('',(-1.55,-1.2,1.88));
#2551 = VECTOR('',#2552,1.);
#2552 = DIRECTION('',(0.,-1.,-2.22044604925E-16));
#2553 = PLANE('',#2554);
#2554 = AXIS2_PLACEMENT_3D('',#2555,#2556,#2557);
#2555 = CARTESIAN_POINT('',(3.12,-2.3,1.88));
#2556 = DIRECTION('',(0.,-2.22044604925E-16,1.));
#2557 = DIRECTION('',(-1.,-0.,0.));
#2558 = ADVANCED_FACE('',(#2559),#2578,.F.);
#2559 = FACE_BOUND('',#2560,.F.);
#2560 = EDGE_LOOP('',(#2561,#2569,#2570,#2571,#2572));
#2561 = ORIENTED_EDGE('',*,*,#2562,.T.);
#2562 = EDGE_CURVE('',#2563,#2364,#2565,.T.);
#2563 = VERTEX_POINT('',#2564);
#2564 = CARTESIAN_POINT('',(2.14,-2.26,1.55));
#2565 = LINE('',#2566,#2567);
#2566 = CARTESIAN_POINT('',(2.14,-2.26,1.55));
#2567 = VECTOR('',#2568,1.);
#2568 = DIRECTION('',(-1.,-0.,0.));
#2569 = ORIENTED_EDGE('',*,*,#2363,.F.);
#2570 = ORIENTED_EDGE('',*,*,#2491,.F.);
#2571 = ORIENTED_EDGE('',*,*,#803,.T.);
#2572 = ORIENTED_EDGE('',*,*,#2573,.T.);
#2573 = EDGE_CURVE('',#806,#2563,#2574,.T.);
#2574 = LINE('',#2575,#2576);
#2575 = CARTESIAN_POINT('',(3.12,-2.26,1.55));
#2576 = VECTOR('',#2577,1.);
#2577 = DIRECTION('',(-1.,-0.,0.));
#2578 = PLANE('',#2579);
#2579 = AXIS2_PLACEMENT_3D('',#2580,#2581,#2582);
#2580 = CARTESIAN_POINT('',(3.12,-2.26,1.88));
#2581 = DIRECTION('',(0.,1.,2.22044604925E-16));
#2582 = DIRECTION('',(-1.,-0.,0.));
#2583 = ADVANCED_FACE('',(#2584),#2601,.T.);
#2584 = FACE_BOUND('',#2585,.F.);
#2585 = EDGE_LOOP('',(#2586,#2587,#2593,#2594,#2600));
#2586 = ORIENTED_EDGE('',*,*,#2562,.F.);
#2587 = ORIENTED_EDGE('',*,*,#2588,.F.);
#2588 = EDGE_CURVE('',#603,#2563,#2589,.T.);
#2589 = LINE('',#2590,#2591);
#2590 = CARTESIAN_POINT('',(2.14,-2.3,1.55));
#2591 = VECTOR('',#2592,1.);
#2592 = DIRECTION('',(0.,1.,2.22044604925E-16));
#2593 = ORIENTED_EDGE('',*,*,#602,.F.);
#2594 = ORIENTED_EDGE('',*,*,#2595,.T.);
#2595 = EDGE_CURVE('',#595,#2372,#2596,.T.);
#2596 = LINE('',#2597,#2598);
#2597 = CARTESIAN_POINT('',(1.595,-2.3,1.55));
#2598 = VECTOR('',#2599,1.);
#2599 = DIRECTION('',(-1.,-0.,0.));
#2600 = ORIENTED_EDGE('',*,*,#2371,.F.);
#2601 = PLANE('',#2602);
#2602 = AXIS2_PLACEMENT_3D('',#2603,#2604,#2605);
#2603 = CARTESIAN_POINT('',(0.,0.65,1.55));
#2604 = DIRECTION('',(0.,-2.22044604925E-16,1.));
#2605 = DIRECTION('',(-1.,-0.,0.));
#2606 = ADVANCED_FACE('',(#2607),#2640,.T.);
#2607 = FACE_BOUND('',#2608,.F.);
#2608 = EDGE_LOOP('',(#2609,#2610,#2618,#2626,#2634));
#2609 = ORIENTED_EDGE('',*,*,#634,.F.);
#2610 = ORIENTED_EDGE('',*,*,#2611,.T.);
#2611 = EDGE_CURVE('',#627,#2612,#2614,.T.);
#2612 = VERTEX_POINT('',#2613);
#2613 = CARTESIAN_POINT('',(-2.14,-2.26,1.55));
#2614 = LINE('',#2615,#2616);
#2615 = CARTESIAN_POINT('',(-2.14,-2.3,1.55));
#2616 = VECTOR('',#2617,1.);
#2617 = DIRECTION('',(0.,1.,2.22044604925E-16));
#2618 = ORIENTED_EDGE('',*,*,#2619,.F.);
#2619 = EDGE_CURVE('',#2620,#2612,#2622,.T.);
#2620 = VERTEX_POINT('',#2621);
#2621 = CARTESIAN_POINT('',(-1.55,-2.26,1.55));
#2622 = LINE('',#2623,#2624);
#2623 = CARTESIAN_POINT('',(-1.55,-2.26,1.55));
#2624 = VECTOR('',#2625,1.);
#2625 = DIRECTION('',(-1.,-0.,0.));
#2626 = ORIENTED_EDGE('',*,*,#2627,.F.);
#2627 = EDGE_CURVE('',#2628,#2620,#2630,.T.);
#2628 = VERTEX_POINT('',#2629);
#2629 = CARTESIAN_POINT('',(-1.55,-2.3,1.55));
#2630 = LINE('',#2631,#2632);
#2631 = CARTESIAN_POINT('',(-1.55,-2.3,1.55));
#2632 = VECTOR('',#2633,1.);
#2633 = DIRECTION('',(0.,1.,2.22044604925E-16));
#2634 = ORIENTED_EDGE('',*,*,#2635,.T.);
#2635 = EDGE_CURVE('',#2628,#635,#2636,.T.);
#2636 = LINE('',#2637,#2638);
#2637 = CARTESIAN_POINT('',(-1.55,-2.3,1.55));
#2638 = VECTOR('',#2639,1.);
#2639 = DIRECTION('',(-1.,-0.,0.));
#2640 = PLANE('',#2641);
#2641 = AXIS2_PLACEMENT_3D('',#2642,#2643,#2644);
#2642 = CARTESIAN_POINT('',(0.,0.65,1.55));
#2643 = DIRECTION('',(0.,-2.22044604925E-16,1.));
#2644 = DIRECTION('',(-1.,-0.,0.));
#2645 = ADVANCED_FACE('',(#2646),#2666,.F.);
#2646 = FACE_BOUND('',#2647,.F.);
#2647 = EDGE_LOOP('',(#2648,#2649,#2657,#2663,#2664,#2665));
#2648 = ORIENTED_EDGE('',*,*,#2588,.T.);
#2649 = ORIENTED_EDGE('',*,*,#2650,.T.);
#2650 = EDGE_CURVE('',#2563,#2651,#2653,.T.);
#2651 = VERTEX_POINT('',#2652);
#2652 = CARTESIAN_POINT('',(2.14,-1.180013375193,1.55));
#2653 = LINE('',#2654,#2655);
#2654 = CARTESIAN_POINT('',(2.14,-2.26,1.55));
#2655 = VECTOR('',#2656,1.);
#2656 = DIRECTION('',(0.,1.,2.22044604925E-16));
#2657 = ORIENTED_EDGE('',*,*,#2658,.T.);
#2658 = EDGE_CURVE('',#2651,#1112,#2659,.T.);
#2659 = LINE('',#2660,#2661);
#2660 = CARTESIAN_POINT('',(2.14,-1.180013375193,1.55));
#2661 = VECTOR('',#2662,1.);
#2662 = DIRECTION('',(0.,2.22044604925E-16,-1.));
#2663 = ORIENTED_EDGE('',*,*,#1111,.F.);
#2664 = ORIENTED_EDGE('',*,*,#868,.F.);
#2665 = ORIENTED_EDGE('',*,*,#610,.F.);
#2666 = PLANE('',#2667);
#2667 = AXIS2_PLACEMENT_3D('',#2668,#2669,#2670);
#2668 = CARTESIAN_POINT('',(2.14,-2.3,1.55));
#2669 = DIRECTION('',(-1.,-0.,0.));
#2670 = DIRECTION('',(0.,1.,2.22044604925E-16));
#2671 = ADVANCED_FACE('',(#2672),#2708,.T.);
#2672 = FACE_BOUND('',#2673,.F.);
#2673 = EDGE_LOOP('',(#2674,#2675,#2676,#2677,#2685,#2693,#2701,#2707));
#2674 = ORIENTED_EDGE('',*,*,#2573,.F.);
#2675 = ORIENTED_EDGE('',*,*,#829,.F.);
#2676 = ORIENTED_EDGE('',*,*,#2251,.T.);
#2677 = ORIENTED_EDGE('',*,*,#2678,.F.);
#2678 = EDGE_CURVE('',#2679,#2244,#2681,.T.);
#2679 = VERTEX_POINT('',#2680);
#2680 = CARTESIAN_POINT('',(2.14,-0.37,1.55));
#2681 = LINE('',#2682,#2683);
#2682 = CARTESIAN_POINT('',(2.14,-0.37,1.55));
#2683 = VECTOR('',#2684,1.);
#2684 = DIRECTION('',(0.,1.,2.22044604925E-16));
#2685 = ORIENTED_EDGE('',*,*,#2686,.F.);
#2686 = EDGE_CURVE('',#2687,#2679,#2689,.T.);
#2687 = VERTEX_POINT('',#2688);
#2688 = CARTESIAN_POINT('',(2.29,-0.52,1.55));
#2689 = LINE('',#2690,#2691);
#2690 = CARTESIAN_POINT('',(2.29,-0.52,1.55));
#2691 = VECTOR('',#2692,1.);
#2692 = DIRECTION('',(-0.707106781187,0.707106781187,1.570092458684E-16)
  );
#2693 = ORIENTED_EDGE('',*,*,#2694,.F.);
#2694 = EDGE_CURVE('',#2695,#2687,#2697,.T.);
#2695 = VERTEX_POINT('',#2696);
#2696 = CARTESIAN_POINT('',(2.29,-1.02,1.55));
#2697 = LINE('',#2698,#2699);
#2698 = CARTESIAN_POINT('',(2.29,-1.02,1.55));
#2699 = VECTOR('',#2700,1.);
#2700 = DIRECTION('',(0.,1.,2.22044604925E-16));
#2701 = ORIENTED_EDGE('',*,*,#2702,.F.);
#2702 = EDGE_CURVE('',#2651,#2695,#2703,.T.);
#2703 = LINE('',#2704,#2705);
#2704 = CARTESIAN_POINT('',(2.14,-1.180013375193,1.55));
#2705 = VECTOR('',#2706,1.);
#2706 = DIRECTION('',(0.683910700219,0.729565729819,1.619961342445E-16)
  );
#2707 = ORIENTED_EDGE('',*,*,#2650,.F.);
#2708 = PLANE('',#2709);
#2709 = AXIS2_PLACEMENT_3D('',#2710,#2711,#2712);
#2710 = CARTESIAN_POINT('',(0.,-3.75,1.55));
#2711 = DIRECTION('',(0.,2.22044604925E-16,-1.));
#2712 = DIRECTION('',(0.,1.,2.22044604925E-16));
#2713 = ADVANCED_FACE('',(#2714),#2762,.T.);
#2714 = FACE_BOUND('',#2715,.F.);
#2715 = EDGE_LOOP('',(#2716,#2722,#2730,#2738,#2746,#2754,#2760,#2761));
#2716 = ORIENTED_EDGE('',*,*,#2717,.T.);
#2717 = EDGE_CURVE('',#1401,#2612,#2718,.T.);
#2718 = LINE('',#2719,#2720);
#2719 = CARTESIAN_POINT('',(-3.12,-2.26,1.55));
#2720 = VECTOR('',#2721,1.);
#2721 = DIRECTION('',(1.,0.,0.));
#2722 = ORIENTED_EDGE('',*,*,#2723,.F.);
#2723 = EDGE_CURVE('',#2724,#2612,#2726,.T.);
#2724 = VERTEX_POINT('',#2725);
#2725 = CARTESIAN_POINT('',(-2.14,-1.180013375193,1.55));
#2726 = LINE('',#2727,#2728);
#2727 = CARTESIAN_POINT('',(-2.14,-1.180013375193,1.55));
#2728 = VECTOR('',#2729,1.);
#2729 = DIRECTION('',(0.,-1.,-2.22044604925E-16));
#2730 = ORIENTED_EDGE('',*,*,#2731,.F.);
#2731 = EDGE_CURVE('',#2732,#2724,#2734,.T.);
#2732 = VERTEX_POINT('',#2733);
#2733 = CARTESIAN_POINT('',(-2.29,-1.02,1.55));
#2734 = LINE('',#2735,#2736);
#2735 = CARTESIAN_POINT('',(-2.29,-1.02,1.55));
#2736 = VECTOR('',#2737,1.);
#2737 = DIRECTION('',(0.683910700219,-0.729565729819,-1.619961342445E-16
    ));
#2738 = ORIENTED_EDGE('',*,*,#2739,.F.);
#2739 = EDGE_CURVE('',#2740,#2732,#2742,.T.);
#2740 = VERTEX_POINT('',#2741);
#2741 = CARTESIAN_POINT('',(-2.29,-0.52,1.55));
#2742 = LINE('',#2743,#2744);
#2743 = CARTESIAN_POINT('',(-2.29,-0.52,1.55));
#2744 = VECTOR('',#2745,1.);
#2745 = DIRECTION('',(0.,-1.,-2.22044604925E-16));
#2746 = ORIENTED_EDGE('',*,*,#2747,.F.);
#2747 = EDGE_CURVE('',#2748,#2740,#2750,.T.);
#2748 = VERTEX_POINT('',#2749);
#2749 = CARTESIAN_POINT('',(-2.14,-0.37,1.55));
#2750 = LINE('',#2751,#2752);
#2751 = CARTESIAN_POINT('',(-2.14,-0.37,1.55));
#2752 = VECTOR('',#2753,1.);
#2753 = DIRECTION('',(-0.707106781187,-0.707106781187,
    -1.570092458684E-16));
#2754 = ORIENTED_EDGE('',*,*,#2755,.F.);
#2755 = EDGE_CURVE('',#2208,#2748,#2756,.T.);
#2756 = LINE('',#2757,#2758);
#2757 = CARTESIAN_POINT('',(-2.14,0.65,1.55));
#2758 = VECTOR('',#2759,1.);
#2759 = DIRECTION('',(0.,-1.,-2.22044604925E-16));
#2760 = ORIENTED_EDGE('',*,*,#2207,.T.);
#2761 = ORIENTED_EDGE('',*,*,#1408,.T.);
#2762 = PLANE('',#2763);
#2763 = AXIS2_PLACEMENT_3D('',#2764,#2765,#2766);
#2764 = CARTESIAN_POINT('',(0.,-3.75,1.55));
#2765 = DIRECTION('',(0.,2.22044604925E-16,-1.));
#2766 = DIRECTION('',(0.,1.,2.22044604925E-16));
#2767 = ADVANCED_FACE('',(#2768),#2779,.F.);
#2768 = FACE_BOUND('',#2769,.F.);
#2769 = EDGE_LOOP('',(#2770,#2771,#2772,#2773));
#2770 = ORIENTED_EDGE('',*,*,#2678,.T.);
#2771 = ORIENTED_EDGE('',*,*,#2243,.T.);
#2772 = ORIENTED_EDGE('',*,*,#1143,.F.);
#2773 = ORIENTED_EDGE('',*,*,#2774,.F.);
#2774 = EDGE_CURVE('',#2679,#1136,#2775,.T.);
#2775 = LINE('',#2776,#2777);
#2776 = CARTESIAN_POINT('',(2.14,-0.37,1.55));
#2777 = VECTOR('',#2778,1.);
#2778 = DIRECTION('',(0.,2.22044604925E-16,-1.));
#2779 = PLANE('',#2780);
#2780 = AXIS2_PLACEMENT_3D('',#2781,#2782,#2783);
#2781 = CARTESIAN_POINT('',(2.14,-0.37,1.55));
#2782 = DIRECTION('',(-1.,-0.,0.));
#2783 = DIRECTION('',(0.,1.,2.22044604925E-16));
#2784 = ADVANCED_FACE('',(#2785),#2796,.F.);
#2785 = FACE_BOUND('',#2786,.F.);
#2786 = EDGE_LOOP('',(#2787,#2788,#2789,#2790));
#2787 = ORIENTED_EDGE('',*,*,#2686,.T.);
#2788 = ORIENTED_EDGE('',*,*,#2774,.T.);
#2789 = ORIENTED_EDGE('',*,*,#1135,.F.);
#2790 = ORIENTED_EDGE('',*,*,#2791,.F.);
#2791 = EDGE_CURVE('',#2687,#1128,#2792,.T.);
#2792 = LINE('',#2793,#2794);
#2793 = CARTESIAN_POINT('',(2.29,-0.52,1.55));
#2794 = VECTOR('',#2795,1.);
#2795 = DIRECTION('',(0.,2.22044604925E-16,-1.));
#2796 = PLANE('',#2797);
#2797 = AXIS2_PLACEMENT_3D('',#2798,#2799,#2800);
#2798 = CARTESIAN_POINT('',(2.29,-0.52,1.55));
#2799 = DIRECTION('',(-0.707106781187,-0.707106781187,
    -1.570092458684E-16));
#2800 = DIRECTION('',(-0.707106781187,0.707106781187,1.570092458684E-16)
  );
#2801 = ADVANCED_FACE('',(#2802),#2813,.F.);
#2802 = FACE_BOUND('',#2803,.F.);
#2803 = EDGE_LOOP('',(#2804,#2805,#2806,#2807));
#2804 = ORIENTED_EDGE('',*,*,#2694,.T.);
#2805 = ORIENTED_EDGE('',*,*,#2791,.T.);
#2806 = ORIENTED_EDGE('',*,*,#1127,.F.);
#2807 = ORIENTED_EDGE('',*,*,#2808,.F.);
#2808 = EDGE_CURVE('',#2695,#1120,#2809,.T.);
#2809 = LINE('',#2810,#2811);
#2810 = CARTESIAN_POINT('',(2.29,-1.02,1.55));
#2811 = VECTOR('',#2812,1.);
#2812 = DIRECTION('',(0.,2.22044604925E-16,-1.));
#2813 = PLANE('',#2814);
#2814 = AXIS2_PLACEMENT_3D('',#2815,#2816,#2817);
#2815 = CARTESIAN_POINT('',(2.29,-1.02,1.55));
#2816 = DIRECTION('',(-1.,-0.,0.));
#2817 = DIRECTION('',(0.,1.,2.22044604925E-16));
#2818 = ADVANCED_FACE('',(#2819),#2825,.F.);
#2819 = FACE_BOUND('',#2820,.F.);
#2820 = EDGE_LOOP('',(#2821,#2822,#2823,#2824));
#2821 = ORIENTED_EDGE('',*,*,#2702,.T.);
#2822 = ORIENTED_EDGE('',*,*,#2808,.T.);
#2823 = ORIENTED_EDGE('',*,*,#1119,.F.);
#2824 = ORIENTED_EDGE('',*,*,#2658,.F.);
#2825 = PLANE('',#2826);
#2826 = AXIS2_PLACEMENT_3D('',#2827,#2828,#2829);
#2827 = CARTESIAN_POINT('',(2.14,-1.180013375193,1.55));
#2828 = DIRECTION('',(-0.729565729819,0.683910700219,1.51858681234E-16)
  );
#2829 = DIRECTION('',(0.683910700219,0.729565729819,1.619961342445E-16)
  );
#2830 = ADVANCED_FACE('',(#2831),#2843,.F.);
#2831 = FACE_BOUND('',#2832,.F.);
#2832 = EDGE_LOOP('',(#2833,#2834,#2835,#2836,#2837));
#2833 = ORIENTED_EDGE('',*,*,#2619,.T.);
#2834 = ORIENTED_EDGE('',*,*,#2717,.F.);
#2835 = ORIENTED_EDGE('',*,*,#1398,.F.);
#2836 = ORIENTED_EDGE('',*,*,#2522,.T.);
#2837 = ORIENTED_EDGE('',*,*,#2838,.T.);
#2838 = EDGE_CURVE('',#2523,#2620,#2839,.T.);
#2839 = LINE('',#2840,#2841);
#2840 = CARTESIAN_POINT('',(-1.55,-2.26,1.88));
#2841 = VECTOR('',#2842,1.);
#2842 = DIRECTION('',(0.,2.22044604925E-16,-1.));
#2843 = PLANE('',#2844);
#2844 = AXIS2_PLACEMENT_3D('',#2845,#2846,#2847);
#2845 = CARTESIAN_POINT('',(-1.55,-2.26,1.88));
#2846 = DIRECTION('',(0.,1.,2.22044604925E-16));
#2847 = DIRECTION('',(-1.,-0.,0.));
#2848 = ADVANCED_FACE('',(#2849),#2965,.F.);
#2849 = FACE_BOUND('',#2850,.F.);
#2850 = EDGE_LOOP('',(#2851,#2859,#2860,#2861,#2862,#2870,#2878,#2886,
    #2894,#2903,#2911,#2920,#2928,#2934,#2935,#2943,#2951,#2959));
#2851 = ORIENTED_EDGE('',*,*,#2852,.F.);
#2852 = EDGE_CURVE('',#2628,#2853,#2855,.T.);
#2853 = VERTEX_POINT('',#2854);
#2854 = CARTESIAN_POINT('',(-1.55,-2.3,1.506666435475));
#2855 = LINE('',#2856,#2857);
#2856 = CARTESIAN_POINT('',(-1.55,-2.3,1.55));
#2857 = VECTOR('',#2858,1.);
#2858 = DIRECTION('',(0.,2.22044604925E-16,-1.));
#2859 = ORIENTED_EDGE('',*,*,#2627,.T.);
#2860 = ORIENTED_EDGE('',*,*,#2838,.F.);
#2861 = ORIENTED_EDGE('',*,*,#2548,.F.);
#2862 = ORIENTED_EDGE('',*,*,#2863,.T.);
#2863 = EDGE_CURVE('',#2541,#2864,#2866,.T.);
#2864 = VERTEX_POINT('',#2865);
#2865 = CARTESIAN_POINT('',(-1.55,-1.2,1.5));
#2866 = LINE('',#2867,#2868);
#2867 = CARTESIAN_POINT('',(-1.55,-1.2,1.88));
#2868 = VECTOR('',#2869,1.);
#2869 = DIRECTION('',(0.,2.22044604925E-16,-1.));
#2870 = ORIENTED_EDGE('',*,*,#2871,.T.);
#2871 = EDGE_CURVE('',#2864,#2872,#2874,.T.);
#2872 = VERTEX_POINT('',#2873);
#2873 = CARTESIAN_POINT('',(-1.55,-0.36,1.5));
#2874 = LINE('',#2875,#2876);
#2875 = CARTESIAN_POINT('',(-1.55,-1.2,1.5));
#2876 = VECTOR('',#2877,1.);
#2877 = DIRECTION('',(0.,1.,2.22044604925E-16));
#2878 = ORIENTED_EDGE('',*,*,#2879,.T.);
#2879 = EDGE_CURVE('',#2872,#2880,#2882,.T.);
#2880 = VERTEX_POINT('',#2881);
#2881 = CARTESIAN_POINT('',(-1.55,-0.36,1.37));
#2882 = LINE('',#2883,#2884);
#2883 = CARTESIAN_POINT('',(-1.55,-0.36,1.5));
#2884 = VECTOR('',#2885,1.);
#2885 = DIRECTION('',(0.,2.22044604925E-16,-1.));
#2886 = ORIENTED_EDGE('',*,*,#2887,.T.);
#2887 = EDGE_CURVE('',#2880,#2888,#2890,.T.);
#2888 = VERTEX_POINT('',#2889);
#2889 = CARTESIAN_POINT('',(-1.55,-0.15,1.37));
#2890 = LINE('',#2891,#2892);
#2891 = CARTESIAN_POINT('',(-1.55,-0.36,1.37));
#2892 = VECTOR('',#2893,1.);
#2893 = DIRECTION('',(0.,1.,2.22044604925E-16));
#2894 = ORIENTED_EDGE('',*,*,#2895,.F.);
#2895 = EDGE_CURVE('',#2896,#2888,#2898,.T.);
#2896 = VERTEX_POINT('',#2897);
#2897 = CARTESIAN_POINT('',(-1.55,8.881784197001E-16,1.22));
#2898 = CIRCLE('',#2899,0.15);
#2899 = AXIS2_PLACEMENT_3D('',#2900,#2901,#2902);
#2900 = CARTESIAN_POINT('',(-1.55,-0.15,1.22));
#2901 = DIRECTION('',(1.,0.,-0.));
#2902 = DIRECTION('',(0.,1.,2.22044604925E-16));
#2903 = ORIENTED_EDGE('',*,*,#2904,.T.);
#2904 = EDGE_CURVE('',#2896,#2905,#2907,.T.);
#2905 = VERTEX_POINT('',#2906);
#2906 = CARTESIAN_POINT('',(-1.55,8.881784197001E-16,0.92));
#2907 = LINE('',#2908,#2909);
#2908 = CARTESIAN_POINT('',(-1.55,8.881784197001E-16,1.22));
#2909 = VECTOR('',#2910,1.);
#2910 = DIRECTION('',(0.,2.22044604925E-16,-1.));
#2911 = ORIENTED_EDGE('',*,*,#2912,.F.);
#2912 = EDGE_CURVE('',#2913,#2905,#2915,.T.);
#2913 = VERTEX_POINT('',#2914);
#2914 = CARTESIAN_POINT('',(-1.55,-0.15,0.77));
#2915 = CIRCLE('',#2916,0.15);
#2916 = AXIS2_PLACEMENT_3D('',#2917,#2918,#2919);
#2917 = CARTESIAN_POINT('',(-1.55,-0.15,0.92));
#2918 = DIRECTION('',(1.,-0.,0.));
#2919 = DIRECTION('',(0.,2.22044604925E-16,-1.));
#2920 = ORIENTED_EDGE('',*,*,#2921,.F.);
#2921 = EDGE_CURVE('',#2922,#2913,#2924,.T.);
#2922 = VERTEX_POINT('',#2923);
#2923 = CARTESIAN_POINT('',(-1.55,-1.2,0.77));
#2924 = LINE('',#2925,#2926);
#2925 = CARTESIAN_POINT('',(-1.55,-1.2,0.77));
#2926 = VECTOR('',#2927,1.);
#2927 = DIRECTION('',(0.,1.,2.22044604925E-16));
#2928 = ORIENTED_EDGE('',*,*,#2929,.T.);
#2929 = EDGE_CURVE('',#2922,#1572,#2930,.T.);
#2930 = LINE('',#2931,#2932);
#2931 = CARTESIAN_POINT('',(-1.55,-1.2,0.77));
#2932 = VECTOR('',#2933,1.);
#2933 = DIRECTION('',(0.,2.22044604925E-16,-1.));
#2934 = ORIENTED_EDGE('',*,*,#1571,.F.);
#2935 = ORIENTED_EDGE('',*,*,#2936,.T.);
#2936 = EDGE_CURVE('',#1564,#2937,#2939,.T.);
#2937 = VERTEX_POINT('',#2938);
#2938 = CARTESIAN_POINT('',(-1.55,0.5,2.05));
#2939 = LINE('',#2940,#2941);
#2940 = CARTESIAN_POINT('',(-1.55,0.5,0.22));
#2941 = VECTOR('',#2942,1.);
#2942 = DIRECTION('',(0.,-2.22044604925E-16,1.));
#2943 = ORIENTED_EDGE('',*,*,#2944,.F.);
#2944 = EDGE_CURVE('',#2945,#2937,#2947,.T.);
#2945 = VERTEX_POINT('',#2946);
#2946 = CARTESIAN_POINT('',(-1.55,-3.76,2.05));
#2947 = LINE('',#2948,#2949);
#2948 = CARTESIAN_POINT('',(-1.55,-3.76,2.05));
#2949 = VECTOR('',#2950,1.);
#2950 = DIRECTION('',(0.,1.,2.22044604925E-16));
#2951 = ORIENTED_EDGE('',*,*,#2952,.T.);
#2952 = EDGE_CURVE('',#2945,#2953,#2955,.T.);
#2953 = VERTEX_POINT('',#2954);
#2954 = CARTESIAN_POINT('',(-1.55,-3.76,1.749991330306));
#2955 = LINE('',#2956,#2957);
#2956 = CARTESIAN_POINT('',(-1.55,-3.76,2.05));
#2957 = VECTOR('',#2958,1.);
#2958 = DIRECTION('',(0.,2.22044604925E-16,-1.));
#2959 = ORIENTED_EDGE('',*,*,#2960,.F.);
#2960 = EDGE_CURVE('',#2853,#2953,#2961,.T.);
#2961 = LINE('',#2962,#2963);
#2962 = CARTESIAN_POINT('',(-1.55,-2.3,1.506666435475));
#2963 = VECTOR('',#2964,1.);
#2964 = DIRECTION('',(0.,-0.986394848329,0.164393440227));
#2965 = PLANE('',#2966);
#2966 = AXIS2_PLACEMENT_3D('',#2967,#2968,#2969);
#2967 = CARTESIAN_POINT('',(-1.55,0.65,1.88));
#2968 = DIRECTION('',(1.,0.,0.));
#2969 = DIRECTION('',(0.,2.22044604925E-16,-1.));
#2970 = ADVANCED_FACE('',(#2971),#2997,.T.);
#2971 = FACE_BOUND('',#2972,.F.);
#2972 = EDGE_LOOP('',(#2973,#2974,#2982,#2990,#2996));
#2973 = ORIENTED_EDGE('',*,*,#2595,.F.);
#2974 = ORIENTED_EDGE('',*,*,#2975,.F.);
#2975 = EDGE_CURVE('',#2976,#595,#2978,.T.);
#2976 = VERTEX_POINT('',#2977);
#2977 = CARTESIAN_POINT('',(1.595,-2.3,1.18));
#2978 = LINE('',#2979,#2980);
#2979 = CARTESIAN_POINT('',(1.595,-2.3,1.18));
#2980 = VECTOR('',#2981,1.);
#2981 = DIRECTION('',(0.,-2.22044604925E-16,1.));
#2982 = ORIENTED_EDGE('',*,*,#2983,.T.);
#2983 = EDGE_CURVE('',#2976,#2984,#2986,.T.);
#2984 = VERTEX_POINT('',#2985);
#2985 = CARTESIAN_POINT('',(1.55,-2.3,1.18));
#2986 = LINE('',#2987,#2988);
#2987 = CARTESIAN_POINT('',(1.595,-2.3,1.18));
#2988 = VECTOR('',#2989,1.);
#2989 = DIRECTION('',(-1.,-0.,0.));
#2990 = ORIENTED_EDGE('',*,*,#2991,.F.);
#2991 = EDGE_CURVE('',#2380,#2984,#2992,.T.);
#2992 = LINE('',#2993,#2994);
#2993 = CARTESIAN_POINT('',(1.55,-2.3,1.506666435475));
#2994 = VECTOR('',#2995,1.);
#2995 = DIRECTION('',(0.,2.22044604925E-16,-1.));
#2996 = ORIENTED_EDGE('',*,*,#2379,.F.);
#2997 = PLANE('',#2998);
#2998 = AXIS2_PLACEMENT_3D('',#2999,#3000,#3001);
#2999 = CARTESIAN_POINT('',(0.,-2.3,1.05));
#3000 = DIRECTION('',(0.,-1.,-2.22044604925E-16));
#3001 = DIRECTION('',(-1.,-0.,0.));
#3002 = ADVANCED_FACE('',(#3003),#3029,.T.);
#3003 = FACE_BOUND('',#3004,.F.);
#3004 = EDGE_LOOP('',(#3005,#3006,#3007,#3015,#3023));
#3005 = ORIENTED_EDGE('',*,*,#2635,.F.);
#3006 = ORIENTED_EDGE('',*,*,#2852,.T.);
#3007 = ORIENTED_EDGE('',*,*,#3008,.F.);
#3008 = EDGE_CURVE('',#3009,#2853,#3011,.T.);
#3009 = VERTEX_POINT('',#3010);
#3010 = CARTESIAN_POINT('',(-1.55,-2.3,1.18));
#3011 = LINE('',#3012,#3013);
#3012 = CARTESIAN_POINT('',(-1.55,-2.3,1.18));
#3013 = VECTOR('',#3014,1.);
#3014 = DIRECTION('',(0.,-2.22044604925E-16,1.));
#3015 = ORIENTED_EDGE('',*,*,#3016,.T.);
#3016 = EDGE_CURVE('',#3009,#3017,#3019,.T.);
#3017 = VERTEX_POINT('',#3018);
#3018 = CARTESIAN_POINT('',(-1.595,-2.3,1.18));
#3019 = LINE('',#3020,#3021);
#3020 = CARTESIAN_POINT('',(-1.55,-2.3,1.18));
#3021 = VECTOR('',#3022,1.);
#3022 = DIRECTION('',(-1.,-0.,0.));
#3023 = ORIENTED_EDGE('',*,*,#3024,.T.);
#3024 = EDGE_CURVE('',#3017,#635,#3025,.T.);
#3025 = LINE('',#3026,#3027);
#3026 = CARTESIAN_POINT('',(-1.595,-2.3,1.18));
#3027 = VECTOR('',#3028,1.);
#3028 = DIRECTION('',(0.,-2.22044604925E-16,1.));
#3029 = PLANE('',#3030);
#3030 = AXIS2_PLACEMENT_3D('',#3031,#3032,#3033);
#3031 = CARTESIAN_POINT('',(0.,-2.3,1.05));
#3032 = DIRECTION('',(0.,-1.,-2.22044604925E-16));
#3033 = DIRECTION('',(-1.,-0.,0.));
#3034 = ADVANCED_FACE('',(#3035),#3061,.T.);
#3035 = FACE_BOUND('',#3036,.F.);
#3036 = EDGE_LOOP('',(#3037,#3038,#3046,#3054,#3060));
#3037 = ORIENTED_EDGE('',*,*,#594,.F.);
#3038 = ORIENTED_EDGE('',*,*,#3039,.F.);
#3039 = EDGE_CURVE('',#3040,#219,#3042,.T.);
#3040 = VERTEX_POINT('',#3041);
#3041 = CARTESIAN_POINT('',(1.595,-3.45,1.75));
#3042 = LINE('',#3043,#3044);
#3043 = CARTESIAN_POINT('',(1.595,-3.45,1.75));
#3044 = VECTOR('',#3045,1.);
#3045 = DIRECTION('',(0.,1.,2.22044604925E-16));
#3046 = ORIENTED_EDGE('',*,*,#3047,.T.);
#3047 = EDGE_CURVE('',#3040,#3048,#3050,.T.);
#3048 = VERTEX_POINT('',#3049);
#3049 = CARTESIAN_POINT('',(1.595,-3.45,1.18));
#3050 = LINE('',#3051,#3052);
#3051 = CARTESIAN_POINT('',(1.595,-3.45,1.75));
#3052 = VECTOR('',#3053,1.);
#3053 = DIRECTION('',(0.,2.22044604925E-16,-1.));
#3054 = ORIENTED_EDGE('',*,*,#3055,.T.);
#3055 = EDGE_CURVE('',#3048,#2976,#3056,.T.);
#3056 = LINE('',#3057,#3058);
#3057 = CARTESIAN_POINT('',(1.595,-3.45,1.18));
#3058 = VECTOR('',#3059,1.);
#3059 = DIRECTION('',(0.,1.,2.22044604925E-16));
#3060 = ORIENTED_EDGE('',*,*,#2975,.T.);
#3061 = PLANE('',#3062);
#3062 = AXIS2_PLACEMENT_3D('',#3063,#3064,#3065);
#3063 = CARTESIAN_POINT('',(1.595,-3.75,2.05));
#3064 = DIRECTION('',(-1.,-0.,0.));
#3065 = DIRECTION('',(0.,2.22044604925E-16,-1.));
#3066 = ADVANCED_FACE('',(#3067),#3079,.T.);
#3067 = FACE_BOUND('',#3068,.F.);
#3068 = EDGE_LOOP('',(#3069,#3070,#3071,#3072,#3078));
#3069 = ORIENTED_EDGE('',*,*,#228,.F.);
#3070 = ORIENTED_EDGE('',*,*,#204,.F.);
#3071 = ORIENTED_EDGE('',*,*,#103,.F.);
#3072 = ORIENTED_EDGE('',*,*,#3073,.F.);
#3073 = EDGE_CURVE('',#3040,#104,#3074,.T.);
#3074 = LINE('',#3075,#3076);
#3075 = CARTESIAN_POINT('',(1.595,-3.45,1.75));
#3076 = VECTOR('',#3077,1.);
#3077 = DIRECTION('',(0.57735026919,-0.57735026919,0.57735026919));
#3078 = ORIENTED_EDGE('',*,*,#3039,.T.);
#3079 = PLANE('',#3080);
#3080 = AXIS2_PLACEMENT_3D('',#3081,#3082,#3083);
#3081 = CARTESIAN_POINT('',(1.745,-3.025,1.9));
#3082 = DIRECTION('',(-0.707106781187,-1.570092458684E-16,0.707106781187
    ));
#3083 = DIRECTION('',(0.,1.,2.22044604925E-16));
#3084 = ADVANCED_FACE('',(#3085),#3097,.T.);
#3085 = FACE_BOUND('',#3086,.F.);
#3086 = EDGE_LOOP('',(#3087,#3088,#3089,#3095,#3096));
#3087 = ORIENTED_EDGE('',*,*,#113,.F.);
#3088 = ORIENTED_EDGE('',*,*,#79,.T.);
#3089 = ORIENTED_EDGE('',*,*,#3090,.F.);
#3090 = EDGE_CURVE('',#3048,#72,#3091,.T.);
#3091 = LINE('',#3092,#3093);
#3092 = CARTESIAN_POINT('',(1.595,-3.45,1.18));
#3093 = VECTOR('',#3094,1.);
#3094 = DIRECTION('',(0.57735026919,-0.57735026919,-0.57735026919));
#3095 = ORIENTED_EDGE('',*,*,#3047,.F.);
#3096 = ORIENTED_EDGE('',*,*,#3073,.T.);
#3097 = PLANE('',#3098);
#3098 = AXIS2_PLACEMENT_3D('',#3099,#3100,#3101);
#3099 = CARTESIAN_POINT('',(1.745,-3.6,1.615));
#3100 = DIRECTION('',(-0.707106781187,-0.707106781187,
    -1.570092458684E-16));
#3101 = DIRECTION('',(0.,2.22044604925E-16,-1.));
#3102 = ADVANCED_FACE('',(#3103),#3121,.T.);
#3103 = FACE_BOUND('',#3104,.F.);
#3104 = EDGE_LOOP('',(#3105,#3106,#3107,#3115));
#3105 = ORIENTED_EDGE('',*,*,#3090,.T.);
#3106 = ORIENTED_EDGE('',*,*,#71,.T.);
#3107 = ORIENTED_EDGE('',*,*,#3108,.F.);
#3108 = EDGE_CURVE('',#3109,#64,#3111,.T.);
#3109 = VERTEX_POINT('',#3110);
#3110 = CARTESIAN_POINT('',(-1.595,-3.45,1.18));
#3111 = LINE('',#3112,#3113);
#3112 = CARTESIAN_POINT('',(-1.595,-3.45,1.18));
#3113 = VECTOR('',#3114,1.);
#3114 = DIRECTION('',(-0.57735026919,-0.57735026919,-0.57735026919));
#3115 = ORIENTED_EDGE('',*,*,#3116,.F.);
#3116 = EDGE_CURVE('',#3048,#3109,#3117,.T.);
#3117 = LINE('',#3118,#3119);
#3118 = CARTESIAN_POINT('',(1.595,-3.45,1.18));
#3119 = VECTOR('',#3120,1.);
#3120 = DIRECTION('',(-1.,-0.,0.));
#3121 = PLANE('',#3122);
#3122 = AXIS2_PLACEMENT_3D('',#3123,#3124,#3125);
#3123 = CARTESIAN_POINT('',(0.,-3.6,1.03));
#3124 = DIRECTION('',(0.,-0.707106781187,0.707106781187));
#3125 = DIRECTION('',(-1.,-0.,0.));
#3126 = ADVANCED_FACE('',(#3127),#3146,.T.);
#3127 = FACE_BOUND('',#3128,.F.);
#3128 = EDGE_LOOP('',(#3129,#3130,#3138,#3144,#3145));
#3129 = ORIENTED_EDGE('',*,*,#500,.F.);
#3130 = ORIENTED_EDGE('',*,*,#3131,.T.);
#3131 = EDGE_CURVE('',#501,#3132,#3134,.T.);
#3132 = VERTEX_POINT('',#3133);
#3133 = CARTESIAN_POINT('',(-1.595,-3.45,1.75));
#3134 = LINE('',#3135,#3136);
#3135 = CARTESIAN_POINT('',(-1.807132034356,-3.662132034356,
    1.962132034356));
#3136 = VECTOR('',#3137,1.);
#3137 = DIRECTION('',(0.57735026919,0.57735026919,-0.57735026919));
#3138 = ORIENTED_EDGE('',*,*,#3139,.F.);
#3139 = EDGE_CURVE('',#3109,#3132,#3140,.T.);
#3140 = LINE('',#3141,#3142);
#3141 = CARTESIAN_POINT('',(-1.595,-3.45,1.18));
#3142 = VECTOR('',#3143,1.);
#3143 = DIRECTION('',(0.,-2.22044604925E-16,1.));
#3144 = ORIENTED_EDGE('',*,*,#3108,.T.);
#3145 = ORIENTED_EDGE('',*,*,#63,.T.);
#3146 = PLANE('',#3147);
#3147 = AXIS2_PLACEMENT_3D('',#3148,#3149,#3150);
#3148 = CARTESIAN_POINT('',(-1.745,-3.6,1.615));
#3149 = DIRECTION('',(0.707106781187,-0.707106781187,-1.570092458684E-16
    ));
#3150 = DIRECTION('',(0.,2.22044604925E-16,-1.));
#3151 = ADVANCED_FACE('',(#3152),#3164,.T.);
#3152 = FACE_BOUND('',#3153,.F.);
#3153 = EDGE_LOOP('',(#3154,#3155,#3161,#3162,#3163));
#3154 = ORIENTED_EDGE('',*,*,#560,.F.);
#3155 = ORIENTED_EDGE('',*,*,#3156,.F.);
#3156 = EDGE_CURVE('',#3132,#561,#3157,.T.);
#3157 = LINE('',#3158,#3159);
#3158 = CARTESIAN_POINT('',(-1.595,-3.45,1.75));
#3159 = VECTOR('',#3160,1.);
#3160 = DIRECTION('',(0.,1.,2.22044604925E-16));
#3161 = ORIENTED_EDGE('',*,*,#3131,.F.);
#3162 = ORIENTED_EDGE('',*,*,#510,.F.);
#3163 = ORIENTED_EDGE('',*,*,#543,.T.);
#3164 = PLANE('',#3165);
#3165 = AXIS2_PLACEMENT_3D('',#3166,#3167,#3168);
#3166 = CARTESIAN_POINT('',(-1.745,-3.025,1.9));
#3167 = DIRECTION('',(0.707106781187,-1.570092458684E-16,0.707106781187)
  );
#3168 = DIRECTION('',(0.,1.,2.22044604925E-16));
#3169 = ADVANCED_FACE('',(#3170),#3182,.T.);
#3170 = FACE_BOUND('',#3171,.F.);
#3171 = EDGE_LOOP('',(#3172,#3173,#3174,#3180,#3181));
#3172 = ORIENTED_EDGE('',*,*,#642,.T.);
#3173 = ORIENTED_EDGE('',*,*,#3024,.F.);
#3174 = ORIENTED_EDGE('',*,*,#3175,.F.);
#3175 = EDGE_CURVE('',#3109,#3017,#3176,.T.);
#3176 = LINE('',#3177,#3178);
#3177 = CARTESIAN_POINT('',(-1.595,-3.45,1.18));
#3178 = VECTOR('',#3179,1.);
#3179 = DIRECTION('',(0.,1.,2.22044604925E-16));
#3180 = ORIENTED_EDGE('',*,*,#3139,.T.);
#3181 = ORIENTED_EDGE('',*,*,#3156,.T.);
#3182 = PLANE('',#3183);
#3183 = AXIS2_PLACEMENT_3D('',#3184,#3185,#3186);
#3184 = CARTESIAN_POINT('',(-1.595,-3.75,1.18));
#3185 = DIRECTION('',(1.,0.,0.));
#3186 = DIRECTION('',(0.,-2.22044604925E-16,1.));
#3187 = ADVANCED_FACE('',(#3188),#3217,.T.);
#3188 = FACE_BOUND('',#3189,.F.);
#3189 = EDGE_LOOP('',(#3190,#3198,#3206,#3212,#3213,#3214,#3215,#3216));
#3190 = ORIENTED_EDGE('',*,*,#3191,.F.);
#3191 = EDGE_CURVE('',#3192,#3009,#3194,.T.);
#3192 = VERTEX_POINT('',#3193);
#3193 = CARTESIAN_POINT('',(-1.55,-0.36,1.18));
#3194 = LINE('',#3195,#3196);
#3195 = CARTESIAN_POINT('',(-1.55,-0.36,1.18));
#3196 = VECTOR('',#3197,1.);
#3197 = DIRECTION('',(0.,-1.,-2.22044604925E-16));
#3198 = ORIENTED_EDGE('',*,*,#3199,.T.);
#3199 = EDGE_CURVE('',#3192,#3200,#3202,.T.);
#3200 = VERTEX_POINT('',#3201);
#3201 = CARTESIAN_POINT('',(1.55,-0.36,1.18));
#3202 = LINE('',#3203,#3204);
#3203 = CARTESIAN_POINT('',(-1.55,-0.36,1.18));
#3204 = VECTOR('',#3205,1.);
#3205 = DIRECTION('',(1.,0.,0.));
#3206 = ORIENTED_EDGE('',*,*,#3207,.F.);
#3207 = EDGE_CURVE('',#2984,#3200,#3208,.T.);
#3208 = LINE('',#3209,#3210);
#3209 = CARTESIAN_POINT('',(1.55,-2.3,1.18));
#3210 = VECTOR('',#3211,1.);
#3211 = DIRECTION('',(0.,1.,2.22044604925E-16));
#3212 = ORIENTED_EDGE('',*,*,#2983,.F.);
#3213 = ORIENTED_EDGE('',*,*,#3055,.F.);
#3214 = ORIENTED_EDGE('',*,*,#3116,.T.);
#3215 = ORIENTED_EDGE('',*,*,#3175,.T.);
#3216 = ORIENTED_EDGE('',*,*,#3016,.F.);
#3217 = PLANE('',#3218);
#3218 = AXIS2_PLACEMENT_3D('',#3219,#3220,#3221);
#3219 = CARTESIAN_POINT('',(1.595,-3.75,1.18));
#3220 = DIRECTION('',(0.,-2.22044604925E-16,1.));
#3221 = DIRECTION('',(-1.,-0.,0.));
#3222 = ADVANCED_FACE('',(#3223),#3261,.F.);
#3223 = FACE_BOUND('',#3224,.F.);
#3224 = EDGE_LOOP('',(#3225,#3233,#3239,#3245,#3246,#3247,#3255));
#3225 = ORIENTED_EDGE('',*,*,#3226,.T.);
#3226 = EDGE_CURVE('',#2864,#3227,#3229,.T.);
#3227 = VERTEX_POINT('',#3228);
#3228 = CARTESIAN_POINT('',(-1.55,-1.2,1.37));
#3229 = LINE('',#3230,#3231);
#3230 = CARTESIAN_POINT('',(-1.55,-1.2,1.5));
#3231 = VECTOR('',#3232,1.);
#3232 = DIRECTION('',(0.,2.22044604925E-16,-1.));
#3233 = ORIENTED_EDGE('',*,*,#3234,.T.);
#3234 = EDGE_CURVE('',#3227,#2880,#3235,.T.);
#3235 = LINE('',#3236,#3237);
#3236 = CARTESIAN_POINT('',(-1.55,-1.2,1.37));
#3237 = VECTOR('',#3238,1.);
#3238 = DIRECTION('',(0.,1.,2.22044604925E-16));
#3239 = ORIENTED_EDGE('',*,*,#3240,.F.);
#3240 = EDGE_CURVE('',#3192,#2880,#3241,.T.);
#3241 = LINE('',#3242,#3243);
#3242 = CARTESIAN_POINT('',(-1.55,-0.36,1.18));
#3243 = VECTOR('',#3244,1.);
#3244 = DIRECTION('',(0.,-2.22044604925E-16,1.));
#3245 = ORIENTED_EDGE('',*,*,#3191,.T.);
#3246 = ORIENTED_EDGE('',*,*,#3008,.T.);
#3247 = ORIENTED_EDGE('',*,*,#3248,.F.);
#3248 = EDGE_CURVE('',#3249,#2853,#3251,.T.);
#3249 = VERTEX_POINT('',#3250);
#3250 = CARTESIAN_POINT('',(-1.55,-2.26,1.5));
#3251 = LINE('',#3252,#3253);
#3252 = CARTESIAN_POINT('',(-1.55,-2.26,1.5));
#3253 = VECTOR('',#3254,1.);
#3254 = DIRECTION('',(0.,-0.986394848329,0.164393440227));
#3255 = ORIENTED_EDGE('',*,*,#3256,.T.);
#3256 = EDGE_CURVE('',#3249,#2864,#3257,.T.);
#3257 = LINE('',#3258,#3259);
#3258 = CARTESIAN_POINT('',(-1.55,-2.26,1.5));
#3259 = VECTOR('',#3260,1.);
#3260 = DIRECTION('',(0.,1.,2.22044604925E-16));
#3261 = PLANE('',#3262);
#3262 = AXIS2_PLACEMENT_3D('',#3263,#3264,#3265);
#3263 = CARTESIAN_POINT('',(-1.55,-3.75,1.5));
#3264 = DIRECTION('',(-1.,-0.,0.));
#3265 = DIRECTION('',(0.,2.22044604925E-16,-1.));
#3266 = ADVANCED_FACE('',(#3267),#3294,.T.);
#3267 = FACE_BOUND('',#3268,.F.);
#3268 = EDGE_LOOP('',(#3269,#3277,#3278,#3279,#3280,#3288));
#3269 = ORIENTED_EDGE('',*,*,#3270,.T.);
#3270 = EDGE_CURVE('',#3271,#3227,#3273,.T.);
#3271 = VERTEX_POINT('',#3272);
#3272 = CARTESIAN_POINT('',(-1.78,-1.2,1.37));
#3273 = LINE('',#3274,#3275);
#3274 = CARTESIAN_POINT('',(-1.78,-1.2,1.37));
#3275 = VECTOR('',#3276,1.);
#3276 = DIRECTION('',(1.,0.,0.));
#3277 = ORIENTED_EDGE('',*,*,#3226,.F.);
#3278 = ORIENTED_EDGE('',*,*,#2863,.F.);
#3279 = ORIENTED_EDGE('',*,*,#2540,.T.);
#3280 = ORIENTED_EDGE('',*,*,#3281,.F.);
#3281 = EDGE_CURVE('',#3282,#2533,#3284,.T.);
#3282 = VERTEX_POINT('',#3283);
#3283 = CARTESIAN_POINT('',(-1.78,-1.2,1.73));
#3284 = LINE('',#3285,#3286);
#3285 = CARTESIAN_POINT('',(-1.78,-1.2,1.73));
#3286 = VECTOR('',#3287,1.);
#3287 = DIRECTION('',(-0.707106781187,-1.570092458684E-16,0.707106781187
    ));
#3288 = ORIENTED_EDGE('',*,*,#3289,.F.);
#3289 = EDGE_CURVE('',#3271,#3282,#3290,.T.);
#3290 = LINE('',#3291,#3292);
#3291 = CARTESIAN_POINT('',(-1.78,-1.2,1.37));
#3292 = VECTOR('',#3293,1.);
#3293 = DIRECTION('',(0.,-2.22044604925E-16,1.));
#3294 = PLANE('',#3295);
#3295 = AXIS2_PLACEMENT_3D('',#3296,#3297,#3298);
#3296 = CARTESIAN_POINT('',(0.,-1.2,1.05));
#3297 = DIRECTION('',(0.,1.,2.22044604925E-16));
#3298 = DIRECTION('',(1.,0.,0.));
#3299 = ADVANCED_FACE('',(#3300),#3326,.T.);
#3300 = FACE_BOUND('',#3301,.F.);
#3301 = EDGE_LOOP('',(#3302,#3310,#3318,#3324,#3325));
#3302 = ORIENTED_EDGE('',*,*,#3303,.T.);
#3303 = EDGE_CURVE('',#2922,#3304,#3306,.T.);
#3304 = VERTEX_POINT('',#3305);
#3305 = CARTESIAN_POINT('',(-1.78,-1.2,0.77));
#3306 = LINE('',#3307,#3308);
#3307 = CARTESIAN_POINT('',(-1.55,-1.2,0.77));
#3308 = VECTOR('',#3309,1.);
#3309 = DIRECTION('',(-1.,-0.,0.));
#3310 = ORIENTED_EDGE('',*,*,#3311,.F.);
#3311 = EDGE_CURVE('',#3312,#3304,#3314,.T.);
#3312 = VERTEX_POINT('',#3313);
#3313 = CARTESIAN_POINT('',(-1.78,-1.2,0.37));
#3314 = LINE('',#3315,#3316);
#3315 = CARTESIAN_POINT('',(-1.78,-1.2,0.37));
#3316 = VECTOR('',#3317,1.);
#3317 = DIRECTION('',(0.,-2.22044604925E-16,1.));
#3318 = ORIENTED_EDGE('',*,*,#3319,.F.);
#3319 = EDGE_CURVE('',#1580,#3312,#3320,.T.);
#3320 = LINE('',#3321,#3322);
#3321 = CARTESIAN_POINT('',(-1.93,-1.2,0.22));
#3322 = VECTOR('',#3323,1.);
#3323 = DIRECTION('',(0.707106781187,-1.570092458684E-16,0.707106781187)
  );
#3324 = ORIENTED_EDGE('',*,*,#1579,.T.);
#3325 = ORIENTED_EDGE('',*,*,#2929,.F.);
#3326 = PLANE('',#3327);
#3327 = AXIS2_PLACEMENT_3D('',#3328,#3329,#3330);
#3328 = CARTESIAN_POINT('',(0.,-1.2,1.05));
#3329 = DIRECTION('',(0.,1.,2.22044604925E-16));
#3330 = DIRECTION('',(1.,0.,0.));
#3331 = ADVANCED_FACE('',(#3332),#3358,.T.);
#3332 = FACE_BOUND('',#3333,.F.);
#3333 = EDGE_LOOP('',(#3334,#3342,#3343,#3344,#3352));
#3334 = ORIENTED_EDGE('',*,*,#3335,.T.);
#3335 = EDGE_CURVE('',#3336,#2412,#3338,.T.);
#3336 = VERTEX_POINT('',#3337);
#3337 = CARTESIAN_POINT('',(1.78,-1.2,0.77));
#3338 = LINE('',#3339,#3340);
#3339 = CARTESIAN_POINT('',(1.78,-1.2,0.77));
#3340 = VECTOR('',#3341,1.);
#3341 = DIRECTION('',(-1.,-0.,0.));
#3342 = ORIENTED_EDGE('',*,*,#2411,.F.);
#3343 = ORIENTED_EDGE('',*,*,#1488,.T.);
#3344 = ORIENTED_EDGE('',*,*,#3345,.F.);
#3345 = EDGE_CURVE('',#3346,#1481,#3348,.T.);
#3346 = VERTEX_POINT('',#3347);
#3347 = CARTESIAN_POINT('',(1.78,-1.2,0.37));
#3348 = LINE('',#3349,#3350);
#3349 = CARTESIAN_POINT('',(1.78,-1.2,0.37));
#3350 = VECTOR('',#3351,1.);
#3351 = DIRECTION('',(0.707106781187,1.570092458684E-16,-0.707106781187)
  );
#3352 = ORIENTED_EDGE('',*,*,#3353,.F.);
#3353 = EDGE_CURVE('',#3336,#3346,#3354,.T.);
#3354 = LINE('',#3355,#3356);
#3355 = CARTESIAN_POINT('',(1.78,-1.2,0.77));
#3356 = VECTOR('',#3357,1.);
#3357 = DIRECTION('',(0.,2.22044604925E-16,-1.));
#3358 = PLANE('',#3359);
#3359 = AXIS2_PLACEMENT_3D('',#3360,#3361,#3362);
#3360 = CARTESIAN_POINT('',(0.,-1.2,1.05));
#3361 = DIRECTION('',(0.,1.,2.22044604925E-16));
#3362 = DIRECTION('',(1.,0.,0.));
#3363 = ADVANCED_FACE('',(#3364),#3398,.T.);
#3364 = FACE_BOUND('',#3365,.F.);
#3365 = EDGE_LOOP('',(#3366,#3376,#3384,#3390,#3391,#3392));
#3366 = ORIENTED_EDGE('',*,*,#3367,.T.);
#3367 = EDGE_CURVE('',#3368,#3370,#3372,.T.);
#3368 = VERTEX_POINT('',#3369);
#3369 = CARTESIAN_POINT('',(1.55,-1.2,1.37));
#3370 = VERTEX_POINT('',#3371);
#3371 = CARTESIAN_POINT('',(1.78,-1.2,1.37));
#3372 = LINE('',#3373,#3374);
#3373 = CARTESIAN_POINT('',(1.55,-1.2,1.37));
#3374 = VECTOR('',#3375,1.);
#3375 = DIRECTION('',(1.,0.,0.));
#3376 = ORIENTED_EDGE('',*,*,#3377,.F.);
#3377 = EDGE_CURVE('',#3378,#3370,#3380,.T.);
#3378 = VERTEX_POINT('',#3379);
#3379 = CARTESIAN_POINT('',(1.78,-1.2,1.73));
#3380 = LINE('',#3381,#3382);
#3381 = CARTESIAN_POINT('',(1.78,-1.2,1.73));
#3382 = VECTOR('',#3383,1.);
#3383 = DIRECTION('',(0.,2.22044604925E-16,-1.));
#3384 = ORIENTED_EDGE('',*,*,#3385,.F.);
#3385 = EDGE_CURVE('',#2499,#3378,#3386,.T.);
#3386 = LINE('',#3387,#3388);
#3387 = CARTESIAN_POINT('',(1.93,-1.2,1.88));
#3388 = VECTOR('',#3389,1.);
#3389 = DIRECTION('',(-0.707106781187,1.570092458684E-16,-0.707106781187
    ));
#3390 = ORIENTED_EDGE('',*,*,#2498,.T.);
#3391 = ORIENTED_EDGE('',*,*,#2477,.F.);
#3392 = ORIENTED_EDGE('',*,*,#3393,.F.);
#3393 = EDGE_CURVE('',#3368,#2470,#3394,.T.);
#3394 = LINE('',#3395,#3396);
#3395 = CARTESIAN_POINT('',(1.55,-1.2,1.37));
#3396 = VECTOR('',#3397,1.);
#3397 = DIRECTION('',(0.,-2.22044604925E-16,1.));
#3398 = PLANE('',#3399);
#3399 = AXIS2_PLACEMENT_3D('',#3400,#3401,#3402);
#3400 = CARTESIAN_POINT('',(0.,-1.2,1.05));
#3401 = DIRECTION('',(0.,1.,2.22044604925E-16));
#3402 = DIRECTION('',(1.,0.,0.));
#3403 = ADVANCED_FACE('',(#3404),#3423,.T.);
#3404 = FACE_BOUND('',#3405,.F.);
#3405 = EDGE_LOOP('',(#3406,#3414,#3415,#3416,#3417));
#3406 = ORIENTED_EDGE('',*,*,#3407,.T.);
#3407 = EDGE_CURVE('',#3408,#2888,#3410,.T.);
#3408 = VERTEX_POINT('',#3409);
#3409 = CARTESIAN_POINT('',(-1.78,-0.15,1.37));
#3410 = LINE('',#3411,#3412);
#3411 = CARTESIAN_POINT('',(-1.78,-0.15,1.37));
#3412 = VECTOR('',#3413,1.);
#3413 = DIRECTION('',(1.,0.,0.));
#3414 = ORIENTED_EDGE('',*,*,#2887,.F.);
#3415 = ORIENTED_EDGE('',*,*,#3234,.F.);
#3416 = ORIENTED_EDGE('',*,*,#3270,.F.);
#3417 = ORIENTED_EDGE('',*,*,#3418,.T.);
#3418 = EDGE_CURVE('',#3271,#3408,#3419,.T.);
#3419 = LINE('',#3420,#3421);
#3420 = CARTESIAN_POINT('',(-1.78,-1.2,1.37));
#3421 = VECTOR('',#3422,1.);
#3422 = DIRECTION('',(0.,1.,2.22044604925E-16));
#3423 = PLANE('',#3424);
#3424 = AXIS2_PLACEMENT_3D('',#3425,#3426,#3427);
#3425 = CARTESIAN_POINT('',(-1.78,-1.2,1.37));
#3426 = DIRECTION('',(0.,-2.22044604925E-16,1.));
#3427 = DIRECTION('',(1.,0.,0.));
#3428 = ADVANCED_FACE('',(#3429),#3448,.T.);
#3429 = FACE_BOUND('',#3430,.T.);
#3430 = EDGE_LOOP('',(#3431,#3432,#3433,#3441));
#3431 = ORIENTED_EDGE('',*,*,#3407,.T.);
#3432 = ORIENTED_EDGE('',*,*,#2895,.F.);
#3433 = ORIENTED_EDGE('',*,*,#3434,.F.);
#3434 = EDGE_CURVE('',#3435,#2896,#3437,.T.);
#3435 = VERTEX_POINT('',#3436);
#3436 = CARTESIAN_POINT('',(-1.78,8.881784197001E-16,1.22));
#3437 = LINE('',#3438,#3439);
#3438 = CARTESIAN_POINT('',(-1.78,8.881784197001E-16,1.22));
#3439 = VECTOR('',#3440,1.);
#3440 = DIRECTION('',(1.,0.,0.));
#3441 = ORIENTED_EDGE('',*,*,#3442,.F.);
#3442 = EDGE_CURVE('',#3408,#3435,#3443,.T.);
#3443 = CIRCLE('',#3444,0.15);
#3444 = AXIS2_PLACEMENT_3D('',#3445,#3446,#3447);
#3445 = CARTESIAN_POINT('',(-1.78,-0.15,1.22));
#3446 = DIRECTION('',(-1.,0.,0.));
#3447 = DIRECTION('',(0.,-2.22044604925E-16,1.));
#3448 = CYLINDRICAL_SURFACE('',#3449,0.15);
#3449 = AXIS2_PLACEMENT_3D('',#3450,#3451,#3452);
#3450 = CARTESIAN_POINT('',(-1.794286867265,-0.15,1.22));
#3451 = DIRECTION('',(1.,0.,0.));
#3452 = DIRECTION('',(0.,1.,2.22044604925E-16));
#3453 = ADVANCED_FACE('',(#3454),#3505,.F.);
#3454 = FACE_BOUND('',#3455,.F.);
#3455 = EDGE_LOOP('',(#3456,#3464,#3465,#3466,#3467,#3475,#3483,#3489,
    #3490,#3498));
#3456 = ORIENTED_EDGE('',*,*,#3457,.F.);
#3457 = EDGE_CURVE('',#3435,#3458,#3460,.T.);
#3458 = VERTEX_POINT('',#3459);
#3459 = CARTESIAN_POINT('',(-1.78,8.881784197001E-16,0.92));
#3460 = LINE('',#3461,#3462);
#3461 = CARTESIAN_POINT('',(-1.78,8.881784197001E-16,1.22));
#3462 = VECTOR('',#3463,1.);
#3463 = DIRECTION('',(0.,2.22044604925E-16,-1.));
#3464 = ORIENTED_EDGE('',*,*,#3442,.F.);
#3465 = ORIENTED_EDGE('',*,*,#3418,.F.);
#3466 = ORIENTED_EDGE('',*,*,#3289,.T.);
#3467 = ORIENTED_EDGE('',*,*,#3468,.T.);
#3468 = EDGE_CURVE('',#3282,#3469,#3471,.T.);
#3469 = VERTEX_POINT('',#3470);
#3470 = CARTESIAN_POINT('',(-1.78,0.5,1.73));
#3471 = LINE('',#3472,#3473);
#3472 = CARTESIAN_POINT('',(-1.78,-1.2,1.73));
#3473 = VECTOR('',#3474,1.);
#3474 = DIRECTION('',(0.,1.,2.22044604925E-16));
#3475 = ORIENTED_EDGE('',*,*,#3476,.T.);
#3476 = EDGE_CURVE('',#3469,#3477,#3479,.T.);
#3477 = VERTEX_POINT('',#3478);
#3478 = CARTESIAN_POINT('',(-1.78,0.5,0.37));
#3479 = LINE('',#3480,#3481);
#3480 = CARTESIAN_POINT('',(-1.78,0.5,1.73));
#3481 = VECTOR('',#3482,1.);
#3482 = DIRECTION('',(0.,2.22044604925E-16,-1.));
#3483 = ORIENTED_EDGE('',*,*,#3484,.T.);
#3484 = EDGE_CURVE('',#3477,#3312,#3485,.T.);
#3485 = LINE('',#3486,#3487);
#3486 = CARTESIAN_POINT('',(-1.78,0.5,0.37));
#3487 = VECTOR('',#3488,1.);
#3488 = DIRECTION('',(0.,-1.,-2.22044604925E-16));
#3489 = ORIENTED_EDGE('',*,*,#3311,.T.);
#3490 = ORIENTED_EDGE('',*,*,#3491,.T.);
#3491 = EDGE_CURVE('',#3304,#3492,#3494,.T.);
#3492 = VERTEX_POINT('',#3493);
#3493 = CARTESIAN_POINT('',(-1.78,-0.15,0.77));
#3494 = LINE('',#3495,#3496);
#3495 = CARTESIAN_POINT('',(-1.78,-1.2,0.77));
#3496 = VECTOR('',#3497,1.);
#3497 = DIRECTION('',(0.,1.,2.22044604925E-16));
#3498 = ORIENTED_EDGE('',*,*,#3499,.F.);
#3499 = EDGE_CURVE('',#3458,#3492,#3500,.T.);
#3500 = CIRCLE('',#3501,0.15);
#3501 = AXIS2_PLACEMENT_3D('',#3502,#3503,#3504);
#3502 = CARTESIAN_POINT('',(-1.78,-0.15,0.92));
#3503 = DIRECTION('',(-1.,0.,0.));
#3504 = DIRECTION('',(0.,1.,2.22044604925E-16));
#3505 = PLANE('',#3506);
#3506 = AXIS2_PLACEMENT_3D('',#3507,#3508,#3509);
#3507 = CARTESIAN_POINT('',(-1.78,0.65,0.22));
#3508 = DIRECTION('',(-1.,-0.,0.));
#3509 = DIRECTION('',(0.,-2.22044604925E-16,1.));
#3510 = ADVANCED_FACE('',(#3511),#3522,.T.);
#3511 = FACE_BOUND('',#3512,.F.);
#3512 = EDGE_LOOP('',(#3513,#3519,#3520,#3521));
#3513 = ORIENTED_EDGE('',*,*,#3514,.F.);
#3514 = EDGE_CURVE('',#2905,#3458,#3515,.T.);
#3515 = LINE('',#3516,#3517);
#3516 = CARTESIAN_POINT('',(-1.55,8.881784197001E-16,0.92));
#3517 = VECTOR('',#3518,1.);
#3518 = DIRECTION('',(-1.,-0.,0.));
#3519 = ORIENTED_EDGE('',*,*,#2904,.F.);
#3520 = ORIENTED_EDGE('',*,*,#3434,.F.);
#3521 = ORIENTED_EDGE('',*,*,#3457,.T.);
#3522 = PLANE('',#3523);
#3523 = AXIS2_PLACEMENT_3D('',#3524,#3525,#3526);
#3524 = CARTESIAN_POINT('',(0.,8.881784197001E-16,1.05));
#3525 = DIRECTION('',(0.,1.,2.22044604925E-16));
#3526 = DIRECTION('',(1.,0.,0.));
#3527 = ADVANCED_FACE('',(#3528),#3553,.T.);
#3528 = FACE_BOUND('',#3529,.F.);
#3529 = EDGE_LOOP('',(#3530,#3538,#3539,#3547));
#3530 = ORIENTED_EDGE('',*,*,#3531,.F.);
#3531 = EDGE_CURVE('',#2437,#3532,#3534,.T.);
#3532 = VERTEX_POINT('',#3533);
#3533 = CARTESIAN_POINT('',(1.78,8.881784197001E-16,1.22));
#3534 = LINE('',#3535,#3536);
#3535 = CARTESIAN_POINT('',(1.55,8.881784197001E-16,1.22));
#3536 = VECTOR('',#3537,1.);
#3537 = DIRECTION('',(1.,0.,0.));
#3538 = ORIENTED_EDGE('',*,*,#2436,.T.);
#3539 = ORIENTED_EDGE('',*,*,#3540,.F.);
#3540 = EDGE_CURVE('',#3541,#2428,#3543,.T.);
#3541 = VERTEX_POINT('',#3542);
#3542 = CARTESIAN_POINT('',(1.78,8.881784197001E-16,0.92));
#3543 = LINE('',#3544,#3545);
#3544 = CARTESIAN_POINT('',(1.78,8.881784197001E-16,0.92));
#3545 = VECTOR('',#3546,1.);
#3546 = DIRECTION('',(-1.,-0.,0.));
#3547 = ORIENTED_EDGE('',*,*,#3548,.F.);
#3548 = EDGE_CURVE('',#3532,#3541,#3549,.T.);
#3549 = LINE('',#3550,#3551);
#3550 = CARTESIAN_POINT('',(1.78,8.881784197001E-16,1.22));
#3551 = VECTOR('',#3552,1.);
#3552 = DIRECTION('',(0.,2.22044604925E-16,-1.));
#3553 = PLANE('',#3554);
#3554 = AXIS2_PLACEMENT_3D('',#3555,#3556,#3557);
#3555 = CARTESIAN_POINT('',(0.,8.881784197001E-16,1.05));
#3556 = DIRECTION('',(0.,1.,2.22044604925E-16));
#3557 = DIRECTION('',(1.,0.,0.));
#3558 = ADVANCED_FACE('',(#3559),#3586,.T.);
#3559 = FACE_BOUND('',#3560,.T.);
#3560 = EDGE_LOOP('',(#3561,#3569,#3570,#3571,#3572,#3580));
#3561 = ORIENTED_EDGE('',*,*,#3562,.T.);
#3562 = EDGE_CURVE('',#3563,#3492,#3565,.T.);
#3563 = VERTEX_POINT('',#3564);
#3564 = CARTESIAN_POINT('',(-1.765,-0.15,0.77));
#3565 = LINE('',#3566,#3567);
#3566 = CARTESIAN_POINT('',(-1.765,-0.15,0.77));
#3567 = VECTOR('',#3568,1.);
#3568 = DIRECTION('',(-1.,-1.184237892934E-13,-2.629536350738E-29));
#3569 = ORIENTED_EDGE('',*,*,#3499,.F.);
#3570 = ORIENTED_EDGE('',*,*,#3514,.F.);
#3571 = ORIENTED_EDGE('',*,*,#2912,.F.);
#3572 = ORIENTED_EDGE('',*,*,#3573,.T.);
#3573 = EDGE_CURVE('',#2913,#3574,#3576,.T.);
#3574 = VERTEX_POINT('',#3575);
#3575 = CARTESIAN_POINT('',(-1.565,-0.15,0.77));
#3576 = LINE('',#3577,#3578);
#3577 = CARTESIAN_POINT('',(-1.55,-0.15,0.77));
#3578 = VECTOR('',#3579,1.);
#3579 = DIRECTION('',(-1.,2.960594732334E-14,6.573840876842E-30));
#3580 = ORIENTED_EDGE('',*,*,#3581,.T.);
#3581 = EDGE_CURVE('',#3574,#3563,#3582,.T.);
#3582 = LINE('',#3583,#3584);
#3583 = CARTESIAN_POINT('',(-1.565,-0.15,0.77));
#3584 = VECTOR('',#3585,1.);
#3585 = DIRECTION('',(-1.,-0.,0.));
#3586 = CYLINDRICAL_SURFACE('',#3587,0.15);
#3587 = AXIS2_PLACEMENT_3D('',#3588,#3589,#3590);
#3588 = CARTESIAN_POINT('',(-1.535713132735,-0.15,0.92));
#3589 = DIRECTION('',(-1.,-0.,0.));
#3590 = DIRECTION('',(0.,1.,2.22044604925E-16));
#3591 = ADVANCED_FACE('',(#3592),#3608,.T.);
#3592 = FACE_BOUND('',#3593,.F.);
#3593 = EDGE_LOOP('',(#3594,#3600,#3601,#3607));
#3594 = ORIENTED_EDGE('',*,*,#3595,.F.);
#3595 = EDGE_CURVE('',#2169,#3563,#3596,.T.);
#3596 = LINE('',#3597,#3598);
#3597 = CARTESIAN_POINT('',(-1.765,0.65,0.77));
#3598 = VECTOR('',#3599,1.);
#3599 = DIRECTION('',(0.,-1.,-2.22044604925E-16));
#3600 = ORIENTED_EDGE('',*,*,#2168,.T.);
#3601 = ORIENTED_EDGE('',*,*,#3602,.T.);
#3602 = EDGE_CURVE('',#2161,#3574,#3603,.T.);
#3603 = LINE('',#3604,#3605);
#3604 = CARTESIAN_POINT('',(-1.565,0.65,0.77));
#3605 = VECTOR('',#3606,1.);
#3606 = DIRECTION('',(0.,-1.,-2.22044604925E-16));
#3607 = ORIENTED_EDGE('',*,*,#3581,.T.);
#3608 = PLANE('',#3609);
#3609 = AXIS2_PLACEMENT_3D('',#3610,#3611,#3612);
#3610 = CARTESIAN_POINT('',(-1.765,0.65,0.77));
#3611 = DIRECTION('',(0.,-2.22044604925E-16,1.));
#3612 = DIRECTION('',(1.,0.,0.));
#3613 = ADVANCED_FACE('',(#3614),#3640,.T.);
#3614 = FACE_BOUND('',#3615,.F.);
#3615 = EDGE_LOOP('',(#3616,#3626,#3632,#3633,#3634));
#3616 = ORIENTED_EDGE('',*,*,#3617,.F.);
#3617 = EDGE_CURVE('',#3618,#3620,#3622,.T.);
#3618 = VERTEX_POINT('',#3619);
#3619 = CARTESIAN_POINT('',(-1.765,-1.15,0.371));
#3620 = VERTEX_POINT('',#3621);
#3621 = CARTESIAN_POINT('',(-1.765,-1.15,0.77));
#3622 = LINE('',#3623,#3624);
#3623 = CARTESIAN_POINT('',(-1.765,-1.15,0.371));
#3624 = VECTOR('',#3625,1.);
#3625 = DIRECTION('',(0.,-2.22044604925E-16,1.));
#3626 = ORIENTED_EDGE('',*,*,#3627,.F.);
#3627 = EDGE_CURVE('',#2177,#3618,#3628,.T.);
#3628 = LINE('',#3629,#3630);
#3629 = CARTESIAN_POINT('',(-1.765,0.65,0.371));
#3630 = VECTOR('',#3631,1.);
#3631 = DIRECTION('',(0.,-1.,-2.22044604925E-16));
#3632 = ORIENTED_EDGE('',*,*,#2176,.T.);
#3633 = ORIENTED_EDGE('',*,*,#3595,.T.);
#3634 = ORIENTED_EDGE('',*,*,#3635,.T.);
#3635 = EDGE_CURVE('',#3563,#3620,#3636,.T.);
#3636 = LINE('',#3637,#3638);
#3637 = CARTESIAN_POINT('',(-1.765,-0.15,0.77));
#3638 = VECTOR('',#3639,1.);
#3639 = DIRECTION('',(0.,-1.,-2.22044604925E-16));
#3640 = PLANE('',#3641);
#3641 = AXIS2_PLACEMENT_3D('',#3642,#3643,#3644);
#3642 = CARTESIAN_POINT('',(-1.765,0.65,0.371));
#3643 = DIRECTION('',(-1.,-0.,0.));
#3644 = DIRECTION('',(0.,-2.22044604925E-16,1.));
#3645 = ADVANCED_FACE('',(#3646),#3706,.F.);
#3646 = FACE_BOUND('',#3647,.F.);
#3647 = EDGE_LOOP('',(#3648,#3656,#3664,#3673,#3681,#3689,#3697,#3704,
    #3705));
#3648 = ORIENTED_EDGE('',*,*,#3649,.T.);
#3649 = EDGE_CURVE('',#1464,#3650,#3652,.T.);
#3650 = VERTEX_POINT('',#3651);
#3651 = CARTESIAN_POINT('',(1.965,-1.15,2.E-02));
#3652 = LINE('',#3653,#3654);
#3653 = CARTESIAN_POINT('',(1.965,-1.15,0.22));
#3654 = VECTOR('',#3655,1.);
#3655 = DIRECTION('',(0.,2.22044604925E-16,-1.));
#3656 = ORIENTED_EDGE('',*,*,#3657,.T.);
#3657 = EDGE_CURVE('',#3650,#3658,#3660,.T.);
#3658 = VERTEX_POINT('',#3659);
#3659 = CARTESIAN_POINT('',(1.916,-1.15,2.E-02));
#3660 = LINE('',#3661,#3662);
#3661 = CARTESIAN_POINT('',(1.965,-1.15,2.E-02));
#3662 = VECTOR('',#3663,1.);
#3663 = DIRECTION('',(-1.,-0.,0.));
#3664 = ORIENTED_EDGE('',*,*,#3665,.T.);
#3665 = EDGE_CURVE('',#3658,#3666,#3668,.T.);
#3666 = VERTEX_POINT('',#3667);
#3667 = CARTESIAN_POINT('',(1.565,-1.15,0.371));
#3668 = CIRCLE('',#3669,0.351);
#3669 = AXIS2_PLACEMENT_3D('',#3670,#3671,#3672);
#3670 = CARTESIAN_POINT('',(1.916,-1.15,0.371));
#3671 = DIRECTION('',(0.,1.,2.22044604925E-16));
#3672 = DIRECTION('',(0.,2.22044604925E-16,-1.));
#3673 = ORIENTED_EDGE('',*,*,#3674,.T.);
#3674 = EDGE_CURVE('',#3666,#3675,#3677,.T.);
#3675 = VERTEX_POINT('',#3676);
#3676 = CARTESIAN_POINT('',(1.565,-1.15,0.77));
#3677 = LINE('',#3678,#3679);
#3678 = CARTESIAN_POINT('',(1.565,-1.15,0.371));
#3679 = VECTOR('',#3680,1.);
#3680 = DIRECTION('',(0.,-2.22044604925E-16,1.));
#3681 = ORIENTED_EDGE('',*,*,#3682,.F.);
#3682 = EDGE_CURVE('',#3683,#3675,#3685,.T.);
#3683 = VERTEX_POINT('',#3684);
#3684 = CARTESIAN_POINT('',(1.765,-1.15,0.77));
#3685 = LINE('',#3686,#3687);
#3686 = CARTESIAN_POINT('',(1.765,-1.15,0.77));
#3687 = VECTOR('',#3688,1.);
#3688 = DIRECTION('',(-1.,-0.,0.));
#3689 = ORIENTED_EDGE('',*,*,#3690,.T.);
#3690 = EDGE_CURVE('',#3683,#3691,#3693,.T.);
#3691 = VERTEX_POINT('',#3692);
#3692 = CARTESIAN_POINT('',(1.765,-1.15,0.371));
#3693 = LINE('',#3694,#3695);
#3694 = CARTESIAN_POINT('',(1.765,-1.15,0.77));
#3695 = VECTOR('',#3696,1.);
#3696 = DIRECTION('',(0.,2.22044604925E-16,-1.));
#3697 = ORIENTED_EDGE('',*,*,#3698,.T.);
#3698 = EDGE_CURVE('',#3691,#1707,#3699,.T.);
#3699 = CIRCLE('',#3700,0.151);
#3700 = AXIS2_PLACEMENT_3D('',#3701,#3702,#3703);
#3701 = CARTESIAN_POINT('',(1.916,-1.15,0.371));
#3702 = DIRECTION('',(0.,-1.,-2.22044604925E-16));
#3703 = DIRECTION('',(-1.,-0.,0.));
#3704 = ORIENTED_EDGE('',*,*,#1706,.T.);
#3705 = ORIENTED_EDGE('',*,*,#1472,.T.);
#3706 = PLANE('',#3707);
#3707 = AXIS2_PLACEMENT_3D('',#3708,#3709,#3710);
#3708 = CARTESIAN_POINT('',(0.,-1.15,1.05));
#3709 = DIRECTION('',(0.,1.,2.22044604925E-16));
#3710 = DIRECTION('',(1.,0.,0.));
#3711 = ADVANCED_FACE('',(#3712),#3763,.F.);
#3712 = FACE_BOUND('',#3713,.F.);
#3713 = EDGE_LOOP('',(#3714,#3722,#3723,#3724,#3731,#3732,#3740,#3748,
    #3757));
#3714 = ORIENTED_EDGE('',*,*,#3715,.T.);
#3715 = EDGE_CURVE('',#3716,#1596,#3718,.T.);
#3716 = VERTEX_POINT('',#3717);
#3717 = CARTESIAN_POINT('',(-1.965,-1.15,2.E-02));
#3718 = LINE('',#3719,#3720);
#3719 = CARTESIAN_POINT('',(-1.965,-1.15,2.E-02));
#3720 = VECTOR('',#3721,1.);
#3721 = DIRECTION('',(0.,-2.22044604925E-16,1.));
#3722 = ORIENTED_EDGE('',*,*,#1595,.T.);
#3723 = ORIENTED_EDGE('',*,*,#1746,.T.);
#3724 = ORIENTED_EDGE('',*,*,#3725,.T.);
#3725 = EDGE_CURVE('',#1739,#3618,#3726,.T.);
#3726 = CIRCLE('',#3727,0.151);
#3727 = AXIS2_PLACEMENT_3D('',#3728,#3729,#3730);
#3728 = CARTESIAN_POINT('',(-1.916,-1.15,0.371));
#3729 = DIRECTION('',(0.,-1.,-2.22044604925E-16));
#3730 = DIRECTION('',(0.,2.22044604925E-16,-1.));
#3731 = ORIENTED_EDGE('',*,*,#3617,.T.);
#3732 = ORIENTED_EDGE('',*,*,#3733,.F.);
#3733 = EDGE_CURVE('',#3734,#3620,#3736,.T.);
#3734 = VERTEX_POINT('',#3735);
#3735 = CARTESIAN_POINT('',(-1.565,-1.15,0.77));
#3736 = LINE('',#3737,#3738);
#3737 = CARTESIAN_POINT('',(-1.565,-1.15,0.77));
#3738 = VECTOR('',#3739,1.);
#3739 = DIRECTION('',(-1.,-0.,0.));
#3740 = ORIENTED_EDGE('',*,*,#3741,.T.);
#3741 = EDGE_CURVE('',#3734,#3742,#3744,.T.);
#3742 = VERTEX_POINT('',#3743);
#3743 = CARTESIAN_POINT('',(-1.565,-1.15,0.371));
#3744 = LINE('',#3745,#3746);
#3745 = CARTESIAN_POINT('',(-1.565,-1.15,0.77));
#3746 = VECTOR('',#3747,1.);
#3747 = DIRECTION('',(0.,2.22044604925E-16,-1.));
#3748 = ORIENTED_EDGE('',*,*,#3749,.T.);
#3749 = EDGE_CURVE('',#3742,#3750,#3752,.T.);
#3750 = VERTEX_POINT('',#3751);
#3751 = CARTESIAN_POINT('',(-1.916,-1.15,2.E-02));
#3752 = CIRCLE('',#3753,0.351);
#3753 = AXIS2_PLACEMENT_3D('',#3754,#3755,#3756);
#3754 = CARTESIAN_POINT('',(-1.916,-1.15,0.371));
#3755 = DIRECTION('',(-0.,1.,2.22044604925E-16));
#3756 = DIRECTION('',(1.,0.,0.));
#3757 = ORIENTED_EDGE('',*,*,#3758,.T.);
#3758 = EDGE_CURVE('',#3750,#3716,#3759,.T.);
#3759 = LINE('',#3760,#3761);
#3760 = CARTESIAN_POINT('',(-1.916,-1.15,2.E-02));
#3761 = VECTOR('',#3762,1.);
#3762 = DIRECTION('',(-1.,-0.,0.));
#3763 = PLANE('',#3764);
#3764 = AXIS2_PLACEMENT_3D('',#3765,#3766,#3767);
#3765 = CARTESIAN_POINT('',(0.,-1.15,1.05));
#3766 = DIRECTION('',(0.,1.,2.22044604925E-16));
#3767 = DIRECTION('',(1.,0.,0.));
#3768 = ADVANCED_FACE('',(#3769),#3788,.F.);
#3769 = FACE_BOUND('',#3770,.F.);
#3770 = EDGE_LOOP('',(#3771,#3780,#3781,#3782));
#3771 = ORIENTED_EDGE('',*,*,#3772,.T.);
#3772 = EDGE_CURVE('',#3773,#3650,#3775,.T.);
#3773 = VERTEX_POINT('',#3774);
#3774 = CARTESIAN_POINT('',(2.015,-1.2,2.E-02));
#3775 = CIRCLE('',#3776,5.E-02);
#3776 = AXIS2_PLACEMENT_3D('',#3777,#3778,#3779);
#3777 = CARTESIAN_POINT('',(1.965,-1.2,2.E-02));
#3778 = DIRECTION('',(0.,-2.22044604925E-16,1.));
#3779 = DIRECTION('',(1.,0.,0.));
#3780 = ORIENTED_EDGE('',*,*,#3649,.F.);
#3781 = ORIENTED_EDGE('',*,*,#1463,.T.);
#3782 = ORIENTED_EDGE('',*,*,#3783,.T.);
#3783 = EDGE_CURVE('',#1456,#3773,#3784,.T.);
#3784 = LINE('',#3785,#3786);
#3785 = CARTESIAN_POINT('',(2.015,-1.2,0.22));
#3786 = VECTOR('',#3787,1.);
#3787 = DIRECTION('',(0.,2.22044604925E-16,-1.));
#3788 = CYLINDRICAL_SURFACE('',#3789,5.E-02);
#3789 = AXIS2_PLACEMENT_3D('',#3790,#3791,#3792);
#3790 = CARTESIAN_POINT('',(1.965,-1.2,0.232431379446));
#3791 = DIRECTION('',(0.,2.22044604925E-16,-1.));
#3792 = DIRECTION('',(0.,1.,2.22044604925E-16));
#3793 = ADVANCED_FACE('',(#3794),#3894,.T.);
#3794 = FACE_BOUND('',#3795,.F.);
#3795 = EDGE_LOOP('',(#3796,#3807,#3815,#3824,#3832,#3839,#3840,#3846,
    #3847,#3856,#3864,#3872,#3880,#3888));
#3796 = ORIENTED_EDGE('',*,*,#3797,.F.);
#3797 = EDGE_CURVE('',#3798,#3800,#3802,.T.);
#3798 = VERTEX_POINT('',#3799);
#3799 = CARTESIAN_POINT('',(-3.215,-2.15,2.E-02));
#3800 = VERTEX_POINT('',#3801);
#3801 = CARTESIAN_POINT('',(-3.315,-2.05,2.E-02));
#3802 = CIRCLE('',#3803,0.1);
#3803 = AXIS2_PLACEMENT_3D('',#3804,#3805,#3806);
#3804 = CARTESIAN_POINT('',(-3.215,-2.05,2.E-02));
#3805 = DIRECTION('',(-0.,2.22044604925E-16,-1.));
#3806 = DIRECTION('',(0.,-1.,-2.22044604925E-16));
#3807 = ORIENTED_EDGE('',*,*,#3808,.F.);
#3808 = EDGE_CURVE('',#3809,#3798,#3811,.T.);
#3809 = VERTEX_POINT('',#3810);
#3810 = CARTESIAN_POINT('',(-2.065,-2.15,2.E-02));
#3811 = LINE('',#3812,#3813);
#3812 = CARTESIAN_POINT('',(-2.065,-2.15,2.E-02));
#3813 = VECTOR('',#3814,1.);
#3814 = DIRECTION('',(-1.,-0.,0.));
#3815 = ORIENTED_EDGE('',*,*,#3816,.F.);
#3816 = EDGE_CURVE('',#3817,#3809,#3819,.T.);
#3817 = VERTEX_POINT('',#3818);
#3818 = CARTESIAN_POINT('',(-2.015,-2.1,2.E-02));
#3819 = CIRCLE('',#3820,5.E-02);
#3820 = AXIS2_PLACEMENT_3D('',#3821,#3822,#3823);
#3821 = CARTESIAN_POINT('',(-2.065,-2.1,2.E-02));
#3822 = DIRECTION('',(0.,2.22044604925E-16,-1.));
#3823 = DIRECTION('',(1.,0.,0.));
#3824 = ORIENTED_EDGE('',*,*,#3825,.F.);
#3825 = EDGE_CURVE('',#3826,#3817,#3828,.T.);
#3826 = VERTEX_POINT('',#3827);
#3827 = CARTESIAN_POINT('',(-2.015,-1.2,2.E-02));
#3828 = LINE('',#3829,#3830);
#3829 = CARTESIAN_POINT('',(-2.015,-1.2,2.E-02));
#3830 = VECTOR('',#3831,1.);
#3831 = DIRECTION('',(0.,-1.,-2.22044604925E-16));
#3832 = ORIENTED_EDGE('',*,*,#3833,.F.);
#3833 = EDGE_CURVE('',#3716,#3826,#3834,.T.);
#3834 = CIRCLE('',#3835,5.E-02);
#3835 = AXIS2_PLACEMENT_3D('',#3836,#3837,#3838);
#3836 = CARTESIAN_POINT('',(-1.965,-1.2,2.E-02));
#3837 = DIRECTION('',(0.,-2.22044604925E-16,1.));
#3838 = DIRECTION('',(0.,1.,2.22044604925E-16));
#3839 = ORIENTED_EDGE('',*,*,#3758,.F.);
#3840 = ORIENTED_EDGE('',*,*,#3841,.F.);
#3841 = EDGE_CURVE('',#2144,#3750,#3842,.T.);
#3842 = LINE('',#3843,#3844);
#3843 = CARTESIAN_POINT('',(-1.916,0.65,2.E-02));
#3844 = VECTOR('',#3845,1.);
#3845 = DIRECTION('',(0.,-1.,-2.22044604925E-16));
#3846 = ORIENTED_EDGE('',*,*,#2143,.T.);
#3847 = ORIENTED_EDGE('',*,*,#3848,.F.);
#3848 = EDGE_CURVE('',#3849,#2136,#3851,.T.);
#3849 = VERTEX_POINT('',#3850);
#3850 = CARTESIAN_POINT('',(-3.315,0.55,2.E-02));
#3851 = CIRCLE('',#3852,0.1);
#3852 = AXIS2_PLACEMENT_3D('',#3853,#3854,#3855);
#3853 = CARTESIAN_POINT('',(-3.215,0.55,2.E-02));
#3854 = DIRECTION('',(-0.,2.22044604925E-16,-1.));
#3855 = DIRECTION('',(-1.,-0.,0.));
#3856 = ORIENTED_EDGE('',*,*,#3857,.T.);
#3857 = EDGE_CURVE('',#3849,#3858,#3860,.T.);
#3858 = VERTEX_POINT('',#3859);
#3859 = CARTESIAN_POINT('',(-3.315,-1.05,2.E-02));
#3860 = LINE('',#3861,#3862);
#3861 = CARTESIAN_POINT('',(-3.315,0.55,2.E-02));
#3862 = VECTOR('',#3863,1.);
#3863 = DIRECTION('',(0.,-1.,-2.22044604925E-16));
#3864 = ORIENTED_EDGE('',*,*,#3865,.T.);
#3865 = EDGE_CURVE('',#3858,#3866,#3868,.T.);
#3866 = VERTEX_POINT('',#3867);
#3867 = CARTESIAN_POINT('',(-3.165,-1.2,2.E-02));
#3868 = LINE('',#3869,#3870);
#3869 = CARTESIAN_POINT('',(-3.315,-1.05,2.E-02));
#3870 = VECTOR('',#3871,1.);
#3871 = DIRECTION('',(0.707106781187,-0.707106781187,-1.570092458684E-16
    ));
#3872 = ORIENTED_EDGE('',*,*,#3873,.T.);
#3873 = EDGE_CURVE('',#3866,#3874,#3876,.T.);
#3874 = VERTEX_POINT('',#3875);
#3875 = CARTESIAN_POINT('',(-3.165,-1.6,2.E-02));
#3876 = LINE('',#3877,#3878);
#3877 = CARTESIAN_POINT('',(-3.165,-1.2,2.E-02));
#3878 = VECTOR('',#3879,1.);
#3879 = DIRECTION('',(0.,-1.,-2.22044604925E-16));
#3880 = ORIENTED_EDGE('',*,*,#3881,.T.);
#3881 = EDGE_CURVE('',#3874,#3882,#3884,.T.);
#3882 = VERTEX_POINT('',#3883);
#3883 = CARTESIAN_POINT('',(-3.315,-1.75,2.E-02));
#3884 = LINE('',#3885,#3886);
#3885 = CARTESIAN_POINT('',(-3.165,-1.6,2.E-02));
#3886 = VECTOR('',#3887,1.);
#3887 = DIRECTION('',(-0.707106781186,-0.707106781187,
    -1.570092458684E-16));
#3888 = ORIENTED_EDGE('',*,*,#3889,.T.);
#3889 = EDGE_CURVE('',#3882,#3800,#3890,.T.);
#3890 = LINE('',#3891,#3892);
#3891 = CARTESIAN_POINT('',(-3.315,-1.75,2.E-02));
#3892 = VECTOR('',#3893,1.);
#3893 = DIRECTION('',(0.,-1.,-2.22044604925E-16));
#3894 = PLANE('',#3895);
#3895 = AXIS2_PLACEMENT_3D('',#3896,#3897,#3898);
#3896 = CARTESIAN_POINT('',(-1.916,0.65,2.E-02));
#3897 = DIRECTION('',(0.,2.22044604925E-16,-1.));
#3898 = DIRECTION('',(-1.,-0.,0.));
#3899 = ADVANCED_FACE('',(#3900),#3975,.T.);
#3900 = FACE_BOUND('',#3901,.F.);
#3901 = EDGE_LOOP('',(#3902,#3911,#3912,#3918,#3919,#3920,#3928,#3935,
    #3936,#3937,#3945,#3953,#3961,#3969));
#3902 = ORIENTED_EDGE('',*,*,#3903,.F.);
#3903 = EDGE_CURVE('',#2233,#3904,#3906,.T.);
#3904 = VERTEX_POINT('',#3905);
#3905 = CARTESIAN_POINT('',(3.315,0.55,2.E-02));
#3906 = CIRCLE('',#3907,0.1);
#3907 = AXIS2_PLACEMENT_3D('',#3908,#3909,#3910);
#3908 = CARTESIAN_POINT('',(3.215,0.55,2.E-02));
#3909 = DIRECTION('',(0.,2.22044604925E-16,-1.));
#3910 = DIRECTION('',(0.,1.,2.22044604925E-16));
#3911 = ORIENTED_EDGE('',*,*,#2315,.T.);
#3912 = ORIENTED_EDGE('',*,*,#3913,.T.);
#3913 = EDGE_CURVE('',#2307,#3658,#3914,.T.);
#3914 = LINE('',#3915,#3916);
#3915 = CARTESIAN_POINT('',(1.916,0.65,2.E-02));
#3916 = VECTOR('',#3917,1.);
#3917 = DIRECTION('',(0.,-1.,-2.22044604925E-16));
#3918 = ORIENTED_EDGE('',*,*,#3657,.F.);
#3919 = ORIENTED_EDGE('',*,*,#3772,.F.);
#3920 = ORIENTED_EDGE('',*,*,#3921,.F.);
#3921 = EDGE_CURVE('',#3922,#3773,#3924,.T.);
#3922 = VERTEX_POINT('',#3923);
#3923 = CARTESIAN_POINT('',(2.015,-2.1,2.E-02));
#3924 = LINE('',#3925,#3926);
#3925 = CARTESIAN_POINT('',(2.015,-2.1,2.E-02));
#3926 = VECTOR('',#3927,1.);
#3927 = DIRECTION('',(0.,1.,2.22044604925E-16));
#3928 = ORIENTED_EDGE('',*,*,#3929,.F.);
#3929 = EDGE_CURVE('',#1629,#3922,#3930,.T.);
#3930 = CIRCLE('',#3931,5.E-02);
#3931 = AXIS2_PLACEMENT_3D('',#3932,#3933,#3934);
#3932 = CARTESIAN_POINT('',(2.065,-2.1,2.E-02));
#3933 = DIRECTION('',(0.,2.22044604925E-16,-1.));
#3934 = DIRECTION('',(1.7763568394E-14,-1.,-2.22044604925E-16));
#3935 = ORIENTED_EDGE('',*,*,#1628,.F.);
#3936 = ORIENTED_EDGE('',*,*,#1658,.F.);
#3937 = ORIENTED_EDGE('',*,*,#3938,.T.);
#3938 = EDGE_CURVE('',#1659,#3939,#3941,.T.);
#3939 = VERTEX_POINT('',#3940);
#3940 = CARTESIAN_POINT('',(3.315,-1.75,2.E-02));
#3941 = LINE('',#3942,#3943);
#3942 = CARTESIAN_POINT('',(3.315,-2.05,2.E-02));
#3943 = VECTOR('',#3944,1.);
#3944 = DIRECTION('',(0.,1.,2.22044604925E-16));
#3945 = ORIENTED_EDGE('',*,*,#3946,.T.);
#3946 = EDGE_CURVE('',#3939,#3947,#3949,.T.);
#3947 = VERTEX_POINT('',#3948);
#3948 = CARTESIAN_POINT('',(3.165,-1.6,2.E-02));
#3949 = LINE('',#3950,#3951);
#3950 = CARTESIAN_POINT('',(3.315,-1.75,2.E-02));
#3951 = VECTOR('',#3952,1.);
#3952 = DIRECTION('',(-0.707106781186,0.707106781187,1.570092458684E-16)
  );
#3953 = ORIENTED_EDGE('',*,*,#3954,.T.);
#3954 = EDGE_CURVE('',#3947,#3955,#3957,.T.);
#3955 = VERTEX_POINT('',#3956);
#3956 = CARTESIAN_POINT('',(3.165,-1.2,2.E-02));
#3957 = LINE('',#3958,#3959);
#3958 = CARTESIAN_POINT('',(3.165,-1.6,2.E-02));
#3959 = VECTOR('',#3960,1.);
#3960 = DIRECTION('',(0.,1.,2.22044604925E-16));
#3961 = ORIENTED_EDGE('',*,*,#3962,.T.);
#3962 = EDGE_CURVE('',#3955,#3963,#3965,.T.);
#3963 = VERTEX_POINT('',#3964);
#3964 = CARTESIAN_POINT('',(3.315,-1.05,2.E-02));
#3965 = LINE('',#3966,#3967);
#3966 = CARTESIAN_POINT('',(3.165,-1.2,2.E-02));
#3967 = VECTOR('',#3968,1.);
#3968 = DIRECTION('',(0.707106781187,0.707106781187,1.570092458684E-16)
  );
#3969 = ORIENTED_EDGE('',*,*,#3970,.T.);
#3970 = EDGE_CURVE('',#3963,#3904,#3971,.T.);
#3971 = LINE('',#3972,#3973);
#3972 = CARTESIAN_POINT('',(3.315,-1.05,2.E-02));
#3973 = VECTOR('',#3974,1.);
#3974 = DIRECTION('',(0.,1.,2.22044604925E-16));
#3975 = PLANE('',#3976);
#3976 = AXIS2_PLACEMENT_3D('',#3977,#3978,#3979);
#3977 = CARTESIAN_POINT('',(-1.916,0.65,2.E-02));
#3978 = DIRECTION('',(0.,2.22044604925E-16,-1.));
#3979 = DIRECTION('',(-1.,-0.,0.));
#3980 = ADVANCED_FACE('',(#3981),#3997,.T.);
#3981 = FACE_BOUND('',#3982,.T.);
#3982 = EDGE_LOOP('',(#3983,#3989,#3990,#3996));
#3983 = ORIENTED_EDGE('',*,*,#3984,.F.);
#3984 = EDGE_CURVE('',#3800,#1767,#3985,.T.);
#3985 = LINE('',#3986,#3987);
#3986 = CARTESIAN_POINT('',(-3.315,-2.05,2.E-02));
#3987 = VECTOR('',#3988,1.);
#3988 = DIRECTION('',(0.,-2.22044604925E-16,1.));
#3989 = ORIENTED_EDGE('',*,*,#3797,.F.);
#3990 = ORIENTED_EDGE('',*,*,#3991,.T.);
#3991 = EDGE_CURVE('',#3798,#1769,#3992,.T.);
#3992 = LINE('',#3993,#3994);
#3993 = CARTESIAN_POINT('',(-3.215,-2.15,2.E-02));
#3994 = VECTOR('',#3995,1.);
#3995 = DIRECTION('',(0.,-2.22044604925E-16,1.));
#3996 = ORIENTED_EDGE('',*,*,#1766,.F.);
#3997 = CYLINDRICAL_SURFACE('',#3998,0.1);
#3998 = AXIS2_PLACEMENT_3D('',#3999,#4000,#4001);
#3999 = CARTESIAN_POINT('',(-3.215,-2.05,5.013616162E-03));
#4000 = DIRECTION('',(0.,-2.22044604925E-16,1.));
#4001 = DIRECTION('',(-1.,-0.,0.));
#4002 = ADVANCED_FACE('',(#4003),#4015,.T.);
#4003 = FACE_BOUND('',#4004,.F.);
#4004 = EDGE_LOOP('',(#4005,#4006,#4007,#4008,#4014));
#4005 = ORIENTED_EDGE('',*,*,#3991,.T.);
#4006 = ORIENTED_EDGE('',*,*,#1833,.F.);
#4007 = ORIENTED_EDGE('',*,*,#1547,.T.);
#4008 = ORIENTED_EDGE('',*,*,#4009,.F.);
#4009 = EDGE_CURVE('',#3809,#1539,#4010,.T.);
#4010 = LINE('',#4011,#4012);
#4011 = CARTESIAN_POINT('',(-2.065,-2.15,2.E-02));
#4012 = VECTOR('',#4013,1.);
#4013 = DIRECTION('',(0.,-2.22044604925E-16,1.));
#4014 = ORIENTED_EDGE('',*,*,#3808,.T.);
#4015 = PLANE('',#4016);
#4016 = AXIS2_PLACEMENT_3D('',#4017,#4018,#4019);
#4017 = CARTESIAN_POINT('',(-2.015,-2.15,0.22));
#4018 = DIRECTION('',(0.,-1.,-2.22044604925E-16));
#4019 = DIRECTION('',(-1.,-0.,0.));
#4020 = ADVANCED_FACE('',(#4021),#4032,.T.);
#4021 = FACE_BOUND('',#4022,.T.);
#4022 = EDGE_LOOP('',(#4023,#4024,#4025,#4031));
#4023 = ORIENTED_EDGE('',*,*,#4009,.F.);
#4024 = ORIENTED_EDGE('',*,*,#3816,.F.);
#4025 = ORIENTED_EDGE('',*,*,#4026,.T.);
#4026 = EDGE_CURVE('',#3817,#1531,#4027,.T.);
#4027 = LINE('',#4028,#4029);
#4028 = CARTESIAN_POINT('',(-2.015,-2.1,2.E-02));
#4029 = VECTOR('',#4030,1.);
#4030 = DIRECTION('',(0.,-2.22044604925E-16,1.));
#4031 = ORIENTED_EDGE('',*,*,#1538,.F.);
#4032 = CYLINDRICAL_SURFACE('',#4033,5.E-02);
#4033 = AXIS2_PLACEMENT_3D('',#4034,#4035,#4036);
#4034 = CARTESIAN_POINT('',(-2.065,-2.1,5.450979359E-03));
#4035 = DIRECTION('',(0.,-2.22044604925E-16,1.));
#4036 = DIRECTION('',(0.,-1.,-2.22044604925E-16));
#4037 = ADVANCED_FACE('',(#4038),#4049,.T.);
#4038 = FACE_BOUND('',#4039,.F.);
#4039 = EDGE_LOOP('',(#4040,#4041,#4042,#4048));
#4040 = ORIENTED_EDGE('',*,*,#4026,.T.);
#4041 = ORIENTED_EDGE('',*,*,#1528,.F.);
#4042 = ORIENTED_EDGE('',*,*,#4043,.F.);
#4043 = EDGE_CURVE('',#3826,#1529,#4044,.T.);
#4044 = LINE('',#4045,#4046);
#4045 = CARTESIAN_POINT('',(-2.015,-1.2,2.E-02));
#4046 = VECTOR('',#4047,1.);
#4047 = DIRECTION('',(0.,-2.22044604925E-16,1.));
#4048 = ORIENTED_EDGE('',*,*,#3825,.T.);
#4049 = PLANE('',#4050);
#4050 = AXIS2_PLACEMENT_3D('',#4051,#4052,#4053);
#4051 = CARTESIAN_POINT('',(-2.015,-1.15,0.22));
#4052 = DIRECTION('',(1.,0.,0.));
#4053 = DIRECTION('',(0.,-1.,-2.22044604925E-16));
#4054 = ADVANCED_FACE('',(#4055),#4061,.F.);
#4055 = FACE_BOUND('',#4056,.F.);
#4056 = EDGE_LOOP('',(#4057,#4058,#4059,#4060));
#4057 = ORIENTED_EDGE('',*,*,#3833,.T.);
#4058 = ORIENTED_EDGE('',*,*,#4043,.T.);
#4059 = ORIENTED_EDGE('',*,*,#1603,.T.);
#4060 = ORIENTED_EDGE('',*,*,#3715,.F.);
#4061 = CYLINDRICAL_SURFACE('',#4062,5.E-02);
#4062 = AXIS2_PLACEMENT_3D('',#4063,#4064,#4065);
#4063 = CARTESIAN_POINT('',(-1.965,-1.2,5.450979359001E-03));
#4064 = DIRECTION('',(0.,-2.22044604925E-16,1.));
#4065 = DIRECTION('',(0.,1.,2.22044604925E-16));
#4066 = ADVANCED_FACE('',(#4067),#4078,.T.);
#4067 = FACE_BOUND('',#4068,.F.);
#4068 = EDGE_LOOP('',(#4069,#4070,#4071,#4077));
#4069 = ORIENTED_EDGE('',*,*,#3984,.F.);
#4070 = ORIENTED_EDGE('',*,*,#3889,.F.);
#4071 = ORIENTED_EDGE('',*,*,#4072,.T.);
#4072 = EDGE_CURVE('',#3882,#1778,#4073,.T.);
#4073 = LINE('',#4074,#4075);
#4074 = CARTESIAN_POINT('',(-3.315,-1.75,2.E-02));
#4075 = VECTOR('',#4076,1.);
#4076 = DIRECTION('',(0.,-2.22044604925E-16,1.));
#4077 = ORIENTED_EDGE('',*,*,#1777,.T.);
#4078 = PLANE('',#4079);
#4079 = AXIS2_PLACEMENT_3D('',#4080,#4081,#4082);
#4080 = CARTESIAN_POINT('',(-3.315,0.65,2.E-02));
#4081 = DIRECTION('',(-1.,-0.,0.));
#4082 = DIRECTION('',(0.,-2.22044604925E-16,1.));
#4083 = ADVANCED_FACE('',(#4084),#4100,.T.);
#4084 = FACE_BOUND('',#4085,.F.);
#4085 = EDGE_LOOP('',(#4086,#4092,#4093,#4099));
#4086 = ORIENTED_EDGE('',*,*,#4087,.T.);
#4087 = EDGE_CURVE('',#3849,#1810,#4088,.T.);
#4088 = LINE('',#4089,#4090);
#4089 = CARTESIAN_POINT('',(-3.315,0.55,2.E-02));
#4090 = VECTOR('',#4091,1.);
#4091 = DIRECTION('',(0.,-2.22044604925E-16,1.));
#4092 = ORIENTED_EDGE('',*,*,#1809,.T.);
#4093 = ORIENTED_EDGE('',*,*,#4094,.F.);
#4094 = EDGE_CURVE('',#3858,#1802,#4095,.T.);
#4095 = LINE('',#4096,#4097);
#4096 = CARTESIAN_POINT('',(-3.315,-1.05,2.E-02));
#4097 = VECTOR('',#4098,1.);
#4098 = DIRECTION('',(0.,-2.22044604925E-16,1.));
#4099 = ORIENTED_EDGE('',*,*,#3857,.F.);
#4100 = PLANE('',#4101);
#4101 = AXIS2_PLACEMENT_3D('',#4102,#4103,#4104);
#4102 = CARTESIAN_POINT('',(-3.315,0.65,2.E-02));
#4103 = DIRECTION('',(-1.,-0.,0.));
#4104 = DIRECTION('',(0.,-2.22044604925E-16,1.));
#4105 = ADVANCED_FACE('',(#4106),#4117,.F.);
#4106 = FACE_BOUND('',#4107,.F.);
#4107 = EDGE_LOOP('',(#4108,#4114,#4115,#4116));
#4108 = ORIENTED_EDGE('',*,*,#4109,.T.);
#4109 = EDGE_CURVE('',#3874,#1786,#4110,.T.);
#4110 = LINE('',#4111,#4112);
#4111 = CARTESIAN_POINT('',(-3.165,-1.6,2.E-02));
#4112 = VECTOR('',#4113,1.);
#4113 = DIRECTION('',(0.,-2.22044604925E-16,1.));
#4114 = ORIENTED_EDGE('',*,*,#1785,.T.);
#4115 = ORIENTED_EDGE('',*,*,#4072,.F.);
#4116 = ORIENTED_EDGE('',*,*,#3881,.F.);
#4117 = PLANE('',#4118);
#4118 = AXIS2_PLACEMENT_3D('',#4119,#4120,#4121);
#4119 = CARTESIAN_POINT('',(-3.165,-1.6,2.E-02));
#4120 = DIRECTION('',(0.707106781187,-0.707106781187,-1.570092458684E-16
    ));
#4121 = DIRECTION('',(-0.707106781187,-0.707106781187,
    -1.570092458684E-16));
#4122 = ADVANCED_FACE('',(#4123),#4134,.F.);
#4123 = FACE_BOUND('',#4124,.F.);
#4124 = EDGE_LOOP('',(#4125,#4131,#4132,#4133));
#4125 = ORIENTED_EDGE('',*,*,#4126,.T.);
#4126 = EDGE_CURVE('',#3866,#1794,#4127,.T.);
#4127 = LINE('',#4128,#4129);
#4128 = CARTESIAN_POINT('',(-3.165,-1.2,2.E-02));
#4129 = VECTOR('',#4130,1.);
#4130 = DIRECTION('',(0.,-2.22044604925E-16,1.));
#4131 = ORIENTED_EDGE('',*,*,#1793,.T.);
#4132 = ORIENTED_EDGE('',*,*,#4109,.F.);
#4133 = ORIENTED_EDGE('',*,*,#3873,.F.);
#4134 = PLANE('',#4135);
#4135 = AXIS2_PLACEMENT_3D('',#4136,#4137,#4138);
#4136 = CARTESIAN_POINT('',(-3.165,-1.2,2.E-02));
#4137 = DIRECTION('',(1.,0.,0.));
#4138 = DIRECTION('',(0.,-1.,-2.22044604925E-16));
#4139 = ADVANCED_FACE('',(#4140),#4146,.F.);
#4140 = FACE_BOUND('',#4141,.F.);
#4141 = EDGE_LOOP('',(#4142,#4143,#4144,#4145));
#4142 = ORIENTED_EDGE('',*,*,#4126,.F.);
#4143 = ORIENTED_EDGE('',*,*,#3865,.F.);
#4144 = ORIENTED_EDGE('',*,*,#4094,.T.);
#4145 = ORIENTED_EDGE('',*,*,#1801,.T.);
#4146 = PLANE('',#4147);
#4147 = AXIS2_PLACEMENT_3D('',#4148,#4149,#4150);
#4148 = CARTESIAN_POINT('',(-3.315,-1.05,2.E-02));
#4149 = DIRECTION('',(0.707106781187,0.707106781187,1.570092458684E-16)
  );
#4150 = DIRECTION('',(0.707106781187,-0.707106781187,-1.570092458684E-16
    ));
#4151 = ADVANCED_FACE('',(#4152),#4158,.T.);
#4152 = FACE_BOUND('',#4153,.T.);
#4153 = EDGE_LOOP('',(#4154,#4155,#4156,#4157));
#4154 = ORIENTED_EDGE('',*,*,#2135,.F.);
#4155 = ORIENTED_EDGE('',*,*,#3848,.F.);
#4156 = ORIENTED_EDGE('',*,*,#4087,.T.);
#4157 = ORIENTED_EDGE('',*,*,#1817,.F.);
#4158 = CYLINDRICAL_SURFACE('',#4159,0.1);
#4159 = AXIS2_PLACEMENT_3D('',#4160,#4161,#4162);
#4160 = CARTESIAN_POINT('',(-3.215,0.55,5.703132631001E-03));
#4161 = DIRECTION('',(0.,-2.22044604925E-16,1.));
#4162 = DIRECTION('',(0.,1.,2.22044604925E-16));
#4163 = ADVANCED_FACE('',(#4164),#4175,.T.);
#4164 = FACE_BOUND('',#4165,.T.);
#4165 = EDGE_LOOP('',(#4166,#4172,#4173,#4174));
#4166 = ORIENTED_EDGE('',*,*,#4167,.T.);
#4167 = EDGE_CURVE('',#2152,#3742,#4168,.T.);
#4168 = LINE('',#4169,#4170);
#4169 = CARTESIAN_POINT('',(-1.565,0.65,0.371));
#4170 = VECTOR('',#4171,1.);
#4171 = DIRECTION('',(0.,-1.,-2.22044604925E-16));
#4172 = ORIENTED_EDGE('',*,*,#3749,.T.);
#4173 = ORIENTED_EDGE('',*,*,#3841,.F.);
#4174 = ORIENTED_EDGE('',*,*,#2151,.F.);
#4175 = CYLINDRICAL_SURFACE('',#4176,0.351);
#4176 = AXIS2_PLACEMENT_3D('',#4177,#4178,#4179);
#4177 = CARTESIAN_POINT('',(-1.916,0.65,0.371));
#4178 = DIRECTION('',(0.,1.,2.22044604925E-16));
#4179 = DIRECTION('',(1.,0.,0.));
#4180 = ADVANCED_FACE('',(#4181),#4193,.T.);
#4181 = FACE_BOUND('',#4182,.F.);
#4182 = EDGE_LOOP('',(#4183,#4184,#4190,#4191,#4192));
#4183 = ORIENTED_EDGE('',*,*,#3741,.F.);
#4184 = ORIENTED_EDGE('',*,*,#4185,.F.);
#4185 = EDGE_CURVE('',#3574,#3734,#4186,.T.);
#4186 = LINE('',#4187,#4188);
#4187 = CARTESIAN_POINT('',(-1.565,-0.15,0.77));
#4188 = VECTOR('',#4189,1.);
#4189 = DIRECTION('',(0.,-1.,-2.22044604925E-16));
#4190 = ORIENTED_EDGE('',*,*,#3602,.F.);
#4191 = ORIENTED_EDGE('',*,*,#2160,.T.);
#4192 = ORIENTED_EDGE('',*,*,#4167,.T.);
#4193 = PLANE('',#4194);
#4194 = AXIS2_PLACEMENT_3D('',#4195,#4196,#4197);
#4195 = CARTESIAN_POINT('',(-1.565,0.65,0.77));
#4196 = DIRECTION('',(1.,0.,0.));
#4197 = DIRECTION('',(0.,2.22044604925E-16,-1.));
#4198 = ADVANCED_FACE('',(#4199),#4209,.T.);
#4199 = FACE_BOUND('',#4200,.F.);
#4200 = EDGE_LOOP('',(#4201,#4202,#4203,#4204,#4205,#4206,#4207,#4208));
#4201 = ORIENTED_EDGE('',*,*,#3733,.T.);
#4202 = ORIENTED_EDGE('',*,*,#3635,.F.);
#4203 = ORIENTED_EDGE('',*,*,#3562,.T.);
#4204 = ORIENTED_EDGE('',*,*,#3491,.F.);
#4205 = ORIENTED_EDGE('',*,*,#3303,.F.);
#4206 = ORIENTED_EDGE('',*,*,#2921,.T.);
#4207 = ORIENTED_EDGE('',*,*,#3573,.T.);
#4208 = ORIENTED_EDGE('',*,*,#4185,.T.);
#4209 = PLANE('',#4210);
#4210 = AXIS2_PLACEMENT_3D('',#4211,#4212,#4213);
#4211 = CARTESIAN_POINT('',(-1.55,-1.2,0.77));
#4212 = DIRECTION('',(0.,2.22044604925E-16,-1.));
#4213 = DIRECTION('',(-1.,-0.,0.));
#4214 = ADVANCED_FACE('',(#4215),#4226,.T.);
#4215 = FACE_BOUND('',#4216,.T.);
#4216 = EDGE_LOOP('',(#4217,#4218,#4219,#4225));
#4217 = ORIENTED_EDGE('',*,*,#2232,.F.);
#4218 = ORIENTED_EDGE('',*,*,#1847,.F.);
#4219 = ORIENTED_EDGE('',*,*,#4220,.T.);
#4220 = EDGE_CURVE('',#1848,#3904,#4221,.T.);
#4221 = LINE('',#4222,#4223);
#4222 = CARTESIAN_POINT('',(3.315,0.55,0.22));
#4223 = VECTOR('',#4224,1.);
#4224 = DIRECTION('',(0.,2.22044604925E-16,-1.));
#4225 = ORIENTED_EDGE('',*,*,#3903,.F.);
#4226 = CYLINDRICAL_SURFACE('',#4227,0.1);
#4227 = AXIS2_PLACEMENT_3D('',#4228,#4229,#4230);
#4228 = CARTESIAN_POINT('',(3.215,0.55,0.234296867369));
#4229 = DIRECTION('',(0.,2.22044604925E-16,-1.));
#4230 = DIRECTION('',(0.,1.,2.22044604925E-16));
#4231 = ADVANCED_FACE('',(#4232),#4243,.T.);
#4232 = FACE_BOUND('',#4233,.F.);
#4233 = EDGE_LOOP('',(#4234,#4235,#4236,#4242));
#4234 = ORIENTED_EDGE('',*,*,#4220,.T.);
#4235 = ORIENTED_EDGE('',*,*,#3970,.F.);
#4236 = ORIENTED_EDGE('',*,*,#4237,.F.);
#4237 = EDGE_CURVE('',#1859,#3963,#4238,.T.);
#4238 = LINE('',#4239,#4240);
#4239 = CARTESIAN_POINT('',(3.315,-1.05,0.22));
#4240 = VECTOR('',#4241,1.);
#4241 = DIRECTION('',(0.,2.22044604925E-16,-1.));
#4242 = ORIENTED_EDGE('',*,*,#1858,.T.);
#4243 = PLANE('',#4244);
#4244 = AXIS2_PLACEMENT_3D('',#4245,#4246,#4247);
#4245 = CARTESIAN_POINT('',(3.315,0.65,0.22));
#4246 = DIRECTION('',(1.,0.,0.));
#4247 = DIRECTION('',(0.,2.22044604925E-16,-1.));
#4248 = ADVANCED_FACE('',(#4249),#4260,.T.);
#4249 = FACE_BOUND('',#4250,.F.);
#4250 = EDGE_LOOP('',(#4251,#4252,#4253,#4259));
#4251 = ORIENTED_EDGE('',*,*,#1667,.T.);
#4252 = ORIENTED_EDGE('',*,*,#1890,.T.);
#4253 = ORIENTED_EDGE('',*,*,#4254,.T.);
#4254 = EDGE_CURVE('',#1883,#3939,#4255,.T.);
#4255 = LINE('',#4256,#4257);
#4256 = CARTESIAN_POINT('',(3.315,-1.75,0.22));
#4257 = VECTOR('',#4258,1.);
#4258 = DIRECTION('',(0.,2.22044604925E-16,-1.));
#4259 = ORIENTED_EDGE('',*,*,#3938,.F.);
#4260 = PLANE('',#4261);
#4261 = AXIS2_PLACEMENT_3D('',#4262,#4263,#4264);
#4262 = CARTESIAN_POINT('',(3.315,0.65,0.22));
#4263 = DIRECTION('',(1.,0.,0.));
#4264 = DIRECTION('',(0.,2.22044604925E-16,-1.));
#4265 = ADVANCED_FACE('',(#4266),#4277,.F.);
#4266 = FACE_BOUND('',#4267,.F.);
#4267 = EDGE_LOOP('',(#4268,#4274,#4275,#4276));
#4268 = ORIENTED_EDGE('',*,*,#4269,.T.);
#4269 = EDGE_CURVE('',#3955,#1867,#4270,.T.);
#4270 = LINE('',#4271,#4272);
#4271 = CARTESIAN_POINT('',(3.165,-1.2,2.E-02));
#4272 = VECTOR('',#4273,1.);
#4273 = DIRECTION('',(0.,-2.22044604925E-16,1.));
#4274 = ORIENTED_EDGE('',*,*,#1866,.T.);
#4275 = ORIENTED_EDGE('',*,*,#4237,.T.);
#4276 = ORIENTED_EDGE('',*,*,#3962,.F.);
#4277 = PLANE('',#4278);
#4278 = AXIS2_PLACEMENT_3D('',#4279,#4280,#4281);
#4279 = CARTESIAN_POINT('',(3.165,-1.2,2.E-02));
#4280 = DIRECTION('',(-0.707106781187,0.707106781187,1.570092458684E-16)
  );
#4281 = DIRECTION('',(0.707106781187,0.707106781187,1.570092458684E-16)
  );
#4282 = ADVANCED_FACE('',(#4283),#4294,.F.);
#4283 = FACE_BOUND('',#4284,.F.);
#4284 = EDGE_LOOP('',(#4285,#4291,#4292,#4293));
#4285 = ORIENTED_EDGE('',*,*,#4286,.T.);
#4286 = EDGE_CURVE('',#3947,#1875,#4287,.T.);
#4287 = LINE('',#4288,#4289);
#4288 = CARTESIAN_POINT('',(3.165,-1.6,2.E-02));
#4289 = VECTOR('',#4290,1.);
#4290 = DIRECTION('',(0.,-2.22044604925E-16,1.));
#4291 = ORIENTED_EDGE('',*,*,#1874,.T.);
#4292 = ORIENTED_EDGE('',*,*,#4269,.F.);
#4293 = ORIENTED_EDGE('',*,*,#3954,.F.);
#4294 = PLANE('',#4295);
#4295 = AXIS2_PLACEMENT_3D('',#4296,#4297,#4298);
#4296 = CARTESIAN_POINT('',(3.165,-1.6,2.E-02));
#4297 = DIRECTION('',(-1.,-0.,0.));
#4298 = DIRECTION('',(0.,1.,2.22044604925E-16));
#4299 = ADVANCED_FACE('',(#4300),#4306,.F.);
#4300 = FACE_BOUND('',#4301,.F.);
#4301 = EDGE_LOOP('',(#4302,#4303,#4304,#4305));
#4302 = ORIENTED_EDGE('',*,*,#4286,.F.);
#4303 = ORIENTED_EDGE('',*,*,#3946,.F.);
#4304 = ORIENTED_EDGE('',*,*,#4254,.F.);
#4305 = ORIENTED_EDGE('',*,*,#1882,.T.);
#4306 = PLANE('',#4307);
#4307 = AXIS2_PLACEMENT_3D('',#4308,#4309,#4310);
#4308 = CARTESIAN_POINT('',(3.315,-1.75,2.E-02));
#4309 = DIRECTION('',(-0.707106781187,-0.707106781187,
    -1.570092458684E-16));
#4310 = DIRECTION('',(-0.707106781187,0.707106781187,1.570092458684E-16)
  );
#4311 = ADVANCED_FACE('',(#4312),#4323,.T.);
#4312 = FACE_BOUND('',#4313,.T.);
#4313 = EDGE_LOOP('',(#4314,#4315,#4316,#4322));
#4314 = ORIENTED_EDGE('',*,*,#3913,.T.);
#4315 = ORIENTED_EDGE('',*,*,#3665,.T.);
#4316 = ORIENTED_EDGE('',*,*,#4317,.F.);
#4317 = EDGE_CURVE('',#2299,#3666,#4318,.T.);
#4318 = LINE('',#4319,#4320);
#4319 = CARTESIAN_POINT('',(1.565,0.65,0.371));
#4320 = VECTOR('',#4321,1.);
#4321 = DIRECTION('',(0.,-1.,-2.22044604925E-16));
#4322 = ORIENTED_EDGE('',*,*,#2306,.F.);
#4323 = CYLINDRICAL_SURFACE('',#4324,0.351);
#4324 = AXIS2_PLACEMENT_3D('',#4325,#4326,#4327);
#4325 = CARTESIAN_POINT('',(1.916,0.65,0.371));
#4326 = DIRECTION('',(0.,1.,2.22044604925E-16));
#4327 = DIRECTION('',(1.,0.,0.));
#4328 = ADVANCED_FACE('',(#4329),#4348,.T.);
#4329 = FACE_BOUND('',#4330,.F.);
#4330 = EDGE_LOOP('',(#4331,#4332,#4333,#4334,#4342));
#4331 = ORIENTED_EDGE('',*,*,#3674,.F.);
#4332 = ORIENTED_EDGE('',*,*,#4317,.F.);
#4333 = ORIENTED_EDGE('',*,*,#2298,.T.);
#4334 = ORIENTED_EDGE('',*,*,#4335,.T.);
#4335 = EDGE_CURVE('',#2291,#4336,#4338,.T.);
#4336 = VERTEX_POINT('',#4337);
#4337 = CARTESIAN_POINT('',(1.565,-0.15,0.77));
#4338 = LINE('',#4339,#4340);
#4339 = CARTESIAN_POINT('',(1.565,0.65,0.77));
#4340 = VECTOR('',#4341,1.);
#4341 = DIRECTION('',(0.,-1.,-2.22044604925E-16));
#4342 = ORIENTED_EDGE('',*,*,#4343,.T.);
#4343 = EDGE_CURVE('',#4336,#3675,#4344,.T.);
#4344 = LINE('',#4345,#4346);
#4345 = CARTESIAN_POINT('',(1.565,-0.15,0.77));
#4346 = VECTOR('',#4347,1.);
#4347 = DIRECTION('',(0.,-1.,-2.22044604925E-16));
#4348 = PLANE('',#4349);
#4349 = AXIS2_PLACEMENT_3D('',#4350,#4351,#4352);
#4350 = CARTESIAN_POINT('',(1.565,0.65,0.371));
#4351 = DIRECTION('',(-1.,-0.,0.));
#4352 = DIRECTION('',(0.,-2.22044604925E-16,1.));
#4353 = ADVANCED_FACE('',(#4354),#4372,.T.);
#4354 = FACE_BOUND('',#4355,.F.);
#4355 = EDGE_LOOP('',(#4356,#4357,#4358,#4366));
#4356 = ORIENTED_EDGE('',*,*,#4335,.F.);
#4357 = ORIENTED_EDGE('',*,*,#2290,.T.);
#4358 = ORIENTED_EDGE('',*,*,#4359,.T.);
#4359 = EDGE_CURVE('',#2283,#4360,#4362,.T.);
#4360 = VERTEX_POINT('',#4361);
#4361 = CARTESIAN_POINT('',(1.765,-0.15,0.77));
#4362 = LINE('',#4363,#4364);
#4363 = CARTESIAN_POINT('',(1.765,0.65,0.77));
#4364 = VECTOR('',#4365,1.);
#4365 = DIRECTION('',(0.,-1.,-2.22044604925E-16));
#4366 = ORIENTED_EDGE('',*,*,#4367,.T.);
#4367 = EDGE_CURVE('',#4360,#4336,#4368,.T.);
#4368 = LINE('',#4369,#4370);
#4369 = CARTESIAN_POINT('',(1.765,-0.15,0.77));
#4370 = VECTOR('',#4371,1.);
#4371 = DIRECTION('',(-1.,-0.,0.));
#4372 = PLANE('',#4373);
#4373 = AXIS2_PLACEMENT_3D('',#4374,#4375,#4376);
#4374 = CARTESIAN_POINT('',(1.565,0.65,0.77));
#4375 = DIRECTION('',(0.,-2.22044604925E-16,1.));
#4376 = DIRECTION('',(1.,0.,0.));
#4377 = ADVANCED_FACE('',(#4378),#4395,.T.);
#4378 = FACE_BOUND('',#4379,.F.);
#4379 = EDGE_LOOP('',(#4380,#4381,#4387,#4388,#4389));
#4380 = ORIENTED_EDGE('',*,*,#3690,.F.);
#4381 = ORIENTED_EDGE('',*,*,#4382,.F.);
#4382 = EDGE_CURVE('',#4360,#3683,#4383,.T.);
#4383 = LINE('',#4384,#4385);
#4384 = CARTESIAN_POINT('',(1.765,-0.15,0.77));
#4385 = VECTOR('',#4386,1.);
#4386 = DIRECTION('',(0.,-1.,-2.22044604925E-16));
#4387 = ORIENTED_EDGE('',*,*,#4359,.F.);
#4388 = ORIENTED_EDGE('',*,*,#2282,.T.);
#4389 = ORIENTED_EDGE('',*,*,#4390,.T.);
#4390 = EDGE_CURVE('',#2274,#3691,#4391,.T.);
#4391 = LINE('',#4392,#4393);
#4392 = CARTESIAN_POINT('',(1.765,0.65,0.371));
#4393 = VECTOR('',#4394,1.);
#4394 = DIRECTION('',(0.,-1.,-2.22044604925E-16));
#4395 = PLANE('',#4396);
#4396 = AXIS2_PLACEMENT_3D('',#4397,#4398,#4399);
#4397 = CARTESIAN_POINT('',(1.765,0.65,0.77));
#4398 = DIRECTION('',(1.,0.,0.));
#4399 = DIRECTION('',(0.,2.22044604925E-16,-1.));
#4400 = ADVANCED_FACE('',(#4401),#4428,.T.);
#4401 = FACE_BOUND('',#4402,.F.);
#4402 = EDGE_LOOP('',(#4403,#4404,#4405,#4411,#4412,#4413,#4421,#4427));
#4403 = ORIENTED_EDGE('',*,*,#3682,.T.);
#4404 = ORIENTED_EDGE('',*,*,#4343,.F.);
#4405 = ORIENTED_EDGE('',*,*,#4406,.T.);
#4406 = EDGE_CURVE('',#4336,#2420,#4407,.T.);
#4407 = LINE('',#4408,#4409);
#4408 = CARTESIAN_POINT('',(1.565,-0.15,0.77));
#4409 = VECTOR('',#4410,1.);
#4410 = DIRECTION('',(-1.,-2.960594732334E-14,-6.573840876842E-30));
#4411 = ORIENTED_EDGE('',*,*,#2419,.F.);
#4412 = ORIENTED_EDGE('',*,*,#3335,.F.);
#4413 = ORIENTED_EDGE('',*,*,#4414,.T.);
#4414 = EDGE_CURVE('',#3336,#4415,#4417,.T.);
#4415 = VERTEX_POINT('',#4416);
#4416 = CARTESIAN_POINT('',(1.78,-0.15,0.77));
#4417 = LINE('',#4418,#4419);
#4418 = CARTESIAN_POINT('',(1.78,-1.2,0.77));
#4419 = VECTOR('',#4420,1.);
#4420 = DIRECTION('',(0.,1.,2.22044604925E-16));
#4421 = ORIENTED_EDGE('',*,*,#4422,.T.);
#4422 = EDGE_CURVE('',#4415,#4360,#4423,.T.);
#4423 = LINE('',#4424,#4425);
#4424 = CARTESIAN_POINT('',(1.78,-0.15,0.77));
#4425 = VECTOR('',#4426,1.);
#4426 = DIRECTION('',(-1.,2.960594732334E-14,6.573840876842E-30));
#4427 = ORIENTED_EDGE('',*,*,#4382,.T.);
#4428 = PLANE('',#4429);
#4429 = AXIS2_PLACEMENT_3D('',#4430,#4431,#4432);
#4430 = CARTESIAN_POINT('',(1.78,-1.2,0.77));
#4431 = DIRECTION('',(0.,2.22044604925E-16,-1.));
#4432 = DIRECTION('',(-1.,-0.,0.));
#4433 = ADVANCED_FACE('',(#4434),#4448,.T.);
#4434 = FACE_BOUND('',#4435,.T.);
#4435 = EDGE_LOOP('',(#4436,#4437,#4438,#4439,#4446,#4447));
#4436 = ORIENTED_EDGE('',*,*,#4406,.T.);
#4437 = ORIENTED_EDGE('',*,*,#2427,.F.);
#4438 = ORIENTED_EDGE('',*,*,#3540,.F.);
#4439 = ORIENTED_EDGE('',*,*,#4440,.F.);
#4440 = EDGE_CURVE('',#4415,#3541,#4441,.T.);
#4441 = CIRCLE('',#4442,0.15);
#4442 = AXIS2_PLACEMENT_3D('',#4443,#4444,#4445);
#4443 = CARTESIAN_POINT('',(1.78,-0.15,0.92));
#4444 = DIRECTION('',(1.,-0.,0.));
#4445 = DIRECTION('',(0.,2.22044604925E-16,-1.));
#4446 = ORIENTED_EDGE('',*,*,#4422,.T.);
#4447 = ORIENTED_EDGE('',*,*,#4367,.T.);
#4448 = CYLINDRICAL_SURFACE('',#4449,0.15);
#4449 = AXIS2_PLACEMENT_3D('',#4450,#4451,#4452);
#4450 = CARTESIAN_POINT('',(1.793737200841,-0.15,0.92));
#4451 = DIRECTION('',(-1.,-0.,0.));
#4452 = DIRECTION('',(0.,1.,2.22044604925E-16));
#4453 = ADVANCED_FACE('',(#4454),#4498,.F.);
#4454 = FACE_BOUND('',#4455,.F.);
#4455 = EDGE_LOOP('',(#4456,#4457,#4458,#4459,#4460,#4468,#4476,#4482,
    #4483,#4491));
#4456 = ORIENTED_EDGE('',*,*,#3548,.T.);
#4457 = ORIENTED_EDGE('',*,*,#4440,.F.);
#4458 = ORIENTED_EDGE('',*,*,#4414,.F.);
#4459 = ORIENTED_EDGE('',*,*,#3353,.T.);
#4460 = ORIENTED_EDGE('',*,*,#4461,.T.);
#4461 = EDGE_CURVE('',#3346,#4462,#4464,.T.);
#4462 = VERTEX_POINT('',#4463);
#4463 = CARTESIAN_POINT('',(1.78,0.5,0.37));
#4464 = LINE('',#4465,#4466);
#4465 = CARTESIAN_POINT('',(1.78,-1.2,0.37));
#4466 = VECTOR('',#4467,1.);
#4467 = DIRECTION('',(0.,1.,2.22044604925E-16));
#4468 = ORIENTED_EDGE('',*,*,#4469,.T.);
#4469 = EDGE_CURVE('',#4462,#4470,#4472,.T.);
#4470 = VERTEX_POINT('',#4471);
#4471 = CARTESIAN_POINT('',(1.78,0.5,1.73));
#4472 = LINE('',#4473,#4474);
#4473 = CARTESIAN_POINT('',(1.78,0.5,0.37));
#4474 = VECTOR('',#4475,1.);
#4475 = DIRECTION('',(0.,-2.22044604925E-16,1.));
#4476 = ORIENTED_EDGE('',*,*,#4477,.T.);
#4477 = EDGE_CURVE('',#4470,#3378,#4478,.T.);
#4478 = LINE('',#4479,#4480);
#4479 = CARTESIAN_POINT('',(1.78,0.5,1.73));
#4480 = VECTOR('',#4481,1.);
#4481 = DIRECTION('',(0.,-1.,-2.22044604925E-16));
#4482 = ORIENTED_EDGE('',*,*,#3377,.T.);
#4483 = ORIENTED_EDGE('',*,*,#4484,.T.);
#4484 = EDGE_CURVE('',#3370,#4485,#4487,.T.);
#4485 = VERTEX_POINT('',#4486);
#4486 = CARTESIAN_POINT('',(1.78,-0.15,1.37));
#4487 = LINE('',#4488,#4489);
#4488 = CARTESIAN_POINT('',(1.78,-1.2,1.37));
#4489 = VECTOR('',#4490,1.);
#4490 = DIRECTION('',(0.,1.,2.22044604925E-16));
#4491 = ORIENTED_EDGE('',*,*,#4492,.F.);
#4492 = EDGE_CURVE('',#3532,#4485,#4493,.T.);
#4493 = CIRCLE('',#4494,0.15);
#4494 = AXIS2_PLACEMENT_3D('',#4495,#4496,#4497);
#4495 = CARTESIAN_POINT('',(1.78,-0.15,1.22));
#4496 = DIRECTION('',(1.,0.,-0.));
#4497 = DIRECTION('',(0.,1.,2.22044604925E-16));
#4498 = PLANE('',#4499);
#4499 = AXIS2_PLACEMENT_3D('',#4500,#4501,#4502);
#4500 = CARTESIAN_POINT('',(1.78,0.65,1.88));
#4501 = DIRECTION('',(1.,0.,0.));
#4502 = DIRECTION('',(0.,2.22044604925E-16,-1.));
#4503 = ADVANCED_FACE('',(#4504),#4516,.T.);
#4504 = FACE_BOUND('',#4505,.F.);
#4505 = EDGE_LOOP('',(#4506,#4507,#4513,#4514,#4515));
#4506 = ORIENTED_EDGE('',*,*,#1700,.F.);
#4507 = ORIENTED_EDGE('',*,*,#4508,.F.);
#4508 = EDGE_CURVE('',#4462,#1693,#4509,.T.);
#4509 = LINE('',#4510,#4511);
#4510 = CARTESIAN_POINT('',(1.78,0.5,0.37));
#4511 = VECTOR('',#4512,1.);
#4512 = DIRECTION('',(0.57735026919,0.57735026919,-0.57735026919));
#4513 = ORIENTED_EDGE('',*,*,#4461,.F.);
#4514 = ORIENTED_EDGE('',*,*,#3345,.T.);
#4515 = ORIENTED_EDGE('',*,*,#1480,.T.);
#4516 = PLANE('',#4517);
#4517 = AXIS2_PLACEMENT_3D('',#4518,#4519,#4520);
#4518 = CARTESIAN_POINT('',(1.855,-0.275,0.295));
#4519 = DIRECTION('',(-0.707106781187,1.570092458684E-16,-0.707106781187
    ));
#4520 = DIRECTION('',(0.,1.,2.22044604925E-16));
#4521 = ADVANCED_FACE('',(#4522),#4533,.T.);
#4522 = FACE_BOUND('',#4523,.F.);
#4523 = EDGE_LOOP('',(#4524,#4525,#4526,#4532));
#4524 = ORIENTED_EDGE('',*,*,#4508,.T.);
#4525 = ORIENTED_EDGE('',*,*,#2266,.T.);
#4526 = ORIENTED_EDGE('',*,*,#4527,.F.);
#4527 = EDGE_CURVE('',#4470,#2259,#4528,.T.);
#4528 = LINE('',#4529,#4530);
#4529 = CARTESIAN_POINT('',(1.78,0.5,1.73));
#4530 = VECTOR('',#4531,1.);
#4531 = DIRECTION('',(0.57735026919,0.57735026919,0.57735026919));
#4532 = ORIENTED_EDGE('',*,*,#4469,.F.);
#4533 = PLANE('',#4534);
#4534 = AXIS2_PLACEMENT_3D('',#4535,#4536,#4537);
#4535 = CARTESIAN_POINT('',(1.855,0.575,1.05));
#4536 = DIRECTION('',(-0.707106781187,0.707106781187,1.570092458684E-16)
  );
#4537 = DIRECTION('',(0.,2.22044604925E-16,-1.));
#4538 = ADVANCED_FACE('',(#4539),#4545,.T.);
#4539 = FACE_BOUND('',#4540,.F.);
#4540 = EDGE_LOOP('',(#4541,#4542,#4543,#4544));
#4541 = ORIENTED_EDGE('',*,*,#4527,.T.);
#4542 = ORIENTED_EDGE('',*,*,#2506,.T.);
#4543 = ORIENTED_EDGE('',*,*,#3385,.T.);
#4544 = ORIENTED_EDGE('',*,*,#4477,.F.);
#4545 = PLANE('',#4546);
#4546 = AXIS2_PLACEMENT_3D('',#4547,#4548,#4549);
#4547 = CARTESIAN_POINT('',(1.855,-0.275,1.805));
#4548 = DIRECTION('',(-0.707106781187,-1.570092458684E-16,0.707106781187
    ));
#4549 = DIRECTION('',(0.,1.,2.22044604925E-16));
#4550 = ADVANCED_FACE('',(#4551),#4568,.T.);
#4551 = FACE_BOUND('',#4552,.F.);
#4552 = EDGE_LOOP('',(#4553,#4559,#4560,#4561,#4567));
#4553 = ORIENTED_EDGE('',*,*,#4554,.T.);
#4554 = EDGE_CURVE('',#2445,#4485,#4555,.T.);
#4555 = LINE('',#4556,#4557);
#4556 = CARTESIAN_POINT('',(1.55,-0.15,1.37));
#4557 = VECTOR('',#4558,1.);
#4558 = DIRECTION('',(1.,0.,0.));
#4559 = ORIENTED_EDGE('',*,*,#4484,.F.);
#4560 = ORIENTED_EDGE('',*,*,#3367,.F.);
#4561 = ORIENTED_EDGE('',*,*,#4562,.T.);
#4562 = EDGE_CURVE('',#3368,#2454,#4563,.T.);
#4563 = LINE('',#4564,#4565);
#4564 = CARTESIAN_POINT('',(1.55,-1.2,1.37));
#4565 = VECTOR('',#4566,1.);
#4566 = DIRECTION('',(0.,1.,2.22044604925E-16));
#4567 = ORIENTED_EDGE('',*,*,#2453,.T.);
#4568 = PLANE('',#4569);
#4569 = AXIS2_PLACEMENT_3D('',#4570,#4571,#4572);
#4570 = CARTESIAN_POINT('',(1.55,-1.2,1.37));
#4571 = DIRECTION('',(0.,-2.22044604925E-16,1.));
#4572 = DIRECTION('',(1.,0.,0.));
#4573 = ADVANCED_FACE('',(#4574),#4580,.T.);
#4574 = FACE_BOUND('',#4575,.T.);
#4575 = EDGE_LOOP('',(#4576,#4577,#4578,#4579));
#4576 = ORIENTED_EDGE('',*,*,#4554,.T.);
#4577 = ORIENTED_EDGE('',*,*,#4492,.F.);
#4578 = ORIENTED_EDGE('',*,*,#3531,.F.);
#4579 = ORIENTED_EDGE('',*,*,#2444,.F.);
#4580 = CYLINDRICAL_SURFACE('',#4581,0.15);
#4581 = AXIS2_PLACEMENT_3D('',#4582,#4583,#4584);
#4582 = CARTESIAN_POINT('',(1.535713132735,-0.15,1.22));
#4583 = DIRECTION('',(1.,0.,0.));
#4584 = DIRECTION('',(0.,1.,2.22044604925E-16));
#4585 = ADVANCED_FACE('',(#4586),#4612,.F.);
#4586 = FACE_BOUND('',#4587,.F.);
#4587 = EDGE_LOOP('',(#4588,#4589,#4595,#4596,#4597,#4605,#4611));
#4588 = ORIENTED_EDGE('',*,*,#3207,.T.);
#4589 = ORIENTED_EDGE('',*,*,#4590,.T.);
#4590 = EDGE_CURVE('',#3200,#2454,#4591,.T.);
#4591 = LINE('',#4592,#4593);
#4592 = CARTESIAN_POINT('',(1.55,-0.36,1.18));
#4593 = VECTOR('',#4594,1.);
#4594 = DIRECTION('',(0.,-2.22044604925E-16,1.));
#4595 = ORIENTED_EDGE('',*,*,#4562,.F.);
#4596 = ORIENTED_EDGE('',*,*,#3393,.T.);
#4597 = ORIENTED_EDGE('',*,*,#4598,.F.);
#4598 = EDGE_CURVE('',#4599,#2470,#4601,.T.);
#4599 = VERTEX_POINT('',#4600);
#4600 = CARTESIAN_POINT('',(1.55,-2.26,1.5));
#4601 = LINE('',#4602,#4603);
#4602 = CARTESIAN_POINT('',(1.55,-2.26,1.5));
#4603 = VECTOR('',#4604,1.);
#4604 = DIRECTION('',(0.,1.,2.22044604925E-16));
#4605 = ORIENTED_EDGE('',*,*,#4606,.F.);
#4606 = EDGE_CURVE('',#2380,#4599,#4607,.T.);
#4607 = LINE('',#4608,#4609);
#4608 = CARTESIAN_POINT('',(1.55,-2.3,1.506666435475));
#4609 = VECTOR('',#4610,1.);
#4610 = DIRECTION('',(0.,0.986394848329,-0.164393440227));
#4611 = ORIENTED_EDGE('',*,*,#2991,.T.);
#4612 = PLANE('',#4613);
#4613 = AXIS2_PLACEMENT_3D('',#4614,#4615,#4616);
#4614 = CARTESIAN_POINT('',(1.55,-3.75,1.18));
#4615 = DIRECTION('',(1.,0.,0.));
#4616 = DIRECTION('',(0.,-2.22044604925E-16,1.));
#4617 = ADVANCED_FACE('',(#4618),#4791,.T.);
#4618 = FACE_BOUND('',#4619,.F.);
#4619 = EDGE_LOOP('',(#4620,#4630,#4638,#4646,#4652,#4653,#4654,#4655,
    #4656,#4657,#4665,#4673,#4681,#4689,#4697,#4705,#4713,#4721,#4729,
    #4737,#4745,#4753,#4761,#4769,#4777,#4785));
#4620 = ORIENTED_EDGE('',*,*,#4621,.T.);
#4621 = EDGE_CURVE('',#4622,#4624,#4626,.T.);
#4622 = VERTEX_POINT('',#4623);
#4623 = CARTESIAN_POINT('',(0.9,-0.36,1.5));
#4624 = VERTEX_POINT('',#4625);
#4625 = CARTESIAN_POINT('',(0.9,-0.36,1.491375031705));
#4626 = LINE('',#4627,#4628);
#4627 = CARTESIAN_POINT('',(0.9,-0.36,1.5));
#4628 = VECTOR('',#4629,1.);
#4629 = DIRECTION('',(0.,2.22044604925E-16,-1.));
#4630 = ORIENTED_EDGE('',*,*,#4631,.F.);
#4631 = EDGE_CURVE('',#4632,#4624,#4634,.T.);
#4632 = VERTEX_POINT('',#4633);
#4633 = CARTESIAN_POINT('',(1.1,-0.36,1.491375031705));
#4634 = LINE('',#4635,#4636);
#4635 = CARTESIAN_POINT('',(1.1,-0.36,1.491375031705));
#4636 = VECTOR('',#4637,1.);
#4637 = DIRECTION('',(-1.,-0.,0.));
#4638 = ORIENTED_EDGE('',*,*,#4639,.F.);
#4639 = EDGE_CURVE('',#4640,#4632,#4642,.T.);
#4640 = VERTEX_POINT('',#4641);
#4641 = CARTESIAN_POINT('',(1.1,-0.36,1.5));
#4642 = LINE('',#4643,#4644);
#4643 = CARTESIAN_POINT('',(1.1,-0.36,1.5));
#4644 = VECTOR('',#4645,1.);
#4645 = DIRECTION('',(5.148879331048E-14,2.22044604925E-16,-1.));
#4646 = ORIENTED_EDGE('',*,*,#4647,.F.);
#4647 = EDGE_CURVE('',#2462,#4640,#4648,.T.);
#4648 = LINE('',#4649,#4650);
#4649 = CARTESIAN_POINT('',(1.55,-0.36,1.5));
#4650 = VECTOR('',#4651,1.);
#4651 = DIRECTION('',(-1.,-0.,0.));
#4652 = ORIENTED_EDGE('',*,*,#2461,.T.);
#4653 = ORIENTED_EDGE('',*,*,#4590,.F.);
#4654 = ORIENTED_EDGE('',*,*,#3199,.F.);
#4655 = ORIENTED_EDGE('',*,*,#3240,.T.);
#4656 = ORIENTED_EDGE('',*,*,#2879,.F.);
#4657 = ORIENTED_EDGE('',*,*,#4658,.F.);
#4658 = EDGE_CURVE('',#4659,#2872,#4661,.T.);
#4659 = VERTEX_POINT('',#4660);
#4660 = CARTESIAN_POINT('',(-1.1,-0.36,1.5));
#4661 = LINE('',#4662,#4663);
#4662 = CARTESIAN_POINT('',(-1.1,-0.36,1.5));
#4663 = VECTOR('',#4664,1.);
#4664 = DIRECTION('',(-1.,-0.,0.));
#4665 = ORIENTED_EDGE('',*,*,#4666,.T.);
#4666 = EDGE_CURVE('',#4659,#4667,#4669,.T.);
#4667 = VERTEX_POINT('',#4668);
#4668 = CARTESIAN_POINT('',(-1.1,-0.36,1.491375031705));
#4669 = LINE('',#4670,#4671);
#4670 = CARTESIAN_POINT('',(-1.1,-0.36,1.5));
#4671 = VECTOR('',#4672,1.);
#4672 = DIRECTION('',(0.,2.22044604925E-16,-1.));
#4673 = ORIENTED_EDGE('',*,*,#4674,.F.);
#4674 = EDGE_CURVE('',#4675,#4667,#4677,.T.);
#4675 = VERTEX_POINT('',#4676);
#4676 = CARTESIAN_POINT('',(-0.9,-0.36,1.491375031705));
#4677 = LINE('',#4678,#4679);
#4678 = CARTESIAN_POINT('',(-0.9,-0.36,1.491375031705));
#4679 = VECTOR('',#4680,1.);
#4680 = DIRECTION('',(-1.,-0.,0.));
#4681 = ORIENTED_EDGE('',*,*,#4682,.F.);
#4682 = EDGE_CURVE('',#4683,#4675,#4685,.T.);
#4683 = VERTEX_POINT('',#4684);
#4684 = CARTESIAN_POINT('',(-0.9,-0.36,1.5));
#4685 = LINE('',#4686,#4687);
#4686 = CARTESIAN_POINT('',(-0.9,-0.36,1.5));
#4687 = VECTOR('',#4688,1.);
#4688 = DIRECTION('',(0.,2.22044604925E-16,-1.));
#4689 = ORIENTED_EDGE('',*,*,#4690,.F.);
#4690 = EDGE_CURVE('',#4691,#4683,#4693,.T.);
#4691 = VERTEX_POINT('',#4692);
#4692 = CARTESIAN_POINT('',(-0.6,-0.36,1.5));
#4693 = LINE('',#4694,#4695);
#4694 = CARTESIAN_POINT('',(-0.6,-0.36,1.5));
#4695 = VECTOR('',#4696,1.);
#4696 = DIRECTION('',(-1.,-0.,0.));
#4697 = ORIENTED_EDGE('',*,*,#4698,.T.);
#4698 = EDGE_CURVE('',#4691,#4699,#4701,.T.);
#4699 = VERTEX_POINT('',#4700);
#4700 = CARTESIAN_POINT('',(-0.6,-0.36,1.491375031705));
#4701 = LINE('',#4702,#4703);
#4702 = CARTESIAN_POINT('',(-0.6,-0.36,1.5));
#4703 = VECTOR('',#4704,1.);
#4704 = DIRECTION('',(0.,2.22044604925E-16,-1.));
#4705 = ORIENTED_EDGE('',*,*,#4706,.T.);
#4706 = EDGE_CURVE('',#4699,#4707,#4709,.T.);
#4707 = VERTEX_POINT('',#4708);
#4708 = CARTESIAN_POINT('',(-0.4,-0.36,1.491375031705));
#4709 = LINE('',#4710,#4711);
#4710 = CARTESIAN_POINT('',(-0.6,-0.36,1.491375031705));
#4711 = VECTOR('',#4712,1.);
#4712 = DIRECTION('',(1.,0.,0.));
#4713 = ORIENTED_EDGE('',*,*,#4714,.F.);
#4714 = EDGE_CURVE('',#4715,#4707,#4717,.T.);
#4715 = VERTEX_POINT('',#4716);
#4716 = CARTESIAN_POINT('',(-0.4,-0.36,1.5));
#4717 = LINE('',#4718,#4719);
#4718 = CARTESIAN_POINT('',(-0.4,-0.36,1.5));
#4719 = VECTOR('',#4720,1.);
#4720 = DIRECTION('',(0.,2.22044604925E-16,-1.));
#4721 = ORIENTED_EDGE('',*,*,#4722,.F.);
#4722 = EDGE_CURVE('',#4723,#4715,#4725,.T.);
#4723 = VERTEX_POINT('',#4724);
#4724 = CARTESIAN_POINT('',(-0.1,-0.36,1.5));
#4725 = LINE('',#4726,#4727);
#4726 = CARTESIAN_POINT('',(-0.1,-0.36,1.5));
#4727 = VECTOR('',#4728,1.);
#4728 = DIRECTION('',(-1.,-0.,0.));
#4729 = ORIENTED_EDGE('',*,*,#4730,.T.);
#4730 = EDGE_CURVE('',#4723,#4731,#4733,.T.);
#4731 = VERTEX_POINT('',#4732);
#4732 = CARTESIAN_POINT('',(-0.1,-0.36,1.491375031705));
#4733 = LINE('',#4734,#4735);
#4734 = CARTESIAN_POINT('',(-0.1,-0.36,1.5));
#4735 = VECTOR('',#4736,1.);
#4736 = DIRECTION('',(0.,2.22044604925E-16,-1.));
#4737 = ORIENTED_EDGE('',*,*,#4738,.F.);
#4738 = EDGE_CURVE('',#4739,#4731,#4741,.T.);
#4739 = VERTEX_POINT('',#4740);
#4740 = CARTESIAN_POINT('',(0.1,-0.36,1.491375031705));
#4741 = LINE('',#4742,#4743);
#4742 = CARTESIAN_POINT('',(0.1,-0.36,1.491375031705));
#4743 = VECTOR('',#4744,1.);
#4744 = DIRECTION('',(-1.,-0.,0.));
#4745 = ORIENTED_EDGE('',*,*,#4746,.F.);
#4746 = EDGE_CURVE('',#4747,#4739,#4749,.T.);
#4747 = VERTEX_POINT('',#4748);
#4748 = CARTESIAN_POINT('',(0.1,-0.36,1.5));
#4749 = LINE('',#4750,#4751);
#4750 = CARTESIAN_POINT('',(0.1,-0.36,1.5));
#4751 = VECTOR('',#4752,1.);
#4752 = DIRECTION('',(0.,2.22044604925E-16,-1.));
#4753 = ORIENTED_EDGE('',*,*,#4754,.F.);
#4754 = EDGE_CURVE('',#4755,#4747,#4757,.T.);
#4755 = VERTEX_POINT('',#4756);
#4756 = CARTESIAN_POINT('',(0.4,-0.36,1.5));
#4757 = LINE('',#4758,#4759);
#4758 = CARTESIAN_POINT('',(0.4,-0.36,1.5));
#4759 = VECTOR('',#4760,1.);
#4760 = DIRECTION('',(-1.,-0.,0.));
#4761 = ORIENTED_EDGE('',*,*,#4762,.T.);
#4762 = EDGE_CURVE('',#4755,#4763,#4765,.T.);
#4763 = VERTEX_POINT('',#4764);
#4764 = CARTESIAN_POINT('',(0.4,-0.36,1.491375031705));
#4765 = LINE('',#4766,#4767);
#4766 = CARTESIAN_POINT('',(0.4,-0.36,1.5));
#4767 = VECTOR('',#4768,1.);
#4768 = DIRECTION('',(0.,2.22044604925E-16,-1.));
#4769 = ORIENTED_EDGE('',*,*,#4770,.F.);
#4770 = EDGE_CURVE('',#4771,#4763,#4773,.T.);
#4771 = VERTEX_POINT('',#4772);
#4772 = CARTESIAN_POINT('',(0.6,-0.36,1.491375031705));
#4773 = LINE('',#4774,#4775);
#4774 = CARTESIAN_POINT('',(0.6,-0.36,1.491375031705));
#4775 = VECTOR('',#4776,1.);
#4776 = DIRECTION('',(-1.,-0.,0.));
#4777 = ORIENTED_EDGE('',*,*,#4778,.F.);
#4778 = EDGE_CURVE('',#4779,#4771,#4781,.T.);
#4779 = VERTEX_POINT('',#4780);
#4780 = CARTESIAN_POINT('',(0.6,-0.36,1.5));
#4781 = LINE('',#4782,#4783);
#4782 = CARTESIAN_POINT('',(0.6,-0.36,1.5));
#4783 = VECTOR('',#4784,1.);
#4784 = DIRECTION('',(1.287219832762E-14,2.22044604925E-16,-1.));
#4785 = ORIENTED_EDGE('',*,*,#4786,.F.);
#4786 = EDGE_CURVE('',#4622,#4779,#4787,.T.);
#4787 = LINE('',#4788,#4789);
#4788 = CARTESIAN_POINT('',(0.9,-0.36,1.5));
#4789 = VECTOR('',#4790,1.);
#4790 = DIRECTION('',(-1.,-0.,0.));
#4791 = PLANE('',#4792);
#4792 = AXIS2_PLACEMENT_3D('',#4793,#4794,#4795);
#4793 = CARTESIAN_POINT('',(0.,-0.36,1.05));
#4794 = DIRECTION('',(0.,-1.,-2.22044604925E-16));
#4795 = DIRECTION('',(-1.,-0.,0.));
#4796 = ADVANCED_FACE('',(#4797),#4838,.T.);
#4797 = FACE_BOUND('',#4798,.F.);
#4798 = EDGE_LOOP('',(#4799,#4807,#4808,#4816,#4824,#4832));
#4799 = ORIENTED_EDGE('',*,*,#4800,.F.);
#4800 = EDGE_CURVE('',#2098,#4801,#4803,.T.);
#4801 = VERTEX_POINT('',#4802);
#4802 = CARTESIAN_POINT('',(0.9,0.98,0.3));
#4803 = LINE('',#4804,#4805);
#4804 = CARTESIAN_POINT('',(0.9,0.65,0.63));
#4805 = VECTOR('',#4806,1.);
#4806 = DIRECTION('',(0.,0.707106781187,-0.707106781187));
#4807 = ORIENTED_EDGE('',*,*,#2095,.F.);
#4808 = ORIENTED_EDGE('',*,*,#4809,.F.);
#4809 = EDGE_CURVE('',#4810,#2096,#4812,.T.);
#4810 = VERTEX_POINT('',#4811);
#4811 = CARTESIAN_POINT('',(0.9,0.85,8.881784197001E-16));
#4812 = LINE('',#4813,#4814);
#4813 = CARTESIAN_POINT('',(0.9,0.85,8.881784197001E-16));
#4814 = VECTOR('',#4815,1.);
#4815 = DIRECTION('',(0.,-0.707106781187,0.707106781187));
#4816 = ORIENTED_EDGE('',*,*,#4817,.F.);
#4817 = EDGE_CURVE('',#4818,#4810,#4820,.T.);
#4818 = VERTEX_POINT('',#4819);
#4819 = CARTESIAN_POINT('',(0.9,1.35,8.881784197001E-16));
#4820 = LINE('',#4821,#4822);
#4821 = CARTESIAN_POINT('',(0.9,1.35,8.881784197001E-16));
#4822 = VECTOR('',#4823,1.);
#4823 = DIRECTION('',(0.,-1.,-2.22044604925E-16));
#4824 = ORIENTED_EDGE('',*,*,#4825,.F.);
#4825 = EDGE_CURVE('',#4826,#4818,#4828,.T.);
#4826 = VERTEX_POINT('',#4827);
#4827 = CARTESIAN_POINT('',(0.9,1.35,0.3));
#4828 = LINE('',#4829,#4830);
#4829 = CARTESIAN_POINT('',(0.9,1.35,0.3));
#4830 = VECTOR('',#4831,1.);
#4831 = DIRECTION('',(0.,2.22044604925E-16,-1.));
#4832 = ORIENTED_EDGE('',*,*,#4833,.F.);
#4833 = EDGE_CURVE('',#4801,#4826,#4834,.T.);
#4834 = LINE('',#4835,#4836);
#4835 = CARTESIAN_POINT('',(0.9,0.98,0.3));
#4836 = VECTOR('',#4837,1.);
#4837 = DIRECTION('',(0.,1.,2.22044604925E-16));
#4838 = PLANE('',#4839);
#4839 = AXIS2_PLACEMENT_3D('',#4840,#4841,#4842);
#4840 = CARTESIAN_POINT('',(0.9,-3.75,1.05));
#4841 = DIRECTION('',(-1.,-0.,0.));
#4842 = DIRECTION('',(0.,1.,2.22044604925E-16));
#4843 = ADVANCED_FACE('',(#4844),#4878,.T.);
#4844 = FACE_BOUND('',#4845,.F.);
#4845 = EDGE_LOOP('',(#4846,#4854,#4855,#4863,#4871));
#4846 = ORIENTED_EDGE('',*,*,#4847,.F.);
#4847 = EDGE_CURVE('',#4624,#4848,#4850,.T.);
#4848 = VERTEX_POINT('',#4849);
#4849 = CARTESIAN_POINT('',(0.9,-1.940831441976,1.410256224096));
#4850 = LINE('',#4851,#4852);
#4851 = CARTESIAN_POINT('',(0.9,-0.36,1.491375031705));
#4852 = VECTOR('',#4853,1.);
#4853 = DIRECTION('',(0.,-0.998686030275,-5.124658948458E-02));
#4854 = ORIENTED_EDGE('',*,*,#4621,.F.);
#4855 = ORIENTED_EDGE('',*,*,#4856,.T.);
#4856 = EDGE_CURVE('',#4622,#4857,#4859,.T.);
#4857 = VERTEX_POINT('',#4858);
#4858 = CARTESIAN_POINT('',(0.9,-2.1875,1.5));
#4859 = LINE('',#4860,#4861);
#4860 = CARTESIAN_POINT('',(0.9,-0.36,1.5));
#4861 = VECTOR('',#4862,1.);
#4862 = DIRECTION('',(0.,-1.,-2.22044604925E-16));
#4863 = ORIENTED_EDGE('',*,*,#4864,.F.);
#4864 = EDGE_CURVE('',#4865,#4857,#4867,.T.);
#4865 = VERTEX_POINT('',#4866);
#4866 = CARTESIAN_POINT('',(0.9,-2.033042256429,1.428180190716));
#4867 = LINE('',#4868,#4869);
#4868 = CARTESIAN_POINT('',(0.9,-2.033042256429,1.428180190716));
#4869 = VECTOR('',#4870,1.);
#4870 = DIRECTION('',(0.,-0.906768252741,0.421629382065));
#4871 = ORIENTED_EDGE('',*,*,#4872,.F.);
#4872 = EDGE_CURVE('',#4848,#4865,#4873,.T.);
#4873 = CIRCLE('',#4874,0.195);
#4874 = AXIS2_PLACEMENT_3D('',#4875,#4876,#4877);
#4875 = CARTESIAN_POINT('',(0.9,-1.950824526926,1.605));
#4876 = DIRECTION('',(-1.,-0.,0.));
#4877 = DIRECTION('',(-0.,5.124658948457E-02,-0.998686030275));
#4878 = PLANE('',#4879);
#4879 = AXIS2_PLACEMENT_3D('',#4880,#4881,#4882);
#4880 = CARTESIAN_POINT('',(0.9,-3.75,1.05));
#4881 = DIRECTION('',(-1.,-0.,0.));
#4882 = DIRECTION('',(0.,1.,2.22044604925E-16));
#4883 = ADVANCED_FACE('',(#4884),#4902,.T.);
#4884 = FACE_BOUND('',#4885,.F.);
#4885 = EDGE_LOOP('',(#4886,#4887,#4895,#4901));
#4886 = ORIENTED_EDGE('',*,*,#4800,.T.);
#4887 = ORIENTED_EDGE('',*,*,#4888,.T.);
#4888 = EDGE_CURVE('',#4801,#4889,#4891,.T.);
#4889 = VERTEX_POINT('',#4890);
#4890 = CARTESIAN_POINT('',(1.1,0.98,0.3));
#4891 = LINE('',#4892,#4893);
#4892 = CARTESIAN_POINT('',(0.9,0.98,0.3));
#4893 = VECTOR('',#4894,1.);
#4894 = DIRECTION('',(1.,0.,0.));
#4895 = ORIENTED_EDGE('',*,*,#4896,.F.);
#4896 = EDGE_CURVE('',#2106,#4889,#4897,.T.);
#4897 = LINE('',#4898,#4899);
#4898 = CARTESIAN_POINT('',(1.1,0.65,0.63));
#4899 = VECTOR('',#4900,1.);
#4900 = DIRECTION('',(0.,0.707106781187,-0.707106781187));
#4901 = ORIENTED_EDGE('',*,*,#2105,.T.);
#4902 = PLANE('',#4903);
#4903 = AXIS2_PLACEMENT_3D('',#4904,#4905,#4906);
#4904 = CARTESIAN_POINT('',(0.9,0.65,0.63));
#4905 = DIRECTION('',(0.,0.707106781187,0.707106781187));
#4906 = DIRECTION('',(0.,0.707106781187,-0.707106781187));
#4907 = ADVANCED_FACE('',(#4908),#4926,.T.);
#4908 = FACE_BOUND('',#4909,.F.);
#4909 = EDGE_LOOP('',(#4910,#4911,#4919,#4925));
#4910 = ORIENTED_EDGE('',*,*,#4833,.T.);
#4911 = ORIENTED_EDGE('',*,*,#4912,.T.);
#4912 = EDGE_CURVE('',#4826,#4913,#4915,.T.);
#4913 = VERTEX_POINT('',#4914);
#4914 = CARTESIAN_POINT('',(1.1,1.35,0.3));
#4915 = LINE('',#4916,#4917);
#4916 = CARTESIAN_POINT('',(0.9,1.35,0.3));
#4917 = VECTOR('',#4918,1.);
#4918 = DIRECTION('',(1.,0.,0.));
#4919 = ORIENTED_EDGE('',*,*,#4920,.F.);
#4920 = EDGE_CURVE('',#4889,#4913,#4921,.T.);
#4921 = LINE('',#4922,#4923);
#4922 = CARTESIAN_POINT('',(1.1,0.98,0.3));
#4923 = VECTOR('',#4924,1.);
#4924 = DIRECTION('',(0.,1.,2.22044604925E-16));
#4925 = ORIENTED_EDGE('',*,*,#4888,.F.);
#4926 = PLANE('',#4927);
#4927 = AXIS2_PLACEMENT_3D('',#4928,#4929,#4930);
#4928 = CARTESIAN_POINT('',(0.9,0.98,0.3));
#4929 = DIRECTION('',(0.,-2.22044604925E-16,1.));
#4930 = DIRECTION('',(0.,1.,2.22044604925E-16));
#4931 = ADVANCED_FACE('',(#4932),#4950,.T.);
#4932 = FACE_BOUND('',#4933,.F.);
#4933 = EDGE_LOOP('',(#4934,#4935,#4943,#4949));
#4934 = ORIENTED_EDGE('',*,*,#4825,.T.);
#4935 = ORIENTED_EDGE('',*,*,#4936,.T.);
#4936 = EDGE_CURVE('',#4818,#4937,#4939,.T.);
#4937 = VERTEX_POINT('',#4938);
#4938 = CARTESIAN_POINT('',(1.1,1.35,8.881784197001E-16));
#4939 = LINE('',#4940,#4941);
#4940 = CARTESIAN_POINT('',(0.9,1.35,8.881784197001E-16));
#4941 = VECTOR('',#4942,1.);
#4942 = DIRECTION('',(1.,0.,0.));
#4943 = ORIENTED_EDGE('',*,*,#4944,.F.);
#4944 = EDGE_CURVE('',#4913,#4937,#4945,.T.);
#4945 = LINE('',#4946,#4947);
#4946 = CARTESIAN_POINT('',(1.1,1.35,0.3));
#4947 = VECTOR('',#4948,1.);
#4948 = DIRECTION('',(0.,2.22044604925E-16,-1.));
#4949 = ORIENTED_EDGE('',*,*,#4912,.F.);
#4950 = PLANE('',#4951);
#4951 = AXIS2_PLACEMENT_3D('',#4952,#4953,#4954);
#4952 = CARTESIAN_POINT('',(0.9,1.35,0.3));
#4953 = DIRECTION('',(0.,1.,2.22044604925E-16));
#4954 = DIRECTION('',(0.,2.22044604925E-16,-1.));
#4955 = ADVANCED_FACE('',(#4956),#4974,.T.);
#4956 = FACE_BOUND('',#4957,.F.);
#4957 = EDGE_LOOP('',(#4958,#4959,#4967,#4973));
#4958 = ORIENTED_EDGE('',*,*,#4817,.T.);
#4959 = ORIENTED_EDGE('',*,*,#4960,.T.);
#4960 = EDGE_CURVE('',#4810,#4961,#4963,.T.);
#4961 = VERTEX_POINT('',#4962);
#4962 = CARTESIAN_POINT('',(1.1,0.85,8.881784197001E-16));
#4963 = LINE('',#4964,#4965);
#4964 = CARTESIAN_POINT('',(0.9,0.85,8.881784197001E-16));
#4965 = VECTOR('',#4966,1.);
#4966 = DIRECTION('',(1.,0.,0.));
#4967 = ORIENTED_EDGE('',*,*,#4968,.F.);
#4968 = EDGE_CURVE('',#4937,#4961,#4969,.T.);
#4969 = LINE('',#4970,#4971);
#4970 = CARTESIAN_POINT('',(1.1,1.35,8.881784197001E-16));
#4971 = VECTOR('',#4972,1.);
#4972 = DIRECTION('',(0.,-1.,-2.22044604925E-16));
#4973 = ORIENTED_EDGE('',*,*,#4936,.F.);
#4974 = PLANE('',#4975);
#4975 = AXIS2_PLACEMENT_3D('',#4976,#4977,#4978);
#4976 = CARTESIAN_POINT('',(0.9,1.35,8.881784197001E-16));
#4977 = DIRECTION('',(0.,2.22044604925E-16,-1.));
#4978 = DIRECTION('',(0.,-1.,-2.22044604925E-16));
#4979 = ADVANCED_FACE('',(#4980),#4991,.T.);
#4980 = FACE_BOUND('',#4981,.F.);
#4981 = EDGE_LOOP('',(#4982,#4983,#4984,#4990));
#4982 = ORIENTED_EDGE('',*,*,#4809,.T.);
#4983 = ORIENTED_EDGE('',*,*,#2121,.F.);
#4984 = ORIENTED_EDGE('',*,*,#4985,.F.);
#4985 = EDGE_CURVE('',#4961,#2114,#4986,.T.);
#4986 = LINE('',#4987,#4988);
#4987 = CARTESIAN_POINT('',(1.1,0.85,8.881784197001E-16));
#4988 = VECTOR('',#4989,1.);
#4989 = DIRECTION('',(0.,-0.707106781187,0.707106781187));
#4990 = ORIENTED_EDGE('',*,*,#4960,.F.);
#4991 = PLANE('',#4992);
#4992 = AXIS2_PLACEMENT_3D('',#4993,#4994,#4995);
#4993 = CARTESIAN_POINT('',(0.9,0.85,8.881784197001E-16));
#4994 = DIRECTION('',(0.,-0.707106781187,-0.707106781187));
#4995 = DIRECTION('',(0.,-0.707106781187,0.707106781187));
#4996 = ADVANCED_FACE('',(#4997),#5005,.F.);
#4997 = FACE_BOUND('',#4998,.F.);
#4998 = EDGE_LOOP('',(#4999,#5000,#5001,#5002,#5003,#5004));
#4999 = ORIENTED_EDGE('',*,*,#4896,.T.);
#5000 = ORIENTED_EDGE('',*,*,#4920,.T.);
#5001 = ORIENTED_EDGE('',*,*,#4944,.T.);
#5002 = ORIENTED_EDGE('',*,*,#4968,.T.);
#5003 = ORIENTED_EDGE('',*,*,#4985,.T.);
#5004 = ORIENTED_EDGE('',*,*,#2113,.T.);
#5005 = PLANE('',#5006);
#5006 = AXIS2_PLACEMENT_3D('',#5007,#5008,#5009);
#5007 = CARTESIAN_POINT('',(1.1,-3.75,1.05));
#5008 = DIRECTION('',(-1.,-0.,0.));
#5009 = DIRECTION('',(0.,1.,2.22044604925E-16));
#5010 = ADVANCED_FACE('',(#5011),#5045,.F.);
#5011 = FACE_BOUND('',#5012,.F.);
#5012 = EDGE_LOOP('',(#5013,#5021,#5030,#5038,#5044));
#5013 = ORIENTED_EDGE('',*,*,#5014,.T.);
#5014 = EDGE_CURVE('',#4632,#5015,#5017,.T.);
#5015 = VERTEX_POINT('',#5016);
#5016 = CARTESIAN_POINT('',(1.1,-1.940831441976,1.410256224096));
#5017 = LINE('',#5018,#5019);
#5018 = CARTESIAN_POINT('',(1.1,-0.36,1.491375031705));
#5019 = VECTOR('',#5020,1.);
#5020 = DIRECTION('',(0.,-0.998686030275,-5.124658948458E-02));
#5021 = ORIENTED_EDGE('',*,*,#5022,.T.);
#5022 = EDGE_CURVE('',#5015,#5023,#5025,.T.);
#5023 = VERTEX_POINT('',#5024);
#5024 = CARTESIAN_POINT('',(1.1,-2.033042256429,1.428180190716));
#5025 = CIRCLE('',#5026,0.195);
#5026 = AXIS2_PLACEMENT_3D('',#5027,#5028,#5029);
#5027 = CARTESIAN_POINT('',(1.1,-1.950824526926,1.605));
#5028 = DIRECTION('',(-1.,-0.,0.));
#5029 = DIRECTION('',(-0.,5.124658948457E-02,-0.998686030275));
#5030 = ORIENTED_EDGE('',*,*,#5031,.T.);
#5031 = EDGE_CURVE('',#5023,#5032,#5034,.T.);
#5032 = VERTEX_POINT('',#5033);
#5033 = CARTESIAN_POINT('',(1.1,-2.1875,1.5));
#5034 = LINE('',#5035,#5036);
#5035 = CARTESIAN_POINT('',(1.1,-2.033042256429,1.428180190716));
#5036 = VECTOR('',#5037,1.);
#5037 = DIRECTION('',(0.,-0.906768252741,0.421629382065));
#5038 = ORIENTED_EDGE('',*,*,#5039,.F.);
#5039 = EDGE_CURVE('',#4640,#5032,#5040,.T.);
#5040 = LINE('',#5041,#5042);
#5041 = CARTESIAN_POINT('',(1.1,-0.36,1.5));
#5042 = VECTOR('',#5043,1.);
#5043 = DIRECTION('',(0.,-1.,-2.22044604925E-16));
#5044 = ORIENTED_EDGE('',*,*,#4639,.T.);
#5045 = PLANE('',#5046);
#5046 = AXIS2_PLACEMENT_3D('',#5047,#5048,#5049);
#5047 = CARTESIAN_POINT('',(1.1,-3.75,1.05));
#5048 = DIRECTION('',(-1.,-0.,0.));
#5049 = DIRECTION('',(0.,1.,2.22044604925E-16));
#5050 = ADVANCED_FACE('',(#5051),#5062,.T.);
#5051 = FACE_BOUND('',#5052,.F.);
#5052 = EDGE_LOOP('',(#5053,#5054,#5060,#5061));
#5053 = ORIENTED_EDGE('',*,*,#4847,.T.);
#5054 = ORIENTED_EDGE('',*,*,#5055,.T.);
#5055 = EDGE_CURVE('',#4848,#5015,#5056,.T.);
#5056 = LINE('',#5057,#5058);
#5057 = CARTESIAN_POINT('',(0.9,-1.940831441976,1.410256224096));
#5058 = VECTOR('',#5059,1.);
#5059 = DIRECTION('',(1.,0.,0.));
#5060 = ORIENTED_EDGE('',*,*,#5014,.F.);
#5061 = ORIENTED_EDGE('',*,*,#4631,.T.);
#5062 = PLANE('',#5063);
#5063 = AXIS2_PLACEMENT_3D('',#5064,#5065,#5066);
#5064 = CARTESIAN_POINT('',(0.9,-0.36,1.491375031705));
#5065 = DIRECTION('',(0.,5.124658948458E-02,-0.998686030275));
#5066 = DIRECTION('',(0.,-0.998686030275,-5.124658948458E-02));
#5067 = ADVANCED_FACE('',(#5068),#5079,.T.);
#5068 = FACE_BOUND('',#5069,.T.);
#5069 = EDGE_LOOP('',(#5070,#5071,#5072,#5078));
#5070 = ORIENTED_EDGE('',*,*,#5055,.T.);
#5071 = ORIENTED_EDGE('',*,*,#5022,.T.);
#5072 = ORIENTED_EDGE('',*,*,#5073,.F.);
#5073 = EDGE_CURVE('',#4865,#5023,#5074,.T.);
#5074 = LINE('',#5075,#5076);
#5075 = CARTESIAN_POINT('',(0.9,-2.033042256429,1.428180190716));
#5076 = VECTOR('',#5077,1.);
#5077 = DIRECTION('',(1.,0.,0.));
#5078 = ORIENTED_EDGE('',*,*,#4872,.F.);
#5079 = CYLINDRICAL_SURFACE('',#5080,0.195);
#5080 = AXIS2_PLACEMENT_3D('',#5081,#5082,#5083);
#5081 = CARTESIAN_POINT('',(0.9,-1.950824526926,1.605));
#5082 = DIRECTION('',(-1.,-0.,0.));
#5083 = DIRECTION('',(0.,1.,2.22044604925E-16));
#5084 = ADVANCED_FACE('',(#5085),#5096,.T.);
#5085 = FACE_BOUND('',#5086,.F.);
#5086 = EDGE_LOOP('',(#5087,#5088,#5094,#5095));
#5087 = ORIENTED_EDGE('',*,*,#4864,.T.);
#5088 = ORIENTED_EDGE('',*,*,#5089,.F.);
#5089 = EDGE_CURVE('',#5032,#4857,#5090,.T.);
#5090 = LINE('',#5091,#5092);
#5091 = CARTESIAN_POINT('',(1.1,-2.1875,1.5));
#5092 = VECTOR('',#5093,1.);
#5093 = DIRECTION('',(-1.,-0.,0.));
#5094 = ORIENTED_EDGE('',*,*,#5031,.F.);
#5095 = ORIENTED_EDGE('',*,*,#5073,.F.);
#5096 = PLANE('',#5097);
#5097 = AXIS2_PLACEMENT_3D('',#5098,#5099,#5100);
#5098 = CARTESIAN_POINT('',(0.9,-2.033042256429,1.428180190716));
#5099 = DIRECTION('',(0.,-0.421629382065,-0.906768252741));
#5100 = DIRECTION('',(0.,-0.906768252741,0.421629382065));
#5101 = ADVANCED_FACE('',(#5102),#5211,.T.);
#5102 = FACE_BOUND('',#5103,.F.);
#5103 = EDGE_LOOP('',(#5104,#5105,#5106,#5114,#5122,#5128,#5129,#5137,
    #5145,#5151,#5152,#5160,#5168,#5174,#5175,#5183,#5191,#5197,#5198,
    #5199,#5200,#5206,#5207,#5208,#5209,#5210));
#5104 = ORIENTED_EDGE('',*,*,#4856,.F.);
#5105 = ORIENTED_EDGE('',*,*,#4786,.T.);
#5106 = ORIENTED_EDGE('',*,*,#5107,.T.);
#5107 = EDGE_CURVE('',#4779,#5108,#5110,.T.);
#5108 = VERTEX_POINT('',#5109);
#5109 = CARTESIAN_POINT('',(0.6,-2.1875,1.5));
#5110 = LINE('',#5111,#5112);
#5111 = CARTESIAN_POINT('',(0.6,-0.36,1.5));
#5112 = VECTOR('',#5113,1.);
#5113 = DIRECTION('',(0.,-1.,-2.22044604925E-16));
#5114 = ORIENTED_EDGE('',*,*,#5115,.T.);
#5115 = EDGE_CURVE('',#5108,#5116,#5118,.T.);
#5116 = VERTEX_POINT('',#5117);
#5117 = CARTESIAN_POINT('',(0.4,-2.1875,1.5));
#5118 = LINE('',#5119,#5120);
#5119 = CARTESIAN_POINT('',(0.6,-2.1875,1.5));
#5120 = VECTOR('',#5121,1.);
#5121 = DIRECTION('',(-1.,-0.,0.));
#5122 = ORIENTED_EDGE('',*,*,#5123,.F.);
#5123 = EDGE_CURVE('',#4755,#5116,#5124,.T.);
#5124 = LINE('',#5125,#5126);
#5125 = CARTESIAN_POINT('',(0.4,-0.36,1.5));
#5126 = VECTOR('',#5127,1.);
#5127 = DIRECTION('',(0.,-1.,-2.22044604925E-16));
#5128 = ORIENTED_EDGE('',*,*,#4754,.T.);
#5129 = ORIENTED_EDGE('',*,*,#5130,.T.);
#5130 = EDGE_CURVE('',#4747,#5131,#5133,.T.);
#5131 = VERTEX_POINT('',#5132);
#5132 = CARTESIAN_POINT('',(0.1,-2.1875,1.5));
#5133 = LINE('',#5134,#5135);
#5134 = CARTESIAN_POINT('',(0.1,-0.36,1.5));
#5135 = VECTOR('',#5136,1.);
#5136 = DIRECTION('',(0.,-1.,-2.22044604925E-16));
#5137 = ORIENTED_EDGE('',*,*,#5138,.T.);
#5138 = EDGE_CURVE('',#5131,#5139,#5141,.T.);
#5139 = VERTEX_POINT('',#5140);
#5140 = CARTESIAN_POINT('',(-0.1,-2.1875,1.5));
#5141 = LINE('',#5142,#5143);
#5142 = CARTESIAN_POINT('',(0.1,-2.1875,1.5));
#5143 = VECTOR('',#5144,1.);
#5144 = DIRECTION('',(-1.,-0.,0.));
#5145 = ORIENTED_EDGE('',*,*,#5146,.F.);
#5146 = EDGE_CURVE('',#4723,#5139,#5147,.T.);
#5147 = LINE('',#5148,#5149);
#5148 = CARTESIAN_POINT('',(-0.1,-0.36,1.5));
#5149 = VECTOR('',#5150,1.);
#5150 = DIRECTION('',(0.,-1.,-2.22044604925E-16));
#5151 = ORIENTED_EDGE('',*,*,#4722,.T.);
#5152 = ORIENTED_EDGE('',*,*,#5153,.T.);
#5153 = EDGE_CURVE('',#4715,#5154,#5156,.T.);
#5154 = VERTEX_POINT('',#5155);
#5155 = CARTESIAN_POINT('',(-0.4,-2.1875,1.5));
#5156 = LINE('',#5157,#5158);
#5157 = CARTESIAN_POINT('',(-0.4,-0.36,1.5));
#5158 = VECTOR('',#5159,1.);
#5159 = DIRECTION('',(0.,-1.,-2.22044604925E-16));
#5160 = ORIENTED_EDGE('',*,*,#5161,.F.);
#5161 = EDGE_CURVE('',#5162,#5154,#5164,.T.);
#5162 = VERTEX_POINT('',#5163);
#5163 = CARTESIAN_POINT('',(-0.6,-2.1875,1.5));
#5164 = LINE('',#5165,#5166);
#5165 = CARTESIAN_POINT('',(-0.6,-2.1875,1.5));
#5166 = VECTOR('',#5167,1.);
#5167 = DIRECTION('',(1.,0.,0.));
#5168 = ORIENTED_EDGE('',*,*,#5169,.F.);
#5169 = EDGE_CURVE('',#4691,#5162,#5170,.T.);
#5170 = LINE('',#5171,#5172);
#5171 = CARTESIAN_POINT('',(-0.6,-0.36,1.5));
#5172 = VECTOR('',#5173,1.);
#5173 = DIRECTION('',(0.,-1.,-2.22044604925E-16));
#5174 = ORIENTED_EDGE('',*,*,#4690,.T.);
#5175 = ORIENTED_EDGE('',*,*,#5176,.T.);
#5176 = EDGE_CURVE('',#4683,#5177,#5179,.T.);
#5177 = VERTEX_POINT('',#5178);
#5178 = CARTESIAN_POINT('',(-0.9,-2.1875,1.5));
#5179 = LINE('',#5180,#5181);
#5180 = CARTESIAN_POINT('',(-0.9,-0.36,1.5));
#5181 = VECTOR('',#5182,1.);
#5182 = DIRECTION('',(0.,-1.,-2.22044604925E-16));
#5183 = ORIENTED_EDGE('',*,*,#5184,.T.);
#5184 = EDGE_CURVE('',#5177,#5185,#5187,.T.);
#5185 = VERTEX_POINT('',#5186);
#5186 = CARTESIAN_POINT('',(-1.1,-2.1875,1.5));
#5187 = LINE('',#5188,#5189);
#5188 = CARTESIAN_POINT('',(-0.9,-2.1875,1.5));
#5189 = VECTOR('',#5190,1.);
#5190 = DIRECTION('',(-1.,-0.,0.));
#5191 = ORIENTED_EDGE('',*,*,#5192,.F.);
#5192 = EDGE_CURVE('',#4659,#5185,#5193,.T.);
#5193 = LINE('',#5194,#5195);
#5194 = CARTESIAN_POINT('',(-1.1,-0.36,1.5));
#5195 = VECTOR('',#5196,1.);
#5196 = DIRECTION('',(0.,-1.,-2.22044604925E-16));
#5197 = ORIENTED_EDGE('',*,*,#4658,.T.);
#5198 = ORIENTED_EDGE('',*,*,#2871,.F.);
#5199 = ORIENTED_EDGE('',*,*,#3256,.F.);
#5200 = ORIENTED_EDGE('',*,*,#5201,.F.);
#5201 = EDGE_CURVE('',#4599,#3249,#5202,.T.);
#5202 = LINE('',#5203,#5204);
#5203 = CARTESIAN_POINT('',(1.55,-2.26,1.5));
#5204 = VECTOR('',#5205,1.);
#5205 = DIRECTION('',(-1.,-0.,0.));
#5206 = ORIENTED_EDGE('',*,*,#4598,.T.);
#5207 = ORIENTED_EDGE('',*,*,#2469,.T.);
#5208 = ORIENTED_EDGE('',*,*,#4647,.T.);
#5209 = ORIENTED_EDGE('',*,*,#5039,.T.);
#5210 = ORIENTED_EDGE('',*,*,#5089,.T.);
#5211 = PLANE('',#5212);
#5212 = AXIS2_PLACEMENT_3D('',#5213,#5214,#5215);
#5213 = CARTESIAN_POINT('',(0.,0.65,1.5));
#5214 = DIRECTION('',(0.,2.22044604925E-16,-1.));
#5215 = DIRECTION('',(-1.,-0.,0.));
#5216 = ADVANCED_FACE('',(#5217),#5258,.F.);
#5217 = FACE_BOUND('',#5218,.F.);
#5218 = EDGE_LOOP('',(#5219,#5227,#5235,#5243,#5251,#5257));
#5219 = ORIENTED_EDGE('',*,*,#5220,.T.);
#5220 = EDGE_CURVE('',#2072,#5221,#5223,.T.);
#5221 = VERTEX_POINT('',#5222);
#5222 = CARTESIAN_POINT('',(0.6,0.98,0.3));
#5223 = LINE('',#5224,#5225);
#5224 = CARTESIAN_POINT('',(0.6,0.65,0.63));
#5225 = VECTOR('',#5226,1.);
#5226 = DIRECTION('',(0.,0.707106781187,-0.707106781187));
#5227 = ORIENTED_EDGE('',*,*,#5228,.T.);
#5228 = EDGE_CURVE('',#5221,#5229,#5231,.T.);
#5229 = VERTEX_POINT('',#5230);
#5230 = CARTESIAN_POINT('',(0.6,1.35,0.3));
#5231 = LINE('',#5232,#5233);
#5232 = CARTESIAN_POINT('',(0.6,0.98,0.3));
#5233 = VECTOR('',#5234,1.);
#5234 = DIRECTION('',(0.,1.,2.22044604925E-16));
#5235 = ORIENTED_EDGE('',*,*,#5236,.T.);
#5236 = EDGE_CURVE('',#5229,#5237,#5239,.T.);
#5237 = VERTEX_POINT('',#5238);
#5238 = CARTESIAN_POINT('',(0.6,1.35,8.881784197001E-16));
#5239 = LINE('',#5240,#5241);
#5240 = CARTESIAN_POINT('',(0.6,1.35,0.3));
#5241 = VECTOR('',#5242,1.);
#5242 = DIRECTION('',(0.,2.22044604925E-16,-1.));
#5243 = ORIENTED_EDGE('',*,*,#5244,.T.);
#5244 = EDGE_CURVE('',#5237,#5245,#5247,.T.);
#5245 = VERTEX_POINT('',#5246);
#5246 = CARTESIAN_POINT('',(0.6,0.85,8.881784197001E-16));
#5247 = LINE('',#5248,#5249);
#5248 = CARTESIAN_POINT('',(0.6,1.35,8.881784197001E-16));
#5249 = VECTOR('',#5250,1.);
#5250 = DIRECTION('',(0.,-1.,-2.22044604925E-16));
#5251 = ORIENTED_EDGE('',*,*,#5252,.T.);
#5252 = EDGE_CURVE('',#5245,#2080,#5253,.T.);
#5253 = LINE('',#5254,#5255);
#5254 = CARTESIAN_POINT('',(0.6,0.85,8.881784197001E-16));
#5255 = VECTOR('',#5256,1.);
#5256 = DIRECTION('',(0.,-0.707106781187,0.707106781187));
#5257 = ORIENTED_EDGE('',*,*,#2079,.T.);
#5258 = PLANE('',#5259);
#5259 = AXIS2_PLACEMENT_3D('',#5260,#5261,#5262);
#5260 = CARTESIAN_POINT('',(0.6,-3.75,1.05));
#5261 = DIRECTION('',(-1.,-0.,0.));
#5262 = DIRECTION('',(0.,1.,2.22044604925E-16));
#5263 = ADVANCED_FACE('',(#5264),#5291,.F.);
#5264 = FACE_BOUND('',#5265,.F.);
#5265 = EDGE_LOOP('',(#5266,#5274,#5283,#5289,#5290));
#5266 = ORIENTED_EDGE('',*,*,#5267,.T.);
#5267 = EDGE_CURVE('',#4771,#5268,#5270,.T.);
#5268 = VERTEX_POINT('',#5269);
#5269 = CARTESIAN_POINT('',(0.6,-1.940831441976,1.410256224096));
#5270 = LINE('',#5271,#5272);
#5271 = CARTESIAN_POINT('',(0.6,-0.36,1.491375031705));
#5272 = VECTOR('',#5273,1.);
#5273 = DIRECTION('',(0.,-0.998686030275,-5.124658948458E-02));
#5274 = ORIENTED_EDGE('',*,*,#5275,.T.);
#5275 = EDGE_CURVE('',#5268,#5276,#5278,.T.);
#5276 = VERTEX_POINT('',#5277);
#5277 = CARTESIAN_POINT('',(0.6,-2.033042256429,1.428180190716));
#5278 = CIRCLE('',#5279,0.195);
#5279 = AXIS2_PLACEMENT_3D('',#5280,#5281,#5282);
#5280 = CARTESIAN_POINT('',(0.6,-1.950824526926,1.605));
#5281 = DIRECTION('',(-1.,-0.,0.));
#5282 = DIRECTION('',(-0.,5.124658948457E-02,-0.998686030275));
#5283 = ORIENTED_EDGE('',*,*,#5284,.T.);
#5284 = EDGE_CURVE('',#5276,#5108,#5285,.T.);
#5285 = LINE('',#5286,#5287);
#5286 = CARTESIAN_POINT('',(0.6,-2.033042256429,1.428180190716));
#5287 = VECTOR('',#5288,1.);
#5288 = DIRECTION('',(0.,-0.906768252741,0.421629382065));
#5289 = ORIENTED_EDGE('',*,*,#5107,.F.);
#5290 = ORIENTED_EDGE('',*,*,#4778,.T.);
#5291 = PLANE('',#5292);
#5292 = AXIS2_PLACEMENT_3D('',#5293,#5294,#5295);
#5293 = CARTESIAN_POINT('',(0.6,-3.75,1.05));
#5294 = DIRECTION('',(-1.,-0.,0.));
#5295 = DIRECTION('',(0.,1.,2.22044604925E-16));
#5296 = ADVANCED_FACE('',(#5297),#5315,.T.);
#5297 = FACE_BOUND('',#5298,.F.);
#5298 = EDGE_LOOP('',(#5299,#5307,#5313,#5314));
#5299 = ORIENTED_EDGE('',*,*,#5300,.T.);
#5300 = EDGE_CURVE('',#2064,#5301,#5303,.T.);
#5301 = VERTEX_POINT('',#5302);
#5302 = CARTESIAN_POINT('',(0.4,0.98,0.3));
#5303 = LINE('',#5304,#5305);
#5304 = CARTESIAN_POINT('',(0.4,0.65,0.63));
#5305 = VECTOR('',#5306,1.);
#5306 = DIRECTION('',(0.,0.707106781187,-0.707106781187));
#5307 = ORIENTED_EDGE('',*,*,#5308,.T.);
#5308 = EDGE_CURVE('',#5301,#5221,#5309,.T.);
#5309 = LINE('',#5310,#5311);
#5310 = CARTESIAN_POINT('',(0.4,0.98,0.3));
#5311 = VECTOR('',#5312,1.);
#5312 = DIRECTION('',(1.,0.,0.));
#5313 = ORIENTED_EDGE('',*,*,#5220,.F.);
#5314 = ORIENTED_EDGE('',*,*,#2071,.T.);
#5315 = PLANE('',#5316);
#5316 = AXIS2_PLACEMENT_3D('',#5317,#5318,#5319);
#5317 = CARTESIAN_POINT('',(0.4,0.65,0.63));
#5318 = DIRECTION('',(0.,0.707106781187,0.707106781187));
#5319 = DIRECTION('',(0.,0.707106781187,-0.707106781187));
#5320 = ADVANCED_FACE('',(#5321),#5355,.T.);
#5321 = FACE_BOUND('',#5322,.F.);
#5322 = EDGE_LOOP('',(#5323,#5324,#5325,#5333,#5341,#5349));
#5323 = ORIENTED_EDGE('',*,*,#5300,.F.);
#5324 = ORIENTED_EDGE('',*,*,#2061,.F.);
#5325 = ORIENTED_EDGE('',*,*,#5326,.F.);
#5326 = EDGE_CURVE('',#5327,#2062,#5329,.T.);
#5327 = VERTEX_POINT('',#5328);
#5328 = CARTESIAN_POINT('',(0.4,0.85,8.881784197001E-16));
#5329 = LINE('',#5330,#5331);
#5330 = CARTESIAN_POINT('',(0.4,0.85,8.881784197001E-16));
#5331 = VECTOR('',#5332,1.);
#5332 = DIRECTION('',(0.,-0.707106781187,0.707106781187));
#5333 = ORIENTED_EDGE('',*,*,#5334,.F.);
#5334 = EDGE_CURVE('',#5335,#5327,#5337,.T.);
#5335 = VERTEX_POINT('',#5336);
#5336 = CARTESIAN_POINT('',(0.4,1.35,8.881784197001E-16));
#5337 = LINE('',#5338,#5339);
#5338 = CARTESIAN_POINT('',(0.4,1.35,8.881784197001E-16));
#5339 = VECTOR('',#5340,1.);
#5340 = DIRECTION('',(0.,-1.,-2.22044604925E-16));
#5341 = ORIENTED_EDGE('',*,*,#5342,.F.);
#5342 = EDGE_CURVE('',#5343,#5335,#5345,.T.);
#5343 = VERTEX_POINT('',#5344);
#5344 = CARTESIAN_POINT('',(0.4,1.35,0.3));
#5345 = LINE('',#5346,#5347);
#5346 = CARTESIAN_POINT('',(0.4,1.35,0.3));
#5347 = VECTOR('',#5348,1.);
#5348 = DIRECTION('',(0.,2.22044604925E-16,-1.));
#5349 = ORIENTED_EDGE('',*,*,#5350,.F.);
#5350 = EDGE_CURVE('',#5301,#5343,#5351,.T.);
#5351 = LINE('',#5352,#5353);
#5352 = CARTESIAN_POINT('',(0.4,0.98,0.3));
#5353 = VECTOR('',#5354,1.);
#5354 = DIRECTION('',(0.,1.,2.22044604925E-16));
#5355 = PLANE('',#5356);
#5356 = AXIS2_PLACEMENT_3D('',#5357,#5358,#5359);
#5357 = CARTESIAN_POINT('',(0.4,-3.75,1.05));
#5358 = DIRECTION('',(-1.,-0.,0.));
#5359 = DIRECTION('',(0.,1.,2.22044604925E-16));
#5360 = ADVANCED_FACE('',(#5361),#5388,.T.);
#5361 = FACE_BOUND('',#5362,.F.);
#5362 = EDGE_LOOP('',(#5363,#5371,#5372,#5373,#5381));
#5363 = ORIENTED_EDGE('',*,*,#5364,.F.);
#5364 = EDGE_CURVE('',#4763,#5365,#5367,.T.);
#5365 = VERTEX_POINT('',#5366);
#5366 = CARTESIAN_POINT('',(0.4,-1.940831441976,1.410256224096));
#5367 = LINE('',#5368,#5369);
#5368 = CARTESIAN_POINT('',(0.4,-0.36,1.491375031705));
#5369 = VECTOR('',#5370,1.);
#5370 = DIRECTION('',(0.,-0.998686030275,-5.124658948458E-02));
#5371 = ORIENTED_EDGE('',*,*,#4762,.F.);
#5372 = ORIENTED_EDGE('',*,*,#5123,.T.);
#5373 = ORIENTED_EDGE('',*,*,#5374,.F.);
#5374 = EDGE_CURVE('',#5375,#5116,#5377,.T.);
#5375 = VERTEX_POINT('',#5376);
#5376 = CARTESIAN_POINT('',(0.4,-2.033042256429,1.428180190716));
#5377 = LINE('',#5378,#5379);
#5378 = CARTESIAN_POINT('',(0.4,-2.033042256429,1.428180190716));
#5379 = VECTOR('',#5380,1.);
#5380 = DIRECTION('',(0.,-0.906768252741,0.421629382065));
#5381 = ORIENTED_EDGE('',*,*,#5382,.F.);
#5382 = EDGE_CURVE('',#5365,#5375,#5383,.T.);
#5383 = CIRCLE('',#5384,0.195);
#5384 = AXIS2_PLACEMENT_3D('',#5385,#5386,#5387);
#5385 = CARTESIAN_POINT('',(0.4,-1.950824526926,1.605));
#5386 = DIRECTION('',(-1.,-0.,0.));
#5387 = DIRECTION('',(-0.,5.124658948457E-02,-0.998686030275));
#5388 = PLANE('',#5389);
#5389 = AXIS2_PLACEMENT_3D('',#5390,#5391,#5392);
#5390 = CARTESIAN_POINT('',(0.4,-3.75,1.05));
#5391 = DIRECTION('',(-1.,-0.,0.));
#5392 = DIRECTION('',(0.,1.,2.22044604925E-16));
#5393 = ADVANCED_FACE('',(#5394),#5405,.T.);
#5394 = FACE_BOUND('',#5395,.F.);
#5395 = EDGE_LOOP('',(#5396,#5397,#5398,#5399));
#5396 = ORIENTED_EDGE('',*,*,#5326,.T.);
#5397 = ORIENTED_EDGE('',*,*,#2087,.F.);
#5398 = ORIENTED_EDGE('',*,*,#5252,.F.);
#5399 = ORIENTED_EDGE('',*,*,#5400,.F.);
#5400 = EDGE_CURVE('',#5327,#5245,#5401,.T.);
#5401 = LINE('',#5402,#5403);
#5402 = CARTESIAN_POINT('',(0.4,0.85,8.881784197001E-16));
#5403 = VECTOR('',#5404,1.);
#5404 = DIRECTION('',(1.,0.,0.));
#5405 = PLANE('',#5406);
#5406 = AXIS2_PLACEMENT_3D('',#5407,#5408,#5409);
#5407 = CARTESIAN_POINT('',(0.4,0.85,8.881784197001E-16));
#5408 = DIRECTION('',(0.,-0.707106781187,-0.707106781187));
#5409 = DIRECTION('',(0.,-0.707106781187,0.707106781187));
#5410 = ADVANCED_FACE('',(#5411),#5422,.T.);
#5411 = FACE_BOUND('',#5412,.F.);
#5412 = EDGE_LOOP('',(#5413,#5414,#5415,#5416));
#5413 = ORIENTED_EDGE('',*,*,#5334,.T.);
#5414 = ORIENTED_EDGE('',*,*,#5400,.T.);
#5415 = ORIENTED_EDGE('',*,*,#5244,.F.);
#5416 = ORIENTED_EDGE('',*,*,#5417,.F.);
#5417 = EDGE_CURVE('',#5335,#5237,#5418,.T.);
#5418 = LINE('',#5419,#5420);
#5419 = CARTESIAN_POINT('',(0.4,1.35,8.881784197001E-16));
#5420 = VECTOR('',#5421,1.);
#5421 = DIRECTION('',(1.,0.,0.));
#5422 = PLANE('',#5423);
#5423 = AXIS2_PLACEMENT_3D('',#5424,#5425,#5426);
#5424 = CARTESIAN_POINT('',(0.4,1.35,8.881784197001E-16));
#5425 = DIRECTION('',(0.,2.22044604925E-16,-1.));
#5426 = DIRECTION('',(0.,-1.,-2.22044604925E-16));
#5427 = ADVANCED_FACE('',(#5428),#5439,.T.);
#5428 = FACE_BOUND('',#5429,.F.);
#5429 = EDGE_LOOP('',(#5430,#5431,#5432,#5433));
#5430 = ORIENTED_EDGE('',*,*,#5342,.T.);
#5431 = ORIENTED_EDGE('',*,*,#5417,.T.);
#5432 = ORIENTED_EDGE('',*,*,#5236,.F.);
#5433 = ORIENTED_EDGE('',*,*,#5434,.F.);
#5434 = EDGE_CURVE('',#5343,#5229,#5435,.T.);
#5435 = LINE('',#5436,#5437);
#5436 = CARTESIAN_POINT('',(0.4,1.35,0.3));
#5437 = VECTOR('',#5438,1.);
#5438 = DIRECTION('',(1.,0.,0.));
#5439 = PLANE('',#5440);
#5440 = AXIS2_PLACEMENT_3D('',#5441,#5442,#5443);
#5441 = CARTESIAN_POINT('',(0.4,1.35,0.3));
#5442 = DIRECTION('',(0.,1.,2.22044604925E-16));
#5443 = DIRECTION('',(0.,2.22044604925E-16,-1.));
#5444 = ADVANCED_FACE('',(#5445),#5451,.T.);
#5445 = FACE_BOUND('',#5446,.F.);
#5446 = EDGE_LOOP('',(#5447,#5448,#5449,#5450));
#5447 = ORIENTED_EDGE('',*,*,#5350,.T.);
#5448 = ORIENTED_EDGE('',*,*,#5434,.T.);
#5449 = ORIENTED_EDGE('',*,*,#5228,.F.);
#5450 = ORIENTED_EDGE('',*,*,#5308,.F.);
#5451 = PLANE('',#5452);
#5452 = AXIS2_PLACEMENT_3D('',#5453,#5454,#5455);
#5453 = CARTESIAN_POINT('',(0.4,0.98,0.3));
#5454 = DIRECTION('',(0.,-2.22044604925E-16,1.));
#5455 = DIRECTION('',(0.,1.,2.22044604925E-16));
#5456 = ADVANCED_FACE('',(#5457),#5468,.T.);
#5457 = FACE_BOUND('',#5458,.F.);
#5458 = EDGE_LOOP('',(#5459,#5460,#5466,#5467));
#5459 = ORIENTED_EDGE('',*,*,#5364,.T.);
#5460 = ORIENTED_EDGE('',*,*,#5461,.T.);
#5461 = EDGE_CURVE('',#5365,#5268,#5462,.T.);
#5462 = LINE('',#5463,#5464);
#5463 = CARTESIAN_POINT('',(0.4,-1.940831441976,1.410256224096));
#5464 = VECTOR('',#5465,1.);
#5465 = DIRECTION('',(1.,0.,0.));
#5466 = ORIENTED_EDGE('',*,*,#5267,.F.);
#5467 = ORIENTED_EDGE('',*,*,#4770,.T.);
#5468 = PLANE('',#5469);
#5469 = AXIS2_PLACEMENT_3D('',#5470,#5471,#5472);
#5470 = CARTESIAN_POINT('',(0.4,-0.36,1.491375031705));
#5471 = DIRECTION('',(0.,5.124658948458E-02,-0.998686030275));
#5472 = DIRECTION('',(0.,-0.998686030275,-5.124658948458E-02));
#5473 = ADVANCED_FACE('',(#5474),#5485,.T.);
#5474 = FACE_BOUND('',#5475,.T.);
#5475 = EDGE_LOOP('',(#5476,#5477,#5478,#5484));
#5476 = ORIENTED_EDGE('',*,*,#5461,.T.);
#5477 = ORIENTED_EDGE('',*,*,#5275,.T.);
#5478 = ORIENTED_EDGE('',*,*,#5479,.F.);
#5479 = EDGE_CURVE('',#5375,#5276,#5480,.T.);
#5480 = LINE('',#5481,#5482);
#5481 = CARTESIAN_POINT('',(0.4,-2.033042256429,1.428180190716));
#5482 = VECTOR('',#5483,1.);
#5483 = DIRECTION('',(1.,0.,0.));
#5484 = ORIENTED_EDGE('',*,*,#5382,.F.);
#5485 = CYLINDRICAL_SURFACE('',#5486,0.195);
#5486 = AXIS2_PLACEMENT_3D('',#5487,#5488,#5489);
#5487 = CARTESIAN_POINT('',(0.4,-1.950824526926,1.605));
#5488 = DIRECTION('',(-1.,-0.,0.));
#5489 = DIRECTION('',(0.,1.,2.22044604925E-16));
#5490 = ADVANCED_FACE('',(#5491),#5497,.T.);
#5491 = FACE_BOUND('',#5492,.F.);
#5492 = EDGE_LOOP('',(#5493,#5494,#5495,#5496));
#5493 = ORIENTED_EDGE('',*,*,#5374,.T.);
#5494 = ORIENTED_EDGE('',*,*,#5115,.F.);
#5495 = ORIENTED_EDGE('',*,*,#5284,.F.);
#5496 = ORIENTED_EDGE('',*,*,#5479,.F.);
#5497 = PLANE('',#5498);
#5498 = AXIS2_PLACEMENT_3D('',#5499,#5500,#5501);
#5499 = CARTESIAN_POINT('',(0.4,-2.033042256429,1.428180190716));
#5500 = DIRECTION('',(0.,-0.421629382065,-0.906768252741));
#5501 = DIRECTION('',(0.,-0.906768252741,0.421629382065));
#5502 = ADVANCED_FACE('',(#5503),#5544,.F.);
#5503 = FACE_BOUND('',#5504,.F.);
#5504 = EDGE_LOOP('',(#5505,#5513,#5521,#5529,#5537,#5543));
#5505 = ORIENTED_EDGE('',*,*,#5506,.T.);
#5506 = EDGE_CURVE('',#2038,#5507,#5509,.T.);
#5507 = VERTEX_POINT('',#5508);
#5508 = CARTESIAN_POINT('',(0.1,0.98,0.3));
#5509 = LINE('',#5510,#5511);
#5510 = CARTESIAN_POINT('',(0.1,0.65,0.63));
#5511 = VECTOR('',#5512,1.);
#5512 = DIRECTION('',(0.,0.707106781187,-0.707106781187));
#5513 = ORIENTED_EDGE('',*,*,#5514,.T.);
#5514 = EDGE_CURVE('',#5507,#5515,#5517,.T.);
#5515 = VERTEX_POINT('',#5516);
#5516 = CARTESIAN_POINT('',(0.1,1.35,0.3));
#5517 = LINE('',#5518,#5519);
#5518 = CARTESIAN_POINT('',(0.1,0.98,0.3));
#5519 = VECTOR('',#5520,1.);
#5520 = DIRECTION('',(0.,1.,2.22044604925E-16));
#5521 = ORIENTED_EDGE('',*,*,#5522,.T.);
#5522 = EDGE_CURVE('',#5515,#5523,#5525,.T.);
#5523 = VERTEX_POINT('',#5524);
#5524 = CARTESIAN_POINT('',(0.1,1.35,8.881784197001E-16));
#5525 = LINE('',#5526,#5527);
#5526 = CARTESIAN_POINT('',(0.1,1.35,0.3));
#5527 = VECTOR('',#5528,1.);
#5528 = DIRECTION('',(0.,2.22044604925E-16,-1.));
#5529 = ORIENTED_EDGE('',*,*,#5530,.T.);
#5530 = EDGE_CURVE('',#5523,#5531,#5533,.T.);
#5531 = VERTEX_POINT('',#5532);
#5532 = CARTESIAN_POINT('',(0.1,0.85,8.881784197001E-16));
#5533 = LINE('',#5534,#5535);
#5534 = CARTESIAN_POINT('',(0.1,1.35,8.881784197001E-16));
#5535 = VECTOR('',#5536,1.);
#5536 = DIRECTION('',(0.,-1.,-2.22044604925E-16));
#5537 = ORIENTED_EDGE('',*,*,#5538,.T.);
#5538 = EDGE_CURVE('',#5531,#2046,#5539,.T.);
#5539 = LINE('',#5540,#5541);
#5540 = CARTESIAN_POINT('',(0.1,0.85,8.881784197001E-16));
#5541 = VECTOR('',#5542,1.);
#5542 = DIRECTION('',(0.,-0.707106781187,0.707106781187));
#5543 = ORIENTED_EDGE('',*,*,#2045,.T.);
#5544 = PLANE('',#5545);
#5545 = AXIS2_PLACEMENT_3D('',#5546,#5547,#5548);
#5546 = CARTESIAN_POINT('',(0.1,-3.75,1.05));
#5547 = DIRECTION('',(-1.,-0.,0.));
#5548 = DIRECTION('',(0.,1.,2.22044604925E-16));
#5549 = ADVANCED_FACE('',(#5550),#5577,.F.);
#5550 = FACE_BOUND('',#5551,.F.);
#5551 = EDGE_LOOP('',(#5552,#5560,#5569,#5575,#5576));
#5552 = ORIENTED_EDGE('',*,*,#5553,.T.);
#5553 = EDGE_CURVE('',#4739,#5554,#5556,.T.);
#5554 = VERTEX_POINT('',#5555);
#5555 = CARTESIAN_POINT('',(0.1,-1.940831441976,1.410256224096));
#5556 = LINE('',#5557,#5558);
#5557 = CARTESIAN_POINT('',(0.1,-0.36,1.491375031705));
#5558 = VECTOR('',#5559,1.);
#5559 = DIRECTION('',(0.,-0.998686030275,-5.124658948458E-02));
#5560 = ORIENTED_EDGE('',*,*,#5561,.T.);
#5561 = EDGE_CURVE('',#5554,#5562,#5564,.T.);
#5562 = VERTEX_POINT('',#5563);
#5563 = CARTESIAN_POINT('',(0.1,-2.033042256429,1.428180190716));
#5564 = CIRCLE('',#5565,0.195);
#5565 = AXIS2_PLACEMENT_3D('',#5566,#5567,#5568);
#5566 = CARTESIAN_POINT('',(0.1,-1.950824526926,1.605));
#5567 = DIRECTION('',(-1.,-0.,0.));
#5568 = DIRECTION('',(-0.,5.124658948457E-02,-0.998686030275));
#5569 = ORIENTED_EDGE('',*,*,#5570,.T.);
#5570 = EDGE_CURVE('',#5562,#5131,#5571,.T.);
#5571 = LINE('',#5572,#5573);
#5572 = CARTESIAN_POINT('',(0.1,-2.033042256429,1.428180190716));
#5573 = VECTOR('',#5574,1.);
#5574 = DIRECTION('',(0.,-0.906768252741,0.421629382065));
#5575 = ORIENTED_EDGE('',*,*,#5130,.F.);
#5576 = ORIENTED_EDGE('',*,*,#4746,.T.);
#5577 = PLANE('',#5578);
#5578 = AXIS2_PLACEMENT_3D('',#5579,#5580,#5581);
#5579 = CARTESIAN_POINT('',(0.1,-3.75,1.05));
#5580 = DIRECTION('',(-1.,-0.,0.));
#5581 = DIRECTION('',(0.,1.,2.22044604925E-16));
#5582 = ADVANCED_FACE('',(#5583),#5601,.T.);
#5583 = FACE_BOUND('',#5584,.F.);
#5584 = EDGE_LOOP('',(#5585,#5593,#5599,#5600));
#5585 = ORIENTED_EDGE('',*,*,#5586,.T.);
#5586 = EDGE_CURVE('',#2030,#5587,#5589,.T.);
#5587 = VERTEX_POINT('',#5588);
#5588 = CARTESIAN_POINT('',(-0.1,0.98,0.3));
#5589 = LINE('',#5590,#5591);
#5590 = CARTESIAN_POINT('',(-0.1,0.65,0.63));
#5591 = VECTOR('',#5592,1.);
#5592 = DIRECTION('',(0.,0.707106781187,-0.707106781187));
#5593 = ORIENTED_EDGE('',*,*,#5594,.T.);
#5594 = EDGE_CURVE('',#5587,#5507,#5595,.T.);
#5595 = LINE('',#5596,#5597);
#5596 = CARTESIAN_POINT('',(-0.1,0.98,0.3));
#5597 = VECTOR('',#5598,1.);
#5598 = DIRECTION('',(1.,0.,0.));
#5599 = ORIENTED_EDGE('',*,*,#5506,.F.);
#5600 = ORIENTED_EDGE('',*,*,#2037,.T.);
#5601 = PLANE('',#5602);
#5602 = AXIS2_PLACEMENT_3D('',#5603,#5604,#5605);
#5603 = CARTESIAN_POINT('',(-0.1,0.65,0.63));
#5604 = DIRECTION('',(0.,0.707106781187,0.707106781187));
#5605 = DIRECTION('',(0.,0.707106781187,-0.707106781187));
#5606 = ADVANCED_FACE('',(#5607),#5641,.T.);
#5607 = FACE_BOUND('',#5608,.F.);
#5608 = EDGE_LOOP('',(#5609,#5610,#5611,#5619,#5627,#5635));
#5609 = ORIENTED_EDGE('',*,*,#5586,.F.);
#5610 = ORIENTED_EDGE('',*,*,#2027,.F.);
#5611 = ORIENTED_EDGE('',*,*,#5612,.F.);
#5612 = EDGE_CURVE('',#5613,#2028,#5615,.T.);
#5613 = VERTEX_POINT('',#5614);
#5614 = CARTESIAN_POINT('',(-0.1,0.85,8.881784197001E-16));
#5615 = LINE('',#5616,#5617);
#5616 = CARTESIAN_POINT('',(-0.1,0.85,8.881784197001E-16));
#5617 = VECTOR('',#5618,1.);
#5618 = DIRECTION('',(0.,-0.707106781187,0.707106781187));
#5619 = ORIENTED_EDGE('',*,*,#5620,.F.);
#5620 = EDGE_CURVE('',#5621,#5613,#5623,.T.);
#5621 = VERTEX_POINT('',#5622);
#5622 = CARTESIAN_POINT('',(-0.1,1.35,8.881784197001E-16));
#5623 = LINE('',#5624,#5625);
#5624 = CARTESIAN_POINT('',(-0.1,1.35,8.881784197001E-16));
#5625 = VECTOR('',#5626,1.);
#5626 = DIRECTION('',(0.,-1.,-2.22044604925E-16));
#5627 = ORIENTED_EDGE('',*,*,#5628,.F.);
#5628 = EDGE_CURVE('',#5629,#5621,#5631,.T.);
#5629 = VERTEX_POINT('',#5630);
#5630 = CARTESIAN_POINT('',(-0.1,1.35,0.3));
#5631 = LINE('',#5632,#5633);
#5632 = CARTESIAN_POINT('',(-0.1,1.35,0.3));
#5633 = VECTOR('',#5634,1.);
#5634 = DIRECTION('',(0.,2.22044604925E-16,-1.));
#5635 = ORIENTED_EDGE('',*,*,#5636,.F.);
#5636 = EDGE_CURVE('',#5587,#5629,#5637,.T.);
#5637 = LINE('',#5638,#5639);
#5638 = CARTESIAN_POINT('',(-0.1,0.98,0.3));
#5639 = VECTOR('',#5640,1.);
#5640 = DIRECTION('',(0.,1.,2.22044604925E-16));
#5641 = PLANE('',#5642);
#5642 = AXIS2_PLACEMENT_3D('',#5643,#5644,#5645);
#5643 = CARTESIAN_POINT('',(-0.1,-3.75,1.05));
#5644 = DIRECTION('',(-1.,-0.,0.));
#5645 = DIRECTION('',(0.,1.,2.22044604925E-16));
#5646 = ADVANCED_FACE('',(#5647),#5674,.T.);
#5647 = FACE_BOUND('',#5648,.F.);
#5648 = EDGE_LOOP('',(#5649,#5657,#5658,#5659,#5667));
#5649 = ORIENTED_EDGE('',*,*,#5650,.F.);
#5650 = EDGE_CURVE('',#4731,#5651,#5653,.T.);
#5651 = VERTEX_POINT('',#5652);
#5652 = CARTESIAN_POINT('',(-0.1,-1.940831441976,1.410256224096));
#5653 = LINE('',#5654,#5655);
#5654 = CARTESIAN_POINT('',(-0.1,-0.36,1.491375031705));
#5655 = VECTOR('',#5656,1.);
#5656 = DIRECTION('',(0.,-0.998686030275,-5.124658948458E-02));
#5657 = ORIENTED_EDGE('',*,*,#4730,.F.);
#5658 = ORIENTED_EDGE('',*,*,#5146,.T.);
#5659 = ORIENTED_EDGE('',*,*,#5660,.F.);
#5660 = EDGE_CURVE('',#5661,#5139,#5663,.T.);
#5661 = VERTEX_POINT('',#5662);
#5662 = CARTESIAN_POINT('',(-0.1,-2.033042256429,1.428180190716));
#5663 = LINE('',#5664,#5665);
#5664 = CARTESIAN_POINT('',(-0.1,-2.033042256429,1.428180190716));
#5665 = VECTOR('',#5666,1.);
#5666 = DIRECTION('',(0.,-0.906768252741,0.421629382065));
#5667 = ORIENTED_EDGE('',*,*,#5668,.F.);
#5668 = EDGE_CURVE('',#5651,#5661,#5669,.T.);
#5669 = CIRCLE('',#5670,0.195);
#5670 = AXIS2_PLACEMENT_3D('',#5671,#5672,#5673);
#5671 = CARTESIAN_POINT('',(-0.1,-1.950824526926,1.605));
#5672 = DIRECTION('',(-1.,-0.,0.));
#5673 = DIRECTION('',(-0.,5.124658948457E-02,-0.998686030275));
#5674 = PLANE('',#5675);
#5675 = AXIS2_PLACEMENT_3D('',#5676,#5677,#5678);
#5676 = CARTESIAN_POINT('',(-0.1,-3.75,1.05));
#5677 = DIRECTION('',(-1.,-0.,0.));
#5678 = DIRECTION('',(0.,1.,2.22044604925E-16));
#5679 = ADVANCED_FACE('',(#5680),#5691,.T.);
#5680 = FACE_BOUND('',#5681,.F.);
#5681 = EDGE_LOOP('',(#5682,#5683,#5684,#5685));
#5682 = ORIENTED_EDGE('',*,*,#5612,.T.);
#5683 = ORIENTED_EDGE('',*,*,#2053,.F.);
#5684 = ORIENTED_EDGE('',*,*,#5538,.F.);
#5685 = ORIENTED_EDGE('',*,*,#5686,.F.);
#5686 = EDGE_CURVE('',#5613,#5531,#5687,.T.);
#5687 = LINE('',#5688,#5689);
#5688 = CARTESIAN_POINT('',(-0.1,0.85,8.881784197001E-16));
#5689 = VECTOR('',#5690,1.);
#5690 = DIRECTION('',(1.,0.,0.));
#5691 = PLANE('',#5692);
#5692 = AXIS2_PLACEMENT_3D('',#5693,#5694,#5695);
#5693 = CARTESIAN_POINT('',(-0.1,0.85,8.881784197001E-16));
#5694 = DIRECTION('',(0.,-0.707106781187,-0.707106781187));
#5695 = DIRECTION('',(0.,-0.707106781187,0.707106781187));
#5696 = ADVANCED_FACE('',(#5697),#5708,.T.);
#5697 = FACE_BOUND('',#5698,.F.);
#5698 = EDGE_LOOP('',(#5699,#5700,#5701,#5702));
#5699 = ORIENTED_EDGE('',*,*,#5620,.T.);
#5700 = ORIENTED_EDGE('',*,*,#5686,.T.);
#5701 = ORIENTED_EDGE('',*,*,#5530,.F.);
#5702 = ORIENTED_EDGE('',*,*,#5703,.F.);
#5703 = EDGE_CURVE('',#5621,#5523,#5704,.T.);
#5704 = LINE('',#5705,#5706);
#5705 = CARTESIAN_POINT('',(-0.1,1.35,8.881784197001E-16));
#5706 = VECTOR('',#5707,1.);
#5707 = DIRECTION('',(1.,0.,0.));
#5708 = PLANE('',#5709);
#5709 = AXIS2_PLACEMENT_3D('',#5710,#5711,#5712);
#5710 = CARTESIAN_POINT('',(-0.1,1.35,8.881784197001E-16));
#5711 = DIRECTION('',(0.,2.22044604925E-16,-1.));
#5712 = DIRECTION('',(0.,-1.,-2.22044604925E-16));
#5713 = ADVANCED_FACE('',(#5714),#5725,.T.);
#5714 = FACE_BOUND('',#5715,.F.);
#5715 = EDGE_LOOP('',(#5716,#5717,#5718,#5719));
#5716 = ORIENTED_EDGE('',*,*,#5628,.T.);
#5717 = ORIENTED_EDGE('',*,*,#5703,.T.);
#5718 = ORIENTED_EDGE('',*,*,#5522,.F.);
#5719 = ORIENTED_EDGE('',*,*,#5720,.F.);
#5720 = EDGE_CURVE('',#5629,#5515,#5721,.T.);
#5721 = LINE('',#5722,#5723);
#5722 = CARTESIAN_POINT('',(-0.1,1.35,0.3));
#5723 = VECTOR('',#5724,1.);
#5724 = DIRECTION('',(1.,0.,0.));
#5725 = PLANE('',#5726);
#5726 = AXIS2_PLACEMENT_3D('',#5727,#5728,#5729);
#5727 = CARTESIAN_POINT('',(-0.1,1.35,0.3));
#5728 = DIRECTION('',(0.,1.,2.22044604925E-16));
#5729 = DIRECTION('',(0.,2.22044604925E-16,-1.));
#5730 = ADVANCED_FACE('',(#5731),#5737,.T.);
#5731 = FACE_BOUND('',#5732,.F.);
#5732 = EDGE_LOOP('',(#5733,#5734,#5735,#5736));
#5733 = ORIENTED_EDGE('',*,*,#5636,.T.);
#5734 = ORIENTED_EDGE('',*,*,#5720,.T.);
#5735 = ORIENTED_EDGE('',*,*,#5514,.F.);
#5736 = ORIENTED_EDGE('',*,*,#5594,.F.);
#5737 = PLANE('',#5738);
#5738 = AXIS2_PLACEMENT_3D('',#5739,#5740,#5741);
#5739 = CARTESIAN_POINT('',(-0.1,0.98,0.3));
#5740 = DIRECTION('',(0.,-2.22044604925E-16,1.));
#5741 = DIRECTION('',(0.,1.,2.22044604925E-16));
#5742 = ADVANCED_FACE('',(#5743),#5754,.T.);
#5743 = FACE_BOUND('',#5744,.F.);
#5744 = EDGE_LOOP('',(#5745,#5746,#5752,#5753));
#5745 = ORIENTED_EDGE('',*,*,#5650,.T.);
#5746 = ORIENTED_EDGE('',*,*,#5747,.T.);
#5747 = EDGE_CURVE('',#5651,#5554,#5748,.T.);
#5748 = LINE('',#5749,#5750);
#5749 = CARTESIAN_POINT('',(-0.1,-1.940831441976,1.410256224096));
#5750 = VECTOR('',#5751,1.);
#5751 = DIRECTION('',(1.,0.,0.));
#5752 = ORIENTED_EDGE('',*,*,#5553,.F.);
#5753 = ORIENTED_EDGE('',*,*,#4738,.T.);
#5754 = PLANE('',#5755);
#5755 = AXIS2_PLACEMENT_3D('',#5756,#5757,#5758);
#5756 = CARTESIAN_POINT('',(-0.1,-0.36,1.491375031705));
#5757 = DIRECTION('',(0.,5.124658948458E-02,-0.998686030275));
#5758 = DIRECTION('',(0.,-0.998686030275,-5.124658948458E-02));
#5759 = ADVANCED_FACE('',(#5760),#5771,.T.);
#5760 = FACE_BOUND('',#5761,.T.);
#5761 = EDGE_LOOP('',(#5762,#5763,#5764,#5770));
#5762 = ORIENTED_EDGE('',*,*,#5747,.T.);
#5763 = ORIENTED_EDGE('',*,*,#5561,.T.);
#5764 = ORIENTED_EDGE('',*,*,#5765,.F.);
#5765 = EDGE_CURVE('',#5661,#5562,#5766,.T.);
#5766 = LINE('',#5767,#5768);
#5767 = CARTESIAN_POINT('',(-0.1,-2.033042256429,1.428180190716));
#5768 = VECTOR('',#5769,1.);
#5769 = DIRECTION('',(1.,0.,0.));
#5770 = ORIENTED_EDGE('',*,*,#5668,.F.);
#5771 = CYLINDRICAL_SURFACE('',#5772,0.195);
#5772 = AXIS2_PLACEMENT_3D('',#5773,#5774,#5775);
#5773 = CARTESIAN_POINT('',(-0.1,-1.950824526926,1.605));
#5774 = DIRECTION('',(-1.,-0.,0.));
#5775 = DIRECTION('',(0.,1.,2.22044604925E-16));
#5776 = ADVANCED_FACE('',(#5777),#5783,.T.);
#5777 = FACE_BOUND('',#5778,.F.);
#5778 = EDGE_LOOP('',(#5779,#5780,#5781,#5782));
#5779 = ORIENTED_EDGE('',*,*,#5660,.T.);
#5780 = ORIENTED_EDGE('',*,*,#5138,.F.);
#5781 = ORIENTED_EDGE('',*,*,#5570,.F.);
#5782 = ORIENTED_EDGE('',*,*,#5765,.F.);
#5783 = PLANE('',#5784);
#5784 = AXIS2_PLACEMENT_3D('',#5785,#5786,#5787);
#5785 = CARTESIAN_POINT('',(-0.1,-2.033042256429,1.428180190716));
#5786 = DIRECTION('',(0.,-0.421629382065,-0.906768252741));
#5787 = DIRECTION('',(0.,-0.906768252741,0.421629382065));
#5788 = ADVANCED_FACE('',(#5789),#5830,.F.);
#5789 = FACE_BOUND('',#5790,.F.);
#5790 = EDGE_LOOP('',(#5791,#5799,#5807,#5815,#5823,#5829));
#5791 = ORIENTED_EDGE('',*,*,#5792,.T.);
#5792 = EDGE_CURVE('',#2004,#5793,#5795,.T.);
#5793 = VERTEX_POINT('',#5794);
#5794 = CARTESIAN_POINT('',(-0.4,0.98,0.3));
#5795 = LINE('',#5796,#5797);
#5796 = CARTESIAN_POINT('',(-0.4,0.65,0.63));
#5797 = VECTOR('',#5798,1.);
#5798 = DIRECTION('',(0.,0.707106781187,-0.707106781187));
#5799 = ORIENTED_EDGE('',*,*,#5800,.T.);
#5800 = EDGE_CURVE('',#5793,#5801,#5803,.T.);
#5801 = VERTEX_POINT('',#5802);
#5802 = CARTESIAN_POINT('',(-0.4,1.35,0.3));
#5803 = LINE('',#5804,#5805);
#5804 = CARTESIAN_POINT('',(-0.4,0.98,0.3));
#5805 = VECTOR('',#5806,1.);
#5806 = DIRECTION('',(0.,1.,2.22044604925E-16));
#5807 = ORIENTED_EDGE('',*,*,#5808,.T.);
#5808 = EDGE_CURVE('',#5801,#5809,#5811,.T.);
#5809 = VERTEX_POINT('',#5810);
#5810 = CARTESIAN_POINT('',(-0.4,1.35,8.881784197001E-16));
#5811 = LINE('',#5812,#5813);
#5812 = CARTESIAN_POINT('',(-0.4,1.35,0.3));
#5813 = VECTOR('',#5814,1.);
#5814 = DIRECTION('',(0.,2.22044604925E-16,-1.));
#5815 = ORIENTED_EDGE('',*,*,#5816,.T.);
#5816 = EDGE_CURVE('',#5809,#5817,#5819,.T.);
#5817 = VERTEX_POINT('',#5818);
#5818 = CARTESIAN_POINT('',(-0.4,0.85,8.881784197001E-16));
#5819 = LINE('',#5820,#5821);
#5820 = CARTESIAN_POINT('',(-0.4,1.35,8.881784197001E-16));
#5821 = VECTOR('',#5822,1.);
#5822 = DIRECTION('',(0.,-1.,-2.22044604925E-16));
#5823 = ORIENTED_EDGE('',*,*,#5824,.T.);
#5824 = EDGE_CURVE('',#5817,#2012,#5825,.T.);
#5825 = LINE('',#5826,#5827);
#5826 = CARTESIAN_POINT('',(-0.4,0.85,8.881784197001E-16));
#5827 = VECTOR('',#5828,1.);
#5828 = DIRECTION('',(0.,-0.707106781187,0.707106781187));
#5829 = ORIENTED_EDGE('',*,*,#2011,.T.);
#5830 = PLANE('',#5831);
#5831 = AXIS2_PLACEMENT_3D('',#5832,#5833,#5834);
#5832 = CARTESIAN_POINT('',(-0.4,-3.75,1.05));
#5833 = DIRECTION('',(-1.,-0.,0.));
#5834 = DIRECTION('',(0.,1.,2.22044604925E-16));
#5835 = ADVANCED_FACE('',(#5836),#5863,.F.);
#5836 = FACE_BOUND('',#5837,.F.);
#5837 = EDGE_LOOP('',(#5838,#5846,#5855,#5861,#5862));
#5838 = ORIENTED_EDGE('',*,*,#5839,.T.);
#5839 = EDGE_CURVE('',#4707,#5840,#5842,.T.);
#5840 = VERTEX_POINT('',#5841);
#5841 = CARTESIAN_POINT('',(-0.4,-1.940831441976,1.410256224096));
#5842 = LINE('',#5843,#5844);
#5843 = CARTESIAN_POINT('',(-0.4,-0.36,1.491375031705));
#5844 = VECTOR('',#5845,1.);
#5845 = DIRECTION('',(0.,-0.998686030275,-5.124658948458E-02));
#5846 = ORIENTED_EDGE('',*,*,#5847,.T.);
#5847 = EDGE_CURVE('',#5840,#5848,#5850,.T.);
#5848 = VERTEX_POINT('',#5849);
#5849 = CARTESIAN_POINT('',(-0.4,-2.033042256429,1.428180190716));
#5850 = CIRCLE('',#5851,0.195);
#5851 = AXIS2_PLACEMENT_3D('',#5852,#5853,#5854);
#5852 = CARTESIAN_POINT('',(-0.4,-1.950824526926,1.605));
#5853 = DIRECTION('',(-1.,-0.,0.));
#5854 = DIRECTION('',(-0.,5.124658948457E-02,-0.998686030275));
#5855 = ORIENTED_EDGE('',*,*,#5856,.T.);
#5856 = EDGE_CURVE('',#5848,#5154,#5857,.T.);
#5857 = LINE('',#5858,#5859);
#5858 = CARTESIAN_POINT('',(-0.4,-2.033042256429,1.428180190716));
#5859 = VECTOR('',#5860,1.);
#5860 = DIRECTION('',(0.,-0.906768252741,0.421629382065));
#5861 = ORIENTED_EDGE('',*,*,#5153,.F.);
#5862 = ORIENTED_EDGE('',*,*,#4714,.T.);
#5863 = PLANE('',#5864);
#5864 = AXIS2_PLACEMENT_3D('',#5865,#5866,#5867);
#5865 = CARTESIAN_POINT('',(-0.4,-3.75,1.05));
#5866 = DIRECTION('',(-1.,-0.,0.));
#5867 = DIRECTION('',(0.,1.,2.22044604925E-16));
#5868 = ADVANCED_FACE('',(#5869),#5887,.T.);
#5869 = FACE_BOUND('',#5870,.F.);
#5870 = EDGE_LOOP('',(#5871,#5879,#5885,#5886));
#5871 = ORIENTED_EDGE('',*,*,#5872,.T.);
#5872 = EDGE_CURVE('',#1996,#5873,#5875,.T.);
#5873 = VERTEX_POINT('',#5874);
#5874 = CARTESIAN_POINT('',(-0.6,0.98,0.3));
#5875 = LINE('',#5876,#5877);
#5876 = CARTESIAN_POINT('',(-0.6,0.65,0.63));
#5877 = VECTOR('',#5878,1.);
#5878 = DIRECTION('',(0.,0.707106781187,-0.707106781187));
#5879 = ORIENTED_EDGE('',*,*,#5880,.T.);
#5880 = EDGE_CURVE('',#5873,#5793,#5881,.T.);
#5881 = LINE('',#5882,#5883);
#5882 = CARTESIAN_POINT('',(-0.6,0.98,0.3));
#5883 = VECTOR('',#5884,1.);
#5884 = DIRECTION('',(1.,0.,0.));
#5885 = ORIENTED_EDGE('',*,*,#5792,.F.);
#5886 = ORIENTED_EDGE('',*,*,#2003,.T.);
#5887 = PLANE('',#5888);
#5888 = AXIS2_PLACEMENT_3D('',#5889,#5890,#5891);
#5889 = CARTESIAN_POINT('',(-0.6,0.65,0.63));
#5890 = DIRECTION('',(0.,0.707106781187,0.707106781187));
#5891 = DIRECTION('',(0.,0.707106781187,-0.707106781187));
#5892 = ADVANCED_FACE('',(#5893),#5927,.T.);
#5893 = FACE_BOUND('',#5894,.F.);
#5894 = EDGE_LOOP('',(#5895,#5896,#5897,#5905,#5913,#5921));
#5895 = ORIENTED_EDGE('',*,*,#5872,.F.);
#5896 = ORIENTED_EDGE('',*,*,#1993,.F.);
#5897 = ORIENTED_EDGE('',*,*,#5898,.F.);
#5898 = EDGE_CURVE('',#5899,#1994,#5901,.T.);
#5899 = VERTEX_POINT('',#5900);
#5900 = CARTESIAN_POINT('',(-0.6,0.85,8.881784197001E-16));
#5901 = LINE('',#5902,#5903);
#5902 = CARTESIAN_POINT('',(-0.6,0.85,8.881784197001E-16));
#5903 = VECTOR('',#5904,1.);
#5904 = DIRECTION('',(0.,-0.707106781187,0.707106781187));
#5905 = ORIENTED_EDGE('',*,*,#5906,.F.);
#5906 = EDGE_CURVE('',#5907,#5899,#5909,.T.);
#5907 = VERTEX_POINT('',#5908);
#5908 = CARTESIAN_POINT('',(-0.6,1.35,8.881784197001E-16));
#5909 = LINE('',#5910,#5911);
#5910 = CARTESIAN_POINT('',(-0.6,1.35,8.881784197001E-16));
#5911 = VECTOR('',#5912,1.);
#5912 = DIRECTION('',(0.,-1.,-2.22044604925E-16));
#5913 = ORIENTED_EDGE('',*,*,#5914,.F.);
#5914 = EDGE_CURVE('',#5915,#5907,#5917,.T.);
#5915 = VERTEX_POINT('',#5916);
#5916 = CARTESIAN_POINT('',(-0.6,1.35,0.3));
#5917 = LINE('',#5918,#5919);
#5918 = CARTESIAN_POINT('',(-0.6,1.35,0.3));
#5919 = VECTOR('',#5920,1.);
#5920 = DIRECTION('',(0.,2.22044604925E-16,-1.));
#5921 = ORIENTED_EDGE('',*,*,#5922,.F.);
#5922 = EDGE_CURVE('',#5873,#5915,#5923,.T.);
#5923 = LINE('',#5924,#5925);
#5924 = CARTESIAN_POINT('',(-0.6,0.98,0.3));
#5925 = VECTOR('',#5926,1.);
#5926 = DIRECTION('',(0.,1.,2.22044604925E-16));
#5927 = PLANE('',#5928);
#5928 = AXIS2_PLACEMENT_3D('',#5929,#5930,#5931);
#5929 = CARTESIAN_POINT('',(-0.6,-3.75,1.05));
#5930 = DIRECTION('',(-1.,-0.,0.));
#5931 = DIRECTION('',(0.,1.,2.22044604925E-16));
#5932 = ADVANCED_FACE('',(#5933),#5960,.T.);
#5933 = FACE_BOUND('',#5934,.F.);
#5934 = EDGE_LOOP('',(#5935,#5943,#5944,#5945,#5953));
#5935 = ORIENTED_EDGE('',*,*,#5936,.F.);
#5936 = EDGE_CURVE('',#4699,#5937,#5939,.T.);
#5937 = VERTEX_POINT('',#5938);
#5938 = CARTESIAN_POINT('',(-0.6,-1.940831441976,1.410256224096));
#5939 = LINE('',#5940,#5941);
#5940 = CARTESIAN_POINT('',(-0.6,-0.36,1.491375031705));
#5941 = VECTOR('',#5942,1.);
#5942 = DIRECTION('',(0.,-0.998686030275,-5.124658948458E-02));
#5943 = ORIENTED_EDGE('',*,*,#4698,.F.);
#5944 = ORIENTED_EDGE('',*,*,#5169,.T.);
#5945 = ORIENTED_EDGE('',*,*,#5946,.F.);
#5946 = EDGE_CURVE('',#5947,#5162,#5949,.T.);
#5947 = VERTEX_POINT('',#5948);
#5948 = CARTESIAN_POINT('',(-0.6,-2.033042256429,1.428180190716));
#5949 = LINE('',#5950,#5951);
#5950 = CARTESIAN_POINT('',(-0.6,-2.033042256429,1.428180190716));
#5951 = VECTOR('',#5952,1.);
#5952 = DIRECTION('',(0.,-0.906768252741,0.421629382065));
#5953 = ORIENTED_EDGE('',*,*,#5954,.F.);
#5954 = EDGE_CURVE('',#5937,#5947,#5955,.T.);
#5955 = CIRCLE('',#5956,0.195);
#5956 = AXIS2_PLACEMENT_3D('',#5957,#5958,#5959);
#5957 = CARTESIAN_POINT('',(-0.6,-1.950824526926,1.605));
#5958 = DIRECTION('',(-1.,-0.,0.));
#5959 = DIRECTION('',(-0.,5.124658948457E-02,-0.998686030275));
#5960 = PLANE('',#5961);
#5961 = AXIS2_PLACEMENT_3D('',#5962,#5963,#5964);
#5962 = CARTESIAN_POINT('',(-0.6,-3.75,1.05));
#5963 = DIRECTION('',(-1.,-0.,0.));
#5964 = DIRECTION('',(0.,1.,2.22044604925E-16));
#5965 = ADVANCED_FACE('',(#5966),#5977,.T.);
#5966 = FACE_BOUND('',#5967,.F.);
#5967 = EDGE_LOOP('',(#5968,#5969,#5970,#5971));
#5968 = ORIENTED_EDGE('',*,*,#5898,.T.);
#5969 = ORIENTED_EDGE('',*,*,#2019,.F.);
#5970 = ORIENTED_EDGE('',*,*,#5824,.F.);
#5971 = ORIENTED_EDGE('',*,*,#5972,.F.);
#5972 = EDGE_CURVE('',#5899,#5817,#5973,.T.);
#5973 = LINE('',#5974,#5975);
#5974 = CARTESIAN_POINT('',(-0.6,0.85,8.881784197001E-16));
#5975 = VECTOR('',#5976,1.);
#5976 = DIRECTION('',(1.,0.,0.));
#5977 = PLANE('',#5978);
#5978 = AXIS2_PLACEMENT_3D('',#5979,#5980,#5981);
#5979 = CARTESIAN_POINT('',(-0.6,0.85,8.881784197001E-16));
#5980 = DIRECTION('',(0.,-0.707106781187,-0.707106781187));
#5981 = DIRECTION('',(0.,-0.707106781187,0.707106781187));
#5982 = ADVANCED_FACE('',(#5983),#5994,.T.);
#5983 = FACE_BOUND('',#5984,.F.);
#5984 = EDGE_LOOP('',(#5985,#5986,#5987,#5988));
#5985 = ORIENTED_EDGE('',*,*,#5906,.T.);
#5986 = ORIENTED_EDGE('',*,*,#5972,.T.);
#5987 = ORIENTED_EDGE('',*,*,#5816,.F.);
#5988 = ORIENTED_EDGE('',*,*,#5989,.F.);
#5989 = EDGE_CURVE('',#5907,#5809,#5990,.T.);
#5990 = LINE('',#5991,#5992);
#5991 = CARTESIAN_POINT('',(-0.6,1.35,8.881784197001E-16));
#5992 = VECTOR('',#5993,1.);
#5993 = DIRECTION('',(1.,0.,0.));
#5994 = PLANE('',#5995);
#5995 = AXIS2_PLACEMENT_3D('',#5996,#5997,#5998);
#5996 = CARTESIAN_POINT('',(-0.6,1.35,8.881784197001E-16));
#5997 = DIRECTION('',(0.,2.22044604925E-16,-1.));
#5998 = DIRECTION('',(0.,-1.,-2.22044604925E-16));
#5999 = ADVANCED_FACE('',(#6000),#6011,.T.);
#6000 = FACE_BOUND('',#6001,.F.);
#6001 = EDGE_LOOP('',(#6002,#6003,#6004,#6005));
#6002 = ORIENTED_EDGE('',*,*,#5914,.T.);
#6003 = ORIENTED_EDGE('',*,*,#5989,.T.);
#6004 = ORIENTED_EDGE('',*,*,#5808,.F.);
#6005 = ORIENTED_EDGE('',*,*,#6006,.F.);
#6006 = EDGE_CURVE('',#5915,#5801,#6007,.T.);
#6007 = LINE('',#6008,#6009);
#6008 = CARTESIAN_POINT('',(-0.6,1.35,0.3));
#6009 = VECTOR('',#6010,1.);
#6010 = DIRECTION('',(1.,0.,0.));
#6011 = PLANE('',#6012);
#6012 = AXIS2_PLACEMENT_3D('',#6013,#6014,#6015);
#6013 = CARTESIAN_POINT('',(-0.6,1.35,0.3));
#6014 = DIRECTION('',(0.,1.,2.22044604925E-16));
#6015 = DIRECTION('',(0.,2.22044604925E-16,-1.));
#6016 = ADVANCED_FACE('',(#6017),#6023,.T.);
#6017 = FACE_BOUND('',#6018,.F.);
#6018 = EDGE_LOOP('',(#6019,#6020,#6021,#6022));
#6019 = ORIENTED_EDGE('',*,*,#5922,.T.);
#6020 = ORIENTED_EDGE('',*,*,#6006,.T.);
#6021 = ORIENTED_EDGE('',*,*,#5800,.F.);
#6022 = ORIENTED_EDGE('',*,*,#5880,.F.);
#6023 = PLANE('',#6024);
#6024 = AXIS2_PLACEMENT_3D('',#6025,#6026,#6027);
#6025 = CARTESIAN_POINT('',(-0.6,0.98,0.3));
#6026 = DIRECTION('',(0.,-2.22044604925E-16,1.));
#6027 = DIRECTION('',(0.,1.,2.22044604925E-16));
#6028 = ADVANCED_FACE('',(#6029),#6040,.T.);
#6029 = FACE_BOUND('',#6030,.F.);
#6030 = EDGE_LOOP('',(#6031,#6032,#6038,#6039));
#6031 = ORIENTED_EDGE('',*,*,#5936,.T.);
#6032 = ORIENTED_EDGE('',*,*,#6033,.T.);
#6033 = EDGE_CURVE('',#5937,#5840,#6034,.T.);
#6034 = LINE('',#6035,#6036);
#6035 = CARTESIAN_POINT('',(-0.6,-1.940831441976,1.410256224096));
#6036 = VECTOR('',#6037,1.);
#6037 = DIRECTION('',(1.,0.,0.));
#6038 = ORIENTED_EDGE('',*,*,#5839,.F.);
#6039 = ORIENTED_EDGE('',*,*,#4706,.F.);
#6040 = PLANE('',#6041);
#6041 = AXIS2_PLACEMENT_3D('',#6042,#6043,#6044);
#6042 = CARTESIAN_POINT('',(-0.6,-0.36,1.491375031705));
#6043 = DIRECTION('',(0.,5.124658948458E-02,-0.998686030275));
#6044 = DIRECTION('',(0.,-0.998686030275,-5.124658948458E-02));
#6045 = ADVANCED_FACE('',(#6046),#6057,.T.);
#6046 = FACE_BOUND('',#6047,.T.);
#6047 = EDGE_LOOP('',(#6048,#6049,#6050,#6056));
#6048 = ORIENTED_EDGE('',*,*,#6033,.T.);
#6049 = ORIENTED_EDGE('',*,*,#5847,.T.);
#6050 = ORIENTED_EDGE('',*,*,#6051,.F.);
#6051 = EDGE_CURVE('',#5947,#5848,#6052,.T.);
#6052 = LINE('',#6053,#6054);
#6053 = CARTESIAN_POINT('',(-0.6,-2.033042256429,1.428180190716));
#6054 = VECTOR('',#6055,1.);
#6055 = DIRECTION('',(1.,0.,0.));
#6056 = ORIENTED_EDGE('',*,*,#5954,.F.);
#6057 = CYLINDRICAL_SURFACE('',#6058,0.195);
#6058 = AXIS2_PLACEMENT_3D('',#6059,#6060,#6061);
#6059 = CARTESIAN_POINT('',(-0.6,-1.950824526926,1.605));
#6060 = DIRECTION('',(-1.,-0.,0.));
#6061 = DIRECTION('',(0.,1.,2.22044604925E-16));
#6062 = ADVANCED_FACE('',(#6063),#6069,.T.);
#6063 = FACE_BOUND('',#6064,.F.);
#6064 = EDGE_LOOP('',(#6065,#6066,#6067,#6068));
#6065 = ORIENTED_EDGE('',*,*,#5946,.T.);
#6066 = ORIENTED_EDGE('',*,*,#5161,.T.);
#6067 = ORIENTED_EDGE('',*,*,#5856,.F.);
#6068 = ORIENTED_EDGE('',*,*,#6051,.F.);
#6069 = PLANE('',#6070);
#6070 = AXIS2_PLACEMENT_3D('',#6071,#6072,#6073);
#6071 = CARTESIAN_POINT('',(-0.6,-2.033042256429,1.428180190716));
#6072 = DIRECTION('',(0.,-0.421629382065,-0.906768252741));
#6073 = DIRECTION('',(0.,-0.906768252741,0.421629382065));
#6074 = ADVANCED_FACE('',(#6075),#6116,.F.);
#6075 = FACE_BOUND('',#6076,.F.);
#6076 = EDGE_LOOP('',(#6077,#6085,#6093,#6101,#6109,#6115));
#6077 = ORIENTED_EDGE('',*,*,#6078,.T.);
#6078 = EDGE_CURVE('',#1970,#6079,#6081,.T.);
#6079 = VERTEX_POINT('',#6080);
#6080 = CARTESIAN_POINT('',(-0.9,0.98,0.3));
#6081 = LINE('',#6082,#6083);
#6082 = CARTESIAN_POINT('',(-0.9,0.65,0.63));
#6083 = VECTOR('',#6084,1.);
#6084 = DIRECTION('',(0.,0.707106781187,-0.707106781187));
#6085 = ORIENTED_EDGE('',*,*,#6086,.T.);
#6086 = EDGE_CURVE('',#6079,#6087,#6089,.T.);
#6087 = VERTEX_POINT('',#6088);
#6088 = CARTESIAN_POINT('',(-0.9,1.35,0.3));
#6089 = LINE('',#6090,#6091);
#6090 = CARTESIAN_POINT('',(-0.9,0.98,0.3));
#6091 = VECTOR('',#6092,1.);
#6092 = DIRECTION('',(0.,1.,2.22044604925E-16));
#6093 = ORIENTED_EDGE('',*,*,#6094,.T.);
#6094 = EDGE_CURVE('',#6087,#6095,#6097,.T.);
#6095 = VERTEX_POINT('',#6096);
#6096 = CARTESIAN_POINT('',(-0.9,1.35,8.881784197001E-16));
#6097 = LINE('',#6098,#6099);
#6098 = CARTESIAN_POINT('',(-0.9,1.35,0.3));
#6099 = VECTOR('',#6100,1.);
#6100 = DIRECTION('',(0.,2.22044604925E-16,-1.));
#6101 = ORIENTED_EDGE('',*,*,#6102,.T.);
#6102 = EDGE_CURVE('',#6095,#6103,#6105,.T.);
#6103 = VERTEX_POINT('',#6104);
#6104 = CARTESIAN_POINT('',(-0.9,0.85,8.881784197001E-16));
#6105 = LINE('',#6106,#6107);
#6106 = CARTESIAN_POINT('',(-0.9,1.35,8.881784197001E-16));
#6107 = VECTOR('',#6108,1.);
#6108 = DIRECTION('',(0.,-1.,-2.22044604925E-16));
#6109 = ORIENTED_EDGE('',*,*,#6110,.T.);
#6110 = EDGE_CURVE('',#6103,#1978,#6111,.T.);
#6111 = LINE('',#6112,#6113);
#6112 = CARTESIAN_POINT('',(-0.9,0.85,8.881784197001E-16));
#6113 = VECTOR('',#6114,1.);
#6114 = DIRECTION('',(0.,-0.707106781187,0.707106781187));
#6115 = ORIENTED_EDGE('',*,*,#1977,.T.);
#6116 = PLANE('',#6117);
#6117 = AXIS2_PLACEMENT_3D('',#6118,#6119,#6120);
#6118 = CARTESIAN_POINT('',(-0.9,-3.75,1.05));
#6119 = DIRECTION('',(-1.,-0.,0.));
#6120 = DIRECTION('',(0.,1.,2.22044604925E-16));
#6121 = ADVANCED_FACE('',(#6122),#6149,.F.);
#6122 = FACE_BOUND('',#6123,.F.);
#6123 = EDGE_LOOP('',(#6124,#6132,#6141,#6147,#6148));
#6124 = ORIENTED_EDGE('',*,*,#6125,.T.);
#6125 = EDGE_CURVE('',#4675,#6126,#6128,.T.);
#6126 = VERTEX_POINT('',#6127);
#6127 = CARTESIAN_POINT('',(-0.9,-1.940831441976,1.410256224096));
#6128 = LINE('',#6129,#6130);
#6129 = CARTESIAN_POINT('',(-0.9,-0.36,1.491375031705));
#6130 = VECTOR('',#6131,1.);
#6131 = DIRECTION('',(0.,-0.998686030275,-5.124658948458E-02));
#6132 = ORIENTED_EDGE('',*,*,#6133,.T.);
#6133 = EDGE_CURVE('',#6126,#6134,#6136,.T.);
#6134 = VERTEX_POINT('',#6135);
#6135 = CARTESIAN_POINT('',(-0.9,-2.033042256429,1.428180190716));
#6136 = CIRCLE('',#6137,0.195);
#6137 = AXIS2_PLACEMENT_3D('',#6138,#6139,#6140);
#6138 = CARTESIAN_POINT('',(-0.9,-1.950824526926,1.605));
#6139 = DIRECTION('',(-1.,-0.,0.));
#6140 = DIRECTION('',(-0.,5.124658948457E-02,-0.998686030275));
#6141 = ORIENTED_EDGE('',*,*,#6142,.T.);
#6142 = EDGE_CURVE('',#6134,#5177,#6143,.T.);
#6143 = LINE('',#6144,#6145);
#6144 = CARTESIAN_POINT('',(-0.9,-2.033042256429,1.428180190716));
#6145 = VECTOR('',#6146,1.);
#6146 = DIRECTION('',(0.,-0.906768252741,0.421629382065));
#6147 = ORIENTED_EDGE('',*,*,#5176,.F.);
#6148 = ORIENTED_EDGE('',*,*,#4682,.T.);
#6149 = PLANE('',#6150);
#6150 = AXIS2_PLACEMENT_3D('',#6151,#6152,#6153);
#6151 = CARTESIAN_POINT('',(-0.9,-3.75,1.05));
#6152 = DIRECTION('',(-1.,-0.,0.));
#6153 = DIRECTION('',(0.,1.,2.22044604925E-16));
#6154 = ADVANCED_FACE('',(#6155),#6173,.T.);
#6155 = FACE_BOUND('',#6156,.F.);
#6156 = EDGE_LOOP('',(#6157,#6165,#6171,#6172));
#6157 = ORIENTED_EDGE('',*,*,#6158,.T.);
#6158 = EDGE_CURVE('',#1962,#6159,#6161,.T.);
#6159 = VERTEX_POINT('',#6160);
#6160 = CARTESIAN_POINT('',(-1.1,0.98,0.3));
#6161 = LINE('',#6162,#6163);
#6162 = CARTESIAN_POINT('',(-1.1,0.65,0.63));
#6163 = VECTOR('',#6164,1.);
#6164 = DIRECTION('',(0.,0.707106781187,-0.707106781187));
#6165 = ORIENTED_EDGE('',*,*,#6166,.T.);
#6166 = EDGE_CURVE('',#6159,#6079,#6167,.T.);
#6167 = LINE('',#6168,#6169);
#6168 = CARTESIAN_POINT('',(-1.1,0.98,0.3));
#6169 = VECTOR('',#6170,1.);
#6170 = DIRECTION('',(1.,0.,0.));
#6171 = ORIENTED_EDGE('',*,*,#6078,.F.);
#6172 = ORIENTED_EDGE('',*,*,#1969,.T.);
#6173 = PLANE('',#6174);
#6174 = AXIS2_PLACEMENT_3D('',#6175,#6176,#6177);
#6175 = CARTESIAN_POINT('',(-1.1,0.65,0.63));
#6176 = DIRECTION('',(0.,0.707106781187,0.707106781187));
#6177 = DIRECTION('',(0.,0.707106781187,-0.707106781187));
#6178 = ADVANCED_FACE('',(#6179),#6213,.T.);
#6179 = FACE_BOUND('',#6180,.F.);
#6180 = EDGE_LOOP('',(#6181,#6182,#6183,#6191,#6199,#6207));
#6181 = ORIENTED_EDGE('',*,*,#6158,.F.);
#6182 = ORIENTED_EDGE('',*,*,#1959,.F.);
#6183 = ORIENTED_EDGE('',*,*,#6184,.F.);
#6184 = EDGE_CURVE('',#6185,#1960,#6187,.T.);
#6185 = VERTEX_POINT('',#6186);
#6186 = CARTESIAN_POINT('',(-1.1,0.85,8.881784197001E-16));
#6187 = LINE('',#6188,#6189);
#6188 = CARTESIAN_POINT('',(-1.1,0.85,8.881784197001E-16));
#6189 = VECTOR('',#6190,1.);
#6190 = DIRECTION('',(0.,-0.707106781187,0.707106781187));
#6191 = ORIENTED_EDGE('',*,*,#6192,.F.);
#6192 = EDGE_CURVE('',#6193,#6185,#6195,.T.);
#6193 = VERTEX_POINT('',#6194);
#6194 = CARTESIAN_POINT('',(-1.1,1.35,8.881784197001E-16));
#6195 = LINE('',#6196,#6197);
#6196 = CARTESIAN_POINT('',(-1.1,1.35,8.881784197001E-16));
#6197 = VECTOR('',#6198,1.);
#6198 = DIRECTION('',(0.,-1.,-2.22044604925E-16));
#6199 = ORIENTED_EDGE('',*,*,#6200,.F.);
#6200 = EDGE_CURVE('',#6201,#6193,#6203,.T.);
#6201 = VERTEX_POINT('',#6202);
#6202 = CARTESIAN_POINT('',(-1.1,1.35,0.3));
#6203 = LINE('',#6204,#6205);
#6204 = CARTESIAN_POINT('',(-1.1,1.35,0.3));
#6205 = VECTOR('',#6206,1.);
#6206 = DIRECTION('',(0.,2.22044604925E-16,-1.));
#6207 = ORIENTED_EDGE('',*,*,#6208,.F.);
#6208 = EDGE_CURVE('',#6159,#6201,#6209,.T.);
#6209 = LINE('',#6210,#6211);
#6210 = CARTESIAN_POINT('',(-1.1,0.98,0.3));
#6211 = VECTOR('',#6212,1.);
#6212 = DIRECTION('',(0.,1.,2.22044604925E-16));
#6213 = PLANE('',#6214);
#6214 = AXIS2_PLACEMENT_3D('',#6215,#6216,#6217);
#6215 = CARTESIAN_POINT('',(-1.1,-3.75,1.05));
#6216 = DIRECTION('',(-1.,-0.,0.));
#6217 = DIRECTION('',(0.,1.,2.22044604925E-16));
#6218 = ADVANCED_FACE('',(#6219),#6246,.T.);
#6219 = FACE_BOUND('',#6220,.F.);
#6220 = EDGE_LOOP('',(#6221,#6229,#6230,#6231,#6239));
#6221 = ORIENTED_EDGE('',*,*,#6222,.F.);
#6222 = EDGE_CURVE('',#4667,#6223,#6225,.T.);
#6223 = VERTEX_POINT('',#6224);
#6224 = CARTESIAN_POINT('',(-1.1,-1.940831441976,1.410256224096));
#6225 = LINE('',#6226,#6227);
#6226 = CARTESIAN_POINT('',(-1.1,-0.36,1.491375031705));
#6227 = VECTOR('',#6228,1.);
#6228 = DIRECTION('',(0.,-0.998686030275,-5.124658948458E-02));
#6229 = ORIENTED_EDGE('',*,*,#4666,.F.);
#6230 = ORIENTED_EDGE('',*,*,#5192,.T.);
#6231 = ORIENTED_EDGE('',*,*,#6232,.F.);
#6232 = EDGE_CURVE('',#6233,#5185,#6235,.T.);
#6233 = VERTEX_POINT('',#6234);
#6234 = CARTESIAN_POINT('',(-1.1,-2.033042256429,1.428180190716));
#6235 = LINE('',#6236,#6237);
#6236 = CARTESIAN_POINT('',(-1.1,-2.033042256429,1.428180190716));
#6237 = VECTOR('',#6238,1.);
#6238 = DIRECTION('',(0.,-0.906768252741,0.421629382065));
#6239 = ORIENTED_EDGE('',*,*,#6240,.F.);
#6240 = EDGE_CURVE('',#6223,#6233,#6241,.T.);
#6241 = CIRCLE('',#6242,0.195);
#6242 = AXIS2_PLACEMENT_3D('',#6243,#6244,#6245);
#6243 = CARTESIAN_POINT('',(-1.1,-1.950824526926,1.605));
#6244 = DIRECTION('',(-1.,-0.,0.));
#6245 = DIRECTION('',(-0.,5.124658948457E-02,-0.998686030275));
#6246 = PLANE('',#6247);
#6247 = AXIS2_PLACEMENT_3D('',#6248,#6249,#6250);
#6248 = CARTESIAN_POINT('',(-1.1,-3.75,1.05));
#6249 = DIRECTION('',(-1.,-0.,0.));
#6250 = DIRECTION('',(0.,1.,2.22044604925E-16));
#6251 = ADVANCED_FACE('',(#6252),#6263,.T.);
#6252 = FACE_BOUND('',#6253,.F.);
#6253 = EDGE_LOOP('',(#6254,#6255,#6256,#6257));
#6254 = ORIENTED_EDGE('',*,*,#6184,.T.);
#6255 = ORIENTED_EDGE('',*,*,#1985,.F.);
#6256 = ORIENTED_EDGE('',*,*,#6110,.F.);
#6257 = ORIENTED_EDGE('',*,*,#6258,.F.);
#6258 = EDGE_CURVE('',#6185,#6103,#6259,.T.);
#6259 = LINE('',#6260,#6261);
#6260 = CARTESIAN_POINT('',(-1.1,0.85,8.881784197001E-16));
#6261 = VECTOR('',#6262,1.);
#6262 = DIRECTION('',(1.,0.,0.));
#6263 = PLANE('',#6264);
#6264 = AXIS2_PLACEMENT_3D('',#6265,#6266,#6267);
#6265 = CARTESIAN_POINT('',(-1.1,0.85,8.881784197001E-16));
#6266 = DIRECTION('',(0.,-0.707106781187,-0.707106781187));
#6267 = DIRECTION('',(0.,-0.707106781187,0.707106781187));
#6268 = ADVANCED_FACE('',(#6269),#6280,.T.);
#6269 = FACE_BOUND('',#6270,.F.);
#6270 = EDGE_LOOP('',(#6271,#6272,#6273,#6274));
#6271 = ORIENTED_EDGE('',*,*,#6192,.T.);
#6272 = ORIENTED_EDGE('',*,*,#6258,.T.);
#6273 = ORIENTED_EDGE('',*,*,#6102,.F.);
#6274 = ORIENTED_EDGE('',*,*,#6275,.F.);
#6275 = EDGE_CURVE('',#6193,#6095,#6276,.T.);
#6276 = LINE('',#6277,#6278);
#6277 = CARTESIAN_POINT('',(-1.1,1.35,8.881784197001E-16));
#6278 = VECTOR('',#6279,1.);
#6279 = DIRECTION('',(1.,0.,0.));
#6280 = PLANE('',#6281);
#6281 = AXIS2_PLACEMENT_3D('',#6282,#6283,#6284);
#6282 = CARTESIAN_POINT('',(-1.1,1.35,8.881784197001E-16));
#6283 = DIRECTION('',(0.,2.22044604925E-16,-1.));
#6284 = DIRECTION('',(0.,-1.,-2.22044604925E-16));
#6285 = ADVANCED_FACE('',(#6286),#6297,.T.);
#6286 = FACE_BOUND('',#6287,.F.);
#6287 = EDGE_LOOP('',(#6288,#6289,#6290,#6291));
#6288 = ORIENTED_EDGE('',*,*,#6200,.T.);
#6289 = ORIENTED_EDGE('',*,*,#6275,.T.);
#6290 = ORIENTED_EDGE('',*,*,#6094,.F.);
#6291 = ORIENTED_EDGE('',*,*,#6292,.F.);
#6292 = EDGE_CURVE('',#6201,#6087,#6293,.T.);
#6293 = LINE('',#6294,#6295);
#6294 = CARTESIAN_POINT('',(-1.1,1.35,0.3));
#6295 = VECTOR('',#6296,1.);
#6296 = DIRECTION('',(1.,0.,0.));
#6297 = PLANE('',#6298);
#6298 = AXIS2_PLACEMENT_3D('',#6299,#6300,#6301);
#6299 = CARTESIAN_POINT('',(-1.1,1.35,0.3));
#6300 = DIRECTION('',(0.,1.,2.22044604925E-16));
#6301 = DIRECTION('',(0.,2.22044604925E-16,-1.));
#6302 = ADVANCED_FACE('',(#6303),#6309,.T.);
#6303 = FACE_BOUND('',#6304,.F.);
#6304 = EDGE_LOOP('',(#6305,#6306,#6307,#6308));
#6305 = ORIENTED_EDGE('',*,*,#6208,.T.);
#6306 = ORIENTED_EDGE('',*,*,#6292,.T.);
#6307 = ORIENTED_EDGE('',*,*,#6086,.F.);
#6308 = ORIENTED_EDGE('',*,*,#6166,.F.);
#6309 = PLANE('',#6310);
#6310 = AXIS2_PLACEMENT_3D('',#6311,#6312,#6313);
#6311 = CARTESIAN_POINT('',(-1.1,0.98,0.3));
#6312 = DIRECTION('',(0.,-2.22044604925E-16,1.));
#6313 = DIRECTION('',(0.,1.,2.22044604925E-16));
#6314 = ADVANCED_FACE('',(#6315),#6326,.T.);
#6315 = FACE_BOUND('',#6316,.F.);
#6316 = EDGE_LOOP('',(#6317,#6318,#6324,#6325));
#6317 = ORIENTED_EDGE('',*,*,#6222,.T.);
#6318 = ORIENTED_EDGE('',*,*,#6319,.T.);
#6319 = EDGE_CURVE('',#6223,#6126,#6320,.T.);
#6320 = LINE('',#6321,#6322);
#6321 = CARTESIAN_POINT('',(-1.1,-1.940831441976,1.410256224096));
#6322 = VECTOR('',#6323,1.);
#6323 = DIRECTION('',(1.,0.,0.));
#6324 = ORIENTED_EDGE('',*,*,#6125,.F.);
#6325 = ORIENTED_EDGE('',*,*,#4674,.T.);
#6326 = PLANE('',#6327);
#6327 = AXIS2_PLACEMENT_3D('',#6328,#6329,#6330);
#6328 = CARTESIAN_POINT('',(-1.1,-0.36,1.491375031705));
#6329 = DIRECTION('',(0.,5.124658948458E-02,-0.998686030275));
#6330 = DIRECTION('',(0.,-0.998686030275,-5.124658948458E-02));
#6331 = ADVANCED_FACE('',(#6332),#6343,.T.);
#6332 = FACE_BOUND('',#6333,.T.);
#6333 = EDGE_LOOP('',(#6334,#6335,#6336,#6342));
#6334 = ORIENTED_EDGE('',*,*,#6319,.T.);
#6335 = ORIENTED_EDGE('',*,*,#6133,.T.);
#6336 = ORIENTED_EDGE('',*,*,#6337,.F.);
#6337 = EDGE_CURVE('',#6233,#6134,#6338,.T.);
#6338 = LINE('',#6339,#6340);
#6339 = CARTESIAN_POINT('',(-1.1,-2.033042256429,1.428180190716));
#6340 = VECTOR('',#6341,1.);
#6341 = DIRECTION('',(1.,0.,0.));
#6342 = ORIENTED_EDGE('',*,*,#6240,.F.);
#6343 = CYLINDRICAL_SURFACE('',#6344,0.195);
#6344 = AXIS2_PLACEMENT_3D('',#6345,#6346,#6347);
#6345 = CARTESIAN_POINT('',(-1.1,-1.950824526926,1.605));
#6346 = DIRECTION('',(-1.,-0.,0.));
#6347 = DIRECTION('',(0.,1.,2.22044604925E-16));
#6348 = ADVANCED_FACE('',(#6349),#6355,.T.);
#6349 = FACE_BOUND('',#6350,.F.);
#6350 = EDGE_LOOP('',(#6351,#6352,#6353,#6354));
#6351 = ORIENTED_EDGE('',*,*,#6232,.T.);
#6352 = ORIENTED_EDGE('',*,*,#5184,.F.);
#6353 = ORIENTED_EDGE('',*,*,#6142,.F.);
#6354 = ORIENTED_EDGE('',*,*,#6337,.F.);
#6355 = PLANE('',#6356);
#6356 = AXIS2_PLACEMENT_3D('',#6357,#6358,#6359);
#6357 = CARTESIAN_POINT('',(-1.1,-2.033042256429,1.428180190716));
#6358 = DIRECTION('',(0.,-0.421629382065,-0.906768252741));
#6359 = DIRECTION('',(0.,-0.906768252741,0.421629382065));
#6360 = ADVANCED_FACE('',(#6361),#6374,.T.);
#6361 = FACE_BOUND('',#6362,.F.);
#6362 = EDGE_LOOP('',(#6363,#6364,#6365,#6371,#6372,#6373));
#6363 = ORIENTED_EDGE('',*,*,#3248,.T.);
#6364 = ORIENTED_EDGE('',*,*,#2960,.T.);
#6365 = ORIENTED_EDGE('',*,*,#6366,.F.);
#6366 = EDGE_CURVE('',#2388,#2953,#6367,.T.);
#6367 = LINE('',#6368,#6369);
#6368 = CARTESIAN_POINT('',(1.55,-3.76,1.749991330306));
#6369 = VECTOR('',#6370,1.);
#6370 = DIRECTION('',(-1.,-0.,0.));
#6371 = ORIENTED_EDGE('',*,*,#2387,.T.);
#6372 = ORIENTED_EDGE('',*,*,#4606,.T.);
#6373 = ORIENTED_EDGE('',*,*,#5201,.T.);
#6374 = PLANE('',#6375);
#6375 = AXIS2_PLACEMENT_3D('',#6376,#6377,#6378);
#6376 = CARTESIAN_POINT('',(0.,-3.01,1.624995665153));
#6377 = DIRECTION('',(0.,-0.164393440227,-0.986394848329));
#6378 = DIRECTION('',(-1.,-0.,0.));
#6379 = ADVANCED_FACE('',(#6380),#6391,.F.);
#6380 = FACE_BOUND('',#6381,.F.);
#6381 = EDGE_LOOP('',(#6382,#6383,#6384,#6390));
#6382 = ORIENTED_EDGE('',*,*,#6366,.T.);
#6383 = ORIENTED_EDGE('',*,*,#2952,.F.);
#6384 = ORIENTED_EDGE('',*,*,#6385,.F.);
#6385 = EDGE_CURVE('',#2396,#2945,#6386,.T.);
#6386 = LINE('',#6387,#6388);
#6387 = CARTESIAN_POINT('',(1.55,-3.76,2.05));
#6388 = VECTOR('',#6389,1.);
#6389 = DIRECTION('',(-1.,-0.,0.));
#6390 = ORIENTED_EDGE('',*,*,#2395,.F.);
#6391 = PLANE('',#6392);
#6392 = AXIS2_PLACEMENT_3D('',#6393,#6394,#6395);
#6393 = CARTESIAN_POINT('',(0.,-3.76,1.05));
#6394 = DIRECTION('',(0.,1.,2.22044604925E-16));
#6395 = DIRECTION('',(1.,0.,0.));
#6396 = ADVANCED_FACE('',(#6397),#6410,.T.);
#6397 = FACE_BOUND('',#6398,.F.);
#6398 = EDGE_LOOP('',(#6399,#6400,#6401,#6402,#6403,#6409));
#6399 = ORIENTED_EDGE('',*,*,#2338,.F.);
#6400 = ORIENTED_EDGE('',*,*,#2403,.F.);
#6401 = ORIENTED_EDGE('',*,*,#6385,.T.);
#6402 = ORIENTED_EDGE('',*,*,#2944,.T.);
#6403 = ORIENTED_EDGE('',*,*,#6404,.F.);
#6404 = EDGE_CURVE('',#1922,#2937,#6405,.T.);
#6405 = LINE('',#6406,#6407);
#6406 = CARTESIAN_POINT('',(-1.4,0.65,2.05));
#6407 = VECTOR('',#6408,1.);
#6408 = DIRECTION('',(-0.707106781187,-0.707106781187,
    -1.570092458684E-16));
#6409 = ORIENTED_EDGE('',*,*,#1921,.F.);
#6410 = PLANE('',#6411);
#6411 = AXIS2_PLACEMENT_3D('',#6412,#6413,#6414);
#6412 = CARTESIAN_POINT('',(-1.4,0.65,2.05));
#6413 = DIRECTION('',(0.,-2.22044604925E-16,1.));
#6414 = DIRECTION('',(1.,0.,0.));
#6415 = ADVANCED_FACE('',(#6416),#6422,.T.);
#6416 = FACE_BOUND('',#6417,.F.);
#6417 = EDGE_LOOP('',(#6418,#6419,#6420,#6421));
#6418 = ORIENTED_EDGE('',*,*,#6404,.T.);
#6419 = ORIENTED_EDGE('',*,*,#2936,.F.);
#6420 = ORIENTED_EDGE('',*,*,#1563,.T.);
#6421 = ORIENTED_EDGE('',*,*,#1929,.T.);
#6422 = PLANE('',#6423);
#6423 = AXIS2_PLACEMENT_3D('',#6424,#6425,#6426);
#6424 = CARTESIAN_POINT('',(-1.475,0.575,1.135));
#6425 = DIRECTION('',(-0.707106781187,0.707106781187,1.570092458684E-16)
  );
#6426 = DIRECTION('',(0.,2.22044604925E-16,-1.));
#6427 = ADVANCED_FACE('',(#6428),#6434,.F.);
#6428 = FACE_BOUND('',#6429,.F.);
#6429 = EDGE_LOOP('',(#6430,#6431,#6432,#6433));
#6430 = ORIENTED_EDGE('',*,*,#2273,.T.);
#6431 = ORIENTED_EDGE('',*,*,#1714,.T.);
#6432 = ORIENTED_EDGE('',*,*,#3698,.F.);
#6433 = ORIENTED_EDGE('',*,*,#4390,.F.);
#6434 = CYLINDRICAL_SURFACE('',#6435,0.151);
#6435 = AXIS2_PLACEMENT_3D('',#6436,#6437,#6438);
#6436 = CARTESIAN_POINT('',(1.916,0.65,0.371));
#6437 = DIRECTION('',(0.,1.,2.22044604925E-16));
#6438 = DIRECTION('',(1.,0.,0.));
#6439 = ADVANCED_FACE('',(#6440),#6451,.T.);
#6440 = FACE_BOUND('',#6441,.F.);
#6441 = EDGE_LOOP('',(#6442,#6448,#6449,#6450));
#6442 = ORIENTED_EDGE('',*,*,#6443,.F.);
#6443 = EDGE_CURVE('',#3922,#1447,#6444,.T.);
#6444 = LINE('',#6445,#6446);
#6445 = CARTESIAN_POINT('',(2.015,-2.1,2.E-02));
#6446 = VECTOR('',#6447,1.);
#6447 = DIRECTION('',(0.,-2.22044604925E-16,1.));
#6448 = ORIENTED_EDGE('',*,*,#3921,.T.);
#6449 = ORIENTED_EDGE('',*,*,#3783,.F.);
#6450 = ORIENTED_EDGE('',*,*,#1455,.F.);
#6451 = PLANE('',#6452);
#6452 = AXIS2_PLACEMENT_3D('',#6453,#6454,#6455);
#6453 = CARTESIAN_POINT('',(2.015,-2.15,0.22));
#6454 = DIRECTION('',(-1.,-0.,0.));
#6455 = DIRECTION('',(0.,1.,2.22044604925E-16));
#6456 = ADVANCED_FACE('',(#6457),#6463,.T.);
#6457 = FACE_BOUND('',#6458,.T.);
#6458 = EDGE_LOOP('',(#6459,#6460,#6461,#6462));
#6459 = ORIENTED_EDGE('',*,*,#6443,.F.);
#6460 = ORIENTED_EDGE('',*,*,#3929,.F.);
#6461 = ORIENTED_EDGE('',*,*,#1636,.T.);
#6462 = ORIENTED_EDGE('',*,*,#1446,.F.);
#6463 = CYLINDRICAL_SURFACE('',#6464,5.E-02);
#6464 = AXIS2_PLACEMENT_3D('',#6465,#6466,#6467);
#6465 = CARTESIAN_POINT('',(2.065,-2.1,5.450979359E-03));
#6466 = DIRECTION('',(0.,-2.22044604925E-16,1.));
#6467 = DIRECTION('',(-1.,-0.,0.));
#6468 = ADVANCED_FACE('',(#6469),#6475,.F.);
#6469 = FACE_BOUND('',#6470,.F.);
#6470 = EDGE_LOOP('',(#6471,#6472,#6473,#6474));
#6471 = ORIENTED_EDGE('',*,*,#2184,.T.);
#6472 = ORIENTED_EDGE('',*,*,#3627,.T.);
#6473 = ORIENTED_EDGE('',*,*,#3725,.F.);
#6474 = ORIENTED_EDGE('',*,*,#1738,.F.);
#6475 = CYLINDRICAL_SURFACE('',#6476,0.151);
#6476 = AXIS2_PLACEMENT_3D('',#6477,#6478,#6479);
#6477 = CARTESIAN_POINT('',(-1.916,0.65,0.371));
#6478 = DIRECTION('',(0.,1.,2.22044604925E-16));
#6479 = DIRECTION('',(1.,0.,0.));
#6480 = ADVANCED_FACE('',(#6481),#6492,.T.);
#6481 = FACE_BOUND('',#6482,.F.);
#6482 = EDGE_LOOP('',(#6483,#6484,#6485,#6491));
#6483 = ORIENTED_EDGE('',*,*,#3281,.T.);
#6484 = ORIENTED_EDGE('',*,*,#2532,.T.);
#6485 = ORIENTED_EDGE('',*,*,#6486,.F.);
#6486 = EDGE_CURVE('',#3469,#2193,#6487,.T.);
#6487 = LINE('',#6488,#6489);
#6488 = CARTESIAN_POINT('',(-1.78,0.5,1.73));
#6489 = VECTOR('',#6490,1.);
#6490 = DIRECTION('',(-0.57735026919,0.57735026919,0.57735026919));
#6491 = ORIENTED_EDGE('',*,*,#3468,.F.);
#6492 = PLANE('',#6493);
#6493 = AXIS2_PLACEMENT_3D('',#6494,#6495,#6496);
#6494 = CARTESIAN_POINT('',(-1.855,-0.275,1.805));
#6495 = DIRECTION('',(0.707106781187,-1.570092458684E-16,0.707106781187)
  );
#6496 = DIRECTION('',(0.,1.,2.22044604925E-16));
#6497 = ADVANCED_FACE('',(#6498),#6509,.T.);
#6498 = FACE_BOUND('',#6499,.F.);
#6499 = EDGE_LOOP('',(#6500,#6506,#6507,#6508));
#6500 = ORIENTED_EDGE('',*,*,#6501,.F.);
#6501 = EDGE_CURVE('',#3477,#1729,#6502,.T.);
#6502 = LINE('',#6503,#6504);
#6503 = CARTESIAN_POINT('',(-1.78,0.5,0.37));
#6504 = VECTOR('',#6505,1.);
#6505 = DIRECTION('',(-0.57735026919,0.57735026919,-0.57735026919));
#6506 = ORIENTED_EDGE('',*,*,#3476,.F.);
#6507 = ORIENTED_EDGE('',*,*,#6486,.T.);
#6508 = ORIENTED_EDGE('',*,*,#2192,.T.);
#6509 = PLANE('',#6510);
#6510 = AXIS2_PLACEMENT_3D('',#6511,#6512,#6513);
#6511 = CARTESIAN_POINT('',(-1.855,0.575,1.05));
#6512 = DIRECTION('',(0.707106781187,0.707106781187,1.570092458684E-16)
  );
#6513 = DIRECTION('',(0.,2.22044604925E-16,-1.));
#6514 = ADVANCED_FACE('',(#6515),#6522,.T.);
#6515 = FACE_BOUND('',#6516,.F.);
#6516 = EDGE_LOOP('',(#6517,#6518,#6519,#6520,#6521));
#6517 = ORIENTED_EDGE('',*,*,#1752,.T.);
#6518 = ORIENTED_EDGE('',*,*,#1587,.T.);
#6519 = ORIENTED_EDGE('',*,*,#3319,.T.);
#6520 = ORIENTED_EDGE('',*,*,#3484,.F.);
#6521 = ORIENTED_EDGE('',*,*,#6501,.T.);
#6522 = PLANE('',#6523);
#6523 = AXIS2_PLACEMENT_3D('',#6524,#6525,#6526);
#6524 = CARTESIAN_POINT('',(-1.855,-0.275,0.295));
#6525 = DIRECTION('',(0.707106781187,1.570092458684E-16,-0.707106781187)
  );
#6526 = DIRECTION('',(0.,1.,2.22044604925E-16));
#6527 = ADVANCED_FACE('',(#6528),#6541,.F.);
#6528 = FACE_BOUND('',#6529,.F.);
#6529 = EDGE_LOOP('',(#6530,#6531,#6532,#6533,#6534,#6540));
#6530 = ORIENTED_EDGE('',*,*,#2611,.F.);
#6531 = ORIENTED_EDGE('',*,*,#626,.T.);
#6532 = ORIENTED_EDGE('',*,*,#884,.T.);
#6533 = ORIENTED_EDGE('',*,*,#1096,.F.);
#6534 = ORIENTED_EDGE('',*,*,#6535,.F.);
#6535 = EDGE_CURVE('',#2724,#1089,#6536,.T.);
#6536 = LINE('',#6537,#6538);
#6537 = CARTESIAN_POINT('',(-2.14,-1.180013375193,1.55));
#6538 = VECTOR('',#6539,1.);
#6539 = DIRECTION('',(0.,2.22044604925E-16,-1.));
#6540 = ORIENTED_EDGE('',*,*,#2723,.T.);
#6541 = PLANE('',#6542);
#6542 = AXIS2_PLACEMENT_3D('',#6543,#6544,#6545);
#6543 = CARTESIAN_POINT('',(-2.14,-1.180013375193,1.55));
#6544 = DIRECTION('',(1.,0.,0.));
#6545 = DIRECTION('',(0.,-1.,-2.22044604925E-16));
#6546 = ADVANCED_FACE('',(#6547),#6558,.F.);
#6547 = FACE_BOUND('',#6548,.F.);
#6548 = EDGE_LOOP('',(#6549,#6550,#6551,#6552));
#6549 = ORIENTED_EDGE('',*,*,#2731,.T.);
#6550 = ORIENTED_EDGE('',*,*,#6535,.T.);
#6551 = ORIENTED_EDGE('',*,*,#1088,.F.);
#6552 = ORIENTED_EDGE('',*,*,#6553,.F.);
#6553 = EDGE_CURVE('',#2732,#1081,#6554,.T.);
#6554 = LINE('',#6555,#6556);
#6555 = CARTESIAN_POINT('',(-2.29,-1.02,1.55));
#6556 = VECTOR('',#6557,1.);
#6557 = DIRECTION('',(0.,2.22044604925E-16,-1.));
#6558 = PLANE('',#6559);
#6559 = AXIS2_PLACEMENT_3D('',#6560,#6561,#6562);
#6560 = CARTESIAN_POINT('',(-2.29,-1.02,1.55));
#6561 = DIRECTION('',(0.729565729819,0.683910700219,1.51858681234E-16));
#6562 = DIRECTION('',(0.683910700219,-0.729565729819,-1.619961342445E-16
    ));
#6563 = ADVANCED_FACE('',(#6564),#6575,.F.);
#6564 = FACE_BOUND('',#6565,.F.);
#6565 = EDGE_LOOP('',(#6566,#6567,#6568,#6569));
#6566 = ORIENTED_EDGE('',*,*,#2739,.T.);
#6567 = ORIENTED_EDGE('',*,*,#6553,.T.);
#6568 = ORIENTED_EDGE('',*,*,#1080,.F.);
#6569 = ORIENTED_EDGE('',*,*,#6570,.F.);
#6570 = EDGE_CURVE('',#2740,#1073,#6571,.T.);
#6571 = LINE('',#6572,#6573);
#6572 = CARTESIAN_POINT('',(-2.29,-0.52,1.55));
#6573 = VECTOR('',#6574,1.);
#6574 = DIRECTION('',(0.,2.22044604925E-16,-1.));
#6575 = PLANE('',#6576);
#6576 = AXIS2_PLACEMENT_3D('',#6577,#6578,#6579);
#6577 = CARTESIAN_POINT('',(-2.29,-0.52,1.55));
#6578 = DIRECTION('',(1.,0.,0.));
#6579 = DIRECTION('',(0.,-1.,-2.22044604925E-16));
#6580 = ADVANCED_FACE('',(#6581),#6592,.F.);
#6581 = FACE_BOUND('',#6582,.F.);
#6582 = EDGE_LOOP('',(#6583,#6584,#6585,#6586));
#6583 = ORIENTED_EDGE('',*,*,#2747,.T.);
#6584 = ORIENTED_EDGE('',*,*,#6570,.T.);
#6585 = ORIENTED_EDGE('',*,*,#1072,.F.);
#6586 = ORIENTED_EDGE('',*,*,#6587,.F.);
#6587 = EDGE_CURVE('',#2748,#1065,#6588,.T.);
#6588 = LINE('',#6589,#6590);
#6589 = CARTESIAN_POINT('',(-2.14,-0.37,1.55));
#6590 = VECTOR('',#6591,1.);
#6591 = DIRECTION('',(0.,2.22044604925E-16,-1.));
#6592 = PLANE('',#6593);
#6593 = AXIS2_PLACEMENT_3D('',#6594,#6595,#6596);
#6594 = CARTESIAN_POINT('',(-2.14,-0.37,1.55));
#6595 = DIRECTION('',(0.707106781187,-0.707106781187,-1.570092458684E-16
    ));
#6596 = DIRECTION('',(-0.707106781187,-0.707106781187,
    -1.570092458684E-16));
#6597 = ADVANCED_FACE('',(#6598),#6604,.F.);
#6598 = FACE_BOUND('',#6599,.F.);
#6599 = EDGE_LOOP('',(#6600,#6601,#6602,#6603));
#6600 = ORIENTED_EDGE('',*,*,#2755,.T.);
#6601 = ORIENTED_EDGE('',*,*,#6587,.T.);
#6602 = ORIENTED_EDGE('',*,*,#1064,.F.);
#6603 = ORIENTED_EDGE('',*,*,#2215,.F.);
#6604 = PLANE('',#6605);
#6605 = AXIS2_PLACEMENT_3D('',#6606,#6607,#6608);
#6606 = CARTESIAN_POINT('',(-2.14,0.65,1.55));
#6607 = DIRECTION('',(1.,0.,0.));
#6608 = DIRECTION('',(0.,-1.,-2.22044604925E-16));
#6609 = ADVANCED_FACE('',(#6610),#6621,.T.);
#6610 = FACE_BOUND('',#6611,.F.);
#6611 = EDGE_LOOP('',(#6612,#6613,#6619,#6620));
#6612 = ORIENTED_EDGE('',*,*,#969,.F.);
#6613 = ORIENTED_EDGE('',*,*,#6614,.F.);
#6614 = EDGE_CURVE('',#1936,#962,#6615,.T.);
#6615 = LINE('',#6616,#6617);
#6616 = CARTESIAN_POINT('',(-1.4,0.65,5.E-02));
#6617 = VECTOR('',#6618,1.);
#6618 = DIRECTION('',(0.,-1.,-2.22044604925E-16));
#6619 = ORIENTED_EDGE('',*,*,#1935,.T.);
#6620 = ORIENTED_EDGE('',*,*,#1555,.T.);
#6621 = PLANE('',#6622);
#6622 = AXIS2_PLACEMENT_3D('',#6623,#6624,#6625);
#6623 = CARTESIAN_POINT('',(-1.4,0.65,5.E-02));
#6624 = DIRECTION('',(-1.,-0.,0.));
#6625 = DIRECTION('',(0.,-2.22044604925E-16,1.));
#6626 = ADVANCED_FACE('',(#6627),#6638,.T.);
#6627 = FACE_BOUND('',#6628,.F.);
#6628 = EDGE_LOOP('',(#6629,#6630,#6636,#6637));
#6629 = ORIENTED_EDGE('',*,*,#961,.T.);
#6630 = ORIENTED_EDGE('',*,*,#6631,.F.);
#6631 = EDGE_CURVE('',#1944,#954,#6632,.T.);
#6632 = LINE('',#6633,#6634);
#6633 = CARTESIAN_POINT('',(1.4,0.65,5.E-02));
#6634 = VECTOR('',#6635,1.);
#6635 = DIRECTION('',(0.,-1.,-2.22044604925E-16));
#6636 = ORIENTED_EDGE('',*,*,#1943,.T.);
#6637 = ORIENTED_EDGE('',*,*,#6614,.T.);
#6638 = PLANE('',#6639);
#6639 = AXIS2_PLACEMENT_3D('',#6640,#6641,#6642);
#6640 = CARTESIAN_POINT('',(-3.965,-3.75,5.E-02));
#6641 = DIRECTION('',(0.,2.22044604925E-16,-1.));
#6642 = DIRECTION('',(1.,0.,0.));
#6643 = ADVANCED_FACE('',(#6644),#6669,.T.);
#6644 = FACE_BOUND('',#6645,.F.);
#6645 = EDGE_LOOP('',(#6646,#6654,#6662,#6668));
#6646 = ORIENTED_EDGE('',*,*,#6647,.F.);
#6647 = EDGE_CURVE('',#6648,#340,#6650,.T.);
#6648 = VERTEX_POINT('',#6649);
#6649 = CARTESIAN_POINT('',(-3.665,-3.45,5.E-02));
#6650 = LINE('',#6651,#6652);
#6651 = CARTESIAN_POINT('',(-3.665,-3.45,5.E-02));
#6652 = VECTOR('',#6653,1.);
#6653 = DIRECTION('',(0.,1.,2.22044604925E-16));
#6654 = ORIENTED_EDGE('',*,*,#6655,.T.);
#6655 = EDGE_CURVE('',#6648,#6656,#6658,.T.);
#6656 = VERTEX_POINT('',#6657);
#6657 = CARTESIAN_POINT('',(3.665,-3.45,5.E-02));
#6658 = LINE('',#6659,#6660);
#6659 = CARTESIAN_POINT('',(-3.665,-3.45,5.E-02));
#6660 = VECTOR('',#6661,1.);
#6661 = DIRECTION('',(1.,0.,0.));
#6662 = ORIENTED_EDGE('',*,*,#6663,.T.);
#6663 = EDGE_CURVE('',#6656,#307,#6664,.T.);
#6664 = LINE('',#6665,#6666);
#6665 = CARTESIAN_POINT('',(3.665,-3.45,5.E-02));
#6666 = VECTOR('',#6667,1.);
#6667 = DIRECTION('',(0.,1.,2.22044604925E-16));
#6668 = ORIENTED_EDGE('',*,*,#339,.T.);
#6669 = PLANE('',#6670);
#6670 = AXIS2_PLACEMENT_3D('',#6671,#6672,#6673);
#6671 = CARTESIAN_POINT('',(-3.965,-3.75,5.E-02));
#6672 = DIRECTION('',(0.,2.22044604925E-16,-1.));
#6673 = DIRECTION('',(1.,0.,0.));
#6674 = ADVANCED_FACE('',(#6675),#6681,.T.);
#6675 = FACE_BOUND('',#6676,.F.);
#6676 = EDGE_LOOP('',(#6677,#6678,#6679,#6680));
#6677 = ORIENTED_EDGE('',*,*,#953,.F.);
#6678 = ORIENTED_EDGE('',*,*,#1512,.F.);
#6679 = ORIENTED_EDGE('',*,*,#1951,.T.);
#6680 = ORIENTED_EDGE('',*,*,#6631,.T.);
#6681 = PLANE('',#6682);
#6682 = AXIS2_PLACEMENT_3D('',#6683,#6684,#6685);
#6683 = CARTESIAN_POINT('',(1.4,0.65,0.22));
#6684 = DIRECTION('',(1.,0.,0.));
#6685 = DIRECTION('',(0.,2.22044604925E-16,-1.));
#6686 = ADVANCED_FACE('',(#6687),#6706,.T.);
#6687 = FACE_BOUND('',#6688,.T.);
#6688 = EDGE_LOOP('',(#6689,#6690,#6699,#6705));
#6689 = ORIENTED_EDGE('',*,*,#6647,.F.);
#6690 = ORIENTED_EDGE('',*,*,#6691,.T.);
#6691 = EDGE_CURVE('',#6648,#6692,#6694,.T.);
#6692 = VERTEX_POINT('',#6693);
#6693 = CARTESIAN_POINT('',(-3.965,-3.45,0.35));
#6694 = CIRCLE('',#6695,0.3);
#6695 = AXIS2_PLACEMENT_3D('',#6696,#6697,#6698);
#6696 = CARTESIAN_POINT('',(-3.665,-3.45,0.35));
#6697 = DIRECTION('',(0.,1.,2.22044604925E-16));
#6698 = DIRECTION('',(0.,2.22044604925E-16,-1.));
#6699 = ORIENTED_EDGE('',*,*,#6700,.T.);
#6700 = EDGE_CURVE('',#6692,#364,#6701,.T.);
#6701 = LINE('',#6702,#6703);
#6702 = CARTESIAN_POINT('',(-3.965,-3.45,0.35));
#6703 = VECTOR('',#6704,1.);
#6704 = DIRECTION('',(0.,1.,2.22044604925E-16));
#6705 = ORIENTED_EDGE('',*,*,#363,.T.);
#6706 = CYLINDRICAL_SURFACE('',#6707,0.3);
#6707 = AXIS2_PLACEMENT_3D('',#6708,#6709,#6710);
#6708 = CARTESIAN_POINT('',(-3.665,-3.764549020641,0.35));
#6709 = DIRECTION('',(0.,1.,2.22044604925E-16));
#6710 = DIRECTION('',(0.,2.22044604925E-16,-1.));
#6711 = ADVANCED_FACE('',(#6712),#6723,.T.);
#6712 = FACE_BOUND('',#6713,.F.);
#6713 = EDGE_LOOP('',(#6714,#6720,#6721,#6722));
#6714 = ORIENTED_EDGE('',*,*,#6715,.T.);
#6715 = EDGE_CURVE('',#454,#6692,#6716,.T.);
#6716 = LINE('',#6717,#6718);
#6717 = CARTESIAN_POINT('',(-3.965,-3.45,1.75));
#6718 = VECTOR('',#6719,1.);
#6719 = DIRECTION('',(0.,2.22044604925E-16,-1.));
#6720 = ORIENTED_EDGE('',*,*,#6700,.T.);
#6721 = ORIENTED_EDGE('',*,*,#396,.T.);
#6722 = ORIENTED_EDGE('',*,*,#453,.F.);
#6723 = PLANE('',#6724);
#6724 = AXIS2_PLACEMENT_3D('',#6725,#6726,#6727);
#6725 = CARTESIAN_POINT('',(-3.965,-3.75,2.05));
#6726 = DIRECTION('',(-1.,-0.,0.));
#6727 = DIRECTION('',(0.,2.22044604925E-16,-1.));
#6728 = ADVANCED_FACE('',(#6729),#6741,.T.);
#6729 = FACE_BOUND('',#6730,.T.);
#6730 = EDGE_LOOP('',(#6731,#6732,#6739,#6740));
#6731 = ORIENTED_EDGE('',*,*,#6715,.T.);
#6732 = ORIENTED_EDGE('',*,*,#6733,.T.);
#6733 = EDGE_CURVE('',#6692,#40,#6734,.T.);
#6734 = CIRCLE('',#6735,0.3);
#6735 = AXIS2_PLACEMENT_3D('',#6736,#6737,#6738);
#6736 = CARTESIAN_POINT('',(-3.665,-3.45,0.35));
#6737 = DIRECTION('',(0.,-2.22044604925E-16,1.));
#6738 = DIRECTION('',(-1.,-0.,0.));
#6739 = ORIENTED_EDGE('',*,*,#47,.F.);
#6740 = ORIENTED_EDGE('',*,*,#477,.T.);
#6741 = CYLINDRICAL_SURFACE('',#6742,0.3);
#6742 = AXIS2_PLACEMENT_3D('',#6743,#6744,#6745);
#6743 = CARTESIAN_POINT('',(-3.665,-3.45,2.064021283926));
#6744 = DIRECTION('',(0.,2.22044604925E-16,-1.));
#6745 = DIRECTION('',(0.,-1.,-2.22044604925E-16));
#6746 = ADVANCED_FACE('',(#6747),#6758,.T.);
#6747 = FACE_BOUND('',#6748,.T.);
#6748 = EDGE_LOOP('',(#6749,#6750,#6751));
#6749 = ORIENTED_EDGE('',*,*,#6733,.F.);
#6750 = ORIENTED_EDGE('',*,*,#6691,.F.);
#6751 = ORIENTED_EDGE('',*,*,#6752,.F.);
#6752 = EDGE_CURVE('',#40,#6648,#6753,.T.);
#6753 = CIRCLE('',#6754,0.3);
#6754 = AXIS2_PLACEMENT_3D('',#6755,#6756,#6757);
#6755 = CARTESIAN_POINT('',(-3.665,-3.45,0.35));
#6756 = DIRECTION('',(1.,0.,0.));
#6757 = DIRECTION('',(0.,-1.,-2.22044604925E-16));
#6758 = SPHERICAL_SURFACE('',#6759,0.3);
#6759 = AXIS2_PLACEMENT_3D('',#6760,#6761,#6762);
#6760 = CARTESIAN_POINT('',(-3.665,-3.45,0.35));
#6761 = DIRECTION('',(0.,0.707106781187,-0.707106781187));
#6762 = DIRECTION('',(0.,-0.707106781187,-0.707106781187));
#6763 = ADVANCED_FACE('',(#6764),#6776,.T.);
#6764 = FACE_BOUND('',#6765,.T.);
#6765 = EDGE_LOOP('',(#6766,#6767,#6774,#6775));
#6766 = ORIENTED_EDGE('',*,*,#6655,.T.);
#6767 = ORIENTED_EDGE('',*,*,#6768,.T.);
#6768 = EDGE_CURVE('',#6656,#32,#6769,.T.);
#6769 = CIRCLE('',#6770,0.3);
#6770 = AXIS2_PLACEMENT_3D('',#6771,#6772,#6773);
#6771 = CARTESIAN_POINT('',(3.665,-3.45,0.35));
#6772 = DIRECTION('',(-1.,0.,-0.));
#6773 = DIRECTION('',(0.,2.22044604925E-16,-1.));
#6774 = ORIENTED_EDGE('',*,*,#39,.F.);
#6775 = ORIENTED_EDGE('',*,*,#6752,.T.);
#6776 = CYLINDRICAL_SURFACE('',#6777,0.3);
#6777 = AXIS2_PLACEMENT_3D('',#6778,#6779,#6780);
#6778 = CARTESIAN_POINT('',(-3.978746816205,-3.45,0.35));
#6779 = DIRECTION('',(1.,0.,0.));
#6780 = DIRECTION('',(0.,-1.,-2.22044604925E-16));
#6781 = ADVANCED_FACE('',(#6782),#6801,.T.);
#6782 = FACE_BOUND('',#6783,.T.);
#6783 = EDGE_LOOP('',(#6784,#6785,#6794));
#6784 = ORIENTED_EDGE('',*,*,#6768,.F.);
#6785 = ORIENTED_EDGE('',*,*,#6786,.F.);
#6786 = EDGE_CURVE('',#6787,#6656,#6789,.T.);
#6787 = VERTEX_POINT('',#6788);
#6788 = CARTESIAN_POINT('',(3.965,-3.45,0.35));
#6789 = CIRCLE('',#6790,0.3);
#6790 = AXIS2_PLACEMENT_3D('',#6791,#6792,#6793);
#6791 = CARTESIAN_POINT('',(3.665,-3.45,0.35));
#6792 = DIRECTION('',(-0.,1.,2.22044604925E-16));
#6793 = DIRECTION('',(1.,0.,0.));
#6794 = ORIENTED_EDGE('',*,*,#6795,.F.);
#6795 = EDGE_CURVE('',#32,#6787,#6796,.T.);
#6796 = CIRCLE('',#6797,0.3);
#6797 = AXIS2_PLACEMENT_3D('',#6798,#6799,#6800);
#6798 = CARTESIAN_POINT('',(3.665,-3.45,0.35));
#6799 = DIRECTION('',(0.,-2.22044604925E-16,1.));
#6800 = DIRECTION('',(0.,-1.,-2.22044604925E-16));
#6801 = SPHERICAL_SURFACE('',#6802,0.3);
#6802 = AXIS2_PLACEMENT_3D('',#6803,#6804,#6805);
#6803 = CARTESIAN_POINT('',(3.665,-3.45,0.35));
#6804 = DIRECTION('',(0.707106781187,0.707106781187,1.570092458684E-16)
  );
#6805 = DIRECTION('',(0.707106781187,-0.707106781187,-1.570092458684E-16
    ));
#6806 = ADVANCED_FACE('',(#6807),#6818,.T.);
#6807 = FACE_BOUND('',#6808,.T.);
#6808 = EDGE_LOOP('',(#6809,#6810,#6811,#6817));
#6809 = ORIENTED_EDGE('',*,*,#31,.F.);
#6810 = ORIENTED_EDGE('',*,*,#6795,.T.);
#6811 = ORIENTED_EDGE('',*,*,#6812,.T.);
#6812 = EDGE_CURVE('',#6787,#139,#6813,.T.);
#6813 = LINE('',#6814,#6815);
#6814 = CARTESIAN_POINT('',(3.965,-3.45,0.35));
#6815 = VECTOR('',#6816,1.);
#6816 = DIRECTION('',(0.,-2.22044604925E-16,1.));
#6817 = ORIENTED_EDGE('',*,*,#138,.T.);
#6818 = CYLINDRICAL_SURFACE('',#6819,0.3);
#6819 = AXIS2_PLACEMENT_3D('',#6820,#6821,#6822);
#6820 = CARTESIAN_POINT('',(3.665,-3.45,3.5703132631E-02));
#6821 = DIRECTION('',(0.,-2.22044604925E-16,1.));
#6822 = DIRECTION('',(0.,-1.,-2.22044604925E-16));
#6823 = ADVANCED_FACE('',(#6824),#6835,.T.);
#6824 = FACE_BOUND('',#6825,.F.);
#6825 = EDGE_LOOP('',(#6826,#6832,#6833,#6834));
#6826 = ORIENTED_EDGE('',*,*,#6827,.F.);
#6827 = EDGE_CURVE('',#6787,#283,#6828,.T.);
#6828 = LINE('',#6829,#6830);
#6829 = CARTESIAN_POINT('',(3.965,-3.45,0.35));
#6830 = VECTOR('',#6831,1.);
#6831 = DIRECTION('',(0.,1.,2.22044604925E-16));
#6832 = ORIENTED_EDGE('',*,*,#6812,.T.);
#6833 = ORIENTED_EDGE('',*,*,#162,.T.);
#6834 = ORIENTED_EDGE('',*,*,#282,.T.);
#6835 = PLANE('',#6836);
#6836 = AXIS2_PLACEMENT_3D('',#6837,#6838,#6839);
#6837 = CARTESIAN_POINT('',(3.965,-3.75,5.E-02));
#6838 = DIRECTION('',(1.,0.,0.));
#6839 = DIRECTION('',(0.,-2.22044604925E-16,1.));
#6840 = ADVANCED_FACE('',(#6841),#6847,.T.);
#6841 = FACE_BOUND('',#6842,.T.);
#6842 = EDGE_LOOP('',(#6843,#6844,#6845,#6846));
#6843 = ORIENTED_EDGE('',*,*,#6827,.F.);
#6844 = ORIENTED_EDGE('',*,*,#6786,.T.);
#6845 = ORIENTED_EDGE('',*,*,#6663,.T.);
#6846 = ORIENTED_EDGE('',*,*,#306,.T.);
#6847 = CYLINDRICAL_SURFACE('',#6848,0.3);
#6848 = AXIS2_PLACEMENT_3D('',#6849,#6850,#6851);
#6849 = CARTESIAN_POINT('',(3.665,-3.764549020641,0.35));
#6850 = DIRECTION('',(0.,1.,2.22044604925E-16));
#6851 = DIRECTION('',(1.,0.,0.));
#6852 = ADVANCED_FACE('',(#6853),#6864,.T.);
#6853 = FACE_BOUND('',#6854,.F.);
#6854 = EDGE_LOOP('',(#6855,#6856,#6857,#6858));
#6855 = ORIENTED_EDGE('',*,*,#1309,.T.);
#6856 = ORIENTED_EDGE('',*,*,#1381,.T.);
#6857 = ORIENTED_EDGE('',*,*,#1040,.T.);
#6858 = ORIENTED_EDGE('',*,*,#6859,.F.);
#6859 = EDGE_CURVE('',#1310,#1033,#6860,.T.);
#6860 = LINE('',#6861,#6862);
#6861 = CARTESIAN_POINT('',(-2.59,0.61,0.990040976024));
#6862 = VECTOR('',#6863,1.);
#6863 = DIRECTION('',(0.,2.22044604925E-16,-1.));
#6864 = PLANE('',#6865);
#6865 = AXIS2_PLACEMENT_3D('',#6866,#6867,#6868);
#6866 = CARTESIAN_POINT('',(-3.12,0.61,0.55));
#6867 = DIRECTION('',(0.,1.,2.22044604925E-16));
#6868 = DIRECTION('',(1.,0.,0.));
#6869 = ADVANCED_FACE('',(#6870),#6881,.T.);
#6870 = FACE_BOUND('',#6871,.F.);
#6871 = EDGE_LOOP('',(#6872,#6873,#6874,#6875));
#6872 = ORIENTED_EDGE('',*,*,#1317,.F.);
#6873 = ORIENTED_EDGE('',*,*,#6859,.T.);
#6874 = ORIENTED_EDGE('',*,*,#1032,.T.);
#6875 = ORIENTED_EDGE('',*,*,#6876,.F.);
#6876 = EDGE_CURVE('',#1318,#1025,#6877,.T.);
#6877 = LINE('',#6878,#6879);
#6878 = CARTESIAN_POINT('',(-2.17,0.19,1.142908474416));
#6879 = VECTOR('',#6880,1.);
#6880 = DIRECTION('',(0.,2.22044604925E-16,-1.));
#6881 = PLANE('',#6882);
#6882 = AXIS2_PLACEMENT_3D('',#6883,#6884,#6885);
#6883 = CARTESIAN_POINT('',(-2.59,0.61,0.55));
#6884 = DIRECTION('',(0.707106781187,0.707106781187,1.570092458684E-16)
  );
#6885 = DIRECTION('',(0.707106781187,-0.707106781187,-1.570092458684E-16
    ));
#6886 = ADVANCED_FACE('',(#6887),#6898,.T.);
#6887 = FACE_BOUND('',#6888,.F.);
#6888 = EDGE_LOOP('',(#6889,#6890,#6891,#6892));
#6889 = ORIENTED_EDGE('',*,*,#1325,.F.);
#6890 = ORIENTED_EDGE('',*,*,#6876,.T.);
#6891 = ORIENTED_EDGE('',*,*,#1024,.T.);
#6892 = ORIENTED_EDGE('',*,*,#6893,.F.);
#6893 = EDGE_CURVE('',#1326,#1017,#6894,.T.);
#6894 = LINE('',#6895,#6896);
#6895 = CARTESIAN_POINT('',(-2.17,-0.21,1.288496568122));
#6896 = VECTOR('',#6897,1.);
#6897 = DIRECTION('',(0.,2.22044604925E-16,-1.));
#6898 = PLANE('',#6899);
#6899 = AXIS2_PLACEMENT_3D('',#6900,#6901,#6902);
#6900 = CARTESIAN_POINT('',(-2.17,0.19,0.55));
#6901 = DIRECTION('',(1.,0.,0.));
#6902 = DIRECTION('',(0.,-1.,-2.22044604925E-16));
#6903 = ADVANCED_FACE('',(#6904),#6915,.T.);
#6904 = FACE_BOUND('',#6905,.F.);
#6905 = EDGE_LOOP('',(#6906,#6907,#6908,#6909));
#6906 = ORIENTED_EDGE('',*,*,#1333,.F.);
#6907 = ORIENTED_EDGE('',*,*,#6893,.T.);
#6908 = ORIENTED_EDGE('',*,*,#1016,.T.);
#6909 = ORIENTED_EDGE('',*,*,#6910,.F.);
#6910 = EDGE_CURVE('',#1334,#1009,#6911,.T.);
#6911 = LINE('',#6912,#6913);
#6912 = CARTESIAN_POINT('',(-2.421,-0.461,1.379853096923));
#6913 = VECTOR('',#6914,1.);
#6914 = DIRECTION('',(0.,2.22044604925E-16,-1.));
#6915 = PLANE('',#6916);
#6916 = AXIS2_PLACEMENT_3D('',#6917,#6918,#6919);
#6917 = CARTESIAN_POINT('',(-2.17,-0.21,0.55));
#6918 = DIRECTION('',(0.707106781187,-0.707106781187,-1.570092458684E-16
    ));
#6919 = DIRECTION('',(-0.707106781187,-0.707106781187,
    -1.570092458684E-16));
#6920 = ADVANCED_FACE('',(#6921),#6928,.T.);
#6921 = FACE_BOUND('',#6922,.F.);
#6922 = EDGE_LOOP('',(#6923,#6924,#6925,#6926,#6927));
#6923 = ORIENTED_EDGE('',*,*,#1341,.F.);
#6924 = ORIENTED_EDGE('',*,*,#6910,.T.);
#6925 = ORIENTED_EDGE('',*,*,#1008,.T.);
#6926 = ORIENTED_EDGE('',*,*,#1222,.F.);
#6927 = ORIENTED_EDGE('',*,*,#1247,.T.);
#6928 = PLANE('',#6929);
#6929 = AXIS2_PLACEMENT_3D('',#6930,#6931,#6932);
#6930 = CARTESIAN_POINT('',(-2.421,-0.461,0.55));
#6931 = DIRECTION('',(1.,0.,0.));
#6932 = DIRECTION('',(0.,-1.,-2.22044604925E-16));
#6933 = ADVANCED_FACE('',(#6934),#6976,.T.);
#6934 = FACE_BOUND('',#6935,.F.);
#6935 = EDGE_LOOP('',(#6936,#6944,#6952,#6960,#6968,#6974,#6975));
#6936 = ORIENTED_EDGE('',*,*,#6937,.T.);
#6937 = EDGE_CURVE('',#1270,#6938,#6940,.T.);
#6938 = VERTEX_POINT('',#6939);
#6939 = CARTESIAN_POINT('',(2.421,-0.461,1.379853096923));
#6940 = LINE('',#6941,#6942);
#6941 = CARTESIAN_POINT('',(2.421,-0.901,1.54));
#6942 = VECTOR('',#6943,1.);
#6943 = DIRECTION('',(0.,0.939692620786,-0.342020143326));
#6944 = ORIENTED_EDGE('',*,*,#6945,.T.);
#6945 = EDGE_CURVE('',#6938,#6946,#6948,.T.);
#6946 = VERTEX_POINT('',#6947);
#6947 = CARTESIAN_POINT('',(2.17,-0.21,1.288496568122));
#6948 = LINE('',#6949,#6950);
#6949 = CARTESIAN_POINT('',(2.421,-0.461,1.379853096923));
#6950 = VECTOR('',#6951,1.);
#6951 = DIRECTION('',(-0.684791078772,0.684791078772,-0.249243569364));
#6952 = ORIENTED_EDGE('',*,*,#6953,.T.);
#6953 = EDGE_CURVE('',#6946,#6954,#6956,.T.);
#6954 = VERTEX_POINT('',#6955);
#6955 = CARTESIAN_POINT('',(2.17,0.19,1.142908474416));
#6956 = LINE('',#6957,#6958);
#6957 = CARTESIAN_POINT('',(2.17,-0.21,1.288496568122));
#6958 = VECTOR('',#6959,1.);
#6959 = DIRECTION('',(0.,0.939692620786,-0.342020143326));
#6960 = ORIENTED_EDGE('',*,*,#6961,.T.);
#6961 = EDGE_CURVE('',#6954,#6962,#6964,.T.);
#6962 = VERTEX_POINT('',#6963);
#6963 = CARTESIAN_POINT('',(2.59,0.61,0.990040976024));
#6964 = LINE('',#6965,#6966);
#6965 = CARTESIAN_POINT('',(2.17,0.19,1.142908474416));
#6966 = VECTOR('',#6967,1.);
#6967 = DIRECTION('',(0.684791078772,0.684791078772,-0.249243569364));
#6968 = ORIENTED_EDGE('',*,*,#6969,.F.);
#6969 = EDGE_CURVE('',#742,#6962,#6970,.T.);
#6970 = LINE('',#6971,#6972);
#6971 = CARTESIAN_POINT('',(3.12,0.61,0.990040976024));
#6972 = VECTOR('',#6973,1.);
#6973 = DIRECTION('',(-1.,-0.,0.));
#6974 = ORIENTED_EDGE('',*,*,#741,.T.);
#6975 = ORIENTED_EDGE('',*,*,#1269,.T.);
#6976 = PLANE('',#6977);
#6977 = AXIS2_PLACEMENT_3D('',#6978,#6979,#6980);
#6978 = CARTESIAN_POINT('',(2.855,-0.1455,1.265020488012));
#6979 = DIRECTION('',(0.,0.342020143326,0.939692620786));
#6980 = DIRECTION('',(-1.,-0.,0.));
#6981 = ADVANCED_FACE('',(#6982),#6999,.T.);
#6982 = FACE_BOUND('',#6983,.F.);
#6983 = EDGE_LOOP('',(#6984,#6985,#6986,#6992,#6993));
#6984 = ORIENTED_EDGE('',*,*,#6937,.F.);
#6985 = ORIENTED_EDGE('',*,*,#1287,.T.);
#6986 = ORIENTED_EDGE('',*,*,#6987,.T.);
#6987 = EDGE_CURVE('',#1280,#1191,#6988,.T.);
#6988 = LINE('',#6989,#6990);
#6989 = CARTESIAN_POINT('',(2.421,-1.061,1.54));
#6990 = VECTOR('',#6991,1.);
#6991 = DIRECTION('',(0.,2.22044604925E-16,-1.));
#6992 = ORIENTED_EDGE('',*,*,#1190,.T.);
#6993 = ORIENTED_EDGE('',*,*,#6994,.F.);
#6994 = EDGE_CURVE('',#6938,#1183,#6995,.T.);
#6995 = LINE('',#6996,#6997);
#6996 = CARTESIAN_POINT('',(2.421,-0.461,1.379853096923));
#6997 = VECTOR('',#6998,1.);
#6998 = DIRECTION('',(0.,2.22044604925E-16,-1.));
#6999 = PLANE('',#7000);
#7000 = AXIS2_PLACEMENT_3D('',#7001,#7002,#7003);
#7001 = CARTESIAN_POINT('',(2.421,-1.061,0.55));
#7002 = DIRECTION('',(-1.,-0.,0.));
#7003 = DIRECTION('',(0.,1.,2.22044604925E-16));
#7004 = ADVANCED_FACE('',(#7005),#7012,.T.);
#7005 = FACE_BOUND('',#7006,.F.);
#7006 = EDGE_LOOP('',(#7007,#7008,#7009,#7010,#7011));
#7007 = ORIENTED_EDGE('',*,*,#853,.T.);
#7008 = ORIENTED_EDGE('',*,*,#1198,.T.);
#7009 = ORIENTED_EDGE('',*,*,#6987,.F.);
#7010 = ORIENTED_EDGE('',*,*,#1279,.T.);
#7011 = ORIENTED_EDGE('',*,*,#702,.T.);
#7012 = PLANE('',#7013);
#7013 = AXIS2_PLACEMENT_3D('',#7014,#7015,#7016);
#7014 = CARTESIAN_POINT('',(2.202530870902,-2.3,0.55));
#7015 = DIRECTION('',(-0.984807753012,0.173648177667,3.8557641006E-17));
#7016 = DIRECTION('',(0.173648177667,0.984807753012,2.186712484447E-16)
  );
#7017 = ADVANCED_FACE('',(#7018),#7029,.T.);
#7018 = FACE_BOUND('',#7019,.F.);
#7019 = EDGE_LOOP('',(#7020,#7021,#7022,#7023));
#7020 = ORIENTED_EDGE('',*,*,#6945,.F.);
#7021 = ORIENTED_EDGE('',*,*,#6994,.T.);
#7022 = ORIENTED_EDGE('',*,*,#1182,.T.);
#7023 = ORIENTED_EDGE('',*,*,#7024,.F.);
#7024 = EDGE_CURVE('',#6946,#1175,#7025,.T.);
#7025 = LINE('',#7026,#7027);
#7026 = CARTESIAN_POINT('',(2.17,-0.21,1.288496568122));
#7027 = VECTOR('',#7028,1.);
#7028 = DIRECTION('',(0.,2.22044604925E-16,-1.));
#7029 = PLANE('',#7030);
#7030 = AXIS2_PLACEMENT_3D('',#7031,#7032,#7033);
#7031 = CARTESIAN_POINT('',(2.421,-0.461,0.55));
#7032 = DIRECTION('',(-0.707106781187,-0.707106781187,
    -1.570092458684E-16));
#7033 = DIRECTION('',(-0.707106781187,0.707106781187,1.570092458684E-16)
  );
#7034 = ADVANCED_FACE('',(#7035),#7046,.T.);
#7035 = FACE_BOUND('',#7036,.F.);
#7036 = EDGE_LOOP('',(#7037,#7038,#7039,#7040));
#7037 = ORIENTED_EDGE('',*,*,#6953,.F.);
#7038 = ORIENTED_EDGE('',*,*,#7024,.T.);
#7039 = ORIENTED_EDGE('',*,*,#1174,.T.);
#7040 = ORIENTED_EDGE('',*,*,#7041,.F.);
#7041 = EDGE_CURVE('',#6954,#1167,#7042,.T.);
#7042 = LINE('',#7043,#7044);
#7043 = CARTESIAN_POINT('',(2.17,0.19,1.142908474416));
#7044 = VECTOR('',#7045,1.);
#7045 = DIRECTION('',(0.,2.22044604925E-16,-1.));
#7046 = PLANE('',#7047);
#7047 = AXIS2_PLACEMENT_3D('',#7048,#7049,#7050);
#7048 = CARTESIAN_POINT('',(2.17,-0.21,0.55));
#7049 = DIRECTION('',(-1.,-0.,0.));
#7050 = DIRECTION('',(0.,1.,2.22044604925E-16));
#7051 = ADVANCED_FACE('',(#7052),#7063,.T.);
#7052 = FACE_BOUND('',#7053,.F.);
#7053 = EDGE_LOOP('',(#7054,#7055,#7056,#7057));
#7054 = ORIENTED_EDGE('',*,*,#6961,.F.);
#7055 = ORIENTED_EDGE('',*,*,#7041,.T.);
#7056 = ORIENTED_EDGE('',*,*,#1166,.T.);
#7057 = ORIENTED_EDGE('',*,*,#7058,.F.);
#7058 = EDGE_CURVE('',#6962,#1159,#7059,.T.);
#7059 = LINE('',#7060,#7061);
#7060 = CARTESIAN_POINT('',(2.59,0.61,0.990040976024));
#7061 = VECTOR('',#7062,1.);
#7062 = DIRECTION('',(0.,2.22044604925E-16,-1.));
#7063 = PLANE('',#7064);
#7064 = AXIS2_PLACEMENT_3D('',#7065,#7066,#7067);
#7065 = CARTESIAN_POINT('',(2.17,0.19,0.55));
#7066 = DIRECTION('',(-0.707106781187,0.707106781187,1.570092458684E-16)
  );
#7067 = DIRECTION('',(0.707106781187,0.707106781187,1.570092458684E-16)
  );
#7068 = ADVANCED_FACE('',(#7069),#7075,.T.);
#7069 = FACE_BOUND('',#7070,.F.);
#7070 = EDGE_LOOP('',(#7071,#7072,#7073,#7074));
#7071 = ORIENTED_EDGE('',*,*,#6969,.T.);
#7072 = ORIENTED_EDGE('',*,*,#7058,.T.);
#7073 = ORIENTED_EDGE('',*,*,#1158,.F.);
#7074 = ORIENTED_EDGE('',*,*,#749,.F.);
#7075 = PLANE('',#7076);
#7076 = AXIS2_PLACEMENT_3D('',#7077,#7078,#7079);
#7077 = CARTESIAN_POINT('',(2.59,0.61,0.55));
#7078 = DIRECTION('',(0.,1.,2.22044604925E-16));
#7079 = DIRECTION('',(1.,0.,0.));
#7080 = ( GEOMETRIC_REPRESENTATION_CONTEXT(3) 
GLOBAL_UNCERTAINTY_ASSIGNED_CONTEXT((#7084)) 
GLOBAL_UNIT_ASSIGNED_CONTEXT((#7081,#7082,#7083)) REPRESENTATION_CONTEXT
('Context #1','3D Context with UNIT and UNCERTAINTY') );
#7081 = ( LENGTH_UNIT() NAMED_UNIT(*) SI_UNIT(.MILLI.,.METRE.) );
#7082 = ( NAMED_UNIT(*) PLANE_ANGLE_UNIT() SI_UNIT($,.RADIAN.) );
#7083 = ( NAMED_UNIT(*) SI_UNIT($,.STERADIAN.) SOLID_ANGLE_UNIT() );
#7084 = UNCERTAINTY_MEASURE_WITH_UNIT(LENGTH_MEASURE(2.E-06),#7081,
  'distance_accuracy_value','confusion accuracy');
#7085 = PRODUCT_RELATED_PRODUCT_CATEGORY('part',$,(#7));
ENDSEC;
END-ISO-10303-21;
