ISO-10303-21;
HEADER;
FILE_DESCRIPTION(('FreeCAD Model'),'2;1');
FILE_NAME('Open CASCADE Shape Model','2026-09-06T22:16:43',('FreeCAD'),(
    'FreeCAD'),'Open CASCADE STEP processor 7.8','FreeCAD','Unknown');
FILE_SCHEMA(('AUTOMOTIVE_DESIGN { 1 0 10303 214 1 1 1 1 }'));
ENDSEC;
DATA;
#1 = APPLICATION_PROTOCOL_DEFINITION('international standard',
  'automotive_design',2000,#2);
#2 = APPLICATION_CONTEXT(
  'core data for automotive mechanical design processes');
#3 = SHAPE_DEFINITION_REPRESENTATION(#4,#10);
#4 = PRODUCT_DEFINITION_SHAPE('','',#5);
#5 = PRODUCT_DEFINITION('design','',#6,#9);
#6 = PRODUCT_DEFINITION_FORMATION('','',#7);
#7 = PRODUCT('Open CASCADE STEP translator 7.8 1',
  'Open CASCADE STEP translator 7.8 1','',(#8));
#8 = PRODUCT_CONTEXT('',#2,'mechanical');
#9 = PRODUCT_DEFINITION_CONTEXT('part definition',#2,'design');
#10 = SHAPE_REPRESENTATION('',(#11,#15,#9383,#9636,#9889,#10142,#10395),
  #10648);
#11 = AXIS2_PLACEMENT_3D('',#12,#13,#14);
#12 = CARTESIAN_POINT('',(0.,0.,0.));
#13 = DIRECTION('',(0.,0.,1.));
#14 = DIRECTION('',(1.,0.,-0.));
#15 = MANIFOLD_SOLID_BREP('',#16);
#16 = CLOSED_SHELL('',(#17,#59,#90,#130,#170,#210,#389,#429,#469,#509,
    #549,#711,#742,#903,#1071,#1102,#1133,#1267,#1408,#1425,#1442,#1464,
    #1481,#1493,#1524,#1564,#1581,#1603,#1763,#1803,#1843,#1883,#1923,
    #2083,#2100,#2117,#2139,#2180,#2221,#2233,#2255,#2311,#2367,#2417,
    #2472,#2505,#2522,#2544,#2568,#2600,#2612,#2629,#2646,#2671,#2708,
    #2733,#2816,#2905,#2930,#2954,#2972,#2988,#3011,#3029,#3041,#3064,
    #3089,#3107,#3119,#3131,#3156,#3212,#3279,#3342,#3373,#3535,#3681,
    #3748,#3811,#3835,#3860,#3947,#3989,#4054,#4148,#4179,#4650,#4684,
    #4776,#4808,#4940,#4967,#5059,#5084,#5103,#5195,#5207,#5224,#5241,
    #5258,#5275,#5292,#5309,#5326,#5343,#5360,#5480,#5505,#5530,#5554,
    #5579,#5603,#5627,#5651,#5676,#5693,#5712,#5732,#5744,#5792,#5817,
    #5841,#5882,#5907,#5929,#5953,#5977,#6028,#6060,#6098,#6146,#6177,
    #6211,#6242,#6273,#6331,#6363,#6387,#6411,#6441,#6458,#6470,#6482,
    #6499,#6520,#6537,#6549,#6561,#6573,#6600,#6685,#6710,#6729,#6814,
    #6826,#6843,#6860,#6877,#6894,#6911,#6928,#6945,#6962,#6974,#7001,
    #7086,#7111,#7130,#7215,#7227,#7244,#7261,#7278,#7295,#7312,#7329,
    #7346,#7363,#7375,#7402,#7487,#7512,#7531,#7616,#7628,#7645,#7662,
    #7679,#7696,#7713,#7730,#7747,#7764,#7776,#7788,#7800,#7817,#7834,
    #7853,#7870,#7887,#7904,#7921,#7938,#7955,#7972,#7989,#8006,#8023,
    #8040,#8059,#8076,#8093,#8128,#8145,#8176,#8188,#8205,#8293,#8376,
    #8393,#8410,#8427,#8444,#8461,#8473,#8485,#8497,#8514,#8539,#8563,
    #8594,#8611,#8636,#8654,#8666,#8689,#8701,#8726,#8743,#8761,#8773,
    #8785,#8802,#8825,#8848,#8860,#8877,#8889,#8901,#8918,#8930,#8942,
    #8954,#8971,#8988,#9000,#9012,#9024,#9048,#9060,#9077,#9094,#9111,
    #9128,#9145,#9162,#9179,#9196,#9213,#9230,#9242,#9259,#9276,#9311,
    #9323,#9335,#9347,#9359,#9371));
#17 = ADVANCED_FACE('',(#18),#54,.T.);
#18 = FACE_BOUND('',#19,.T.);
#19 = EDGE_LOOP('',(#20,#31,#39,#48));
#20 = ORIENTED_EDGE('',*,*,#21,.F.);
#21 = EDGE_CURVE('',#22,#24,#26,.T.);
#22 = VERTEX_POINT('',#23);
#23 = CARTESIAN_POINT('',(-1.949,0.48,0.32));
#24 = VERTEX_POINT('',#25);
#25 = CARTESIAN_POINT('',(-2.049,0.58,0.32));
#26 = CIRCLE('',#27,0.1);
#27 = AXIS2_PLACEMENT_3D('',#28,#29,#30);
#28 = CARTESIAN_POINT('',(-2.049,0.48,0.32));
#29 = DIRECTION('',(1.359631073447E-32,1.110223024625E-16,1.));
#30 = DIRECTION('',(1.,-1.224646799147E-16,0.));
#31 = ORIENTED_EDGE('',*,*,#32,.F.);
#32 = EDGE_CURVE('',#33,#22,#35,.T.);
#33 = VERTEX_POINT('',#34);
#34 = CARTESIAN_POINT('',(-1.949,0.48,3.5E-02));
#35 = LINE('',#36,#37);
#36 = CARTESIAN_POINT('',(-1.949,0.48,3.5E-02));
#37 = VECTOR('',#38,1.);
#38 = DIRECTION('',(1.359631073447E-32,1.110223024625E-16,1.));
#39 = ORIENTED_EDGE('',*,*,#40,.F.);
#40 = EDGE_CURVE('',#41,#33,#43,.T.);
#41 = VERTEX_POINT('',#42);
#42 = CARTESIAN_POINT('',(-2.049,0.58,3.5E-02));
#43 = CIRCLE('',#44,0.1);
#44 = AXIS2_PLACEMENT_3D('',#45,#46,#47);
#45 = CARTESIAN_POINT('',(-2.049,0.48,3.5E-02));
#46 = DIRECTION('',(-1.359631073447E-32,-1.110223024625E-16,-1.));
#47 = DIRECTION('',(1.224646799147E-16,1.,-1.110223024625E-16));
#48 = ORIENTED_EDGE('',*,*,#49,.T.);
#49 = EDGE_CURVE('',#41,#24,#50,.T.);
#50 = LINE('',#51,#52);
#51 = CARTESIAN_POINT('',(-2.049,0.58,3.5E-02));
#52 = VECTOR('',#53,1.);
#53 = DIRECTION('',(1.359631073447E-32,1.110223024625E-16,1.));
#54 = CYLINDRICAL_SURFACE('',#55,0.1);
#55 = AXIS2_PLACEMENT_3D('',#56,#57,#58);
#56 = CARTESIAN_POINT('',(-2.049,0.48,-2.5872));
#57 = DIRECTION('',(1.359631073447E-32,1.110223024625E-16,1.));
#58 = DIRECTION('',(1.,-1.224646799147E-16,0.));
#59 = ADVANCED_FACE('',(#60),#85,.T.);
#60 = FACE_BOUND('',#61,.F.);
#61 = EDGE_LOOP('',(#62,#63,#71,#79));
#62 = ORIENTED_EDGE('',*,*,#49,.T.);
#63 = ORIENTED_EDGE('',*,*,#64,.F.);
#64 = EDGE_CURVE('',#65,#24,#67,.T.);
#65 = VERTEX_POINT('',#66);
#66 = CARTESIAN_POINT('',(-2.939945256223,0.58,0.32));
#67 = LINE('',#68,#69);
#68 = CARTESIAN_POINT('',(-2.939945256222,0.58,0.32));
#69 = VECTOR('',#70,1.);
#70 = DIRECTION('',(1.,-1.224646799147E-16,0.));
#71 = ORIENTED_EDGE('',*,*,#72,.F.);
#72 = EDGE_CURVE('',#73,#65,#75,.T.);
#73 = VERTEX_POINT('',#74);
#74 = CARTESIAN_POINT('',(-2.939945256222,0.58,3.5E-02));
#75 = LINE('',#76,#77);
#76 = CARTESIAN_POINT('',(-2.939945256222,0.58,3.5E-02));
#77 = VECTOR('',#78,1.);
#78 = DIRECTION('',(-1.55820775386E-14,1.110223024625E-16,1.));
#79 = ORIENTED_EDGE('',*,*,#80,.T.);
#80 = EDGE_CURVE('',#73,#41,#81,.T.);
#81 = LINE('',#82,#83);
#82 = CARTESIAN_POINT('',(-2.939945256222,0.58,3.5E-02));
#83 = VECTOR('',#84,1.);
#84 = DIRECTION('',(1.,-1.224646799147E-16,0.));
#85 = PLANE('',#86);
#86 = AXIS2_PLACEMENT_3D('',#87,#88,#89);
#87 = CARTESIAN_POINT('',(-2.939945256222,0.58,3.5E-02));
#88 = DIRECTION('',(1.224646799147E-16,1.,-1.110223024625E-16));
#89 = DIRECTION('',(1.,-1.224646799147E-16,0.));
#90 = ADVANCED_FACE('',(#91),#125,.T.);
#91 = FACE_BOUND('',#92,.F.);
#92 = EDGE_LOOP('',(#93,#103,#111,#119));
#93 = ORIENTED_EDGE('',*,*,#94,.T.);
#94 = EDGE_CURVE('',#95,#97,#99,.T.);
#95 = VERTEX_POINT('',#96);
#96 = CARTESIAN_POINT('',(-2.049,0.58,1.72));
#97 = VERTEX_POINT('',#98);
#98 = CARTESIAN_POINT('',(-2.049,0.58,2.005));
#99 = LINE('',#100,#101);
#100 = CARTESIAN_POINT('',(-2.049,0.58,1.72));
#101 = VECTOR('',#102,1.);
#102 = DIRECTION('',(1.359631073447E-32,1.110223024625E-16,1.));
#103 = ORIENTED_EDGE('',*,*,#104,.F.);
#104 = EDGE_CURVE('',#105,#97,#107,.T.);
#105 = VERTEX_POINT('',#106);
#106 = CARTESIAN_POINT('',(-2.939945256222,0.58,2.005));
#107 = LINE('',#108,#109);
#108 = CARTESIAN_POINT('',(-2.939945256222,0.58,2.005));
#109 = VECTOR('',#110,1.);
#110 = DIRECTION('',(1.,-1.224646799147E-16,0.));
#111 = ORIENTED_EDGE('',*,*,#112,.F.);
#112 = EDGE_CURVE('',#113,#105,#115,.T.);
#113 = VERTEX_POINT('',#114);
#114 = CARTESIAN_POINT('',(-2.939945256223,0.58,1.72));
#115 = LINE('',#116,#117);
#116 = CARTESIAN_POINT('',(-2.939945256222,0.58,1.72));
#117 = VECTOR('',#118,1.);
#118 = DIRECTION('',(1.55820775386E-14,1.110223024625E-16,1.));
#119 = ORIENTED_EDGE('',*,*,#120,.T.);
#120 = EDGE_CURVE('',#113,#95,#121,.T.);
#121 = LINE('',#122,#123);
#122 = CARTESIAN_POINT('',(-2.939945256222,0.58,1.72));
#123 = VECTOR('',#124,1.);
#124 = DIRECTION('',(1.,-1.224646799147E-16,0.));
#125 = PLANE('',#126);
#126 = AXIS2_PLACEMENT_3D('',#127,#128,#129);
#127 = CARTESIAN_POINT('',(-2.939945256222,0.58,3.5E-02));
#128 = DIRECTION('',(1.224646799147E-16,1.,-1.110223024625E-16));
#129 = DIRECTION('',(1.,-1.224646799147E-16,0.));
#130 = ADVANCED_FACE('',(#131),#165,.T.);
#131 = FACE_BOUND('',#132,.F.);
#132 = EDGE_LOOP('',(#133,#143,#151,#159));
#133 = ORIENTED_EDGE('',*,*,#134,.T.);
#134 = EDGE_CURVE('',#135,#137,#139,.T.);
#135 = VERTEX_POINT('',#136);
#136 = CARTESIAN_POINT('',(2.72,-2.17,0.32));
#137 = VERTEX_POINT('',#138);
#138 = CARTESIAN_POINT('',(2.72,-2.22,0.32));
#139 = LINE('',#140,#141);
#140 = CARTESIAN_POINT('',(2.72,-2.17,0.32));
#141 = VECTOR('',#142,1.);
#142 = DIRECTION('',(-1.224646799147E-16,-1.,1.110223024625E-16));
#143 = ORIENTED_EDGE('',*,*,#144,.T.);
#144 = EDGE_CURVE('',#137,#145,#147,.T.);
#145 = VERTEX_POINT('',#146);
#146 = CARTESIAN_POINT('',(3.1,-2.22,0.32));
#147 = LINE('',#148,#149);
#148 = CARTESIAN_POINT('',(2.72,-2.22,0.32));
#149 = VECTOR('',#150,1.);
#150 = DIRECTION('',(1.,-1.224646799147E-16,0.));
#151 = ORIENTED_EDGE('',*,*,#152,.F.);
#152 = EDGE_CURVE('',#153,#145,#155,.T.);
#153 = VERTEX_POINT('',#154);
#154 = CARTESIAN_POINT('',(3.1,-2.17,0.32));
#155 = LINE('',#156,#157);
#156 = CARTESIAN_POINT('',(3.1,-2.17,0.32));
#157 = VECTOR('',#158,1.);
#158 = DIRECTION('',(-1.224646799147E-16,-1.,1.110223024625E-16));
#159 = ORIENTED_EDGE('',*,*,#160,.F.);
#160 = EDGE_CURVE('',#135,#153,#161,.T.);
#161 = LINE('',#162,#163);
#162 = CARTESIAN_POINT('',(2.72,-2.17,0.32));
#163 = VECTOR('',#164,1.);
#164 = DIRECTION('',(1.,-1.224646799147E-16,0.));
#165 = PLANE('',#166);
#166 = AXIS2_PLACEMENT_3D('',#167,#168,#169);
#167 = CARTESIAN_POINT('',(-1.45,0.68,0.32));
#168 = DIRECTION('',(-1.359631073447E-32,-1.110223024625E-16,-1.));
#169 = DIRECTION('',(-1.224646799147E-16,-1.,1.110223024625E-16));
#170 = ADVANCED_FACE('',(#171),#205,.T.);
#171 = FACE_BOUND('',#172,.F.);
#172 = EDGE_LOOP('',(#173,#183,#191,#199));
#173 = ORIENTED_EDGE('',*,*,#174,.T.);
#174 = EDGE_CURVE('',#175,#177,#179,.T.);
#175 = VERTEX_POINT('',#176);
#176 = CARTESIAN_POINT('',(-2.72,-2.22,0.32));
#177 = VERTEX_POINT('',#178);
#178 = CARTESIAN_POINT('',(-2.72,-2.17,0.32));
#179 = LINE('',#180,#181);
#180 = CARTESIAN_POINT('',(-2.72,-2.22,0.32));
#181 = VECTOR('',#182,1.);
#182 = DIRECTION('',(1.224646799147E-16,1.,-1.110223024625E-16));
#183 = ORIENTED_EDGE('',*,*,#184,.F.);
#184 = EDGE_CURVE('',#185,#177,#187,.T.);
#185 = VERTEX_POINT('',#186);
#186 = CARTESIAN_POINT('',(-3.1,-2.17,0.32));
#187 = LINE('',#188,#189);
#188 = CARTESIAN_POINT('',(-3.1,-2.17,0.32));
#189 = VECTOR('',#190,1.);
#190 = DIRECTION('',(1.,-1.224646799147E-16,0.));
#191 = ORIENTED_EDGE('',*,*,#192,.F.);
#192 = EDGE_CURVE('',#193,#185,#195,.T.);
#193 = VERTEX_POINT('',#194);
#194 = CARTESIAN_POINT('',(-3.1,-2.22,0.32));
#195 = LINE('',#196,#197);
#196 = CARTESIAN_POINT('',(-3.1,-2.22,0.32));
#197 = VECTOR('',#198,1.);
#198 = DIRECTION('',(1.224646799147E-16,1.,-1.110223024625E-16));
#199 = ORIENTED_EDGE('',*,*,#200,.T.);
#200 = EDGE_CURVE('',#193,#175,#201,.T.);
#201 = LINE('',#202,#203);
#202 = CARTESIAN_POINT('',(-3.1,-2.22,0.32));
#203 = VECTOR('',#204,1.);
#204 = DIRECTION('',(1.,-1.224646799147E-16,0.));
#205 = PLANE('',#206);
#206 = AXIS2_PLACEMENT_3D('',#207,#208,#209);
#207 = CARTESIAN_POINT('',(-1.45,0.68,0.32));
#208 = DIRECTION('',(-1.359631073447E-32,-1.110223024625E-16,-1.));
#209 = DIRECTION('',(-1.224646799147E-16,-1.,1.110223024625E-16));
#210 = ADVANCED_FACE('',(#211),#384,.T.);
#211 = FACE_BOUND('',#212,.F.);
#212 = EDGE_LOOP('',(#213,#223,#231,#239,#247,#255,#263,#272,#280,#288,
    #296,#304,#312,#320,#328,#337,#345,#354,#362,#370,#378));
#213 = ORIENTED_EDGE('',*,*,#214,.T.);
#214 = EDGE_CURVE('',#215,#217,#219,.T.);
#215 = VERTEX_POINT('',#216);
#216 = CARTESIAN_POINT('',(1.1,0.68,0.32));
#217 = VERTEX_POINT('',#218);
#218 = CARTESIAN_POINT('',(1.1,0.38,0.32));
#219 = LINE('',#220,#221);
#220 = CARTESIAN_POINT('',(1.1,0.68,0.32));
#221 = VECTOR('',#222,1.);
#222 = DIRECTION('',(-1.224646799147E-16,-1.,1.110223024625E-16));
#223 = ORIENTED_EDGE('',*,*,#224,.T.);
#224 = EDGE_CURVE('',#217,#225,#227,.T.);
#225 = VERTEX_POINT('',#226);
#226 = CARTESIAN_POINT('',(1.45,0.38,0.32));
#227 = LINE('',#228,#229);
#228 = CARTESIAN_POINT('',(1.1,0.38,0.32));
#229 = VECTOR('',#230,1.);
#230 = DIRECTION('',(1.,-1.224646799147E-16,0.));
#231 = ORIENTED_EDGE('',*,*,#232,.T.);
#232 = EDGE_CURVE('',#225,#233,#235,.T.);
#233 = VERTEX_POINT('',#234);
#234 = CARTESIAN_POINT('',(1.45,-2.22,0.32));
#235 = LINE('',#236,#237);
#236 = CARTESIAN_POINT('',(1.45,0.38,0.32));
#237 = VECTOR('',#238,1.);
#238 = DIRECTION('',(-1.224646799147E-16,-1.,1.110223024625E-16));
#239 = ORIENTED_EDGE('',*,*,#240,.T.);
#240 = EDGE_CURVE('',#233,#241,#243,.T.);
#241 = VERTEX_POINT('',#242);
#242 = CARTESIAN_POINT('',(1.7,-2.22,0.32));
#243 = LINE('',#244,#245);
#244 = CARTESIAN_POINT('',(1.45,-2.22,0.32));
#245 = VECTOR('',#246,1.);
#246 = DIRECTION('',(1.,-1.224646799147E-16,0.));
#247 = ORIENTED_EDGE('',*,*,#248,.T.);
#248 = EDGE_CURVE('',#241,#249,#251,.T.);
#249 = VERTEX_POINT('',#250);
#250 = CARTESIAN_POINT('',(1.7,-2.17,0.32));
#251 = LINE('',#252,#253);
#252 = CARTESIAN_POINT('',(1.7,-2.22,0.32));
#253 = VECTOR('',#254,1.);
#254 = DIRECTION('',(1.224646799147E-16,1.,-1.110223024625E-16));
#255 = ORIENTED_EDGE('',*,*,#256,.F.);
#256 = EDGE_CURVE('',#257,#249,#259,.T.);
#257 = VERTEX_POINT('',#258);
#258 = CARTESIAN_POINT('',(1.67,-2.17,0.32));
#259 = LINE('',#260,#261);
#260 = CARTESIAN_POINT('',(1.67,-2.17,0.32));
#261 = VECTOR('',#262,1.);
#262 = DIRECTION('',(1.,-1.224646799147E-16,0.));
#263 = ORIENTED_EDGE('',*,*,#264,.T.);
#264 = EDGE_CURVE('',#257,#265,#267,.T.);
#265 = VERTEX_POINT('',#266);
#266 = CARTESIAN_POINT('',(1.47,-1.97,0.32));
#267 = CIRCLE('',#268,0.2);
#268 = AXIS2_PLACEMENT_3D('',#269,#270,#271);
#269 = CARTESIAN_POINT('',(1.67,-1.97,0.32));
#270 = DIRECTION('',(-1.359631073447E-32,-1.110223024625E-16,-1.));
#271 = DIRECTION('',(-1.224646799147E-16,-1.,1.110223024625E-16));
#272 = ORIENTED_EDGE('',*,*,#273,.T.);
#273 = EDGE_CURVE('',#265,#274,#276,.T.);
#274 = VERTEX_POINT('',#275);
#275 = CARTESIAN_POINT('',(1.47,-1.62,0.32));
#276 = LINE('',#277,#278);
#277 = CARTESIAN_POINT('',(1.47,-1.97,0.32));
#278 = VECTOR('',#279,1.);
#279 = DIRECTION('',(1.224646799147E-16,1.,-1.110223024625E-16));
#280 = ORIENTED_EDGE('',*,*,#281,.T.);
#281 = EDGE_CURVE('',#274,#282,#284,.T.);
#282 = VERTEX_POINT('',#283);
#283 = CARTESIAN_POINT('',(1.452180148829,-1.62,0.32));
#284 = LINE('',#285,#286);
#285 = CARTESIAN_POINT('',(1.47,-1.62,0.32));
#286 = VECTOR('',#287,1.);
#287 = DIRECTION('',(-1.,1.224646799147E-16,0.));
#288 = ORIENTED_EDGE('',*,*,#289,.T.);
#289 = EDGE_CURVE('',#282,#290,#292,.T.);
#290 = VERTEX_POINT('',#291);
#291 = CARTESIAN_POINT('',(1.452180148829,0.28,0.32));
#292 = LINE('',#293,#294);
#293 = CARTESIAN_POINT('',(1.452180148829,-1.62,0.32));
#294 = VECTOR('',#295,1.);
#295 = DIRECTION('',(1.224646799147E-16,1.,-1.110223024625E-16));
#296 = ORIENTED_EDGE('',*,*,#297,.T.);
#297 = EDGE_CURVE('',#290,#298,#300,.T.);
#298 = VERTEX_POINT('',#299);
#299 = CARTESIAN_POINT('',(1.7,0.28,0.32));
#300 = LINE('',#301,#302);
#301 = CARTESIAN_POINT('',(1.452180148829,0.28,0.32));
#302 = VECTOR('',#303,1.);
#303 = DIRECTION('',(1.,-1.224646799147E-16,0.));
#304 = ORIENTED_EDGE('',*,*,#305,.T.);
#305 = EDGE_CURVE('',#298,#306,#308,.T.);
#306 = VERTEX_POINT('',#307);
#307 = CARTESIAN_POINT('',(1.7,0.38,0.32));
#308 = LINE('',#309,#310);
#309 = CARTESIAN_POINT('',(1.7,0.28,0.32));
#310 = VECTOR('',#311,1.);
#311 = DIRECTION('',(1.224646799147E-16,1.,-1.110223024625E-16));
#312 = ORIENTED_EDGE('',*,*,#313,.T.);
#313 = EDGE_CURVE('',#306,#314,#316,.T.);
#314 = VERTEX_POINT('',#315);
#315 = CARTESIAN_POINT('',(1.949,0.38,0.32));
#316 = LINE('',#317,#318);
#317 = CARTESIAN_POINT('',(1.7,0.38,0.32));
#318 = VECTOR('',#319,1.);
#319 = DIRECTION('',(1.,-1.224646799147E-16,0.));
#320 = ORIENTED_EDGE('',*,*,#321,.F.);
#321 = EDGE_CURVE('',#322,#314,#324,.T.);
#322 = VERTEX_POINT('',#323);
#323 = CARTESIAN_POINT('',(1.949,0.48,0.32));
#324 = LINE('',#325,#326);
#325 = CARTESIAN_POINT('',(1.949,0.48,0.32));
#326 = VECTOR('',#327,1.);
#327 = DIRECTION('',(-1.224646799147E-16,-1.,1.110223024625E-16));
#328 = ORIENTED_EDGE('',*,*,#329,.F.);
#329 = EDGE_CURVE('',#330,#322,#332,.T.);
#330 = VERTEX_POINT('',#331);
#331 = CARTESIAN_POINT('',(2.049,0.58,0.32));
#332 = CIRCLE('',#333,0.1);
#333 = AXIS2_PLACEMENT_3D('',#334,#335,#336);
#334 = CARTESIAN_POINT('',(2.049,0.48,0.32));
#335 = DIRECTION('',(1.359631073447E-32,1.110223024625E-16,1.));
#336 = DIRECTION('',(1.224646799147E-16,1.,-1.110223024625E-16));
#337 = ORIENTED_EDGE('',*,*,#338,.T.);
#338 = EDGE_CURVE('',#330,#339,#341,.T.);
#339 = VERTEX_POINT('',#340);
#340 = CARTESIAN_POINT('',(2.939945256223,0.58,0.32));
#341 = LINE('',#342,#343);
#342 = CARTESIAN_POINT('',(2.049,0.58,0.32));
#343 = VECTOR('',#344,1.);
#344 = DIRECTION('',(1.,-1.224646799147E-16,0.));
#345 = ORIENTED_EDGE('',*,*,#346,.T.);
#346 = EDGE_CURVE('',#339,#347,#349,.T.);
#347 = VERTEX_POINT('',#348);
#348 = CARTESIAN_POINT('',(3.02396556961,0.561495418505,0.32));
#349 = CIRCLE('',#350,0.2);
#350 = AXIS2_PLACEMENT_3D('',#351,#352,#353);
#351 = CARTESIAN_POINT('',(2.939945256222,0.38,0.32));
#352 = DIRECTION('',(-1.359631073447E-32,-1.110223024625E-16,-1.));
#353 = DIRECTION('',(6.229495405892E-14,1.,-1.110223024625E-16));
#354 = ORIENTED_EDGE('',*,*,#355,.T.);
#355 = EDGE_CURVE('',#347,#356,#358,.T.);
#356 = VERTEX_POINT('',#357);
#357 = CARTESIAN_POINT('',(3.092,0.53,0.32));
#358 = LINE('',#359,#360);
#359 = CARTESIAN_POINT('',(3.02396556961,0.561495418505,0.32));
#360 = VECTOR('',#361,1.);
#361 = DIRECTION('',(0.907477092524,-0.420101566939,4.664064322967E-17)
  );
#362 = ORIENTED_EDGE('',*,*,#363,.F.);
#363 = EDGE_CURVE('',#364,#356,#366,.T.);
#364 = VERTEX_POINT('',#365);
#365 = CARTESIAN_POINT('',(3.1,0.53,0.32));
#366 = LINE('',#367,#368);
#367 = CARTESIAN_POINT('',(3.1,0.53,0.32));
#368 = VECTOR('',#369,1.);
#369 = DIRECTION('',(-1.,1.224646799147E-16,0.));
#370 = ORIENTED_EDGE('',*,*,#371,.F.);
#371 = EDGE_CURVE('',#372,#364,#374,.T.);
#372 = VERTEX_POINT('',#373);
#373 = CARTESIAN_POINT('',(3.1,0.68,0.32));
#374 = LINE('',#375,#376);
#375 = CARTESIAN_POINT('',(3.1,0.68,0.32));
#376 = VECTOR('',#377,1.);
#377 = DIRECTION('',(-1.224646799147E-16,-1.,1.110223024625E-16));
#378 = ORIENTED_EDGE('',*,*,#379,.T.);
#379 = EDGE_CURVE('',#372,#215,#380,.T.);
#380 = LINE('',#381,#382);
#381 = CARTESIAN_POINT('',(3.1,0.68,0.32));
#382 = VECTOR('',#383,1.);
#383 = DIRECTION('',(-1.,1.224646799147E-16,0.));
#384 = PLANE('',#385);
#385 = AXIS2_PLACEMENT_3D('',#386,#387,#388);
#386 = CARTESIAN_POINT('',(-1.45,0.68,0.32));
#387 = DIRECTION('',(-1.359631073447E-32,-1.110223024625E-16,-1.));
#388 = DIRECTION('',(-1.224646799147E-16,-1.,1.110223024625E-16));
#389 = ADVANCED_FACE('',(#390),#424,.T.);
#390 = FACE_BOUND('',#391,.F.);
#391 = EDGE_LOOP('',(#392,#402,#410,#418));
#392 = ORIENTED_EDGE('',*,*,#393,.T.);
#393 = EDGE_CURVE('',#394,#396,#398,.T.);
#394 = VERTEX_POINT('',#395);
#395 = CARTESIAN_POINT('',(0.6,0.68,0.32));
#396 = VERTEX_POINT('',#397);
#397 = CARTESIAN_POINT('',(0.6,0.38,0.32));
#398 = LINE('',#399,#400);
#399 = CARTESIAN_POINT('',(0.6,0.68,0.32));
#400 = VECTOR('',#401,1.);
#401 = DIRECTION('',(-1.224646799147E-16,-1.,1.110223024625E-16));
#402 = ORIENTED_EDGE('',*,*,#403,.T.);
#403 = EDGE_CURVE('',#396,#404,#406,.T.);
#404 = VERTEX_POINT('',#405);
#405 = CARTESIAN_POINT('',(0.9,0.38,0.32));
#406 = LINE('',#407,#408);
#407 = CARTESIAN_POINT('',(0.6,0.38,0.32));
#408 = VECTOR('',#409,1.);
#409 = DIRECTION('',(1.,-1.224646799147E-16,0.));
#410 = ORIENTED_EDGE('',*,*,#411,.F.);
#411 = EDGE_CURVE('',#412,#404,#414,.T.);
#412 = VERTEX_POINT('',#413);
#413 = CARTESIAN_POINT('',(0.9,0.68,0.32));
#414 = LINE('',#415,#416);
#415 = CARTESIAN_POINT('',(0.9,0.68,0.32));
#416 = VECTOR('',#417,1.);
#417 = DIRECTION('',(-1.224646799147E-16,-1.,1.110223024625E-16));
#418 = ORIENTED_EDGE('',*,*,#419,.T.);
#419 = EDGE_CURVE('',#412,#394,#420,.T.);
#420 = LINE('',#421,#422);
#421 = CARTESIAN_POINT('',(0.9,0.68,0.32));
#422 = VECTOR('',#423,1.);
#423 = DIRECTION('',(-1.,1.224646799147E-16,0.));
#424 = PLANE('',#425);
#425 = AXIS2_PLACEMENT_3D('',#426,#427,#428);
#426 = CARTESIAN_POINT('',(-1.45,0.68,0.32));
#427 = DIRECTION('',(-1.359631073447E-32,-1.110223024625E-16,-1.));
#428 = DIRECTION('',(-1.224646799147E-16,-1.,1.110223024625E-16));
#429 = ADVANCED_FACE('',(#430),#464,.T.);
#430 = FACE_BOUND('',#431,.F.);
#431 = EDGE_LOOP('',(#432,#442,#450,#458));
#432 = ORIENTED_EDGE('',*,*,#433,.T.);
#433 = EDGE_CURVE('',#434,#436,#438,.T.);
#434 = VERTEX_POINT('',#435);
#435 = CARTESIAN_POINT('',(0.1,0.68,0.32));
#436 = VERTEX_POINT('',#437);
#437 = CARTESIAN_POINT('',(0.1,0.38,0.32));
#438 = LINE('',#439,#440);
#439 = CARTESIAN_POINT('',(0.1,0.68,0.32));
#440 = VECTOR('',#441,1.);
#441 = DIRECTION('',(-1.224646799147E-16,-1.,1.110223024625E-16));
#442 = ORIENTED_EDGE('',*,*,#443,.T.);
#443 = EDGE_CURVE('',#436,#444,#446,.T.);
#444 = VERTEX_POINT('',#445);
#445 = CARTESIAN_POINT('',(0.4,0.38,0.32));
#446 = LINE('',#447,#448);
#447 = CARTESIAN_POINT('',(0.1,0.38,0.32));
#448 = VECTOR('',#449,1.);
#449 = DIRECTION('',(1.,-1.224646799147E-16,0.));
#450 = ORIENTED_EDGE('',*,*,#451,.F.);
#451 = EDGE_CURVE('',#452,#444,#454,.T.);
#452 = VERTEX_POINT('',#453);
#453 = CARTESIAN_POINT('',(0.4,0.68,0.32));
#454 = LINE('',#455,#456);
#455 = CARTESIAN_POINT('',(0.4,0.68,0.32));
#456 = VECTOR('',#457,1.);
#457 = DIRECTION('',(-1.224646799147E-16,-1.,1.110223024625E-16));
#458 = ORIENTED_EDGE('',*,*,#459,.T.);
#459 = EDGE_CURVE('',#452,#434,#460,.T.);
#460 = LINE('',#461,#462);
#461 = CARTESIAN_POINT('',(0.4,0.68,0.32));
#462 = VECTOR('',#463,1.);
#463 = DIRECTION('',(-1.,1.224646799147E-16,0.));
#464 = PLANE('',#465);
#465 = AXIS2_PLACEMENT_3D('',#466,#467,#468);
#466 = CARTESIAN_POINT('',(-1.45,0.68,0.32));
#467 = DIRECTION('',(-1.359631073447E-32,-1.110223024625E-16,-1.));
#468 = DIRECTION('',(-1.224646799147E-16,-1.,1.110223024625E-16));
#469 = ADVANCED_FACE('',(#470),#504,.T.);
#470 = FACE_BOUND('',#471,.F.);
#471 = EDGE_LOOP('',(#472,#482,#490,#498));
#472 = ORIENTED_EDGE('',*,*,#473,.T.);
#473 = EDGE_CURVE('',#474,#476,#478,.T.);
#474 = VERTEX_POINT('',#475);
#475 = CARTESIAN_POINT('',(-0.4,0.68,0.32));
#476 = VERTEX_POINT('',#477);
#477 = CARTESIAN_POINT('',(-0.4,0.38,0.32));
#478 = LINE('',#479,#480);
#479 = CARTESIAN_POINT('',(-0.4,0.68,0.32));
#480 = VECTOR('',#481,1.);
#481 = DIRECTION('',(-1.224646799147E-16,-1.,1.110223024625E-16));
#482 = ORIENTED_EDGE('',*,*,#483,.T.);
#483 = EDGE_CURVE('',#476,#484,#486,.T.);
#484 = VERTEX_POINT('',#485);
#485 = CARTESIAN_POINT('',(-1.E-01,0.38,0.32));
#486 = LINE('',#487,#488);
#487 = CARTESIAN_POINT('',(-0.4,0.38,0.32));
#488 = VECTOR('',#489,1.);
#489 = DIRECTION('',(1.,-1.224646799147E-16,0.));
#490 = ORIENTED_EDGE('',*,*,#491,.F.);
#491 = EDGE_CURVE('',#492,#484,#494,.T.);
#492 = VERTEX_POINT('',#493);
#493 = CARTESIAN_POINT('',(-1.E-01,0.68,0.32));
#494 = LINE('',#495,#496);
#495 = CARTESIAN_POINT('',(-1.E-01,0.68,0.32));
#496 = VECTOR('',#497,1.);
#497 = DIRECTION('',(-1.224646799147E-16,-1.,1.110223024625E-16));
#498 = ORIENTED_EDGE('',*,*,#499,.T.);
#499 = EDGE_CURVE('',#492,#474,#500,.T.);
#500 = LINE('',#501,#502);
#501 = CARTESIAN_POINT('',(-1.E-01,0.68,0.32));
#502 = VECTOR('',#503,1.);
#503 = DIRECTION('',(-1.,1.224646799147E-16,0.));
#504 = PLANE('',#505);
#505 = AXIS2_PLACEMENT_3D('',#506,#507,#508);
#506 = CARTESIAN_POINT('',(-1.45,0.68,0.32));
#507 = DIRECTION('',(-1.359631073447E-32,-1.110223024625E-16,-1.));
#508 = DIRECTION('',(-1.224646799147E-16,-1.,1.110223024625E-16));
#509 = ADVANCED_FACE('',(#510),#544,.T.);
#510 = FACE_BOUND('',#511,.F.);
#511 = EDGE_LOOP('',(#512,#522,#530,#538));
#512 = ORIENTED_EDGE('',*,*,#513,.T.);
#513 = EDGE_CURVE('',#514,#516,#518,.T.);
#514 = VERTEX_POINT('',#515);
#515 = CARTESIAN_POINT('',(-0.9,0.68,0.32));
#516 = VERTEX_POINT('',#517);
#517 = CARTESIAN_POINT('',(-0.9,0.38,0.32));
#518 = LINE('',#519,#520);
#519 = CARTESIAN_POINT('',(-0.9,0.68,0.32));
#520 = VECTOR('',#521,1.);
#521 = DIRECTION('',(-1.224646799147E-16,-1.,1.110223024625E-16));
#522 = ORIENTED_EDGE('',*,*,#523,.T.);
#523 = EDGE_CURVE('',#516,#524,#526,.T.);
#524 = VERTEX_POINT('',#525);
#525 = CARTESIAN_POINT('',(-0.6,0.38,0.32));
#526 = LINE('',#527,#528);
#527 = CARTESIAN_POINT('',(-0.9,0.38,0.32));
#528 = VECTOR('',#529,1.);
#529 = DIRECTION('',(1.,-1.224646799147E-16,0.));
#530 = ORIENTED_EDGE('',*,*,#531,.F.);
#531 = EDGE_CURVE('',#532,#524,#534,.T.);
#532 = VERTEX_POINT('',#533);
#533 = CARTESIAN_POINT('',(-0.6,0.68,0.32));
#534 = LINE('',#535,#536);
#535 = CARTESIAN_POINT('',(-0.6,0.68,0.32));
#536 = VECTOR('',#537,1.);
#537 = DIRECTION('',(-1.224646799147E-16,-1.,1.110223024625E-16));
#538 = ORIENTED_EDGE('',*,*,#539,.T.);
#539 = EDGE_CURVE('',#532,#514,#540,.T.);
#540 = LINE('',#541,#542);
#541 = CARTESIAN_POINT('',(-0.6,0.68,0.32));
#542 = VECTOR('',#543,1.);
#543 = DIRECTION('',(-1.,1.224646799147E-16,0.));
#544 = PLANE('',#545);
#545 = AXIS2_PLACEMENT_3D('',#546,#547,#548);
#546 = CARTESIAN_POINT('',(-1.45,0.68,0.32));
#547 = DIRECTION('',(-1.359631073447E-32,-1.110223024625E-16,-1.));
#548 = DIRECTION('',(-1.224646799147E-16,-1.,1.110223024625E-16));
#549 = ADVANCED_FACE('',(#550),#706,.T.);
#550 = FACE_BOUND('',#551,.F.);
#551 = EDGE_LOOP('',(#552,#562,#570,#578,#586,#594,#601,#602,#603,#611,
    #619,#627,#635,#643,#651,#659,#668,#676,#684,#692,#700));
#552 = ORIENTED_EDGE('',*,*,#553,.F.);
#553 = EDGE_CURVE('',#554,#556,#558,.T.);
#554 = VERTEX_POINT('',#555);
#555 = CARTESIAN_POINT('',(-1.1,0.68,0.32));
#556 = VERTEX_POINT('',#557);
#557 = CARTESIAN_POINT('',(-1.1,0.38,0.32));
#558 = LINE('',#559,#560);
#559 = CARTESIAN_POINT('',(-1.1,0.68,0.32));
#560 = VECTOR('',#561,1.);
#561 = DIRECTION('',(-1.224646799147E-16,-1.,1.110223024625E-16));
#562 = ORIENTED_EDGE('',*,*,#563,.T.);
#563 = EDGE_CURVE('',#554,#564,#566,.T.);
#564 = VERTEX_POINT('',#565);
#565 = CARTESIAN_POINT('',(-3.1,0.68,0.32));
#566 = LINE('',#567,#568);
#567 = CARTESIAN_POINT('',(-1.1,0.68,0.32));
#568 = VECTOR('',#569,1.);
#569 = DIRECTION('',(-1.,1.224646799147E-16,0.));
#570 = ORIENTED_EDGE('',*,*,#571,.F.);
#571 = EDGE_CURVE('',#572,#564,#574,.T.);
#572 = VERTEX_POINT('',#573);
#573 = CARTESIAN_POINT('',(-3.1,0.53,0.32));
#574 = LINE('',#575,#576);
#575 = CARTESIAN_POINT('',(-3.1,0.53,0.32));
#576 = VECTOR('',#577,1.);
#577 = DIRECTION('',(1.224646799147E-16,1.,-1.110223024625E-16));
#578 = ORIENTED_EDGE('',*,*,#579,.F.);
#579 = EDGE_CURVE('',#580,#572,#582,.T.);
#580 = VERTEX_POINT('',#581);
#581 = CARTESIAN_POINT('',(-3.092,0.53,0.32));
#582 = LINE('',#583,#584);
#583 = CARTESIAN_POINT('',(-3.092,0.53,0.32));
#584 = VECTOR('',#585,1.);
#585 = DIRECTION('',(-1.,1.224646799147E-16,0.));
#586 = ORIENTED_EDGE('',*,*,#587,.T.);
#587 = EDGE_CURVE('',#580,#588,#590,.T.);
#588 = VERTEX_POINT('',#589);
#589 = CARTESIAN_POINT('',(-3.02396556961,0.561495418505,0.32));
#590 = LINE('',#591,#592);
#591 = CARTESIAN_POINT('',(-3.092,0.53,0.32));
#592 = VECTOR('',#593,1.);
#593 = DIRECTION('',(0.907477092524,0.420101566939,-4.664064322967E-17)
  );
#594 = ORIENTED_EDGE('',*,*,#595,.T.);
#595 = EDGE_CURVE('',#588,#65,#596,.T.);
#596 = CIRCLE('',#597,0.2);
#597 = AXIS2_PLACEMENT_3D('',#598,#599,#600);
#598 = CARTESIAN_POINT('',(-2.939945256222,0.38,0.32));
#599 = DIRECTION('',(-1.232595164408E-32,-1.110223024625E-16,-1.));
#600 = DIRECTION('',(-0.420101566939,0.907477092524,-1.00750196244E-16)
  );
#601 = ORIENTED_EDGE('',*,*,#64,.T.);
#602 = ORIENTED_EDGE('',*,*,#21,.F.);
#603 = ORIENTED_EDGE('',*,*,#604,.F.);
#604 = EDGE_CURVE('',#605,#22,#607,.T.);
#605 = VERTEX_POINT('',#606);
#606 = CARTESIAN_POINT('',(-1.949,0.38,0.32));
#607 = LINE('',#608,#609);
#608 = CARTESIAN_POINT('',(-1.949,0.38,0.32));
#609 = VECTOR('',#610,1.);
#610 = DIRECTION('',(1.224646799147E-16,1.,-1.110223024625E-16));
#611 = ORIENTED_EDGE('',*,*,#612,.T.);
#612 = EDGE_CURVE('',#605,#613,#615,.T.);
#613 = VERTEX_POINT('',#614);
#614 = CARTESIAN_POINT('',(-1.7,0.38,0.32));
#615 = LINE('',#616,#617);
#616 = CARTESIAN_POINT('',(-1.949,0.38,0.32));
#617 = VECTOR('',#618,1.);
#618 = DIRECTION('',(1.,-1.224646799147E-16,0.));
#619 = ORIENTED_EDGE('',*,*,#620,.F.);
#620 = EDGE_CURVE('',#621,#613,#623,.T.);
#621 = VERTEX_POINT('',#622);
#622 = CARTESIAN_POINT('',(-1.7,0.28,0.32));
#623 = LINE('',#624,#625);
#624 = CARTESIAN_POINT('',(-1.7,0.28,0.32));
#625 = VECTOR('',#626,1.);
#626 = DIRECTION('',(1.224646799147E-16,1.,-1.110223024625E-16));
#627 = ORIENTED_EDGE('',*,*,#628,.T.);
#628 = EDGE_CURVE('',#621,#629,#631,.T.);
#629 = VERTEX_POINT('',#630);
#630 = CARTESIAN_POINT('',(-1.452180148829,0.28,0.32));
#631 = LINE('',#632,#633);
#632 = CARTESIAN_POINT('',(-1.7,0.28,0.32));
#633 = VECTOR('',#634,1.);
#634 = DIRECTION('',(1.,-1.224646799147E-16,0.));
#635 = ORIENTED_EDGE('',*,*,#636,.F.);
#636 = EDGE_CURVE('',#637,#629,#639,.T.);
#637 = VERTEX_POINT('',#638);
#638 = CARTESIAN_POINT('',(-1.452180148829,-1.62,0.32));
#639 = LINE('',#640,#641);
#640 = CARTESIAN_POINT('',(-1.452180148829,-1.62,0.32));
#641 = VECTOR('',#642,1.);
#642 = DIRECTION('',(1.224646799147E-16,1.,-1.110223024625E-16));
#643 = ORIENTED_EDGE('',*,*,#644,.T.);
#644 = EDGE_CURVE('',#637,#645,#647,.T.);
#645 = VERTEX_POINT('',#646);
#646 = CARTESIAN_POINT('',(-1.47,-1.62,0.32));
#647 = LINE('',#648,#649);
#648 = CARTESIAN_POINT('',(-1.452180148829,-1.62,0.32));
#649 = VECTOR('',#650,1.);
#650 = DIRECTION('',(-1.,1.224646799147E-16,0.));
#651 = ORIENTED_EDGE('',*,*,#652,.T.);
#652 = EDGE_CURVE('',#645,#653,#655,.T.);
#653 = VERTEX_POINT('',#654);
#654 = CARTESIAN_POINT('',(-1.47,-1.97,0.32));
#655 = LINE('',#656,#657);
#656 = CARTESIAN_POINT('',(-1.47,-1.62,0.32));
#657 = VECTOR('',#658,1.);
#658 = DIRECTION('',(-1.224646799147E-16,-1.,1.110223024625E-16));
#659 = ORIENTED_EDGE('',*,*,#660,.T.);
#660 = EDGE_CURVE('',#653,#661,#663,.T.);
#661 = VERTEX_POINT('',#662);
#662 = CARTESIAN_POINT('',(-1.67,-2.17,0.32));
#663 = CIRCLE('',#664,0.2);
#664 = AXIS2_PLACEMENT_3D('',#665,#666,#667);
#665 = CARTESIAN_POINT('',(-1.67,-1.97,0.32));
#666 = DIRECTION('',(-1.359631073447E-32,-1.110223024625E-16,-1.));
#667 = DIRECTION('',(1.,-1.224646799147E-16,0.));
#668 = ORIENTED_EDGE('',*,*,#669,.F.);
#669 = EDGE_CURVE('',#670,#661,#672,.T.);
#670 = VERTEX_POINT('',#671);
#671 = CARTESIAN_POINT('',(-1.7,-2.17,0.32));
#672 = LINE('',#673,#674);
#673 = CARTESIAN_POINT('',(-1.7,-2.17,0.32));
#674 = VECTOR('',#675,1.);
#675 = DIRECTION('',(1.,-1.224646799147E-16,0.));
#676 = ORIENTED_EDGE('',*,*,#677,.F.);
#677 = EDGE_CURVE('',#678,#670,#680,.T.);
#678 = VERTEX_POINT('',#679);
#679 = CARTESIAN_POINT('',(-1.7,-2.22,0.32));
#680 = LINE('',#681,#682);
#681 = CARTESIAN_POINT('',(-1.7,-2.22,0.32));
#682 = VECTOR('',#683,1.);
#683 = DIRECTION('',(1.224646799147E-16,1.,-1.110223024625E-16));
#684 = ORIENTED_EDGE('',*,*,#685,.T.);
#685 = EDGE_CURVE('',#678,#686,#688,.T.);
#686 = VERTEX_POINT('',#687);
#687 = CARTESIAN_POINT('',(-1.45,-2.22,0.32));
#688 = LINE('',#689,#690);
#689 = CARTESIAN_POINT('',(-1.7,-2.22,0.32));
#690 = VECTOR('',#691,1.);
#691 = DIRECTION('',(1.,-1.224646799147E-16,0.));
#692 = ORIENTED_EDGE('',*,*,#693,.T.);
#693 = EDGE_CURVE('',#686,#694,#696,.T.);
#694 = VERTEX_POINT('',#695);
#695 = CARTESIAN_POINT('',(-1.45,0.38,0.32));
#696 = LINE('',#697,#698);
#697 = CARTESIAN_POINT('',(-1.45,-2.22,0.32));
#698 = VECTOR('',#699,1.);
#699 = DIRECTION('',(1.224646799147E-16,1.,-1.110223024625E-16));
#700 = ORIENTED_EDGE('',*,*,#701,.T.);
#701 = EDGE_CURVE('',#694,#556,#702,.T.);
#702 = LINE('',#703,#704);
#703 = CARTESIAN_POINT('',(-1.45,0.38,0.32));
#704 = VECTOR('',#705,1.);
#705 = DIRECTION('',(1.,-1.224646799147E-16,0.));
#706 = PLANE('',#707);
#707 = AXIS2_PLACEMENT_3D('',#708,#709,#710);
#708 = CARTESIAN_POINT('',(-1.45,0.68,0.32));
#709 = DIRECTION('',(-1.359631073447E-32,-1.110223024625E-16,-1.));
#710 = DIRECTION('',(-1.224646799147E-16,-1.,1.110223024625E-16));
#711 = ADVANCED_FACE('',(#712),#737,.T.);
#712 = FACE_BOUND('',#713,.F.);
#713 = EDGE_LOOP('',(#714,#715,#723,#731));
#714 = ORIENTED_EDGE('',*,*,#134,.F.);
#715 = ORIENTED_EDGE('',*,*,#716,.T.);
#716 = EDGE_CURVE('',#135,#717,#719,.T.);
#717 = VERTEX_POINT('',#718);
#718 = CARTESIAN_POINT('',(2.72,-2.17,0.235));
#719 = LINE('',#720,#721);
#720 = CARTESIAN_POINT('',(2.72,-2.17,0.32));
#721 = VECTOR('',#722,1.);
#722 = DIRECTION('',(-1.359631073447E-32,-1.110223024625E-16,-1.));
#723 = ORIENTED_EDGE('',*,*,#724,.T.);
#724 = EDGE_CURVE('',#717,#725,#727,.T.);
#725 = VERTEX_POINT('',#726);
#726 = CARTESIAN_POINT('',(2.72,-2.22,0.235));
#727 = LINE('',#728,#729);
#728 = CARTESIAN_POINT('',(2.72,-2.17,0.235));
#729 = VECTOR('',#730,1.);
#730 = DIRECTION('',(-1.224646799147E-16,-1.,1.110223024625E-16));
#731 = ORIENTED_EDGE('',*,*,#732,.F.);
#732 = EDGE_CURVE('',#137,#725,#733,.T.);
#733 = LINE('',#734,#735);
#734 = CARTESIAN_POINT('',(2.72,-2.22,0.32));
#735 = VECTOR('',#736,1.);
#736 = DIRECTION('',(-1.359631073447E-32,-1.110223024625E-16,-1.));
#737 = PLANE('',#738);
#738 = AXIS2_PLACEMENT_3D('',#739,#740,#741);
#739 = CARTESIAN_POINT('',(2.72,0.38,0.32));
#740 = DIRECTION('',(1.,-1.224646799147E-16,0.));
#741 = DIRECTION('',(-1.224646799147E-16,-1.,1.110223024625E-16));
#742 = ADVANCED_FACE('',(#743),#898,.F.);
#743 = FACE_BOUND('',#744,.F.);
#744 = EDGE_LOOP('',(#745,#755,#763,#771,#779,#787,#795,#803,#811,#819,
    #828,#836,#845,#853,#859,#860,#868,#874,#875,#876,#884,#892));
#745 = ORIENTED_EDGE('',*,*,#746,.T.);
#746 = EDGE_CURVE('',#747,#749,#751,.T.);
#747 = VERTEX_POINT('',#748);
#748 = CARTESIAN_POINT('',(3.196,-2.17,1.495));
#749 = VERTEX_POINT('',#750);
#750 = CARTESIAN_POINT('',(3.1,-2.17,1.495));
#751 = LINE('',#752,#753);
#752 = CARTESIAN_POINT('',(3.196,-2.17,1.495));
#753 = VECTOR('',#754,1.);
#754 = DIRECTION('',(-1.,1.224646799147E-16,0.));
#755 = ORIENTED_EDGE('',*,*,#756,.F.);
#756 = EDGE_CURVE('',#757,#749,#759,.T.);
#757 = VERTEX_POINT('',#758);
#758 = CARTESIAN_POINT('',(3.1,-2.17,1.72));
#759 = LINE('',#760,#761);
#760 = CARTESIAN_POINT('',(3.1,-2.17,1.72));
#761 = VECTOR('',#762,1.);
#762 = DIRECTION('',(-1.359631073447E-32,-1.110223024625E-16,-1.));
#763 = ORIENTED_EDGE('',*,*,#764,.T.);
#764 = EDGE_CURVE('',#757,#765,#767,.T.);
#765 = VERTEX_POINT('',#766);
#766 = CARTESIAN_POINT('',(2.72,-2.17,1.72));
#767 = LINE('',#768,#769);
#768 = CARTESIAN_POINT('',(3.1,-2.17,1.72));
#769 = VECTOR('',#770,1.);
#770 = DIRECTION('',(-1.,1.224646799147E-16,0.));
#771 = ORIENTED_EDGE('',*,*,#772,.T.);
#772 = EDGE_CURVE('',#765,#773,#775,.T.);
#773 = VERTEX_POINT('',#774);
#774 = CARTESIAN_POINT('',(2.72,-2.17,1.805));
#775 = LINE('',#776,#777);
#776 = CARTESIAN_POINT('',(2.72,-2.17,1.72));
#777 = VECTOR('',#778,1.);
#778 = DIRECTION('',(1.359631073447E-32,1.110223024625E-16,1.));
#779 = ORIENTED_EDGE('',*,*,#780,.T.);
#780 = EDGE_CURVE('',#773,#781,#783,.T.);
#781 = VERTEX_POINT('',#782);
#782 = CARTESIAN_POINT('',(1.7,-2.17,1.805));
#783 = LINE('',#784,#785);
#784 = CARTESIAN_POINT('',(2.72,-2.17,1.805));
#785 = VECTOR('',#786,1.);
#786 = DIRECTION('',(-1.,1.224646799147E-16,0.));
#787 = ORIENTED_EDGE('',*,*,#788,.F.);
#788 = EDGE_CURVE('',#789,#781,#791,.T.);
#789 = VERTEX_POINT('',#790);
#790 = CARTESIAN_POINT('',(1.7,-2.17,1.72));
#791 = LINE('',#792,#793);
#792 = CARTESIAN_POINT('',(1.7,-2.17,1.72));
#793 = VECTOR('',#794,1.);
#794 = DIRECTION('',(1.359631073447E-32,1.110223024625E-16,1.));
#795 = ORIENTED_EDGE('',*,*,#796,.T.);
#796 = EDGE_CURVE('',#789,#797,#799,.T.);
#797 = VERTEX_POINT('',#798);
#798 = CARTESIAN_POINT('',(1.67,-2.17,1.72));
#799 = LINE('',#800,#801);
#800 = CARTESIAN_POINT('',(1.7,-2.17,1.72));
#801 = VECTOR('',#802,1.);
#802 = DIRECTION('',(-1.,1.224646799147E-16,0.));
#803 = ORIENTED_EDGE('',*,*,#804,.F.);
#804 = EDGE_CURVE('',#805,#797,#807,.T.);
#805 = VERTEX_POINT('',#806);
#806 = CARTESIAN_POINT('',(1.67,-2.17,2.005));
#807 = LINE('',#808,#809);
#808 = CARTESIAN_POINT('',(1.67,-2.17,2.005));
#809 = VECTOR('',#810,1.);
#810 = DIRECTION('',(-1.359631073447E-32,-1.110223024625E-16,-1.));
#811 = ORIENTED_EDGE('',*,*,#812,.T.);
#812 = EDGE_CURVE('',#805,#813,#815,.T.);
#813 = VERTEX_POINT('',#814);
#814 = CARTESIAN_POINT('',(3.25,-2.17,2.005));
#815 = LINE('',#816,#817);
#816 = CARTESIAN_POINT('',(1.67,-2.17,2.005));
#817 = VECTOR('',#818,1.);
#818 = DIRECTION('',(1.,-1.224646799147E-16,0.));
#819 = ORIENTED_EDGE('',*,*,#820,.T.);
#820 = EDGE_CURVE('',#813,#821,#823,.T.);
#821 = VERTEX_POINT('',#822);
#822 = CARTESIAN_POINT('',(3.5,-2.17,1.755));
#823 = CIRCLE('',#824,0.25);
#824 = AXIS2_PLACEMENT_3D('',#825,#826,#827);
#825 = CARTESIAN_POINT('',(3.25,-2.17,1.755));
#826 = DIRECTION('',(1.224646799147E-16,1.,-1.110223024625E-16));
#827 = DIRECTION('',(1.359631073447E-32,1.110223024625E-16,1.));
#828 = ORIENTED_EDGE('',*,*,#829,.T.);
#829 = EDGE_CURVE('',#821,#830,#832,.T.);
#830 = VERTEX_POINT('',#831);
#831 = CARTESIAN_POINT('',(3.5,-2.17,0.285));
#832 = LINE('',#833,#834);
#833 = CARTESIAN_POINT('',(3.5,-2.17,1.755));
#834 = VECTOR('',#835,1.);
#835 = DIRECTION('',(-1.359631073447E-32,-1.110223024625E-16,-1.));
#836 = ORIENTED_EDGE('',*,*,#837,.T.);
#837 = EDGE_CURVE('',#830,#838,#840,.T.);
#838 = VERTEX_POINT('',#839);
#839 = CARTESIAN_POINT('',(3.25,-2.17,3.5E-02));
#840 = CIRCLE('',#841,0.25);
#841 = AXIS2_PLACEMENT_3D('',#842,#843,#844);
#842 = CARTESIAN_POINT('',(3.25,-2.17,0.285));
#843 = DIRECTION('',(1.224646799147E-16,1.,-1.110223024625E-16));
#844 = DIRECTION('',(1.,-1.224646799147E-16,0.));
#845 = ORIENTED_EDGE('',*,*,#846,.T.);
#846 = EDGE_CURVE('',#838,#847,#849,.T.);
#847 = VERTEX_POINT('',#848);
#848 = CARTESIAN_POINT('',(1.67,-2.17,3.5E-02));
#849 = LINE('',#850,#851);
#850 = CARTESIAN_POINT('',(3.25,-2.17,3.5E-02));
#851 = VECTOR('',#852,1.);
#852 = DIRECTION('',(-1.,1.224646799147E-16,0.));
#853 = ORIENTED_EDGE('',*,*,#854,.T.);
#854 = EDGE_CURVE('',#847,#257,#855,.T.);
#855 = LINE('',#856,#857);
#856 = CARTESIAN_POINT('',(1.67,-2.17,3.5E-02));
#857 = VECTOR('',#858,1.);
#858 = DIRECTION('',(1.359631073447E-32,1.110223024625E-16,1.));
#859 = ORIENTED_EDGE('',*,*,#256,.T.);
#860 = ORIENTED_EDGE('',*,*,#861,.T.);
#861 = EDGE_CURVE('',#249,#862,#864,.T.);
#862 = VERTEX_POINT('',#863);
#863 = CARTESIAN_POINT('',(1.7,-2.17,0.235));
#864 = LINE('',#865,#866);
#865 = CARTESIAN_POINT('',(1.7,-2.17,0.32));
#866 = VECTOR('',#867,1.);
#867 = DIRECTION('',(-1.359631073447E-32,-1.110223024625E-16,-1.));
#868 = ORIENTED_EDGE('',*,*,#869,.F.);
#869 = EDGE_CURVE('',#717,#862,#870,.T.);
#870 = LINE('',#871,#872);
#871 = CARTESIAN_POINT('',(2.72,-2.17,0.235));
#872 = VECTOR('',#873,1.);
#873 = DIRECTION('',(-1.,1.224646799147E-16,0.));
#874 = ORIENTED_EDGE('',*,*,#716,.F.);
#875 = ORIENTED_EDGE('',*,*,#160,.T.);
#876 = ORIENTED_EDGE('',*,*,#877,.F.);
#877 = EDGE_CURVE('',#878,#153,#880,.T.);
#878 = VERTEX_POINT('',#879);
#879 = CARTESIAN_POINT('',(3.1,-2.17,0.545));
#880 = LINE('',#881,#882);
#881 = CARTESIAN_POINT('',(3.1,-2.17,0.545));
#882 = VECTOR('',#883,1.);
#883 = DIRECTION('',(-1.359631073447E-32,-1.110223024625E-16,-1.));
#884 = ORIENTED_EDGE('',*,*,#885,.F.);
#885 = EDGE_CURVE('',#886,#878,#888,.T.);
#886 = VERTEX_POINT('',#887);
#887 = CARTESIAN_POINT('',(3.196,-2.17,0.545));
#888 = LINE('',#889,#890);
#889 = CARTESIAN_POINT('',(3.196,-2.17,0.545));
#890 = VECTOR('',#891,1.);
#891 = DIRECTION('',(-1.,1.224646799147E-16,0.));
#892 = ORIENTED_EDGE('',*,*,#893,.F.);
#893 = EDGE_CURVE('',#747,#886,#894,.T.);
#894 = LINE('',#895,#896);
#895 = CARTESIAN_POINT('',(3.196,-2.17,1.495));
#896 = VECTOR('',#897,1.);
#897 = DIRECTION('',(-1.359631073447E-32,-1.110223024625E-16,-1.));
#898 = PLANE('',#899);
#899 = AXIS2_PLACEMENT_3D('',#900,#901,#902);
#900 = CARTESIAN_POINT('',(1.592040838892E-16,-2.17,1.02));
#901 = DIRECTION('',(1.224646799147E-16,1.,-1.110223024625E-16));
#902 = DIRECTION('',(-1.,1.224646799147E-16,0.));
#903 = ADVANCED_FACE('',(#904),#1066,.F.);
#904 = FACE_BOUND('',#905,.F.);
#905 = EDGE_LOOP('',(#906,#916,#924,#932,#938,#939,#947,#955,#961,#962,
    #970,#978,#987,#995,#1004,#1012,#1020,#1028,#1036,#1044,#1052,#1060)
  );
#906 = ORIENTED_EDGE('',*,*,#907,.T.);
#907 = EDGE_CURVE('',#908,#910,#912,.T.);
#908 = VERTEX_POINT('',#909);
#909 = CARTESIAN_POINT('',(-3.1,-2.17,1.495));
#910 = VERTEX_POINT('',#911);
#911 = CARTESIAN_POINT('',(-3.196,-2.17,1.495));
#912 = LINE('',#913,#914);
#913 = CARTESIAN_POINT('',(-3.1,-2.17,1.495));
#914 = VECTOR('',#915,1.);
#915 = DIRECTION('',(-1.,1.224646799147E-16,0.));
#916 = ORIENTED_EDGE('',*,*,#917,.T.);
#917 = EDGE_CURVE('',#910,#918,#920,.T.);
#918 = VERTEX_POINT('',#919);
#919 = CARTESIAN_POINT('',(-3.196,-2.17,0.545));
#920 = LINE('',#921,#922);
#921 = CARTESIAN_POINT('',(-3.196,-2.17,1.495));
#922 = VECTOR('',#923,1.);
#923 = DIRECTION('',(-1.359631073447E-32,-1.110223024625E-16,-1.));
#924 = ORIENTED_EDGE('',*,*,#925,.F.);
#925 = EDGE_CURVE('',#926,#918,#928,.T.);
#926 = VERTEX_POINT('',#927);
#927 = CARTESIAN_POINT('',(-3.1,-2.17,0.545));
#928 = LINE('',#929,#930);
#929 = CARTESIAN_POINT('',(-3.1,-2.17,0.545));
#930 = VECTOR('',#931,1.);
#931 = DIRECTION('',(-1.,1.224646799147E-16,0.));
#932 = ORIENTED_EDGE('',*,*,#933,.T.);
#933 = EDGE_CURVE('',#926,#185,#934,.T.);
#934 = LINE('',#935,#936);
#935 = CARTESIAN_POINT('',(-3.1,-2.17,0.545));
#936 = VECTOR('',#937,1.);
#937 = DIRECTION('',(-1.359631073447E-32,-1.110223024625E-16,-1.));
#938 = ORIENTED_EDGE('',*,*,#184,.T.);
#939 = ORIENTED_EDGE('',*,*,#940,.T.);
#940 = EDGE_CURVE('',#177,#941,#943,.T.);
#941 = VERTEX_POINT('',#942);
#942 = CARTESIAN_POINT('',(-2.72,-2.17,0.235));
#943 = LINE('',#944,#945);
#944 = CARTESIAN_POINT('',(-2.72,-2.17,0.32));
#945 = VECTOR('',#946,1.);
#946 = DIRECTION('',(-1.359631073447E-32,-1.110223024625E-16,-1.));
#947 = ORIENTED_EDGE('',*,*,#948,.F.);
#948 = EDGE_CURVE('',#949,#941,#951,.T.);
#949 = VERTEX_POINT('',#950);
#950 = CARTESIAN_POINT('',(-1.7,-2.17,0.235));
#951 = LINE('',#952,#953);
#952 = CARTESIAN_POINT('',(-1.7,-2.17,0.235));
#953 = VECTOR('',#954,1.);
#954 = DIRECTION('',(-1.,1.224646799147E-16,0.));
#955 = ORIENTED_EDGE('',*,*,#956,.F.);
#956 = EDGE_CURVE('',#670,#949,#957,.T.);
#957 = LINE('',#958,#959);
#958 = CARTESIAN_POINT('',(-1.7,-2.17,0.32));
#959 = VECTOR('',#960,1.);
#960 = DIRECTION('',(-1.359631073447E-32,-1.110223024625E-16,-1.));
#961 = ORIENTED_EDGE('',*,*,#669,.T.);
#962 = ORIENTED_EDGE('',*,*,#963,.F.);
#963 = EDGE_CURVE('',#964,#661,#966,.T.);
#964 = VERTEX_POINT('',#965);
#965 = CARTESIAN_POINT('',(-1.67,-2.17,3.5E-02));
#966 = LINE('',#967,#968);
#967 = CARTESIAN_POINT('',(-1.67,-2.17,3.5E-02));
#968 = VECTOR('',#969,1.);
#969 = DIRECTION('',(1.359631073447E-32,1.110223024625E-16,1.));
#970 = ORIENTED_EDGE('',*,*,#971,.T.);
#971 = EDGE_CURVE('',#964,#972,#974,.T.);
#972 = VERTEX_POINT('',#973);
#973 = CARTESIAN_POINT('',(-3.25,-2.17,3.5E-02));
#974 = LINE('',#975,#976);
#975 = CARTESIAN_POINT('',(-1.67,-2.17,3.5E-02));
#976 = VECTOR('',#977,1.);
#977 = DIRECTION('',(-1.,1.224646799147E-16,0.));
#978 = ORIENTED_EDGE('',*,*,#979,.T.);
#979 = EDGE_CURVE('',#972,#980,#982,.T.);
#980 = VERTEX_POINT('',#981);
#981 = CARTESIAN_POINT('',(-3.5,-2.17,0.285));
#982 = CIRCLE('',#983,0.25);
#983 = AXIS2_PLACEMENT_3D('',#984,#985,#986);
#984 = CARTESIAN_POINT('',(-3.25,-2.17,0.285));
#985 = DIRECTION('',(1.224646799147E-16,1.,-1.110223024625E-16));
#986 = DIRECTION('',(-1.359631073447E-32,-1.110223024625E-16,-1.));
#987 = ORIENTED_EDGE('',*,*,#988,.T.);
#988 = EDGE_CURVE('',#980,#989,#991,.T.);
#989 = VERTEX_POINT('',#990);
#990 = CARTESIAN_POINT('',(-3.5,-2.17,1.755));
#991 = LINE('',#992,#993);
#992 = CARTESIAN_POINT('',(-3.5,-2.17,0.285));
#993 = VECTOR('',#994,1.);
#994 = DIRECTION('',(1.359631073447E-32,1.110223024625E-16,1.));
#995 = ORIENTED_EDGE('',*,*,#996,.T.);
#996 = EDGE_CURVE('',#989,#997,#999,.T.);
#997 = VERTEX_POINT('',#998);
#998 = CARTESIAN_POINT('',(-3.25,-2.17,2.005));
#999 = CIRCLE('',#1000,0.25);
#1000 = AXIS2_PLACEMENT_3D('',#1001,#1002,#1003);
#1001 = CARTESIAN_POINT('',(-3.25,-2.17,1.755));
#1002 = DIRECTION('',(1.224646799147E-16,1.,-1.110223024625E-16));
#1003 = DIRECTION('',(-1.,1.224646799147E-16,0.));
#1004 = ORIENTED_EDGE('',*,*,#1005,.T.);
#1005 = EDGE_CURVE('',#997,#1006,#1008,.T.);
#1006 = VERTEX_POINT('',#1007);
#1007 = CARTESIAN_POINT('',(-1.67,-2.17,2.005));
#1008 = LINE('',#1009,#1010);
#1009 = CARTESIAN_POINT('',(-3.25,-2.17,2.005));
#1010 = VECTOR('',#1011,1.);
#1011 = DIRECTION('',(1.,-1.224646799147E-16,0.));
#1012 = ORIENTED_EDGE('',*,*,#1013,.T.);
#1013 = EDGE_CURVE('',#1006,#1014,#1016,.T.);
#1014 = VERTEX_POINT('',#1015);
#1015 = CARTESIAN_POINT('',(-1.67,-2.17,1.72));
#1016 = LINE('',#1017,#1018);
#1017 = CARTESIAN_POINT('',(-1.67,-2.17,2.005));
#1018 = VECTOR('',#1019,1.);
#1019 = DIRECTION('',(-1.359631073447E-32,-1.110223024625E-16,-1.));
#1020 = ORIENTED_EDGE('',*,*,#1021,.T.);
#1021 = EDGE_CURVE('',#1014,#1022,#1024,.T.);
#1022 = VERTEX_POINT('',#1023);
#1023 = CARTESIAN_POINT('',(-1.7,-2.17,1.72));
#1024 = LINE('',#1025,#1026);
#1025 = CARTESIAN_POINT('',(-1.67,-2.17,1.72));
#1026 = VECTOR('',#1027,1.);
#1027 = DIRECTION('',(-1.,1.224646799147E-16,0.));
#1028 = ORIENTED_EDGE('',*,*,#1029,.T.);
#1029 = EDGE_CURVE('',#1022,#1030,#1032,.T.);
#1030 = VERTEX_POINT('',#1031);
#1031 = CARTESIAN_POINT('',(-1.7,-2.17,1.805));
#1032 = LINE('',#1033,#1034);
#1033 = CARTESIAN_POINT('',(-1.7,-2.17,1.72));
#1034 = VECTOR('',#1035,1.);
#1035 = DIRECTION('',(1.359631073447E-32,1.110223024625E-16,1.));
#1036 = ORIENTED_EDGE('',*,*,#1037,.T.);
#1037 = EDGE_CURVE('',#1030,#1038,#1040,.T.);
#1038 = VERTEX_POINT('',#1039);
#1039 = CARTESIAN_POINT('',(-2.72,-2.17,1.805));
#1040 = LINE('',#1041,#1042);
#1041 = CARTESIAN_POINT('',(-1.7,-2.17,1.805));
#1042 = VECTOR('',#1043,1.);
#1043 = DIRECTION('',(-1.,1.224646799147E-16,0.));
#1044 = ORIENTED_EDGE('',*,*,#1045,.F.);
#1045 = EDGE_CURVE('',#1046,#1038,#1048,.T.);
#1046 = VERTEX_POINT('',#1047);
#1047 = CARTESIAN_POINT('',(-2.72,-2.17,1.72));
#1048 = LINE('',#1049,#1050);
#1049 = CARTESIAN_POINT('',(-2.72,-2.17,1.72));
#1050 = VECTOR('',#1051,1.);
#1051 = DIRECTION('',(1.359631073447E-32,1.110223024625E-16,1.));
#1052 = ORIENTED_EDGE('',*,*,#1053,.T.);
#1053 = EDGE_CURVE('',#1046,#1054,#1056,.T.);
#1054 = VERTEX_POINT('',#1055);
#1055 = CARTESIAN_POINT('',(-3.1,-2.17,1.72));
#1056 = LINE('',#1057,#1058);
#1057 = CARTESIAN_POINT('',(-2.72,-2.17,1.72));
#1058 = VECTOR('',#1059,1.);
#1059 = DIRECTION('',(-1.,1.224646799147E-16,0.));
#1060 = ORIENTED_EDGE('',*,*,#1061,.T.);
#1061 = EDGE_CURVE('',#1054,#908,#1062,.T.);
#1062 = LINE('',#1063,#1064);
#1063 = CARTESIAN_POINT('',(-3.1,-2.17,1.72));
#1064 = VECTOR('',#1065,1.);
#1065 = DIRECTION('',(-1.359631073447E-32,-1.110223024625E-16,-1.));
#1066 = PLANE('',#1067);
#1067 = AXIS2_PLACEMENT_3D('',#1068,#1069,#1070);
#1068 = CARTESIAN_POINT('',(1.592040838892E-16,-2.17,1.02));
#1069 = DIRECTION('',(1.224646799147E-16,1.,-1.110223024625E-16));
#1070 = DIRECTION('',(-1.,1.224646799147E-16,0.));
#1071 = ADVANCED_FACE('',(#1072),#1097,.F.);
#1072 = FACE_BOUND('',#1073,.F.);
#1073 = EDGE_LOOP('',(#1074,#1084,#1090,#1091));
#1074 = ORIENTED_EDGE('',*,*,#1075,.T.);
#1075 = EDGE_CURVE('',#1076,#1078,#1080,.T.);
#1076 = VERTEX_POINT('',#1077);
#1077 = CARTESIAN_POINT('',(3.2,-2.22,1.495));
#1078 = VERTEX_POINT('',#1079);
#1079 = CARTESIAN_POINT('',(3.1,-2.22,1.495));
#1080 = LINE('',#1081,#1082);
#1081 = CARTESIAN_POINT('',(3.2,-2.22,1.495));
#1082 = VECTOR('',#1083,1.);
#1083 = DIRECTION('',(-1.,1.224646799147E-16,0.));
#1084 = ORIENTED_EDGE('',*,*,#1085,.T.);
#1085 = EDGE_CURVE('',#1078,#749,#1086,.T.);
#1086 = LINE('',#1087,#1088);
#1087 = CARTESIAN_POINT('',(3.1,-2.22,1.495));
#1088 = VECTOR('',#1089,1.);
#1089 = DIRECTION('',(1.224646799147E-16,1.,-1.110223024625E-16));
#1090 = ORIENTED_EDGE('',*,*,#746,.F.);
#1091 = ORIENTED_EDGE('',*,*,#1092,.T.);
#1092 = EDGE_CURVE('',#747,#1076,#1093,.T.);
#1093 = LINE('',#1094,#1095);
#1094 = CARTESIAN_POINT('',(3.196,-2.17,1.495));
#1095 = VECTOR('',#1096,1.);
#1096 = DIRECTION('',(7.974522228288E-02,-0.996815278536,
    1.106687273529E-16));
#1097 = PLANE('',#1098);
#1098 = AXIS2_PLACEMENT_3D('',#1099,#1100,#1101);
#1099 = CARTESIAN_POINT('',(6.458247598873E-33,-3.47,1.495));
#1100 = DIRECTION('',(-1.359631073447E-32,-1.110223024625E-16,-1.));
#1101 = DIRECTION('',(-1.,1.224646799147E-16,0.));
#1102 = ADVANCED_FACE('',(#1103),#1128,.F.);
#1103 = FACE_BOUND('',#1104,.F.);
#1104 = EDGE_LOOP('',(#1105,#1115,#1121,#1122));
#1105 = ORIENTED_EDGE('',*,*,#1106,.T.);
#1106 = EDGE_CURVE('',#1107,#1109,#1111,.T.);
#1107 = VERTEX_POINT('',#1108);
#1108 = CARTESIAN_POINT('',(-3.1,-2.22,1.495));
#1109 = VERTEX_POINT('',#1110);
#1110 = CARTESIAN_POINT('',(-3.2,-2.22,1.495));
#1111 = LINE('',#1112,#1113);
#1112 = CARTESIAN_POINT('',(-3.1,-2.22,1.495));
#1113 = VECTOR('',#1114,1.);
#1114 = DIRECTION('',(-1.,1.224646799147E-16,0.));
#1115 = ORIENTED_EDGE('',*,*,#1116,.T.);
#1116 = EDGE_CURVE('',#1109,#910,#1117,.T.);
#1117 = LINE('',#1118,#1119);
#1118 = CARTESIAN_POINT('',(-3.2,-2.22,1.495));
#1119 = VECTOR('',#1120,1.);
#1120 = DIRECTION('',(7.974522228288E-02,0.996815278536,
    -1.106687273529E-16));
#1121 = ORIENTED_EDGE('',*,*,#907,.F.);
#1122 = ORIENTED_EDGE('',*,*,#1123,.F.);
#1123 = EDGE_CURVE('',#1107,#908,#1124,.T.);
#1124 = LINE('',#1125,#1126);
#1125 = CARTESIAN_POINT('',(-3.1,-2.22,1.495));
#1126 = VECTOR('',#1127,1.);
#1127 = DIRECTION('',(1.224646799147E-16,1.,-1.110223024625E-16));
#1128 = PLANE('',#1129);
#1129 = AXIS2_PLACEMENT_3D('',#1130,#1131,#1132);
#1130 = CARTESIAN_POINT('',(6.458247598873E-33,-3.47,1.495));
#1131 = DIRECTION('',(-1.359631073447E-32,-1.110223024625E-16,-1.));
#1132 = DIRECTION('',(-1.,1.224646799147E-16,0.));
#1133 = ADVANCED_FACE('',(#1134),#1262,.F.);
#1134 = FACE_BOUND('',#1135,.F.);
#1135 = EDGE_LOOP('',(#1136,#1137,#1145,#1153,#1159,#1160,#1161,#1169,
    #1175,#1176,#1184,#1192,#1200,#1208,#1216,#1224,#1232,#1240,#1248,
    #1256));
#1136 = ORIENTED_EDGE('',*,*,#1075,.F.);
#1137 = ORIENTED_EDGE('',*,*,#1138,.T.);
#1138 = EDGE_CURVE('',#1076,#1139,#1141,.T.);
#1139 = VERTEX_POINT('',#1140);
#1140 = CARTESIAN_POINT('',(3.2,-2.22,0.545));
#1141 = LINE('',#1142,#1143);
#1142 = CARTESIAN_POINT('',(3.2,-2.22,1.495));
#1143 = VECTOR('',#1144,1.);
#1144 = DIRECTION('',(-1.359631073447E-32,-1.110223024625E-16,-1.));
#1145 = ORIENTED_EDGE('',*,*,#1146,.T.);
#1146 = EDGE_CURVE('',#1139,#1147,#1149,.T.);
#1147 = VERTEX_POINT('',#1148);
#1148 = CARTESIAN_POINT('',(3.1,-2.22,0.545));
#1149 = LINE('',#1150,#1151);
#1150 = CARTESIAN_POINT('',(3.2,-2.22,0.545));
#1151 = VECTOR('',#1152,1.);
#1152 = DIRECTION('',(-1.,1.224646799147E-16,0.));
#1153 = ORIENTED_EDGE('',*,*,#1154,.T.);
#1154 = EDGE_CURVE('',#1147,#145,#1155,.T.);
#1155 = LINE('',#1156,#1157);
#1156 = CARTESIAN_POINT('',(3.1,-2.22,0.545));
#1157 = VECTOR('',#1158,1.);
#1158 = DIRECTION('',(-1.359631073447E-32,-1.110223024625E-16,-1.));
#1159 = ORIENTED_EDGE('',*,*,#144,.F.);
#1160 = ORIENTED_EDGE('',*,*,#732,.T.);
#1161 = ORIENTED_EDGE('',*,*,#1162,.T.);
#1162 = EDGE_CURVE('',#725,#1163,#1165,.T.);
#1163 = VERTEX_POINT('',#1164);
#1164 = CARTESIAN_POINT('',(1.7,-2.22,0.235));
#1165 = LINE('',#1166,#1167);
#1166 = CARTESIAN_POINT('',(2.72,-2.22,0.235));
#1167 = VECTOR('',#1168,1.);
#1168 = DIRECTION('',(-1.,1.224646799147E-16,0.));
#1169 = ORIENTED_EDGE('',*,*,#1170,.F.);
#1170 = EDGE_CURVE('',#241,#1163,#1171,.T.);
#1171 = LINE('',#1172,#1173);
#1172 = CARTESIAN_POINT('',(1.7,-2.22,0.32));
#1173 = VECTOR('',#1174,1.);
#1174 = DIRECTION('',(-1.359631073447E-32,-1.110223024625E-16,-1.));
#1175 = ORIENTED_EDGE('',*,*,#240,.F.);
#1176 = ORIENTED_EDGE('',*,*,#1177,.T.);
#1177 = EDGE_CURVE('',#233,#1178,#1180,.T.);
#1178 = VERTEX_POINT('',#1179);
#1179 = CARTESIAN_POINT('',(1.45,-2.22,0.12));
#1180 = LINE('',#1181,#1182);
#1181 = CARTESIAN_POINT('',(1.45,-2.22,0.32));
#1182 = VECTOR('',#1183,1.);
#1183 = DIRECTION('',(-1.359631073447E-32,-1.110223024625E-16,-1.));
#1184 = ORIENTED_EDGE('',*,*,#1185,.F.);
#1185 = EDGE_CURVE('',#1186,#1178,#1188,.T.);
#1186 = VERTEX_POINT('',#1187);
#1187 = CARTESIAN_POINT('',(4.05,-2.22,0.12));
#1188 = LINE('',#1189,#1190);
#1189 = CARTESIAN_POINT('',(4.05,-2.22,0.12));
#1190 = VECTOR('',#1191,1.);
#1191 = DIRECTION('',(-1.,1.224646799147E-16,0.));
#1192 = ORIENTED_EDGE('',*,*,#1193,.F.);
#1193 = EDGE_CURVE('',#1194,#1186,#1196,.T.);
#1194 = VERTEX_POINT('',#1195);
#1195 = CARTESIAN_POINT('',(4.05,-2.22,1.92));
#1196 = LINE('',#1197,#1198);
#1197 = CARTESIAN_POINT('',(4.05,-2.22,1.92));
#1198 = VECTOR('',#1199,1.);
#1199 = DIRECTION('',(-1.359631073447E-32,-1.110223024625E-16,-1.));
#1200 = ORIENTED_EDGE('',*,*,#1201,.F.);
#1201 = EDGE_CURVE('',#1202,#1194,#1204,.T.);
#1202 = VERTEX_POINT('',#1203);
#1203 = CARTESIAN_POINT('',(1.6,-2.22,1.92));
#1204 = LINE('',#1205,#1206);
#1205 = CARTESIAN_POINT('',(1.6,-2.22,1.92));
#1206 = VECTOR('',#1207,1.);
#1207 = DIRECTION('',(1.,-1.224646799147E-16,0.));
#1208 = ORIENTED_EDGE('',*,*,#1209,.T.);
#1209 = EDGE_CURVE('',#1202,#1210,#1212,.T.);
#1210 = VERTEX_POINT('',#1211);
#1211 = CARTESIAN_POINT('',(1.6,-2.22,1.72));
#1212 = LINE('',#1213,#1214);
#1213 = CARTESIAN_POINT('',(1.6,-2.22,1.92));
#1214 = VECTOR('',#1215,1.);
#1215 = DIRECTION('',(-1.359631073447E-32,-1.110223024625E-16,-1.));
#1216 = ORIENTED_EDGE('',*,*,#1217,.F.);
#1217 = EDGE_CURVE('',#1218,#1210,#1220,.T.);
#1218 = VERTEX_POINT('',#1219);
#1219 = CARTESIAN_POINT('',(1.7,-2.22,1.72));
#1220 = LINE('',#1221,#1222);
#1221 = CARTESIAN_POINT('',(1.7,-2.22,1.72));
#1222 = VECTOR('',#1223,1.);
#1223 = DIRECTION('',(-1.,1.224646799147E-16,0.));
#1224 = ORIENTED_EDGE('',*,*,#1225,.T.);
#1225 = EDGE_CURVE('',#1218,#1226,#1228,.T.);
#1226 = VERTEX_POINT('',#1227);
#1227 = CARTESIAN_POINT('',(1.7,-2.22,1.805));
#1228 = LINE('',#1229,#1230);
#1229 = CARTESIAN_POINT('',(1.7,-2.22,1.72));
#1230 = VECTOR('',#1231,1.);
#1231 = DIRECTION('',(1.359631073447E-32,1.110223024625E-16,1.));
#1232 = ORIENTED_EDGE('',*,*,#1233,.F.);
#1233 = EDGE_CURVE('',#1234,#1226,#1236,.T.);
#1234 = VERTEX_POINT('',#1235);
#1235 = CARTESIAN_POINT('',(2.72,-2.22,1.805));
#1236 = LINE('',#1237,#1238);
#1237 = CARTESIAN_POINT('',(2.72,-2.22,1.805));
#1238 = VECTOR('',#1239,1.);
#1239 = DIRECTION('',(-1.,1.224646799147E-16,0.));
#1240 = ORIENTED_EDGE('',*,*,#1241,.F.);
#1241 = EDGE_CURVE('',#1242,#1234,#1244,.T.);
#1242 = VERTEX_POINT('',#1243);
#1243 = CARTESIAN_POINT('',(2.72,-2.22,1.72));
#1244 = LINE('',#1245,#1246);
#1245 = CARTESIAN_POINT('',(2.72,-2.22,1.72));
#1246 = VECTOR('',#1247,1.);
#1247 = DIRECTION('',(1.359631073447E-32,1.110223024625E-16,1.));
#1248 = ORIENTED_EDGE('',*,*,#1249,.F.);
#1249 = EDGE_CURVE('',#1250,#1242,#1252,.T.);
#1250 = VERTEX_POINT('',#1251);
#1251 = CARTESIAN_POINT('',(3.1,-2.22,1.72));
#1252 = LINE('',#1253,#1254);
#1253 = CARTESIAN_POINT('',(3.1,-2.22,1.72));
#1254 = VECTOR('',#1255,1.);
#1255 = DIRECTION('',(-1.,1.224646799147E-16,0.));
#1256 = ORIENTED_EDGE('',*,*,#1257,.T.);
#1257 = EDGE_CURVE('',#1250,#1078,#1258,.T.);
#1258 = LINE('',#1259,#1260);
#1259 = CARTESIAN_POINT('',(3.1,-2.22,1.72));
#1260 = VECTOR('',#1261,1.);
#1261 = DIRECTION('',(-1.359631073447E-32,-1.110223024625E-16,-1.));
#1262 = PLANE('',#1263);
#1263 = AXIS2_PLACEMENT_3D('',#1264,#1265,#1266);
#1264 = CARTESIAN_POINT('',(1.530808498934E-16,-2.22,1.02));
#1265 = DIRECTION('',(-1.224646799147E-16,-1.,1.110223024625E-16));
#1266 = DIRECTION('',(-1.,1.224646799147E-16,0.));
#1267 = ADVANCED_FACE('',(#1268),#1403,.F.);
#1268 = FACE_BOUND('',#1269,.F.);
#1269 = EDGE_LOOP('',(#1270,#1271,#1279,#1287,#1295,#1303,#1311,#1319,
    #1327,#1335,#1343,#1351,#1357,#1358,#1366,#1374,#1380,#1381,#1389,
    #1397));
#1270 = ORIENTED_EDGE('',*,*,#1106,.F.);
#1271 = ORIENTED_EDGE('',*,*,#1272,.F.);
#1272 = EDGE_CURVE('',#1273,#1107,#1275,.T.);
#1273 = VERTEX_POINT('',#1274);
#1274 = CARTESIAN_POINT('',(-3.1,-2.22,1.72));
#1275 = LINE('',#1276,#1277);
#1276 = CARTESIAN_POINT('',(-3.1,-2.22,1.72));
#1277 = VECTOR('',#1278,1.);
#1278 = DIRECTION('',(-1.359631073447E-32,-1.110223024625E-16,-1.));
#1279 = ORIENTED_EDGE('',*,*,#1280,.F.);
#1280 = EDGE_CURVE('',#1281,#1273,#1283,.T.);
#1281 = VERTEX_POINT('',#1282);
#1282 = CARTESIAN_POINT('',(-2.72,-2.22,1.72));
#1283 = LINE('',#1284,#1285);
#1284 = CARTESIAN_POINT('',(-2.72,-2.22,1.72));
#1285 = VECTOR('',#1286,1.);
#1286 = DIRECTION('',(-1.,1.224646799147E-16,0.));
#1287 = ORIENTED_EDGE('',*,*,#1288,.T.);
#1288 = EDGE_CURVE('',#1281,#1289,#1291,.T.);
#1289 = VERTEX_POINT('',#1290);
#1290 = CARTESIAN_POINT('',(-2.72,-2.22,1.805));
#1291 = LINE('',#1292,#1293);
#1292 = CARTESIAN_POINT('',(-2.72,-2.22,1.72));
#1293 = VECTOR('',#1294,1.);
#1294 = DIRECTION('',(1.359631073447E-32,1.110223024625E-16,1.));
#1295 = ORIENTED_EDGE('',*,*,#1296,.F.);
#1296 = EDGE_CURVE('',#1297,#1289,#1299,.T.);
#1297 = VERTEX_POINT('',#1298);
#1298 = CARTESIAN_POINT('',(-1.7,-2.22,1.805));
#1299 = LINE('',#1300,#1301);
#1300 = CARTESIAN_POINT('',(-1.7,-2.22,1.805));
#1301 = VECTOR('',#1302,1.);
#1302 = DIRECTION('',(-1.,1.224646799147E-16,0.));
#1303 = ORIENTED_EDGE('',*,*,#1304,.F.);
#1304 = EDGE_CURVE('',#1305,#1297,#1307,.T.);
#1305 = VERTEX_POINT('',#1306);
#1306 = CARTESIAN_POINT('',(-1.7,-2.22,1.72));
#1307 = LINE('',#1308,#1309);
#1308 = CARTESIAN_POINT('',(-1.7,-2.22,1.72));
#1309 = VECTOR('',#1310,1.);
#1310 = DIRECTION('',(1.359631073447E-32,1.110223024625E-16,1.));
#1311 = ORIENTED_EDGE('',*,*,#1312,.F.);
#1312 = EDGE_CURVE('',#1313,#1305,#1315,.T.);
#1313 = VERTEX_POINT('',#1314);
#1314 = CARTESIAN_POINT('',(-1.6,-2.22,1.72));
#1315 = LINE('',#1316,#1317);
#1316 = CARTESIAN_POINT('',(-1.6,-2.22,1.72));
#1317 = VECTOR('',#1318,1.);
#1318 = DIRECTION('',(-1.,1.224646799147E-16,0.));
#1319 = ORIENTED_EDGE('',*,*,#1320,.F.);
#1320 = EDGE_CURVE('',#1321,#1313,#1323,.T.);
#1321 = VERTEX_POINT('',#1322);
#1322 = CARTESIAN_POINT('',(-1.6,-2.22,1.92));
#1323 = LINE('',#1324,#1325);
#1324 = CARTESIAN_POINT('',(-1.6,-2.22,1.92));
#1325 = VECTOR('',#1326,1.);
#1326 = DIRECTION('',(-1.359631073447E-32,-1.110223024625E-16,-1.));
#1327 = ORIENTED_EDGE('',*,*,#1328,.F.);
#1328 = EDGE_CURVE('',#1329,#1321,#1331,.T.);
#1329 = VERTEX_POINT('',#1330);
#1330 = CARTESIAN_POINT('',(-4.05,-2.22,1.92));
#1331 = LINE('',#1332,#1333);
#1332 = CARTESIAN_POINT('',(-4.05,-2.22,1.92));
#1333 = VECTOR('',#1334,1.);
#1334 = DIRECTION('',(1.,-1.224646799147E-16,0.));
#1335 = ORIENTED_EDGE('',*,*,#1336,.F.);
#1336 = EDGE_CURVE('',#1337,#1329,#1339,.T.);
#1337 = VERTEX_POINT('',#1338);
#1338 = CARTESIAN_POINT('',(-4.05,-2.22,0.12));
#1339 = LINE('',#1340,#1341);
#1340 = CARTESIAN_POINT('',(-4.05,-2.22,0.12));
#1341 = VECTOR('',#1342,1.);
#1342 = DIRECTION('',(1.359631073447E-32,1.110223024625E-16,1.));
#1343 = ORIENTED_EDGE('',*,*,#1344,.F.);
#1344 = EDGE_CURVE('',#1345,#1337,#1347,.T.);
#1345 = VERTEX_POINT('',#1346);
#1346 = CARTESIAN_POINT('',(-1.45,-2.22,0.12));
#1347 = LINE('',#1348,#1349);
#1348 = CARTESIAN_POINT('',(-1.45,-2.22,0.12));
#1349 = VECTOR('',#1350,1.);
#1350 = DIRECTION('',(-1.,1.224646799147E-16,0.));
#1351 = ORIENTED_EDGE('',*,*,#1352,.F.);
#1352 = EDGE_CURVE('',#686,#1345,#1353,.T.);
#1353 = LINE('',#1354,#1355);
#1354 = CARTESIAN_POINT('',(-1.45,-2.22,0.32));
#1355 = VECTOR('',#1356,1.);
#1356 = DIRECTION('',(-1.359631073447E-32,-1.110223024625E-16,-1.));
#1357 = ORIENTED_EDGE('',*,*,#685,.F.);
#1358 = ORIENTED_EDGE('',*,*,#1359,.T.);
#1359 = EDGE_CURVE('',#678,#1360,#1362,.T.);
#1360 = VERTEX_POINT('',#1361);
#1361 = CARTESIAN_POINT('',(-1.7,-2.22,0.235));
#1362 = LINE('',#1363,#1364);
#1363 = CARTESIAN_POINT('',(-1.7,-2.22,0.32));
#1364 = VECTOR('',#1365,1.);
#1365 = DIRECTION('',(-1.359631073447E-32,-1.110223024625E-16,-1.));
#1366 = ORIENTED_EDGE('',*,*,#1367,.T.);
#1367 = EDGE_CURVE('',#1360,#1368,#1370,.T.);
#1368 = VERTEX_POINT('',#1369);
#1369 = CARTESIAN_POINT('',(-2.72,-2.22,0.235));
#1370 = LINE('',#1371,#1372);
#1371 = CARTESIAN_POINT('',(-1.7,-2.22,0.235));
#1372 = VECTOR('',#1373,1.);
#1373 = DIRECTION('',(-1.,1.224646799147E-16,0.));
#1374 = ORIENTED_EDGE('',*,*,#1375,.F.);
#1375 = EDGE_CURVE('',#175,#1368,#1376,.T.);
#1376 = LINE('',#1377,#1378);
#1377 = CARTESIAN_POINT('',(-2.72,-2.22,0.32));
#1378 = VECTOR('',#1379,1.);
#1379 = DIRECTION('',(-1.359631073447E-32,-1.110223024625E-16,-1.));
#1380 = ORIENTED_EDGE('',*,*,#200,.F.);
#1381 = ORIENTED_EDGE('',*,*,#1382,.F.);
#1382 = EDGE_CURVE('',#1383,#193,#1385,.T.);
#1383 = VERTEX_POINT('',#1384);
#1384 = CARTESIAN_POINT('',(-3.1,-2.22,0.545));
#1385 = LINE('',#1386,#1387);
#1386 = CARTESIAN_POINT('',(-3.1,-2.22,0.545));
#1387 = VECTOR('',#1388,1.);
#1388 = DIRECTION('',(-1.359631073447E-32,-1.110223024625E-16,-1.));
#1389 = ORIENTED_EDGE('',*,*,#1390,.T.);
#1390 = EDGE_CURVE('',#1383,#1391,#1393,.T.);
#1391 = VERTEX_POINT('',#1392);
#1392 = CARTESIAN_POINT('',(-3.2,-2.22,0.545));
#1393 = LINE('',#1394,#1395);
#1394 = CARTESIAN_POINT('',(-3.1,-2.22,0.545));
#1395 = VECTOR('',#1396,1.);
#1396 = DIRECTION('',(-1.,1.224646799147E-16,0.));
#1397 = ORIENTED_EDGE('',*,*,#1398,.F.);
#1398 = EDGE_CURVE('',#1109,#1391,#1399,.T.);
#1399 = LINE('',#1400,#1401);
#1400 = CARTESIAN_POINT('',(-3.2,-2.22,1.495));
#1401 = VECTOR('',#1402,1.);
#1402 = DIRECTION('',(-1.359631073447E-32,-1.110223024625E-16,-1.));
#1403 = PLANE('',#1404);
#1404 = AXIS2_PLACEMENT_3D('',#1405,#1406,#1407);
#1405 = CARTESIAN_POINT('',(1.530808498934E-16,-2.22,1.02));
#1406 = DIRECTION('',(-1.224646799147E-16,-1.,1.110223024625E-16));
#1407 = DIRECTION('',(-1.,1.224646799147E-16,0.));
#1408 = ADVANCED_FACE('',(#1409),#1420,.T.);
#1409 = FACE_BOUND('',#1410,.F.);
#1410 = EDGE_LOOP('',(#1411,#1412,#1413,#1414));
#1411 = ORIENTED_EDGE('',*,*,#1138,.F.);
#1412 = ORIENTED_EDGE('',*,*,#1092,.F.);
#1413 = ORIENTED_EDGE('',*,*,#893,.T.);
#1414 = ORIENTED_EDGE('',*,*,#1415,.T.);
#1415 = EDGE_CURVE('',#886,#1139,#1416,.T.);
#1416 = LINE('',#1417,#1418);
#1417 = CARTESIAN_POINT('',(3.196,-2.17,0.545));
#1418 = VECTOR('',#1419,1.);
#1419 = DIRECTION('',(7.974522228288E-02,-0.996815278536,
    1.106687273529E-16));
#1420 = PLANE('',#1421);
#1421 = AXIS2_PLACEMENT_3D('',#1422,#1423,#1424);
#1422 = CARTESIAN_POINT('',(3.196,-2.17,1.495));
#1423 = DIRECTION('',(0.996815278536,7.974522228289E-02,
    -8.853498188232E-18));
#1424 = DIRECTION('',(7.974522228289E-02,-0.996815278536,
    1.106687273529E-16));
#1425 = ADVANCED_FACE('',(#1426),#1437,.T.);
#1426 = FACE_BOUND('',#1427,.F.);
#1427 = EDGE_LOOP('',(#1428,#1429,#1430,#1431));
#1428 = ORIENTED_EDGE('',*,*,#1146,.F.);
#1429 = ORIENTED_EDGE('',*,*,#1415,.F.);
#1430 = ORIENTED_EDGE('',*,*,#885,.T.);
#1431 = ORIENTED_EDGE('',*,*,#1432,.F.);
#1432 = EDGE_CURVE('',#1147,#878,#1433,.T.);
#1433 = LINE('',#1434,#1435);
#1434 = CARTESIAN_POINT('',(3.1,-2.22,0.545));
#1435 = VECTOR('',#1436,1.);
#1436 = DIRECTION('',(1.224646799147E-16,1.,-1.110223024625E-16));
#1437 = PLANE('',#1438);
#1438 = AXIS2_PLACEMENT_3D('',#1439,#1440,#1441);
#1439 = CARTESIAN_POINT('',(-6.458247598873E-33,-3.47,0.545));
#1440 = DIRECTION('',(-1.359631073447E-32,-1.110223024625E-16,-1.));
#1441 = DIRECTION('',(-1.,1.224646799147E-16,0.));
#1442 = ADVANCED_FACE('',(#1443),#1459,.T.);
#1443 = FACE_BOUND('',#1444,.F.);
#1444 = EDGE_LOOP('',(#1445,#1446,#1452,#1453));
#1445 = ORIENTED_EDGE('',*,*,#1390,.F.);
#1446 = ORIENTED_EDGE('',*,*,#1447,.T.);
#1447 = EDGE_CURVE('',#1383,#926,#1448,.T.);
#1448 = LINE('',#1449,#1450);
#1449 = CARTESIAN_POINT('',(-3.1,-2.22,0.545));
#1450 = VECTOR('',#1451,1.);
#1451 = DIRECTION('',(1.224646799147E-16,1.,-1.110223024625E-16));
#1452 = ORIENTED_EDGE('',*,*,#925,.T.);
#1453 = ORIENTED_EDGE('',*,*,#1454,.F.);
#1454 = EDGE_CURVE('',#1391,#918,#1455,.T.);
#1455 = LINE('',#1456,#1457);
#1456 = CARTESIAN_POINT('',(-3.2,-2.22,0.545));
#1457 = VECTOR('',#1458,1.);
#1458 = DIRECTION('',(7.974522228288E-02,0.996815278536,
    -1.106687273529E-16));
#1459 = PLANE('',#1460);
#1460 = AXIS2_PLACEMENT_3D('',#1461,#1462,#1463);
#1461 = CARTESIAN_POINT('',(-6.458247598873E-33,-3.47,0.545));
#1462 = DIRECTION('',(-1.359631073447E-32,-1.110223024625E-16,-1.));
#1463 = DIRECTION('',(-1.,1.224646799147E-16,0.));
#1464 = ADVANCED_FACE('',(#1465),#1476,.T.);
#1465 = FACE_BOUND('',#1466,.F.);
#1466 = EDGE_LOOP('',(#1467,#1468,#1469,#1475));
#1467 = ORIENTED_EDGE('',*,*,#1085,.F.);
#1468 = ORIENTED_EDGE('',*,*,#1257,.F.);
#1469 = ORIENTED_EDGE('',*,*,#1470,.F.);
#1470 = EDGE_CURVE('',#757,#1250,#1471,.T.);
#1471 = LINE('',#1472,#1473);
#1472 = CARTESIAN_POINT('',(3.1,-2.17,1.72));
#1473 = VECTOR('',#1474,1.);
#1474 = DIRECTION('',(-1.224646799147E-16,-1.,1.110223024625E-16));
#1475 = ORIENTED_EDGE('',*,*,#756,.T.);
#1476 = PLANE('',#1477);
#1477 = AXIS2_PLACEMENT_3D('',#1478,#1479,#1480);
#1478 = CARTESIAN_POINT('',(3.1,0.68,0.32));
#1479 = DIRECTION('',(1.,-1.224646799147E-16,0.));
#1480 = DIRECTION('',(-1.224646799147E-16,-1.,1.110223024625E-16));
#1481 = ADVANCED_FACE('',(#1482),#1488,.T.);
#1482 = FACE_BOUND('',#1483,.F.);
#1483 = EDGE_LOOP('',(#1484,#1485,#1486,#1487));
#1484 = ORIENTED_EDGE('',*,*,#1432,.T.);
#1485 = ORIENTED_EDGE('',*,*,#877,.T.);
#1486 = ORIENTED_EDGE('',*,*,#152,.T.);
#1487 = ORIENTED_EDGE('',*,*,#1154,.F.);
#1488 = PLANE('',#1489);
#1489 = AXIS2_PLACEMENT_3D('',#1490,#1491,#1492);
#1490 = CARTESIAN_POINT('',(3.1,0.68,0.32));
#1491 = DIRECTION('',(1.,-1.224646799147E-16,0.));
#1492 = DIRECTION('',(-1.224646799147E-16,-1.,1.110223024625E-16));
#1493 = ADVANCED_FACE('',(#1494),#1519,.T.);
#1494 = FACE_BOUND('',#1495,.F.);
#1495 = EDGE_LOOP('',(#1496,#1504,#1505,#1513));
#1496 = ORIENTED_EDGE('',*,*,#1497,.F.);
#1497 = EDGE_CURVE('',#372,#1498,#1500,.T.);
#1498 = VERTEX_POINT('',#1499);
#1499 = CARTESIAN_POINT('',(3.1,0.68,0.403578643763));
#1500 = LINE('',#1501,#1502);
#1501 = CARTESIAN_POINT('',(3.1,0.68,0.32));
#1502 = VECTOR('',#1503,1.);
#1503 = DIRECTION('',(1.359631073447E-32,1.110223024625E-16,1.));
#1504 = ORIENTED_EDGE('',*,*,#371,.T.);
#1505 = ORIENTED_EDGE('',*,*,#1506,.F.);
#1506 = EDGE_CURVE('',#1507,#364,#1509,.T.);
#1507 = VERTEX_POINT('',#1508);
#1508 = CARTESIAN_POINT('',(3.1,0.53,0.403578643763));
#1509 = LINE('',#1510,#1511);
#1510 = CARTESIAN_POINT('',(3.1,0.53,0.403578643763));
#1511 = VECTOR('',#1512,1.);
#1512 = DIRECTION('',(-1.359631073447E-32,-1.110223024625E-16,-1.));
#1513 = ORIENTED_EDGE('',*,*,#1514,.F.);
#1514 = EDGE_CURVE('',#1498,#1507,#1515,.T.);
#1515 = LINE('',#1516,#1517);
#1516 = CARTESIAN_POINT('',(3.1,0.68,0.403578643763));
#1517 = VECTOR('',#1518,1.);
#1518 = DIRECTION('',(-1.224646799147E-16,-1.,1.110223024625E-16));
#1519 = PLANE('',#1520);
#1520 = AXIS2_PLACEMENT_3D('',#1521,#1522,#1523);
#1521 = CARTESIAN_POINT('',(3.1,0.68,0.32));
#1522 = DIRECTION('',(1.,-1.224646799147E-16,0.));
#1523 = DIRECTION('',(-1.224646799147E-16,-1.,1.110223024625E-16));
#1524 = ADVANCED_FACE('',(#1525),#1559,.T.);
#1525 = FACE_BOUND('',#1526,.F.);
#1526 = EDGE_LOOP('',(#1527,#1537,#1545,#1553));
#1527 = ORIENTED_EDGE('',*,*,#1528,.F.);
#1528 = EDGE_CURVE('',#1529,#1531,#1533,.T.);
#1529 = VERTEX_POINT('',#1530);
#1530 = CARTESIAN_POINT('',(3.1,0.68,1.636421356237));
#1531 = VERTEX_POINT('',#1532);
#1532 = CARTESIAN_POINT('',(3.1,0.68,1.72));
#1533 = LINE('',#1534,#1535);
#1534 = CARTESIAN_POINT('',(3.1,0.68,1.636421356237));
#1535 = VECTOR('',#1536,1.);
#1536 = DIRECTION('',(1.359631073447E-32,1.110223024625E-16,1.));
#1537 = ORIENTED_EDGE('',*,*,#1538,.T.);
#1538 = EDGE_CURVE('',#1529,#1539,#1541,.T.);
#1539 = VERTEX_POINT('',#1540);
#1540 = CARTESIAN_POINT('',(3.1,0.53,1.636421356237));
#1541 = LINE('',#1542,#1543);
#1542 = CARTESIAN_POINT('',(3.1,0.68,1.636421356237));
#1543 = VECTOR('',#1544,1.);
#1544 = DIRECTION('',(-1.224646799147E-16,-1.,1.110223024625E-16));
#1545 = ORIENTED_EDGE('',*,*,#1546,.F.);
#1546 = EDGE_CURVE('',#1547,#1539,#1549,.T.);
#1547 = VERTEX_POINT('',#1548);
#1548 = CARTESIAN_POINT('',(3.1,0.53,1.72));
#1549 = LINE('',#1550,#1551);
#1550 = CARTESIAN_POINT('',(3.1,0.53,1.72));
#1551 = VECTOR('',#1552,1.);
#1552 = DIRECTION('',(-1.359631073447E-32,-1.110223024625E-16,-1.));
#1553 = ORIENTED_EDGE('',*,*,#1554,.F.);
#1554 = EDGE_CURVE('',#1531,#1547,#1555,.T.);
#1555 = LINE('',#1556,#1557);
#1556 = CARTESIAN_POINT('',(3.1,0.68,1.72));
#1557 = VECTOR('',#1558,1.);
#1558 = DIRECTION('',(-1.224646799147E-16,-1.,1.110223024625E-16));
#1559 = PLANE('',#1560);
#1560 = AXIS2_PLACEMENT_3D('',#1561,#1562,#1563);
#1561 = CARTESIAN_POINT('',(3.1,0.68,0.32));
#1562 = DIRECTION('',(1.,-1.224646799147E-16,0.));
#1563 = DIRECTION('',(-1.224646799147E-16,-1.,1.110223024625E-16));
#1564 = ADVANCED_FACE('',(#1565),#1576,.T.);
#1565 = FACE_BOUND('',#1566,.F.);
#1566 = EDGE_LOOP('',(#1567,#1573,#1574,#1575));
#1567 = ORIENTED_EDGE('',*,*,#1568,.T.);
#1568 = EDGE_CURVE('',#1242,#765,#1569,.T.);
#1569 = LINE('',#1570,#1571);
#1570 = CARTESIAN_POINT('',(2.72,-2.22,1.72));
#1571 = VECTOR('',#1572,1.);
#1572 = DIRECTION('',(1.224646799147E-16,1.,-1.110223024625E-16));
#1573 = ORIENTED_EDGE('',*,*,#764,.F.);
#1574 = ORIENTED_EDGE('',*,*,#1470,.T.);
#1575 = ORIENTED_EDGE('',*,*,#1249,.T.);
#1576 = PLANE('',#1577);
#1577 = AXIS2_PLACEMENT_3D('',#1578,#1579,#1580);
#1578 = CARTESIAN_POINT('',(-1.45,0.38,1.72));
#1579 = DIRECTION('',(1.359631073447E-32,1.110223024625E-16,1.));
#1580 = DIRECTION('',(1.224646799147E-16,1.,-1.110223024625E-16));
#1581 = ADVANCED_FACE('',(#1582),#1598,.T.);
#1582 = FACE_BOUND('',#1583,.F.);
#1583 = EDGE_LOOP('',(#1584,#1590,#1591,#1597));
#1584 = ORIENTED_EDGE('',*,*,#1585,.F.);
#1585 = EDGE_CURVE('',#1281,#1046,#1586,.T.);
#1586 = LINE('',#1587,#1588);
#1587 = CARTESIAN_POINT('',(-2.72,-2.22,1.72));
#1588 = VECTOR('',#1589,1.);
#1589 = DIRECTION('',(1.224646799147E-16,1.,-1.110223024625E-16));
#1590 = ORIENTED_EDGE('',*,*,#1280,.T.);
#1591 = ORIENTED_EDGE('',*,*,#1592,.T.);
#1592 = EDGE_CURVE('',#1273,#1054,#1593,.T.);
#1593 = LINE('',#1594,#1595);
#1594 = CARTESIAN_POINT('',(-3.1,-2.22,1.72));
#1595 = VECTOR('',#1596,1.);
#1596 = DIRECTION('',(1.224646799147E-16,1.,-1.110223024625E-16));
#1597 = ORIENTED_EDGE('',*,*,#1053,.F.);
#1598 = PLANE('',#1599);
#1599 = AXIS2_PLACEMENT_3D('',#1600,#1601,#1602);
#1600 = CARTESIAN_POINT('',(-1.45,0.38,1.72));
#1601 = DIRECTION('',(1.359631073447E-32,1.110223024625E-16,1.));
#1602 = DIRECTION('',(1.224646799147E-16,1.,-1.110223024625E-16));
#1603 = ADVANCED_FACE('',(#1604),#1758,.T.);
#1604 = FACE_BOUND('',#1605,.F.);
#1605 = EDGE_LOOP('',(#1606,#1616,#1622,#1623,#1631,#1639,#1648,#1656,
    #1665,#1673,#1681,#1689,#1697,#1705,#1713,#1721,#1728,#1729,#1735,
    #1736,#1744,#1752));
#1606 = ORIENTED_EDGE('',*,*,#1607,.T.);
#1607 = EDGE_CURVE('',#1608,#1610,#1612,.T.);
#1608 = VERTEX_POINT('',#1609);
#1609 = CARTESIAN_POINT('',(1.1,0.38,1.72));
#1610 = VERTEX_POINT('',#1611);
#1611 = CARTESIAN_POINT('',(1.1,0.68,1.72));
#1612 = LINE('',#1613,#1614);
#1613 = CARTESIAN_POINT('',(1.1,0.38,1.72));
#1614 = VECTOR('',#1615,1.);
#1615 = DIRECTION('',(1.224646799147E-16,1.,-1.110223024625E-16));
#1616 = ORIENTED_EDGE('',*,*,#1617,.T.);
#1617 = EDGE_CURVE('',#1610,#1531,#1618,.T.);
#1618 = LINE('',#1619,#1620);
#1619 = CARTESIAN_POINT('',(1.1,0.68,1.72));
#1620 = VECTOR('',#1621,1.);
#1621 = DIRECTION('',(1.,-1.224646799147E-16,0.));
#1622 = ORIENTED_EDGE('',*,*,#1554,.T.);
#1623 = ORIENTED_EDGE('',*,*,#1624,.T.);
#1624 = EDGE_CURVE('',#1547,#1625,#1627,.T.);
#1625 = VERTEX_POINT('',#1626);
#1626 = CARTESIAN_POINT('',(3.092,0.53,1.72));
#1627 = LINE('',#1628,#1629);
#1628 = CARTESIAN_POINT('',(3.1,0.53,1.72));
#1629 = VECTOR('',#1630,1.);
#1630 = DIRECTION('',(-1.,1.224646799147E-16,0.));
#1631 = ORIENTED_EDGE('',*,*,#1632,.F.);
#1632 = EDGE_CURVE('',#1633,#1625,#1635,.T.);
#1633 = VERTEX_POINT('',#1634);
#1634 = CARTESIAN_POINT('',(3.02396556961,0.561495418505,1.72));
#1635 = LINE('',#1636,#1637);
#1636 = CARTESIAN_POINT('',(3.02396556961,0.561495418505,1.72));
#1637 = VECTOR('',#1638,1.);
#1638 = DIRECTION('',(0.907477092524,-0.420101566939,4.664064322967E-17)
  );
#1639 = ORIENTED_EDGE('',*,*,#1640,.F.);
#1640 = EDGE_CURVE('',#1641,#1633,#1643,.T.);
#1641 = VERTEX_POINT('',#1642);
#1642 = CARTESIAN_POINT('',(2.939945256223,0.58,1.72));
#1643 = CIRCLE('',#1644,0.2);
#1644 = AXIS2_PLACEMENT_3D('',#1645,#1646,#1647);
#1645 = CARTESIAN_POINT('',(2.939945256222,0.38,1.72));
#1646 = DIRECTION('',(-1.359631073447E-32,-1.110223024625E-16,-1.));
#1647 = DIRECTION('',(6.229495405892E-14,1.,-1.110223024625E-16));
#1648 = ORIENTED_EDGE('',*,*,#1649,.F.);
#1649 = EDGE_CURVE('',#1650,#1641,#1652,.T.);
#1650 = VERTEX_POINT('',#1651);
#1651 = CARTESIAN_POINT('',(2.049,0.58,1.72));
#1652 = LINE('',#1653,#1654);
#1653 = CARTESIAN_POINT('',(2.049,0.58,1.72));
#1654 = VECTOR('',#1655,1.);
#1655 = DIRECTION('',(1.,-1.224646799147E-16,0.));
#1656 = ORIENTED_EDGE('',*,*,#1657,.F.);
#1657 = EDGE_CURVE('',#1658,#1650,#1660,.T.);
#1658 = VERTEX_POINT('',#1659);
#1659 = CARTESIAN_POINT('',(1.949,0.48,1.72));
#1660 = CIRCLE('',#1661,0.1);
#1661 = AXIS2_PLACEMENT_3D('',#1662,#1663,#1664);
#1662 = CARTESIAN_POINT('',(2.049,0.48,1.72));
#1663 = DIRECTION('',(-1.359631073447E-32,-1.110223024625E-16,-1.));
#1664 = DIRECTION('',(-1.,1.224646799147E-16,0.));
#1665 = ORIENTED_EDGE('',*,*,#1666,.F.);
#1666 = EDGE_CURVE('',#1667,#1658,#1669,.T.);
#1667 = VERTEX_POINT('',#1668);
#1668 = CARTESIAN_POINT('',(1.949,0.38,1.72));
#1669 = LINE('',#1670,#1671);
#1670 = CARTESIAN_POINT('',(1.949,0.38,1.72));
#1671 = VECTOR('',#1672,1.);
#1672 = DIRECTION('',(1.224646799147E-16,1.,-1.110223024625E-16));
#1673 = ORIENTED_EDGE('',*,*,#1674,.F.);
#1674 = EDGE_CURVE('',#1675,#1667,#1677,.T.);
#1675 = VERTEX_POINT('',#1676);
#1676 = CARTESIAN_POINT('',(1.7,0.38,1.72));
#1677 = LINE('',#1678,#1679);
#1678 = CARTESIAN_POINT('',(1.7,0.38,1.72));
#1679 = VECTOR('',#1680,1.);
#1680 = DIRECTION('',(1.,-1.224646799147E-16,0.));
#1681 = ORIENTED_EDGE('',*,*,#1682,.F.);
#1682 = EDGE_CURVE('',#1683,#1675,#1685,.T.);
#1683 = VERTEX_POINT('',#1684);
#1684 = CARTESIAN_POINT('',(1.7,0.28,1.72));
#1685 = LINE('',#1686,#1687);
#1686 = CARTESIAN_POINT('',(1.7,0.28,1.72));
#1687 = VECTOR('',#1688,1.);
#1688 = DIRECTION('',(1.224646799147E-16,1.,-1.110223024625E-16));
#1689 = ORIENTED_EDGE('',*,*,#1690,.T.);
#1690 = EDGE_CURVE('',#1683,#1691,#1693,.T.);
#1691 = VERTEX_POINT('',#1692);
#1692 = CARTESIAN_POINT('',(1.453985600994,0.28,1.72));
#1693 = LINE('',#1694,#1695);
#1694 = CARTESIAN_POINT('',(1.7,0.28,1.72));
#1695 = VECTOR('',#1696,1.);
#1696 = DIRECTION('',(-1.,1.224646799147E-16,0.));
#1697 = ORIENTED_EDGE('',*,*,#1698,.F.);
#1698 = EDGE_CURVE('',#1699,#1691,#1701,.T.);
#1699 = VERTEX_POINT('',#1700);
#1700 = CARTESIAN_POINT('',(1.453985600994,-1.62,1.72));
#1701 = LINE('',#1702,#1703);
#1702 = CARTESIAN_POINT('',(1.453985600994,-1.62,1.72));
#1703 = VECTOR('',#1704,1.);
#1704 = DIRECTION('',(1.224646799147E-16,1.,-1.110223024625E-16));
#1705 = ORIENTED_EDGE('',*,*,#1706,.F.);
#1706 = EDGE_CURVE('',#1707,#1699,#1709,.T.);
#1707 = VERTEX_POINT('',#1708);
#1708 = CARTESIAN_POINT('',(1.47,-1.62,1.72));
#1709 = LINE('',#1710,#1711);
#1710 = CARTESIAN_POINT('',(1.47,-1.62,1.72));
#1711 = VECTOR('',#1712,1.);
#1712 = DIRECTION('',(-1.,1.224646799147E-16,0.));
#1713 = ORIENTED_EDGE('',*,*,#1714,.F.);
#1714 = EDGE_CURVE('',#1715,#1707,#1717,.T.);
#1715 = VERTEX_POINT('',#1716);
#1716 = CARTESIAN_POINT('',(1.47,-1.97,1.72));
#1717 = LINE('',#1718,#1719);
#1718 = CARTESIAN_POINT('',(1.47,-1.97,1.72));
#1719 = VECTOR('',#1720,1.);
#1720 = DIRECTION('',(1.224646799147E-16,1.,-1.110223024625E-16));
#1721 = ORIENTED_EDGE('',*,*,#1722,.F.);
#1722 = EDGE_CURVE('',#797,#1715,#1723,.T.);
#1723 = CIRCLE('',#1724,0.2);
#1724 = AXIS2_PLACEMENT_3D('',#1725,#1726,#1727);
#1725 = CARTESIAN_POINT('',(1.67,-1.97,1.72));
#1726 = DIRECTION('',(-1.359631073447E-32,-1.110223024625E-16,-1.));
#1727 = DIRECTION('',(-1.224646799147E-16,-1.,1.110223024625E-16));
#1728 = ORIENTED_EDGE('',*,*,#796,.F.);
#1729 = ORIENTED_EDGE('',*,*,#1730,.F.);
#1730 = EDGE_CURVE('',#1218,#789,#1731,.T.);
#1731 = LINE('',#1732,#1733);
#1732 = CARTESIAN_POINT('',(1.7,-2.22,1.72));
#1733 = VECTOR('',#1734,1.);
#1734 = DIRECTION('',(1.224646799147E-16,1.,-1.110223024625E-16));
#1735 = ORIENTED_EDGE('',*,*,#1217,.T.);
#1736 = ORIENTED_EDGE('',*,*,#1737,.T.);
#1737 = EDGE_CURVE('',#1210,#1738,#1740,.T.);
#1738 = VERTEX_POINT('',#1739);
#1739 = CARTESIAN_POINT('',(1.45,-2.22,1.72));
#1740 = LINE('',#1741,#1742);
#1741 = CARTESIAN_POINT('',(1.6,-2.22,1.72));
#1742 = VECTOR('',#1743,1.);
#1743 = DIRECTION('',(-1.,1.224646799147E-16,0.));
#1744 = ORIENTED_EDGE('',*,*,#1745,.T.);
#1745 = EDGE_CURVE('',#1738,#1746,#1748,.T.);
#1746 = VERTEX_POINT('',#1747);
#1747 = CARTESIAN_POINT('',(1.45,0.38,1.72));
#1748 = LINE('',#1749,#1750);
#1749 = CARTESIAN_POINT('',(1.45,-2.22,1.72));
#1750 = VECTOR('',#1751,1.);
#1751 = DIRECTION('',(1.224646799147E-16,1.,-1.110223024625E-16));
#1752 = ORIENTED_EDGE('',*,*,#1753,.F.);
#1753 = EDGE_CURVE('',#1608,#1746,#1754,.T.);
#1754 = LINE('',#1755,#1756);
#1755 = CARTESIAN_POINT('',(1.1,0.38,1.72));
#1756 = VECTOR('',#1757,1.);
#1757 = DIRECTION('',(1.,-1.224646799147E-16,0.));
#1758 = PLANE('',#1759);
#1759 = AXIS2_PLACEMENT_3D('',#1760,#1761,#1762);
#1760 = CARTESIAN_POINT('',(-1.45,0.38,1.72));
#1761 = DIRECTION('',(1.359631073447E-32,1.110223024625E-16,1.));
#1762 = DIRECTION('',(1.224646799147E-16,1.,-1.110223024625E-16));
#1763 = ADVANCED_FACE('',(#1764),#1798,.T.);
#1764 = FACE_BOUND('',#1765,.F.);
#1765 = EDGE_LOOP('',(#1766,#1776,#1784,#1792));
#1766 = ORIENTED_EDGE('',*,*,#1767,.T.);
#1767 = EDGE_CURVE('',#1768,#1770,#1772,.T.);
#1768 = VERTEX_POINT('',#1769);
#1769 = CARTESIAN_POINT('',(0.6,0.38,1.72));
#1770 = VERTEX_POINT('',#1771);
#1771 = CARTESIAN_POINT('',(0.6,0.68,1.72));
#1772 = LINE('',#1773,#1774);
#1773 = CARTESIAN_POINT('',(0.6,0.38,1.72));
#1774 = VECTOR('',#1775,1.);
#1775 = DIRECTION('',(1.224646799147E-16,1.,-1.110223024625E-16));
#1776 = ORIENTED_EDGE('',*,*,#1777,.T.);
#1777 = EDGE_CURVE('',#1770,#1778,#1780,.T.);
#1778 = VERTEX_POINT('',#1779);
#1779 = CARTESIAN_POINT('',(0.9,0.68,1.72));
#1780 = LINE('',#1781,#1782);
#1781 = CARTESIAN_POINT('',(0.6,0.68,1.72));
#1782 = VECTOR('',#1783,1.);
#1783 = DIRECTION('',(1.,-1.224646799147E-16,0.));
#1784 = ORIENTED_EDGE('',*,*,#1785,.F.);
#1785 = EDGE_CURVE('',#1786,#1778,#1788,.T.);
#1786 = VERTEX_POINT('',#1787);
#1787 = CARTESIAN_POINT('',(0.9,0.38,1.72));
#1788 = LINE('',#1789,#1790);
#1789 = CARTESIAN_POINT('',(0.9,0.38,1.72));
#1790 = VECTOR('',#1791,1.);
#1791 = DIRECTION('',(1.224646799147E-16,1.,-1.110223024625E-16));
#1792 = ORIENTED_EDGE('',*,*,#1793,.F.);
#1793 = EDGE_CURVE('',#1768,#1786,#1794,.T.);
#1794 = LINE('',#1795,#1796);
#1795 = CARTESIAN_POINT('',(0.6,0.38,1.72));
#1796 = VECTOR('',#1797,1.);
#1797 = DIRECTION('',(1.,-1.224646799147E-16,0.));
#1798 = PLANE('',#1799);
#1799 = AXIS2_PLACEMENT_3D('',#1800,#1801,#1802);
#1800 = CARTESIAN_POINT('',(-1.45,0.38,1.72));
#1801 = DIRECTION('',(1.359631073447E-32,1.110223024625E-16,1.));
#1802 = DIRECTION('',(1.224646799147E-16,1.,-1.110223024625E-16));
#1803 = ADVANCED_FACE('',(#1804),#1838,.T.);
#1804 = FACE_BOUND('',#1805,.F.);
#1805 = EDGE_LOOP('',(#1806,#1816,#1824,#1832));
#1806 = ORIENTED_EDGE('',*,*,#1807,.T.);
#1807 = EDGE_CURVE('',#1808,#1810,#1812,.T.);
#1808 = VERTEX_POINT('',#1809);
#1809 = CARTESIAN_POINT('',(0.1,0.38,1.72));
#1810 = VERTEX_POINT('',#1811);
#1811 = CARTESIAN_POINT('',(0.1,0.68,1.72));
#1812 = LINE('',#1813,#1814);
#1813 = CARTESIAN_POINT('',(0.1,0.38,1.72));
#1814 = VECTOR('',#1815,1.);
#1815 = DIRECTION('',(1.224646799147E-16,1.,-1.110223024625E-16));
#1816 = ORIENTED_EDGE('',*,*,#1817,.T.);
#1817 = EDGE_CURVE('',#1810,#1818,#1820,.T.);
#1818 = VERTEX_POINT('',#1819);
#1819 = CARTESIAN_POINT('',(0.4,0.68,1.72));
#1820 = LINE('',#1821,#1822);
#1821 = CARTESIAN_POINT('',(0.1,0.68,1.72));
#1822 = VECTOR('',#1823,1.);
#1823 = DIRECTION('',(1.,-1.224646799147E-16,0.));
#1824 = ORIENTED_EDGE('',*,*,#1825,.F.);
#1825 = EDGE_CURVE('',#1826,#1818,#1828,.T.);
#1826 = VERTEX_POINT('',#1827);
#1827 = CARTESIAN_POINT('',(0.4,0.38,1.72));
#1828 = LINE('',#1829,#1830);
#1829 = CARTESIAN_POINT('',(0.4,0.38,1.72));
#1830 = VECTOR('',#1831,1.);
#1831 = DIRECTION('',(1.224646799147E-16,1.,-1.110223024625E-16));
#1832 = ORIENTED_EDGE('',*,*,#1833,.F.);
#1833 = EDGE_CURVE('',#1808,#1826,#1834,.T.);
#1834 = LINE('',#1835,#1836);
#1835 = CARTESIAN_POINT('',(0.1,0.38,1.72));
#1836 = VECTOR('',#1837,1.);
#1837 = DIRECTION('',(1.,-1.224646799147E-16,0.));
#1838 = PLANE('',#1839);
#1839 = AXIS2_PLACEMENT_3D('',#1840,#1841,#1842);
#1840 = CARTESIAN_POINT('',(-1.45,0.38,1.72));
#1841 = DIRECTION('',(1.359631073447E-32,1.110223024625E-16,1.));
#1842 = DIRECTION('',(1.224646799147E-16,1.,-1.110223024625E-16));
#1843 = ADVANCED_FACE('',(#1844),#1878,.T.);
#1844 = FACE_BOUND('',#1845,.F.);
#1845 = EDGE_LOOP('',(#1846,#1856,#1864,#1872));
#1846 = ORIENTED_EDGE('',*,*,#1847,.T.);
#1847 = EDGE_CURVE('',#1848,#1850,#1852,.T.);
#1848 = VERTEX_POINT('',#1849);
#1849 = CARTESIAN_POINT('',(-0.4,0.38,1.72));
#1850 = VERTEX_POINT('',#1851);
#1851 = CARTESIAN_POINT('',(-0.4,0.68,1.72));
#1852 = LINE('',#1853,#1854);
#1853 = CARTESIAN_POINT('',(-0.4,0.38,1.72));
#1854 = VECTOR('',#1855,1.);
#1855 = DIRECTION('',(1.224646799147E-16,1.,-1.110223024625E-16));
#1856 = ORIENTED_EDGE('',*,*,#1857,.T.);
#1857 = EDGE_CURVE('',#1850,#1858,#1860,.T.);
#1858 = VERTEX_POINT('',#1859);
#1859 = CARTESIAN_POINT('',(-1.E-01,0.68,1.72));
#1860 = LINE('',#1861,#1862);
#1861 = CARTESIAN_POINT('',(-0.4,0.68,1.72));
#1862 = VECTOR('',#1863,1.);
#1863 = DIRECTION('',(1.,-1.224646799147E-16,0.));
#1864 = ORIENTED_EDGE('',*,*,#1865,.F.);
#1865 = EDGE_CURVE('',#1866,#1858,#1868,.T.);
#1866 = VERTEX_POINT('',#1867);
#1867 = CARTESIAN_POINT('',(-1.E-01,0.38,1.72));
#1868 = LINE('',#1869,#1870);
#1869 = CARTESIAN_POINT('',(-1.E-01,0.38,1.72));
#1870 = VECTOR('',#1871,1.);
#1871 = DIRECTION('',(1.224646799147E-16,1.,-1.110223024625E-16));
#1872 = ORIENTED_EDGE('',*,*,#1873,.F.);
#1873 = EDGE_CURVE('',#1848,#1866,#1874,.T.);
#1874 = LINE('',#1875,#1876);
#1875 = CARTESIAN_POINT('',(-0.4,0.38,1.72));
#1876 = VECTOR('',#1877,1.);
#1877 = DIRECTION('',(1.,-1.224646799147E-16,0.));
#1878 = PLANE('',#1879);
#1879 = AXIS2_PLACEMENT_3D('',#1880,#1881,#1882);
#1880 = CARTESIAN_POINT('',(-1.45,0.38,1.72));
#1881 = DIRECTION('',(1.359631073447E-32,1.110223024625E-16,1.));
#1882 = DIRECTION('',(1.224646799147E-16,1.,-1.110223024625E-16));
#1883 = ADVANCED_FACE('',(#1884),#1918,.T.);
#1884 = FACE_BOUND('',#1885,.F.);
#1885 = EDGE_LOOP('',(#1886,#1896,#1904,#1912));
#1886 = ORIENTED_EDGE('',*,*,#1887,.T.);
#1887 = EDGE_CURVE('',#1888,#1890,#1892,.T.);
#1888 = VERTEX_POINT('',#1889);
#1889 = CARTESIAN_POINT('',(-0.9,0.38,1.72));
#1890 = VERTEX_POINT('',#1891);
#1891 = CARTESIAN_POINT('',(-0.9,0.68,1.72));
#1892 = LINE('',#1893,#1894);
#1893 = CARTESIAN_POINT('',(-0.9,0.38,1.72));
#1894 = VECTOR('',#1895,1.);
#1895 = DIRECTION('',(1.224646799147E-16,1.,-1.110223024625E-16));
#1896 = ORIENTED_EDGE('',*,*,#1897,.T.);
#1897 = EDGE_CURVE('',#1890,#1898,#1900,.T.);
#1898 = VERTEX_POINT('',#1899);
#1899 = CARTESIAN_POINT('',(-0.6,0.68,1.72));
#1900 = LINE('',#1901,#1902);
#1901 = CARTESIAN_POINT('',(-0.9,0.68,1.72));
#1902 = VECTOR('',#1903,1.);
#1903 = DIRECTION('',(1.,-1.224646799147E-16,0.));
#1904 = ORIENTED_EDGE('',*,*,#1905,.F.);
#1905 = EDGE_CURVE('',#1906,#1898,#1908,.T.);
#1906 = VERTEX_POINT('',#1907);
#1907 = CARTESIAN_POINT('',(-0.6,0.38,1.72));
#1908 = LINE('',#1909,#1910);
#1909 = CARTESIAN_POINT('',(-0.6,0.38,1.72));
#1910 = VECTOR('',#1911,1.);
#1911 = DIRECTION('',(1.224646799147E-16,1.,-1.110223024625E-16));
#1912 = ORIENTED_EDGE('',*,*,#1913,.F.);
#1913 = EDGE_CURVE('',#1888,#1906,#1914,.T.);
#1914 = LINE('',#1915,#1916);
#1915 = CARTESIAN_POINT('',(-0.9,0.38,1.72));
#1916 = VECTOR('',#1917,1.);
#1917 = DIRECTION('',(1.,-1.224646799147E-16,0.));
#1918 = PLANE('',#1919);
#1919 = AXIS2_PLACEMENT_3D('',#1920,#1921,#1922);
#1920 = CARTESIAN_POINT('',(-1.45,0.38,1.72));
#1921 = DIRECTION('',(1.359631073447E-32,1.110223024625E-16,1.));
#1922 = DIRECTION('',(1.224646799147E-16,1.,-1.110223024625E-16));
#1923 = ADVANCED_FACE('',(#1924),#2078,.T.);
#1924 = FACE_BOUND('',#1925,.F.);
#1925 = EDGE_LOOP('',(#1926,#1936,#1944,#1952,#1958,#1959,#1965,#1966,
    #1975,#1983,#1991,#1999,#2007,#2015,#2023,#2031,#2038,#2039,#2048,
    #2056,#2064,#2072));
#1926 = ORIENTED_EDGE('',*,*,#1927,.F.);
#1927 = EDGE_CURVE('',#1928,#1930,#1932,.T.);
#1928 = VERTEX_POINT('',#1929);
#1929 = CARTESIAN_POINT('',(-1.1,0.38,1.72));
#1930 = VERTEX_POINT('',#1931);
#1931 = CARTESIAN_POINT('',(-1.1,0.68,1.72));
#1932 = LINE('',#1933,#1934);
#1933 = CARTESIAN_POINT('',(-1.1,0.38,1.72));
#1934 = VECTOR('',#1935,1.);
#1935 = DIRECTION('',(1.224646799147E-16,1.,-1.110223024625E-16));
#1936 = ORIENTED_EDGE('',*,*,#1937,.F.);
#1937 = EDGE_CURVE('',#1938,#1928,#1940,.T.);
#1938 = VERTEX_POINT('',#1939);
#1939 = CARTESIAN_POINT('',(-1.45,0.38,1.72));
#1940 = LINE('',#1941,#1942);
#1941 = CARTESIAN_POINT('',(-1.45,0.38,1.72));
#1942 = VECTOR('',#1943,1.);
#1943 = DIRECTION('',(1.,-1.224646799147E-16,0.));
#1944 = ORIENTED_EDGE('',*,*,#1945,.T.);
#1945 = EDGE_CURVE('',#1938,#1946,#1948,.T.);
#1946 = VERTEX_POINT('',#1947);
#1947 = CARTESIAN_POINT('',(-1.45,-2.22,1.72));
#1948 = LINE('',#1949,#1950);
#1949 = CARTESIAN_POINT('',(-1.45,0.38,1.72));
#1950 = VECTOR('',#1951,1.);
#1951 = DIRECTION('',(-1.224646799147E-16,-1.,1.110223024625E-16));
#1952 = ORIENTED_EDGE('',*,*,#1953,.T.);
#1953 = EDGE_CURVE('',#1946,#1313,#1954,.T.);
#1954 = LINE('',#1955,#1956);
#1955 = CARTESIAN_POINT('',(-1.45,-2.22,1.72));
#1956 = VECTOR('',#1957,1.);
#1957 = DIRECTION('',(-1.,1.224646799147E-16,0.));
#1958 = ORIENTED_EDGE('',*,*,#1312,.T.);
#1959 = ORIENTED_EDGE('',*,*,#1960,.T.);
#1960 = EDGE_CURVE('',#1305,#1022,#1961,.T.);
#1961 = LINE('',#1962,#1963);
#1962 = CARTESIAN_POINT('',(-1.7,-2.22,1.72));
#1963 = VECTOR('',#1964,1.);
#1964 = DIRECTION('',(1.224646799147E-16,1.,-1.110223024625E-16));
#1965 = ORIENTED_EDGE('',*,*,#1021,.F.);
#1966 = ORIENTED_EDGE('',*,*,#1967,.F.);
#1967 = EDGE_CURVE('',#1968,#1014,#1970,.T.);
#1968 = VERTEX_POINT('',#1969);
#1969 = CARTESIAN_POINT('',(-1.47,-1.97,1.72));
#1970 = CIRCLE('',#1971,0.2);
#1971 = AXIS2_PLACEMENT_3D('',#1972,#1973,#1974);
#1972 = CARTESIAN_POINT('',(-1.67,-1.97,1.72));
#1973 = DIRECTION('',(-1.359631073447E-32,-1.110223024625E-16,-1.));
#1974 = DIRECTION('',(1.,-1.224646799147E-16,0.));
#1975 = ORIENTED_EDGE('',*,*,#1976,.F.);
#1976 = EDGE_CURVE('',#1977,#1968,#1979,.T.);
#1977 = VERTEX_POINT('',#1978);
#1978 = CARTESIAN_POINT('',(-1.47,-1.62,1.72));
#1979 = LINE('',#1980,#1981);
#1980 = CARTESIAN_POINT('',(-1.47,-1.62,1.72));
#1981 = VECTOR('',#1982,1.);
#1982 = DIRECTION('',(-1.224646799147E-16,-1.,1.110223024625E-16));
#1983 = ORIENTED_EDGE('',*,*,#1984,.F.);
#1984 = EDGE_CURVE('',#1985,#1977,#1987,.T.);
#1985 = VERTEX_POINT('',#1986);
#1986 = CARTESIAN_POINT('',(-1.453985600994,-1.62,1.72));
#1987 = LINE('',#1988,#1989);
#1988 = CARTESIAN_POINT('',(-1.453985600994,-1.62,1.72));
#1989 = VECTOR('',#1990,1.);
#1990 = DIRECTION('',(-1.,1.224646799147E-16,0.));
#1991 = ORIENTED_EDGE('',*,*,#1992,.T.);
#1992 = EDGE_CURVE('',#1985,#1993,#1995,.T.);
#1993 = VERTEX_POINT('',#1994);
#1994 = CARTESIAN_POINT('',(-1.453985600994,0.28,1.72));
#1995 = LINE('',#1996,#1997);
#1996 = CARTESIAN_POINT('',(-1.453985600994,-1.62,1.72));
#1997 = VECTOR('',#1998,1.);
#1998 = DIRECTION('',(1.224646799147E-16,1.,-1.110223024625E-16));
#1999 = ORIENTED_EDGE('',*,*,#2000,.T.);
#2000 = EDGE_CURVE('',#1993,#2001,#2003,.T.);
#2001 = VERTEX_POINT('',#2002);
#2002 = CARTESIAN_POINT('',(-1.7,0.28,1.72));
#2003 = LINE('',#2004,#2005);
#2004 = CARTESIAN_POINT('',(-1.453985600994,0.28,1.72));
#2005 = VECTOR('',#2006,1.);
#2006 = DIRECTION('',(-1.,1.224646799147E-16,0.));
#2007 = ORIENTED_EDGE('',*,*,#2008,.T.);
#2008 = EDGE_CURVE('',#2001,#2009,#2011,.T.);
#2009 = VERTEX_POINT('',#2010);
#2010 = CARTESIAN_POINT('',(-1.7,0.38,1.72));
#2011 = LINE('',#2012,#2013);
#2012 = CARTESIAN_POINT('',(-1.7,0.28,1.72));
#2013 = VECTOR('',#2014,1.);
#2014 = DIRECTION('',(1.224646799147E-16,1.,-1.110223024625E-16));
#2015 = ORIENTED_EDGE('',*,*,#2016,.F.);
#2016 = EDGE_CURVE('',#2017,#2009,#2019,.T.);
#2017 = VERTEX_POINT('',#2018);
#2018 = CARTESIAN_POINT('',(-1.949,0.38,1.72));
#2019 = LINE('',#2020,#2021);
#2020 = CARTESIAN_POINT('',(-1.949,0.38,1.72));
#2021 = VECTOR('',#2022,1.);
#2022 = DIRECTION('',(1.,-1.224646799147E-16,0.));
#2023 = ORIENTED_EDGE('',*,*,#2024,.F.);
#2024 = EDGE_CURVE('',#2025,#2017,#2027,.T.);
#2025 = VERTEX_POINT('',#2026);
#2026 = CARTESIAN_POINT('',(-1.949,0.48,1.72));
#2027 = LINE('',#2028,#2029);
#2028 = CARTESIAN_POINT('',(-1.949,0.48,1.72));
#2029 = VECTOR('',#2030,1.);
#2030 = DIRECTION('',(-1.224646799147E-16,-1.,1.110223024625E-16));
#2031 = ORIENTED_EDGE('',*,*,#2032,.F.);
#2032 = EDGE_CURVE('',#95,#2025,#2033,.T.);
#2033 = CIRCLE('',#2034,0.1);
#2034 = AXIS2_PLACEMENT_3D('',#2035,#2036,#2037);
#2035 = CARTESIAN_POINT('',(-2.049,0.48,1.72));
#2036 = DIRECTION('',(-1.359631073447E-32,-1.110223024625E-16,-1.));
#2037 = DIRECTION('',(1.224646799147E-16,1.,-1.110223024625E-16));
#2038 = ORIENTED_EDGE('',*,*,#120,.F.);
#2039 = ORIENTED_EDGE('',*,*,#2040,.F.);
#2040 = EDGE_CURVE('',#2041,#113,#2043,.T.);
#2041 = VERTEX_POINT('',#2042);
#2042 = CARTESIAN_POINT('',(-3.02396556961,0.561495418505,1.72));
#2043 = CIRCLE('',#2044,0.2);
#2044 = AXIS2_PLACEMENT_3D('',#2045,#2046,#2047);
#2045 = CARTESIAN_POINT('',(-2.939945256222,0.38,1.72));
#2046 = DIRECTION('',(-1.232595164408E-32,-1.110223024625E-16,-1.));
#2047 = DIRECTION('',(-0.420101566939,0.907477092524,-1.00750196244E-16)
  );
#2048 = ORIENTED_EDGE('',*,*,#2049,.F.);
#2049 = EDGE_CURVE('',#2050,#2041,#2052,.T.);
#2050 = VERTEX_POINT('',#2051);
#2051 = CARTESIAN_POINT('',(-3.092,0.53,1.72));
#2052 = LINE('',#2053,#2054);
#2053 = CARTESIAN_POINT('',(-3.092,0.53,1.72));
#2054 = VECTOR('',#2055,1.);
#2055 = DIRECTION('',(0.907477092524,0.420101566939,-4.664064322967E-17)
  );
#2056 = ORIENTED_EDGE('',*,*,#2057,.T.);
#2057 = EDGE_CURVE('',#2050,#2058,#2060,.T.);
#2058 = VERTEX_POINT('',#2059);
#2059 = CARTESIAN_POINT('',(-3.1,0.53,1.72));
#2060 = LINE('',#2061,#2062);
#2061 = CARTESIAN_POINT('',(-3.092,0.53,1.72));
#2062 = VECTOR('',#2063,1.);
#2063 = DIRECTION('',(-1.,1.224646799147E-16,0.));
#2064 = ORIENTED_EDGE('',*,*,#2065,.T.);
#2065 = EDGE_CURVE('',#2058,#2066,#2068,.T.);
#2066 = VERTEX_POINT('',#2067);
#2067 = CARTESIAN_POINT('',(-3.1,0.68,1.72));
#2068 = LINE('',#2069,#2070);
#2069 = CARTESIAN_POINT('',(-3.1,0.53,1.72));
#2070 = VECTOR('',#2071,1.);
#2071 = DIRECTION('',(1.224646799147E-16,1.,-1.110223024625E-16));
#2072 = ORIENTED_EDGE('',*,*,#2073,.T.);
#2073 = EDGE_CURVE('',#2066,#1930,#2074,.T.);
#2074 = LINE('',#2075,#2076);
#2075 = CARTESIAN_POINT('',(-3.1,0.68,1.72));
#2076 = VECTOR('',#2077,1.);
#2077 = DIRECTION('',(1.,-1.224646799147E-16,0.));
#2078 = PLANE('',#2079);
#2079 = AXIS2_PLACEMENT_3D('',#2080,#2081,#2082);
#2080 = CARTESIAN_POINT('',(-1.45,0.38,1.72));
#2081 = DIRECTION('',(1.359631073447E-32,1.110223024625E-16,1.));
#2082 = DIRECTION('',(1.224646799147E-16,1.,-1.110223024625E-16));
#2083 = ADVANCED_FACE('',(#2084),#2095,.F.);
#2084 = FACE_BOUND('',#2085,.F.);
#2085 = EDGE_LOOP('',(#2086,#2092,#2093,#2094));
#2086 = ORIENTED_EDGE('',*,*,#2087,.F.);
#2087 = EDGE_CURVE('',#773,#1234,#2088,.T.);
#2088 = LINE('',#2089,#2090);
#2089 = CARTESIAN_POINT('',(2.72,-2.17,1.805));
#2090 = VECTOR('',#2091,1.);
#2091 = DIRECTION('',(-1.224646799147E-16,-1.,1.110223024625E-16));
#2092 = ORIENTED_EDGE('',*,*,#772,.F.);
#2093 = ORIENTED_EDGE('',*,*,#1568,.F.);
#2094 = ORIENTED_EDGE('',*,*,#1241,.T.);
#2095 = PLANE('',#2096);
#2096 = AXIS2_PLACEMENT_3D('',#2097,#2098,#2099);
#2097 = CARTESIAN_POINT('',(2.72,0.38,1.72));
#2098 = DIRECTION('',(-1.,1.224646799147E-16,0.));
#2099 = DIRECTION('',(-1.224646799147E-16,-1.,1.110223024625E-16));
#2100 = ADVANCED_FACE('',(#2101),#2112,.F.);
#2101 = FACE_BOUND('',#2102,.F.);
#2102 = EDGE_LOOP('',(#2103,#2104,#2105,#2111));
#2103 = ORIENTED_EDGE('',*,*,#2087,.T.);
#2104 = ORIENTED_EDGE('',*,*,#1233,.T.);
#2105 = ORIENTED_EDGE('',*,*,#2106,.T.);
#2106 = EDGE_CURVE('',#1226,#781,#2107,.T.);
#2107 = LINE('',#2108,#2109);
#2108 = CARTESIAN_POINT('',(1.7,-2.22,1.805));
#2109 = VECTOR('',#2110,1.);
#2110 = DIRECTION('',(1.224646799147E-16,1.,-1.110223024625E-16));
#2111 = ORIENTED_EDGE('',*,*,#780,.F.);
#2112 = PLANE('',#2113);
#2113 = AXIS2_PLACEMENT_3D('',#2114,#2115,#2116);
#2114 = CARTESIAN_POINT('',(-1.45,-3.47,1.805));
#2115 = DIRECTION('',(-1.359631073447E-32,-1.110223024625E-16,-1.));
#2116 = DIRECTION('',(-1.,1.224646799147E-16,0.));
#2117 = ADVANCED_FACE('',(#2118),#2134,.F.);
#2118 = FACE_BOUND('',#2119,.F.);
#2119 = EDGE_LOOP('',(#2120,#2126,#2127,#2133));
#2120 = ORIENTED_EDGE('',*,*,#2121,.T.);
#2121 = EDGE_CURVE('',#1030,#1297,#2122,.T.);
#2122 = LINE('',#2123,#2124);
#2123 = CARTESIAN_POINT('',(-1.7,-2.17,1.805));
#2124 = VECTOR('',#2125,1.);
#2125 = DIRECTION('',(-1.224646799147E-16,-1.,1.110223024625E-16));
#2126 = ORIENTED_EDGE('',*,*,#1296,.T.);
#2127 = ORIENTED_EDGE('',*,*,#2128,.T.);
#2128 = EDGE_CURVE('',#1289,#1038,#2129,.T.);
#2129 = LINE('',#2130,#2131);
#2130 = CARTESIAN_POINT('',(-2.72,-2.22,1.805));
#2131 = VECTOR('',#2132,1.);
#2132 = DIRECTION('',(1.224646799147E-16,1.,-1.110223024625E-16));
#2133 = ORIENTED_EDGE('',*,*,#1037,.F.);
#2134 = PLANE('',#2135);
#2135 = AXIS2_PLACEMENT_3D('',#2136,#2137,#2138);
#2136 = CARTESIAN_POINT('',(-1.45,-3.47,1.805));
#2137 = DIRECTION('',(-1.359631073447E-32,-1.110223024625E-16,-1.));
#2138 = DIRECTION('',(-1.,1.224646799147E-16,0.));
#2139 = ADVANCED_FACE('',(#2140),#2175,.F.);
#2140 = FACE_BOUND('',#2141,.F.);
#2141 = EDGE_LOOP('',(#2142,#2153,#2161,#2169));
#2142 = ORIENTED_EDGE('',*,*,#2143,.F.);
#2143 = EDGE_CURVE('',#2144,#2146,#2148,.T.);
#2144 = VERTEX_POINT('',#2145);
#2145 = CARTESIAN_POINT('',(1.849,0.28,1.805));
#2146 = VERTEX_POINT('',#2147);
#2147 = CARTESIAN_POINT('',(1.949,0.38,1.805));
#2148 = CIRCLE('',#2149,0.1);
#2149 = AXIS2_PLACEMENT_3D('',#2150,#2151,#2152);
#2150 = CARTESIAN_POINT('',(1.849,0.38,1.805));
#2151 = DIRECTION('',(1.359631073447E-32,1.110223024625E-16,1.));
#2152 = DIRECTION('',(-1.224646799147E-16,-1.,1.110223024625E-16));
#2153 = ORIENTED_EDGE('',*,*,#2154,.F.);
#2154 = EDGE_CURVE('',#2155,#2144,#2157,.T.);
#2155 = VERTEX_POINT('',#2156);
#2156 = CARTESIAN_POINT('',(1.7,0.28,1.805));
#2157 = LINE('',#2158,#2159);
#2158 = CARTESIAN_POINT('',(1.7,0.28,1.805));
#2159 = VECTOR('',#2160,1.);
#2160 = DIRECTION('',(1.,-1.224646799147E-16,0.));
#2161 = ORIENTED_EDGE('',*,*,#2162,.T.);
#2162 = EDGE_CURVE('',#2155,#2163,#2165,.T.);
#2163 = VERTEX_POINT('',#2164);
#2164 = CARTESIAN_POINT('',(1.7,0.38,1.805));
#2165 = LINE('',#2166,#2167);
#2166 = CARTESIAN_POINT('',(1.7,0.28,1.805));
#2167 = VECTOR('',#2168,1.);
#2168 = DIRECTION('',(1.224646799147E-16,1.,-1.110223024625E-16));
#2169 = ORIENTED_EDGE('',*,*,#2170,.T.);
#2170 = EDGE_CURVE('',#2163,#2146,#2171,.T.);
#2171 = LINE('',#2172,#2173);
#2172 = CARTESIAN_POINT('',(1.7,0.38,1.805));
#2173 = VECTOR('',#2174,1.);
#2174 = DIRECTION('',(1.,-1.224646799147E-16,0.));
#2175 = PLANE('',#2176);
#2176 = AXIS2_PLACEMENT_3D('',#2177,#2178,#2179);
#2177 = CARTESIAN_POINT('',(-1.45,-3.47,1.805));
#2178 = DIRECTION('',(-1.359631073447E-32,-1.110223024625E-16,-1.));
#2179 = DIRECTION('',(-1.,1.224646799147E-16,0.));
#2180 = ADVANCED_FACE('',(#2181),#2216,.F.);
#2181 = FACE_BOUND('',#2182,.F.);
#2182 = EDGE_LOOP('',(#2183,#2194,#2202,#2210));
#2183 = ORIENTED_EDGE('',*,*,#2184,.F.);
#2184 = EDGE_CURVE('',#2185,#2187,#2189,.T.);
#2185 = VERTEX_POINT('',#2186);
#2186 = CARTESIAN_POINT('',(-1.949,0.38,1.805));
#2187 = VERTEX_POINT('',#2188);
#2188 = CARTESIAN_POINT('',(-1.849,0.28,1.805));
#2189 = CIRCLE('',#2190,0.1);
#2190 = AXIS2_PLACEMENT_3D('',#2191,#2192,#2193);
#2191 = CARTESIAN_POINT('',(-1.849,0.38,1.805));
#2192 = DIRECTION('',(1.359631073447E-32,1.110223024625E-16,1.));
#2193 = DIRECTION('',(-1.,1.224646799147E-16,0.));
#2194 = ORIENTED_EDGE('',*,*,#2195,.T.);
#2195 = EDGE_CURVE('',#2185,#2196,#2198,.T.);
#2196 = VERTEX_POINT('',#2197);
#2197 = CARTESIAN_POINT('',(-1.7,0.38,1.805));
#2198 = LINE('',#2199,#2200);
#2199 = CARTESIAN_POINT('',(-1.949,0.38,1.805));
#2200 = VECTOR('',#2201,1.);
#2201 = DIRECTION('',(1.,-1.224646799147E-16,0.));
#2202 = ORIENTED_EDGE('',*,*,#2203,.T.);
#2203 = EDGE_CURVE('',#2196,#2204,#2206,.T.);
#2204 = VERTEX_POINT('',#2205);
#2205 = CARTESIAN_POINT('',(-1.7,0.28,1.805));
#2206 = LINE('',#2207,#2208);
#2207 = CARTESIAN_POINT('',(-1.7,0.38,1.805));
#2208 = VECTOR('',#2209,1.);
#2209 = DIRECTION('',(-1.224646799147E-16,-1.,1.110223024625E-16));
#2210 = ORIENTED_EDGE('',*,*,#2211,.F.);
#2211 = EDGE_CURVE('',#2187,#2204,#2212,.T.);
#2212 = LINE('',#2213,#2214);
#2213 = CARTESIAN_POINT('',(-1.849,0.28,1.805));
#2214 = VECTOR('',#2215,1.);
#2215 = DIRECTION('',(1.,-1.224646799147E-16,0.));
#2216 = PLANE('',#2217);
#2217 = AXIS2_PLACEMENT_3D('',#2218,#2219,#2220);
#2218 = CARTESIAN_POINT('',(-1.45,-3.47,1.805));
#2219 = DIRECTION('',(-1.359631073447E-32,-1.110223024625E-16,-1.));
#2220 = DIRECTION('',(-1.,1.224646799147E-16,0.));
#2221 = ADVANCED_FACE('',(#2222),#2228,.F.);
#2222 = FACE_BOUND('',#2223,.F.);
#2223 = EDGE_LOOP('',(#2224,#2225,#2226,#2227));
#2224 = ORIENTED_EDGE('',*,*,#2106,.F.);
#2225 = ORIENTED_EDGE('',*,*,#1225,.F.);
#2226 = ORIENTED_EDGE('',*,*,#1730,.T.);
#2227 = ORIENTED_EDGE('',*,*,#788,.T.);
#2228 = PLANE('',#2229);
#2229 = AXIS2_PLACEMENT_3D('',#2230,#2231,#2232);
#2230 = CARTESIAN_POINT('',(1.7,-2.22,1.72));
#2231 = DIRECTION('',(1.,-1.224646799147E-16,0.));
#2232 = DIRECTION('',(1.224646799147E-16,1.,-1.110223024625E-16));
#2233 = ADVANCED_FACE('',(#2234),#2250,.F.);
#2234 = FACE_BOUND('',#2235,.F.);
#2235 = EDGE_LOOP('',(#2236,#2237,#2243,#2244));
#2236 = ORIENTED_EDGE('',*,*,#2162,.F.);
#2237 = ORIENTED_EDGE('',*,*,#2238,.F.);
#2238 = EDGE_CURVE('',#1683,#2155,#2239,.T.);
#2239 = LINE('',#2240,#2241);
#2240 = CARTESIAN_POINT('',(1.7,0.28,1.72));
#2241 = VECTOR('',#2242,1.);
#2242 = DIRECTION('',(1.359631073447E-32,1.110223024625E-16,1.));
#2243 = ORIENTED_EDGE('',*,*,#1682,.T.);
#2244 = ORIENTED_EDGE('',*,*,#2245,.T.);
#2245 = EDGE_CURVE('',#1675,#2163,#2246,.T.);
#2246 = LINE('',#2247,#2248);
#2247 = CARTESIAN_POINT('',(1.7,0.38,1.72));
#2248 = VECTOR('',#2249,1.);
#2249 = DIRECTION('',(1.359631073447E-32,1.110223024625E-16,1.));
#2250 = PLANE('',#2251);
#2251 = AXIS2_PLACEMENT_3D('',#2252,#2253,#2254);
#2252 = CARTESIAN_POINT('',(1.7,-2.22,1.72));
#2253 = DIRECTION('',(1.,-1.224646799147E-16,0.));
#2254 = DIRECTION('',(1.224646799147E-16,1.,-1.110223024625E-16));
#2255 = ADVANCED_FACE('',(#2256),#2306,.T.);
#2256 = FACE_BOUND('',#2257,.F.);
#2257 = EDGE_LOOP('',(#2258,#2268,#2276,#2282,#2283,#2291,#2300));
#2258 = ORIENTED_EDGE('',*,*,#2259,.T.);
#2259 = EDGE_CURVE('',#2260,#2262,#2264,.T.);
#2260 = VERTEX_POINT('',#2261);
#2261 = CARTESIAN_POINT('',(1.849,0.28,3.5E-02));
#2262 = VERTEX_POINT('',#2263);
#2263 = CARTESIAN_POINT('',(1.849,0.28,0.235));
#2264 = LINE('',#2265,#2266);
#2265 = CARTESIAN_POINT('',(1.849,0.28,3.5E-02));
#2266 = VECTOR('',#2267,1.);
#2267 = DIRECTION('',(1.359631073447E-32,1.110223024625E-16,1.));
#2268 = ORIENTED_EDGE('',*,*,#2269,.F.);
#2269 = EDGE_CURVE('',#2270,#2262,#2272,.T.);
#2270 = VERTEX_POINT('',#2271);
#2271 = CARTESIAN_POINT('',(1.7,0.28,0.235));
#2272 = LINE('',#2273,#2274);
#2273 = CARTESIAN_POINT('',(1.7,0.28,0.235));
#2274 = VECTOR('',#2275,1.);
#2275 = DIRECTION('',(1.,-1.224646799147E-16,0.));
#2276 = ORIENTED_EDGE('',*,*,#2277,.F.);
#2277 = EDGE_CURVE('',#298,#2270,#2278,.T.);
#2278 = LINE('',#2279,#2280);
#2279 = CARTESIAN_POINT('',(1.7,0.28,0.32));
#2280 = VECTOR('',#2281,1.);
#2281 = DIRECTION('',(-1.359631073447E-32,-1.110223024625E-16,-1.));
#2282 = ORIENTED_EDGE('',*,*,#297,.F.);
#2283 = ORIENTED_EDGE('',*,*,#2284,.F.);
#2284 = EDGE_CURVE('',#2285,#290,#2287,.T.);
#2285 = VERTEX_POINT('',#2286);
#2286 = CARTESIAN_POINT('',(1.503224947428,0.28,0.179755568468));
#2287 = LINE('',#2288,#2289);
#2288 = CARTESIAN_POINT('',(1.503224947428,0.28,0.179755568468));
#2289 = VECTOR('',#2290,1.);
#2290 = DIRECTION('',(-0.342020143326,1.462122257435E-16,0.939692620786)
  );
#2291 = ORIENTED_EDGE('',*,*,#2292,.F.);
#2292 = EDGE_CURVE('',#2293,#2285,#2295,.T.);
#2293 = VERTEX_POINT('',#2294);
#2294 = CARTESIAN_POINT('',(1.709957324001,0.28,3.5E-02));
#2295 = CIRCLE('',#2296,0.22);
#2296 = AXIS2_PLACEMENT_3D('',#2297,#2298,#2299);
#2297 = CARTESIAN_POINT('',(1.709957324001,0.28,0.255));
#2298 = DIRECTION('',(1.224646799147E-16,1.,-1.110223024625E-16));
#2299 = DIRECTION('',(-1.359631073447E-32,-1.110223024625E-16,-1.));
#2300 = ORIENTED_EDGE('',*,*,#2301,.T.);
#2301 = EDGE_CURVE('',#2293,#2260,#2302,.T.);
#2302 = LINE('',#2303,#2304);
#2303 = CARTESIAN_POINT('',(1.709957324001,0.28,3.5E-02));
#2304 = VECTOR('',#2305,1.);
#2305 = DIRECTION('',(1.,-1.224646799147E-16,0.));
#2306 = PLANE('',#2307);
#2307 = AXIS2_PLACEMENT_3D('',#2308,#2309,#2310);
#2308 = CARTESIAN_POINT('',(4.592425496803E-16,0.28,1.02));
#2309 = DIRECTION('',(1.224646799147E-16,1.,-1.110223024625E-16));
#2310 = DIRECTION('',(1.,-1.224646799147E-16,0.));
#2311 = ADVANCED_FACE('',(#2312),#2362,.T.);
#2312 = FACE_BOUND('',#2313,.F.);
#2313 = EDGE_LOOP('',(#2314,#2324,#2332,#2341,#2347,#2348,#2356));
#2314 = ORIENTED_EDGE('',*,*,#2315,.T.);
#2315 = EDGE_CURVE('',#2316,#2318,#2320,.T.);
#2316 = VERTEX_POINT('',#2317);
#2317 = CARTESIAN_POINT('',(-1.849,0.28,0.235));
#2318 = VERTEX_POINT('',#2319);
#2319 = CARTESIAN_POINT('',(-1.849,0.28,3.5E-02));
#2320 = LINE('',#2321,#2322);
#2321 = CARTESIAN_POINT('',(-1.849,0.28,0.235));
#2322 = VECTOR('',#2323,1.);
#2323 = DIRECTION('',(-1.359631073447E-32,-1.110223024625E-16,-1.));
#2324 = ORIENTED_EDGE('',*,*,#2325,.F.);
#2325 = EDGE_CURVE('',#2326,#2318,#2328,.T.);
#2326 = VERTEX_POINT('',#2327);
#2327 = CARTESIAN_POINT('',(-1.709957324001,0.28,3.5E-02));
#2328 = LINE('',#2329,#2330);
#2329 = CARTESIAN_POINT('',(-1.709957324001,0.28,3.5E-02));
#2330 = VECTOR('',#2331,1.);
#2331 = DIRECTION('',(-1.,1.224646799147E-16,0.));
#2332 = ORIENTED_EDGE('',*,*,#2333,.F.);
#2333 = EDGE_CURVE('',#2334,#2326,#2336,.T.);
#2334 = VERTEX_POINT('',#2335);
#2335 = CARTESIAN_POINT('',(-1.503224947428,0.28,0.179755568468));
#2336 = CIRCLE('',#2337,0.22);
#2337 = AXIS2_PLACEMENT_3D('',#2338,#2339,#2340);
#2338 = CARTESIAN_POINT('',(-1.709957324001,0.28,0.255));
#2339 = DIRECTION('',(1.224646799147E-16,1.,-1.110223024625E-16));
#2340 = DIRECTION('',(0.939692620786,-1.530510198234E-16,-0.342020143326
    ));
#2341 = ORIENTED_EDGE('',*,*,#2342,.F.);
#2342 = EDGE_CURVE('',#629,#2334,#2343,.T.);
#2343 = LINE('',#2344,#2345);
#2344 = CARTESIAN_POINT('',(-1.452180148829,0.28,0.32));
#2345 = VECTOR('',#2346,1.);
#2346 = DIRECTION('',(-0.342020143326,-6.244145098991E-17,
    -0.939692620786));
#2347 = ORIENTED_EDGE('',*,*,#628,.F.);
#2348 = ORIENTED_EDGE('',*,*,#2349,.T.);
#2349 = EDGE_CURVE('',#621,#2350,#2352,.T.);
#2350 = VERTEX_POINT('',#2351);
#2351 = CARTESIAN_POINT('',(-1.7,0.28,0.235));
#2352 = LINE('',#2353,#2354);
#2353 = CARTESIAN_POINT('',(-1.7,0.28,0.32));
#2354 = VECTOR('',#2355,1.);
#2355 = DIRECTION('',(-1.359631073447E-32,-1.110223024625E-16,-1.));
#2356 = ORIENTED_EDGE('',*,*,#2357,.T.);
#2357 = EDGE_CURVE('',#2350,#2316,#2358,.T.);
#2358 = LINE('',#2359,#2360);
#2359 = CARTESIAN_POINT('',(-1.7,0.28,0.235));
#2360 = VECTOR('',#2361,1.);
#2361 = DIRECTION('',(-1.,1.224646799147E-16,0.));
#2362 = PLANE('',#2363);
#2363 = AXIS2_PLACEMENT_3D('',#2364,#2365,#2366);
#2364 = CARTESIAN_POINT('',(4.592425496803E-16,0.28,1.02));
#2365 = DIRECTION('',(1.224646799147E-16,1.,-1.110223024625E-16));
#2366 = DIRECTION('',(1.,-1.224646799147E-16,0.));
#2367 = ADVANCED_FACE('',(#2368),#2412,.T.);
#2368 = FACE_BOUND('',#2369,.F.);
#2369 = EDGE_LOOP('',(#2370,#2378,#2386,#2395,#2403,#2409,#2410,#2411));
#2370 = ORIENTED_EDGE('',*,*,#2371,.T.);
#2371 = EDGE_CURVE('',#2144,#2372,#2374,.T.);
#2372 = VERTEX_POINT('',#2373);
#2373 = CARTESIAN_POINT('',(1.849,0.28,2.005));
#2374 = LINE('',#2375,#2376);
#2375 = CARTESIAN_POINT('',(1.849,0.28,1.805));
#2376 = VECTOR('',#2377,1.);
#2377 = DIRECTION('',(1.359631073447E-32,1.110223024625E-16,1.));
#2378 = ORIENTED_EDGE('',*,*,#2379,.F.);
#2379 = EDGE_CURVE('',#2380,#2372,#2382,.T.);
#2380 = VERTEX_POINT('',#2381);
#2381 = CARTESIAN_POINT('',(1.709957324001,0.28,2.005));
#2382 = LINE('',#2383,#2384);
#2383 = CARTESIAN_POINT('',(1.709957324001,0.28,2.005));
#2384 = VECTOR('',#2385,1.);
#2385 = DIRECTION('',(1.,-1.224646799147E-16,0.));
#2386 = ORIENTED_EDGE('',*,*,#2387,.F.);
#2387 = EDGE_CURVE('',#2388,#2380,#2390,.T.);
#2388 = VERTEX_POINT('',#2389);
#2389 = CARTESIAN_POINT('',(1.503224947428,0.28,1.860244431532));
#2390 = CIRCLE('',#2391,0.22);
#2391 = AXIS2_PLACEMENT_3D('',#2392,#2393,#2394);
#2392 = CARTESIAN_POINT('',(1.709957324001,0.28,1.785));
#2393 = DIRECTION('',(1.224646799147E-16,1.,-1.110223024625E-16));
#2394 = DIRECTION('',(-0.939692620786,1.530510198234E-16,0.342020143326)
  );
#2395 = ORIENTED_EDGE('',*,*,#2396,.F.);
#2396 = EDGE_CURVE('',#2397,#2388,#2399,.T.);
#2397 = VERTEX_POINT('',#2398);
#2398 = CARTESIAN_POINT('',(1.454,0.28,1.725));
#2399 = LINE('',#2400,#2401);
#2400 = CARTESIAN_POINT('',(1.454,0.28,1.725));
#2401 = VECTOR('',#2402,1.);
#2402 = DIRECTION('',(0.342020143326,6.244145098991E-17,0.939692620786)
  );
#2403 = ORIENTED_EDGE('',*,*,#2404,.F.);
#2404 = EDGE_CURVE('',#1691,#2397,#2405,.T.);
#2405 = LINE('',#2406,#2407);
#2406 = CARTESIAN_POINT('',(1.453985600994,0.28,1.72));
#2407 = VECTOR('',#2408,1.);
#2408 = DIRECTION('',(2.879789285341E-03,1.106691696242E-16,
    0.999995853398));
#2409 = ORIENTED_EDGE('',*,*,#1690,.F.);
#2410 = ORIENTED_EDGE('',*,*,#2238,.T.);
#2411 = ORIENTED_EDGE('',*,*,#2154,.T.);
#2412 = PLANE('',#2413);
#2413 = AXIS2_PLACEMENT_3D('',#2414,#2415,#2416);
#2414 = CARTESIAN_POINT('',(4.592425496803E-16,0.28,1.02));
#2415 = DIRECTION('',(1.224646799147E-16,1.,-1.110223024625E-16));
#2416 = DIRECTION('',(1.,-1.224646799147E-16,0.));
#2417 = ADVANCED_FACE('',(#2418),#2467,.T.);
#2418 = FACE_BOUND('',#2419,.F.);
#2419 = EDGE_LOOP('',(#2420,#2428,#2429,#2435,#2436,#2444,#2452,#2461));
#2420 = ORIENTED_EDGE('',*,*,#2421,.T.);
#2421 = EDGE_CURVE('',#2422,#2187,#2424,.T.);
#2422 = VERTEX_POINT('',#2423);
#2423 = CARTESIAN_POINT('',(-1.849,0.28,2.005));
#2424 = LINE('',#2425,#2426);
#2425 = CARTESIAN_POINT('',(-1.849,0.28,2.005));
#2426 = VECTOR('',#2427,1.);
#2427 = DIRECTION('',(-1.359631073447E-32,-1.110223024625E-16,-1.));
#2428 = ORIENTED_EDGE('',*,*,#2211,.T.);
#2429 = ORIENTED_EDGE('',*,*,#2430,.F.);
#2430 = EDGE_CURVE('',#2001,#2204,#2431,.T.);
#2431 = LINE('',#2432,#2433);
#2432 = CARTESIAN_POINT('',(-1.7,0.28,1.72));
#2433 = VECTOR('',#2434,1.);
#2434 = DIRECTION('',(1.359631073447E-32,1.110223024625E-16,1.));
#2435 = ORIENTED_EDGE('',*,*,#2000,.F.);
#2436 = ORIENTED_EDGE('',*,*,#2437,.F.);
#2437 = EDGE_CURVE('',#2438,#1993,#2440,.T.);
#2438 = VERTEX_POINT('',#2439);
#2439 = CARTESIAN_POINT('',(-1.454,0.28,1.725));
#2440 = LINE('',#2441,#2442);
#2441 = CARTESIAN_POINT('',(-1.454,0.28,1.725));
#2442 = VECTOR('',#2443,1.);
#2443 = DIRECTION('',(2.879789285341E-03,-1.113745145703E-16,
    -0.999995853398));
#2444 = ORIENTED_EDGE('',*,*,#2445,.F.);
#2445 = EDGE_CURVE('',#2446,#2438,#2448,.T.);
#2446 = VERTEX_POINT('',#2447);
#2447 = CARTESIAN_POINT('',(-1.503224947428,0.28,1.860244431532));
#2448 = LINE('',#2449,#2450);
#2449 = CARTESIAN_POINT('',(-1.503224947428,0.28,1.860244431532));
#2450 = VECTOR('',#2451,1.);
#2451 = DIRECTION('',(0.342020143326,-1.462122257435E-16,-0.939692620786
    ));
#2452 = ORIENTED_EDGE('',*,*,#2453,.F.);
#2453 = EDGE_CURVE('',#2454,#2446,#2456,.T.);
#2454 = VERTEX_POINT('',#2455);
#2455 = CARTESIAN_POINT('',(-1.709957324001,0.28,2.005));
#2456 = CIRCLE('',#2457,0.22);
#2457 = AXIS2_PLACEMENT_3D('',#2458,#2459,#2460);
#2458 = CARTESIAN_POINT('',(-1.709957324001,0.28,1.785));
#2459 = DIRECTION('',(1.224646799147E-16,1.,-1.110223024625E-16));
#2460 = DIRECTION('',(1.359631073447E-32,1.110223024625E-16,1.));
#2461 = ORIENTED_EDGE('',*,*,#2462,.T.);
#2462 = EDGE_CURVE('',#2454,#2422,#2463,.T.);
#2463 = LINE('',#2464,#2465);
#2464 = CARTESIAN_POINT('',(-1.709957324001,0.28,2.005));
#2465 = VECTOR('',#2466,1.);
#2466 = DIRECTION('',(-1.,1.224646799147E-16,0.));
#2467 = PLANE('',#2468);
#2468 = AXIS2_PLACEMENT_3D('',#2469,#2470,#2471);
#2469 = CARTESIAN_POINT('',(4.592425496803E-16,0.28,1.02));
#2470 = DIRECTION('',(1.224646799147E-16,1.,-1.110223024625E-16));
#2471 = DIRECTION('',(1.,-1.224646799147E-16,0.));
#2472 = ADVANCED_FACE('',(#2473),#2500,.F.);
#2473 = FACE_BOUND('',#2474,.F.);
#2474 = EDGE_LOOP('',(#2475,#2484,#2485,#2494));
#2475 = ORIENTED_EDGE('',*,*,#2476,.T.);
#2476 = EDGE_CURVE('',#2477,#2262,#2479,.T.);
#2477 = VERTEX_POINT('',#2478);
#2478 = CARTESIAN_POINT('',(1.949,0.38,0.235));
#2479 = CIRCLE('',#2480,0.1);
#2480 = AXIS2_PLACEMENT_3D('',#2481,#2482,#2483);
#2481 = CARTESIAN_POINT('',(1.849,0.38,0.235));
#2482 = DIRECTION('',(-1.359631073447E-32,-1.110223024625E-16,-1.));
#2483 = DIRECTION('',(1.,-1.224646799147E-16,0.));
#2484 = ORIENTED_EDGE('',*,*,#2259,.F.);
#2485 = ORIENTED_EDGE('',*,*,#2486,.T.);
#2486 = EDGE_CURVE('',#2260,#2487,#2489,.T.);
#2487 = VERTEX_POINT('',#2488);
#2488 = CARTESIAN_POINT('',(1.949,0.38,3.5E-02));
#2489 = CIRCLE('',#2490,0.1);
#2490 = AXIS2_PLACEMENT_3D('',#2491,#2492,#2493);
#2491 = CARTESIAN_POINT('',(1.849,0.38,3.5E-02));
#2492 = DIRECTION('',(1.359631073447E-32,1.110223024625E-16,1.));
#2493 = DIRECTION('',(-1.224646799147E-16,-1.,1.110223024625E-16));
#2494 = ORIENTED_EDGE('',*,*,#2495,.T.);
#2495 = EDGE_CURVE('',#2487,#2477,#2496,.T.);
#2496 = LINE('',#2497,#2498);
#2497 = CARTESIAN_POINT('',(1.949,0.38,3.5E-02));
#2498 = VECTOR('',#2499,1.);
#2499 = DIRECTION('',(1.359631073447E-32,1.110223024625E-16,1.));
#2500 = CYLINDRICAL_SURFACE('',#2501,0.1);
#2501 = AXIS2_PLACEMENT_3D('',#2502,#2503,#2504);
#2502 = CARTESIAN_POINT('',(1.849,0.38,-2.5872));
#2503 = DIRECTION('',(1.359631073447E-32,1.110223024625E-16,1.));
#2504 = DIRECTION('',(-1.224646799147E-16,-1.,1.110223024625E-16));
#2505 = ADVANCED_FACE('',(#2506),#2517,.T.);
#2506 = FACE_BOUND('',#2507,.F.);
#2507 = EDGE_LOOP('',(#2508,#2509,#2515,#2516));
#2508 = ORIENTED_EDGE('',*,*,#869,.T.);
#2509 = ORIENTED_EDGE('',*,*,#2510,.F.);
#2510 = EDGE_CURVE('',#1163,#862,#2511,.T.);
#2511 = LINE('',#2512,#2513);
#2512 = CARTESIAN_POINT('',(1.7,-2.22,0.235));
#2513 = VECTOR('',#2514,1.);
#2514 = DIRECTION('',(1.224646799147E-16,1.,-1.110223024625E-16));
#2515 = ORIENTED_EDGE('',*,*,#1162,.F.);
#2516 = ORIENTED_EDGE('',*,*,#724,.F.);
#2517 = PLANE('',#2518);
#2518 = AXIS2_PLACEMENT_3D('',#2519,#2520,#2521);
#2519 = CARTESIAN_POINT('',(-1.45,-3.47,0.235));
#2520 = DIRECTION('',(-1.359631073447E-32,-1.110223024625E-16,-1.));
#2521 = DIRECTION('',(-1.,1.224646799147E-16,0.));
#2522 = ADVANCED_FACE('',(#2523),#2539,.T.);
#2523 = FACE_BOUND('',#2524,.F.);
#2524 = EDGE_LOOP('',(#2525,#2526,#2532,#2533));
#2525 = ORIENTED_EDGE('',*,*,#1367,.F.);
#2526 = ORIENTED_EDGE('',*,*,#2527,.F.);
#2527 = EDGE_CURVE('',#949,#1360,#2528,.T.);
#2528 = LINE('',#2529,#2530);
#2529 = CARTESIAN_POINT('',(-1.7,-2.17,0.235));
#2530 = VECTOR('',#2531,1.);
#2531 = DIRECTION('',(-1.224646799147E-16,-1.,1.110223024625E-16));
#2532 = ORIENTED_EDGE('',*,*,#948,.T.);
#2533 = ORIENTED_EDGE('',*,*,#2534,.F.);
#2534 = EDGE_CURVE('',#1368,#941,#2535,.T.);
#2535 = LINE('',#2536,#2537);
#2536 = CARTESIAN_POINT('',(-2.72,-2.22,0.235));
#2537 = VECTOR('',#2538,1.);
#2538 = DIRECTION('',(1.224646799147E-16,1.,-1.110223024625E-16));
#2539 = PLANE('',#2540);
#2540 = AXIS2_PLACEMENT_3D('',#2541,#2542,#2543);
#2541 = CARTESIAN_POINT('',(-1.45,-3.47,0.235));
#2542 = DIRECTION('',(-1.359631073447E-32,-1.110223024625E-16,-1.));
#2543 = DIRECTION('',(-1.,1.224646799147E-16,0.));
#2544 = ADVANCED_FACE('',(#2545),#2563,.T.);
#2545 = FACE_BOUND('',#2546,.F.);
#2546 = EDGE_LOOP('',(#2547,#2548,#2556,#2562));
#2547 = ORIENTED_EDGE('',*,*,#2476,.F.);
#2548 = ORIENTED_EDGE('',*,*,#2549,.F.);
#2549 = EDGE_CURVE('',#2550,#2477,#2552,.T.);
#2550 = VERTEX_POINT('',#2551);
#2551 = CARTESIAN_POINT('',(1.7,0.38,0.235));
#2552 = LINE('',#2553,#2554);
#2553 = CARTESIAN_POINT('',(1.7,0.38,0.235));
#2554 = VECTOR('',#2555,1.);
#2555 = DIRECTION('',(1.,-1.224646799147E-16,0.));
#2556 = ORIENTED_EDGE('',*,*,#2557,.F.);
#2557 = EDGE_CURVE('',#2270,#2550,#2558,.T.);
#2558 = LINE('',#2559,#2560);
#2559 = CARTESIAN_POINT('',(1.7,0.28,0.235));
#2560 = VECTOR('',#2561,1.);
#2561 = DIRECTION('',(1.224646799147E-16,1.,-1.110223024625E-16));
#2562 = ORIENTED_EDGE('',*,*,#2269,.T.);
#2563 = PLANE('',#2564);
#2564 = AXIS2_PLACEMENT_3D('',#2565,#2566,#2567);
#2565 = CARTESIAN_POINT('',(-1.45,-3.47,0.235));
#2566 = DIRECTION('',(-1.359631073447E-32,-1.110223024625E-16,-1.));
#2567 = DIRECTION('',(-1.,1.224646799147E-16,0.));
#2568 = ADVANCED_FACE('',(#2569),#2595,.T.);
#2569 = FACE_BOUND('',#2570,.F.);
#2570 = EDGE_LOOP('',(#2571,#2580,#2581,#2589));
#2571 = ORIENTED_EDGE('',*,*,#2572,.F.);
#2572 = EDGE_CURVE('',#2316,#2573,#2575,.T.);
#2573 = VERTEX_POINT('',#2574);
#2574 = CARTESIAN_POINT('',(-1.949,0.38,0.235));
#2575 = CIRCLE('',#2576,0.1);
#2576 = AXIS2_PLACEMENT_3D('',#2577,#2578,#2579);
#2577 = CARTESIAN_POINT('',(-1.849,0.38,0.235));
#2578 = DIRECTION('',(-1.359631073447E-32,-1.110223024625E-16,-1.));
#2579 = DIRECTION('',(-1.224646799147E-16,-1.,1.110223024625E-16));
#2580 = ORIENTED_EDGE('',*,*,#2357,.F.);
#2581 = ORIENTED_EDGE('',*,*,#2582,.F.);
#2582 = EDGE_CURVE('',#2583,#2350,#2585,.T.);
#2583 = VERTEX_POINT('',#2584);
#2584 = CARTESIAN_POINT('',(-1.7,0.38,0.235));
#2585 = LINE('',#2586,#2587);
#2586 = CARTESIAN_POINT('',(-1.7,0.38,0.235));
#2587 = VECTOR('',#2588,1.);
#2588 = DIRECTION('',(-1.224646799147E-16,-1.,1.110223024625E-16));
#2589 = ORIENTED_EDGE('',*,*,#2590,.F.);
#2590 = EDGE_CURVE('',#2573,#2583,#2591,.T.);
#2591 = LINE('',#2592,#2593);
#2592 = CARTESIAN_POINT('',(-1.949,0.38,0.235));
#2593 = VECTOR('',#2594,1.);
#2594 = DIRECTION('',(1.,-1.224646799147E-16,0.));
#2595 = PLANE('',#2596);
#2596 = AXIS2_PLACEMENT_3D('',#2597,#2598,#2599);
#2597 = CARTESIAN_POINT('',(-1.45,-3.47,0.235));
#2598 = DIRECTION('',(-1.359631073447E-32,-1.110223024625E-16,-1.));
#2599 = DIRECTION('',(-1.,1.224646799147E-16,0.));
#2600 = ADVANCED_FACE('',(#2601),#2607,.T.);
#2601 = FACE_BOUND('',#2602,.F.);
#2602 = EDGE_LOOP('',(#2603,#2604,#2605,#2606));
#2603 = ORIENTED_EDGE('',*,*,#248,.F.);
#2604 = ORIENTED_EDGE('',*,*,#1170,.T.);
#2605 = ORIENTED_EDGE('',*,*,#2510,.T.);
#2606 = ORIENTED_EDGE('',*,*,#861,.F.);
#2607 = PLANE('',#2608);
#2608 = AXIS2_PLACEMENT_3D('',#2609,#2610,#2611);
#2609 = CARTESIAN_POINT('',(1.7,-2.22,0.32));
#2610 = DIRECTION('',(-1.,1.224646799147E-16,0.));
#2611 = DIRECTION('',(1.224646799147E-16,1.,-1.110223024625E-16));
#2612 = ADVANCED_FACE('',(#2613),#2624,.T.);
#2613 = FACE_BOUND('',#2614,.F.);
#2614 = EDGE_LOOP('',(#2615,#2616,#2617,#2618));
#2615 = ORIENTED_EDGE('',*,*,#305,.F.);
#2616 = ORIENTED_EDGE('',*,*,#2277,.T.);
#2617 = ORIENTED_EDGE('',*,*,#2557,.T.);
#2618 = ORIENTED_EDGE('',*,*,#2619,.F.);
#2619 = EDGE_CURVE('',#306,#2550,#2620,.T.);
#2620 = LINE('',#2621,#2622);
#2621 = CARTESIAN_POINT('',(1.7,0.38,0.32));
#2622 = VECTOR('',#2623,1.);
#2623 = DIRECTION('',(-1.359631073447E-32,-1.110223024625E-16,-1.));
#2624 = PLANE('',#2625);
#2625 = AXIS2_PLACEMENT_3D('',#2626,#2627,#2628);
#2626 = CARTESIAN_POINT('',(1.7,-2.22,0.32));
#2627 = DIRECTION('',(-1.,1.224646799147E-16,0.));
#2628 = DIRECTION('',(1.224646799147E-16,1.,-1.110223024625E-16));
#2629 = ADVANCED_FACE('',(#2630),#2641,.T.);
#2630 = FACE_BOUND('',#2631,.F.);
#2631 = EDGE_LOOP('',(#2632,#2638,#2639,#2640));
#2632 = ORIENTED_EDGE('',*,*,#2633,.F.);
#2633 = EDGE_CURVE('',#314,#2477,#2634,.T.);
#2634 = LINE('',#2635,#2636);
#2635 = CARTESIAN_POINT('',(1.949,0.38,0.32));
#2636 = VECTOR('',#2637,1.);
#2637 = DIRECTION('',(-1.359631073447E-32,-1.110223024625E-16,-1.));
#2638 = ORIENTED_EDGE('',*,*,#313,.F.);
#2639 = ORIENTED_EDGE('',*,*,#2619,.T.);
#2640 = ORIENTED_EDGE('',*,*,#2549,.T.);
#2641 = PLANE('',#2642);
#2642 = AXIS2_PLACEMENT_3D('',#2643,#2644,#2645);
#2643 = CARTESIAN_POINT('',(1.7,0.38,0.32));
#2644 = DIRECTION('',(1.224646799147E-16,1.,-1.110223024625E-16));
#2645 = DIRECTION('',(1.,-1.224646799147E-16,0.));
#2646 = ADVANCED_FACE('',(#2647),#2666,.F.);
#2647 = FACE_BOUND('',#2648,.F.);
#2648 = EDGE_LOOP('',(#2649,#2657,#2658,#2659,#2660));
#2649 = ORIENTED_EDGE('',*,*,#2650,.T.);
#2650 = EDGE_CURVE('',#2651,#322,#2653,.T.);
#2651 = VERTEX_POINT('',#2652);
#2652 = CARTESIAN_POINT('',(1.949,0.48,3.5E-02));
#2653 = LINE('',#2654,#2655);
#2654 = CARTESIAN_POINT('',(1.949,0.48,3.5E-02));
#2655 = VECTOR('',#2656,1.);
#2656 = DIRECTION('',(1.359631073447E-32,1.110223024625E-16,1.));
#2657 = ORIENTED_EDGE('',*,*,#321,.T.);
#2658 = ORIENTED_EDGE('',*,*,#2633,.T.);
#2659 = ORIENTED_EDGE('',*,*,#2495,.F.);
#2660 = ORIENTED_EDGE('',*,*,#2661,.T.);
#2661 = EDGE_CURVE('',#2487,#2651,#2662,.T.);
#2662 = LINE('',#2663,#2664);
#2663 = CARTESIAN_POINT('',(1.949,0.38,3.5E-02));
#2664 = VECTOR('',#2665,1.);
#2665 = DIRECTION('',(1.224646799147E-16,1.,-1.110223024625E-16));
#2666 = PLANE('',#2667);
#2667 = AXIS2_PLACEMENT_3D('',#2668,#2669,#2670);
#2668 = CARTESIAN_POINT('',(1.949,0.53,0.32));
#2669 = DIRECTION('',(1.,-1.224646799147E-16,0.));
#2670 = DIRECTION('',(-1.359631073447E-32,-1.110223024625E-16,-1.));
#2671 = ADVANCED_FACE('',(#2672),#2703,.F.);
#2672 = FACE_BOUND('',#2673,.F.);
#2673 = EDGE_LOOP('',(#2674,#2682,#2690,#2696,#2702));
#2674 = ORIENTED_EDGE('',*,*,#2675,.T.);
#2675 = EDGE_CURVE('',#1658,#2676,#2678,.T.);
#2676 = VERTEX_POINT('',#2677);
#2677 = CARTESIAN_POINT('',(1.949,0.48,2.005));
#2678 = LINE('',#2679,#2680);
#2679 = CARTESIAN_POINT('',(1.949,0.48,1.72));
#2680 = VECTOR('',#2681,1.);
#2681 = DIRECTION('',(1.359631073447E-32,1.110223024625E-16,1.));
#2682 = ORIENTED_EDGE('',*,*,#2683,.F.);
#2683 = EDGE_CURVE('',#2684,#2676,#2686,.T.);
#2684 = VERTEX_POINT('',#2685);
#2685 = CARTESIAN_POINT('',(1.949,0.38,2.005));
#2686 = LINE('',#2687,#2688);
#2687 = CARTESIAN_POINT('',(1.949,0.38,2.005));
#2688 = VECTOR('',#2689,1.);
#2689 = DIRECTION('',(1.224646799147E-16,1.,-1.110223024625E-16));
#2690 = ORIENTED_EDGE('',*,*,#2691,.F.);
#2691 = EDGE_CURVE('',#2146,#2684,#2692,.T.);
#2692 = LINE('',#2693,#2694);
#2693 = CARTESIAN_POINT('',(1.949,0.38,1.805));
#2694 = VECTOR('',#2695,1.);
#2695 = DIRECTION('',(1.359631073447E-32,1.110223024625E-16,1.));
#2696 = ORIENTED_EDGE('',*,*,#2697,.F.);
#2697 = EDGE_CURVE('',#1667,#2146,#2698,.T.);
#2698 = LINE('',#2699,#2700);
#2699 = CARTESIAN_POINT('',(1.949,0.38,1.72));
#2700 = VECTOR('',#2701,1.);
#2701 = DIRECTION('',(1.359631073447E-32,1.110223024625E-16,1.));
#2702 = ORIENTED_EDGE('',*,*,#1666,.T.);
#2703 = PLANE('',#2704);
#2704 = AXIS2_PLACEMENT_3D('',#2705,#2706,#2707);
#2705 = CARTESIAN_POINT('',(1.949,0.53,0.32));
#2706 = DIRECTION('',(1.,-1.224646799147E-16,0.));
#2707 = DIRECTION('',(-1.359631073447E-32,-1.110223024625E-16,-1.));
#2708 = ADVANCED_FACE('',(#2709),#2728,.T.);
#2709 = FACE_BOUND('',#2710,.T.);
#2710 = EDGE_LOOP('',(#2711,#2712,#2720,#2727));
#2711 = ORIENTED_EDGE('',*,*,#329,.F.);
#2712 = ORIENTED_EDGE('',*,*,#2713,.F.);
#2713 = EDGE_CURVE('',#2714,#330,#2716,.T.);
#2714 = VERTEX_POINT('',#2715);
#2715 = CARTESIAN_POINT('',(2.049,0.58,3.5E-02));
#2716 = LINE('',#2717,#2718);
#2717 = CARTESIAN_POINT('',(2.049,0.58,3.5E-02));
#2718 = VECTOR('',#2719,1.);
#2719 = DIRECTION('',(1.359631073447E-32,1.110223024625E-16,1.));
#2720 = ORIENTED_EDGE('',*,*,#2721,.F.);
#2721 = EDGE_CURVE('',#2651,#2714,#2722,.T.);
#2722 = CIRCLE('',#2723,0.1);
#2723 = AXIS2_PLACEMENT_3D('',#2724,#2725,#2726);
#2724 = CARTESIAN_POINT('',(2.049,0.48,3.5E-02));
#2725 = DIRECTION('',(-1.359631073447E-32,-1.110223024625E-16,-1.));
#2726 = DIRECTION('',(-1.,-1.320021161559E-14,1.479114197289E-30));
#2727 = ORIENTED_EDGE('',*,*,#2650,.T.);
#2728 = CYLINDRICAL_SURFACE('',#2729,0.1);
#2729 = AXIS2_PLACEMENT_3D('',#2730,#2731,#2732);
#2730 = CARTESIAN_POINT('',(2.049,0.48,-2.5872));
#2731 = DIRECTION('',(1.359631073447E-32,1.110223024625E-16,1.));
#2732 = DIRECTION('',(1.224646799147E-16,1.,-1.110223024625E-16));
#2733 = ADVANCED_FACE('',(#2734),#2811,.T.);
#2734 = FACE_BOUND('',#2735,.F.);
#2735 = EDGE_LOOP('',(#2736,#2737,#2738,#2739,#2740,#2748,#2756,#2764,
    #2771,#2772,#2780,#2788,#2796,#2805));
#2736 = ORIENTED_EDGE('',*,*,#2721,.F.);
#2737 = ORIENTED_EDGE('',*,*,#2661,.F.);
#2738 = ORIENTED_EDGE('',*,*,#2486,.F.);
#2739 = ORIENTED_EDGE('',*,*,#2301,.F.);
#2740 = ORIENTED_EDGE('',*,*,#2741,.F.);
#2741 = EDGE_CURVE('',#2742,#2293,#2744,.T.);
#2742 = VERTEX_POINT('',#2743);
#2743 = CARTESIAN_POINT('',(1.710000033748,-1.62,3.50000041457E-02));
#2744 = LINE('',#2745,#2746);
#2745 = CARTESIAN_POINT('',(1.70998934225,-1.62,3.50000003449E-02));
#2746 = VECTOR('',#2747,1.);
#2747 = DIRECTION('',(-1.685171000071E-05,0.999999999858,
    -1.815432540881E-10));
#2748 = ORIENTED_EDGE('',*,*,#2749,.F.);
#2749 = EDGE_CURVE('',#2750,#2742,#2752,.T.);
#2750 = VERTEX_POINT('',#2751);
#2751 = CARTESIAN_POINT('',(1.47,-1.62,3.5E-02));
#2752 = LINE('',#2753,#2754);
#2753 = CARTESIAN_POINT('',(1.47,-1.62,3.5E-02));
#2754 = VECTOR('',#2755,1.);
#2755 = DIRECTION('',(1.,-1.224646797552E-16,1.437280375206E-09));
#2756 = ORIENTED_EDGE('',*,*,#2757,.F.);
#2757 = EDGE_CURVE('',#2758,#2750,#2760,.T.);
#2758 = VERTEX_POINT('',#2759);
#2759 = CARTESIAN_POINT('',(1.47,-1.97,3.5E-02));
#2760 = LINE('',#2761,#2762);
#2761 = CARTESIAN_POINT('',(1.47,-1.97,3.5E-02));
#2762 = VECTOR('',#2763,1.);
#2763 = DIRECTION('',(1.224646799147E-16,1.,-1.110223024625E-16));
#2764 = ORIENTED_EDGE('',*,*,#2765,.F.);
#2765 = EDGE_CURVE('',#847,#2758,#2766,.T.);
#2766 = CIRCLE('',#2767,0.2);
#2767 = AXIS2_PLACEMENT_3D('',#2768,#2769,#2770);
#2768 = CARTESIAN_POINT('',(1.67,-1.97,3.5E-02));
#2769 = DIRECTION('',(-1.359631073447E-32,-1.110223024625E-16,-1.));
#2770 = DIRECTION('',(-1.224646799147E-16,-1.,1.110223024625E-16));
#2771 = ORIENTED_EDGE('',*,*,#846,.F.);
#2772 = ORIENTED_EDGE('',*,*,#2773,.T.);
#2773 = EDGE_CURVE('',#838,#2774,#2776,.T.);
#2774 = VERTEX_POINT('',#2775);
#2775 = CARTESIAN_POINT('',(3.25,0.53,3.5E-02));
#2776 = LINE('',#2777,#2778);
#2777 = CARTESIAN_POINT('',(3.25,-2.17,3.5E-02));
#2778 = VECTOR('',#2779,1.);
#2779 = DIRECTION('',(1.224646799147E-16,1.,-1.110223024625E-16));
#2780 = ORIENTED_EDGE('',*,*,#2781,.T.);
#2781 = EDGE_CURVE('',#2774,#2782,#2784,.T.);
#2782 = VERTEX_POINT('',#2783);
#2783 = CARTESIAN_POINT('',(3.092,0.53,3.5E-02));
#2784 = LINE('',#2785,#2786);
#2785 = CARTESIAN_POINT('',(3.25,0.53,3.5E-02));
#2786 = VECTOR('',#2787,1.);
#2787 = DIRECTION('',(-1.,1.224646799147E-16,0.));
#2788 = ORIENTED_EDGE('',*,*,#2789,.F.);
#2789 = EDGE_CURVE('',#2790,#2782,#2792,.T.);
#2790 = VERTEX_POINT('',#2791);
#2791 = CARTESIAN_POINT('',(3.02396556961,0.561495418505,3.5E-02));
#2792 = LINE('',#2793,#2794);
#2793 = CARTESIAN_POINT('',(3.02396556961,0.561495418505,3.5E-02));
#2794 = VECTOR('',#2795,1.);
#2795 = DIRECTION('',(0.907477092524,-0.420101566939,4.664064322967E-17)
  );
#2796 = ORIENTED_EDGE('',*,*,#2797,.F.);
#2797 = EDGE_CURVE('',#2798,#2790,#2800,.T.);
#2798 = VERTEX_POINT('',#2799);
#2799 = CARTESIAN_POINT('',(2.939945256222,0.58,3.5E-02));
#2800 = CIRCLE('',#2801,0.2);
#2801 = AXIS2_PLACEMENT_3D('',#2802,#2803,#2804);
#2802 = CARTESIAN_POINT('',(2.939945256222,0.38,3.5E-02));
#2803 = DIRECTION('',(-1.359631073447E-32,-1.110223024625E-16,-1.));
#2804 = DIRECTION('',(3.120870936941E-14,1.,-1.110223024625E-16));
#2805 = ORIENTED_EDGE('',*,*,#2806,.F.);
#2806 = EDGE_CURVE('',#2714,#2798,#2807,.T.);
#2807 = LINE('',#2808,#2809);
#2808 = CARTESIAN_POINT('',(2.049,0.58,3.5E-02));
#2809 = VECTOR('',#2810,1.);
#2810 = DIRECTION('',(1.,-1.224646799147E-16,0.));
#2811 = PLANE('',#2812);
#2812 = AXIS2_PLACEMENT_3D('',#2813,#2814,#2815);
#2813 = CARTESIAN_POINT('',(3.25,-2.17,3.5E-02));
#2814 = DIRECTION('',(-1.359631073447E-32,-1.110223024625E-16,-1.));
#2815 = DIRECTION('',(-1.,1.224646799147E-16,0.));
#2816 = ADVANCED_FACE('',(#2817),#2900,.T.);
#2817 = FACE_BOUND('',#2818,.F.);
#2818 = EDGE_LOOP('',(#2819,#2820,#2821,#2830,#2838,#2846,#2852,#2853,
    #2862,#2870,#2878,#2884,#2885,#2894));
#2819 = ORIENTED_EDGE('',*,*,#40,.F.);
#2820 = ORIENTED_EDGE('',*,*,#80,.F.);
#2821 = ORIENTED_EDGE('',*,*,#2822,.F.);
#2822 = EDGE_CURVE('',#2823,#73,#2825,.T.);
#2823 = VERTEX_POINT('',#2824);
#2824 = CARTESIAN_POINT('',(-3.02396556961,0.561495418505,3.5E-02));
#2825 = CIRCLE('',#2826,0.2);
#2826 = AXIS2_PLACEMENT_3D('',#2827,#2828,#2829);
#2827 = CARTESIAN_POINT('',(-2.939945256222,0.38,3.5E-02));
#2828 = DIRECTION('',(-1.232595164408E-32,-1.110223024625E-16,-1.));
#2829 = DIRECTION('',(-0.420101566939,0.907477092524,-1.00750196244E-16)
  );
#2830 = ORIENTED_EDGE('',*,*,#2831,.F.);
#2831 = EDGE_CURVE('',#2832,#2823,#2834,.T.);
#2832 = VERTEX_POINT('',#2833);
#2833 = CARTESIAN_POINT('',(-3.092,0.53,3.5E-02));
#2834 = LINE('',#2835,#2836);
#2835 = CARTESIAN_POINT('',(-3.092,0.53,3.5E-02));
#2836 = VECTOR('',#2837,1.);
#2837 = DIRECTION('',(0.907477092524,0.420101566939,-4.664064322967E-17)
  );
#2838 = ORIENTED_EDGE('',*,*,#2839,.T.);
#2839 = EDGE_CURVE('',#2832,#2840,#2842,.T.);
#2840 = VERTEX_POINT('',#2841);
#2841 = CARTESIAN_POINT('',(-3.25,0.53,3.5E-02));
#2842 = LINE('',#2843,#2844);
#2843 = CARTESIAN_POINT('',(-3.092,0.53,3.5E-02));
#2844 = VECTOR('',#2845,1.);
#2845 = DIRECTION('',(-1.,1.224646799147E-16,0.));
#2846 = ORIENTED_EDGE('',*,*,#2847,.F.);
#2847 = EDGE_CURVE('',#972,#2840,#2848,.T.);
#2848 = LINE('',#2849,#2850);
#2849 = CARTESIAN_POINT('',(-3.25,-2.17,3.5E-02));
#2850 = VECTOR('',#2851,1.);
#2851 = DIRECTION('',(1.224646799147E-16,1.,-1.110223024625E-16));
#2852 = ORIENTED_EDGE('',*,*,#971,.F.);
#2853 = ORIENTED_EDGE('',*,*,#2854,.F.);
#2854 = EDGE_CURVE('',#2855,#964,#2857,.T.);
#2855 = VERTEX_POINT('',#2856);
#2856 = CARTESIAN_POINT('',(-1.47,-1.97,3.5E-02));
#2857 = CIRCLE('',#2858,0.2);
#2858 = AXIS2_PLACEMENT_3D('',#2859,#2860,#2861);
#2859 = CARTESIAN_POINT('',(-1.67,-1.97,3.5E-02));
#2860 = DIRECTION('',(-1.359631073447E-32,-1.110223024625E-16,-1.));
#2861 = DIRECTION('',(1.,-1.224646799147E-16,0.));
#2862 = ORIENTED_EDGE('',*,*,#2863,.F.);
#2863 = EDGE_CURVE('',#2864,#2855,#2866,.T.);
#2864 = VERTEX_POINT('',#2865);
#2865 = CARTESIAN_POINT('',(-1.47,-1.62,3.5E-02));
#2866 = LINE('',#2867,#2868);
#2867 = CARTESIAN_POINT('',(-1.47,-1.62,3.5E-02));
#2868 = VECTOR('',#2869,1.);
#2869 = DIRECTION('',(-1.224646799147E-16,-1.,1.110223024625E-16));
#2870 = ORIENTED_EDGE('',*,*,#2871,.F.);
#2871 = EDGE_CURVE('',#2872,#2864,#2874,.T.);
#2872 = VERTEX_POINT('',#2873);
#2873 = CARTESIAN_POINT('',(-1.709957324001,-1.62,3.5E-02));
#2874 = LINE('',#2875,#2876);
#2875 = CARTESIAN_POINT('',(-1.709975105667,-1.62,3.50000003449E-02));
#2876 = VECTOR('',#2877,1.);
#2877 = DIRECTION('',(1.,-1.224646800743E-16,-1.437365642221E-09));
#2878 = ORIENTED_EDGE('',*,*,#2879,.T.);
#2879 = EDGE_CURVE('',#2872,#2326,#2880,.T.);
#2880 = LINE('',#2881,#2882);
#2881 = CARTESIAN_POINT('',(-1.709975105667,-1.62,3.50000003449E-02));
#2882 = VECTOR('',#2883,1.);
#2883 = DIRECTION('',(9.358771729344E-06,0.999999999956,
    -1.815432541059E-10));
#2884 = ORIENTED_EDGE('',*,*,#2325,.T.);
#2885 = ORIENTED_EDGE('',*,*,#2886,.F.);
#2886 = EDGE_CURVE('',#2887,#2318,#2889,.T.);
#2887 = VERTEX_POINT('',#2888);
#2888 = CARTESIAN_POINT('',(-1.949,0.38,3.5E-02));
#2889 = CIRCLE('',#2890,0.1);
#2890 = AXIS2_PLACEMENT_3D('',#2891,#2892,#2893);
#2891 = CARTESIAN_POINT('',(-1.849,0.38,3.5E-02));
#2892 = DIRECTION('',(1.359631073447E-32,1.110223024625E-16,1.));
#2893 = DIRECTION('',(-1.,1.224646799147E-16,0.));
#2894 = ORIENTED_EDGE('',*,*,#2895,.F.);
#2895 = EDGE_CURVE('',#33,#2887,#2896,.T.);
#2896 = LINE('',#2897,#2898);
#2897 = CARTESIAN_POINT('',(-1.949,0.48,3.5E-02));
#2898 = VECTOR('',#2899,1.);
#2899 = DIRECTION('',(-1.224646799147E-16,-1.,1.110223024625E-16));
#2900 = PLANE('',#2901);
#2901 = AXIS2_PLACEMENT_3D('',#2902,#2903,#2904);
#2902 = CARTESIAN_POINT('',(3.25,-2.17,3.5E-02));
#2903 = DIRECTION('',(-1.359631073447E-32,-1.110223024625E-16,-1.));
#2904 = DIRECTION('',(-1.,1.224646799147E-16,0.));
#2905 = ADVANCED_FACE('',(#2906),#2925,.T.);
#2906 = FACE_BOUND('',#2907,.T.);
#2907 = EDGE_LOOP('',(#2908,#2916,#2917,#2918));
#2908 = ORIENTED_EDGE('',*,*,#2909,.T.);
#2909 = EDGE_CURVE('',#2910,#2285,#2912,.T.);
#2910 = VERTEX_POINT('',#2911);
#2911 = CARTESIAN_POINT('',(1.503224947428,-1.62,0.179755568468));
#2912 = LINE('',#2913,#2914);
#2913 = CARTESIAN_POINT('',(1.503224947428,-1.62,0.179755568468));
#2914 = VECTOR('',#2915,1.);
#2915 = DIRECTION('',(1.224646799147E-16,1.,-1.110223024625E-16));
#2916 = ORIENTED_EDGE('',*,*,#2292,.F.);
#2917 = ORIENTED_EDGE('',*,*,#2741,.F.);
#2918 = ORIENTED_EDGE('',*,*,#2919,.T.);
#2919 = EDGE_CURVE('',#2742,#2910,#2920,.T.);
#2920 = CIRCLE('',#2921,0.22);
#2921 = AXIS2_PLACEMENT_3D('',#2922,#2923,#2924);
#2922 = CARTESIAN_POINT('',(1.709957324001,-1.62,0.255));
#2923 = DIRECTION('',(1.224646799147E-16,1.,-1.110223024625E-16));
#2924 = DIRECTION('',(1.94135215252E-04,-1.110460750774E-16,
    -0.999999981156));
#2925 = CYLINDRICAL_SURFACE('',#2926,0.22);
#2926 = AXIS2_PLACEMENT_3D('',#2927,#2928,#2929);
#2927 = CARTESIAN_POINT('',(1.709957324001,-2.17,0.255));
#2928 = DIRECTION('',(1.224646799147E-16,1.,-1.110223024625E-16));
#2929 = DIRECTION('',(-1.,1.224646799147E-16,0.));
#2930 = ADVANCED_FACE('',(#2931),#2949,.T.);
#2931 = FACE_BOUND('',#2932,.F.);
#2932 = EDGE_LOOP('',(#2933,#2934,#2942,#2948));
#2933 = ORIENTED_EDGE('',*,*,#2919,.T.);
#2934 = ORIENTED_EDGE('',*,*,#2935,.T.);
#2935 = EDGE_CURVE('',#2910,#2936,#2938,.T.);
#2936 = VERTEX_POINT('',#2937);
#2937 = CARTESIAN_POINT('',(1.47,-1.62,0.271040361289));
#2938 = LINE('',#2939,#2940);
#2939 = CARTESIAN_POINT('',(1.503224947428,-1.62,0.179755568468));
#2940 = VECTOR('',#2941,1.);
#2941 = DIRECTION('',(-0.342020143326,1.462122257435E-16,0.939692620786)
  );
#2942 = ORIENTED_EDGE('',*,*,#2943,.F.);
#2943 = EDGE_CURVE('',#2750,#2936,#2944,.T.);
#2944 = LINE('',#2945,#2946);
#2945 = CARTESIAN_POINT('',(1.47,-1.62,3.5E-02));
#2946 = VECTOR('',#2947,1.);
#2947 = DIRECTION('',(1.359631073447E-32,1.110223024625E-16,1.));
#2948 = ORIENTED_EDGE('',*,*,#2749,.T.);
#2949 = PLANE('',#2950);
#2950 = AXIS2_PLACEMENT_3D('',#2951,#2952,#2953);
#2951 = CARTESIAN_POINT('',(1.47,-1.62,3.5E-02));
#2952 = DIRECTION('',(1.224646799147E-16,1.,-1.110223024625E-16));
#2953 = DIRECTION('',(1.,-1.224646799147E-16,0.));
#2954 = ADVANCED_FACE('',(#2955),#2967,.T.);
#2955 = FACE_BOUND('',#2956,.F.);
#2956 = EDGE_LOOP('',(#2957,#2958,#2959,#2960,#2961));
#2957 = ORIENTED_EDGE('',*,*,#2935,.F.);
#2958 = ORIENTED_EDGE('',*,*,#2909,.T.);
#2959 = ORIENTED_EDGE('',*,*,#2284,.T.);
#2960 = ORIENTED_EDGE('',*,*,#289,.F.);
#2961 = ORIENTED_EDGE('',*,*,#2962,.F.);
#2962 = EDGE_CURVE('',#2936,#282,#2963,.T.);
#2963 = LINE('',#2964,#2965);
#2964 = CARTESIAN_POINT('',(1.47,-1.62,0.271040361289));
#2965 = VECTOR('',#2966,1.);
#2966 = DIRECTION('',(-0.342020143326,1.462122257435E-16,0.939692620786)
  );
#2967 = PLANE('',#2968);
#2968 = AXIS2_PLACEMENT_3D('',#2969,#2970,#2971);
#2969 = CARTESIAN_POINT('',(1.503224947428,-2.17,0.179755568468));
#2970 = DIRECTION('',(-0.939692620786,7.71072922222E-17,-0.342020143326)
  );
#2971 = DIRECTION('',(-0.342020143326,1.462122257435E-16,0.939692620786)
  );
#2972 = ADVANCED_FACE('',(#2973),#2983,.T.);
#2973 = FACE_BOUND('',#2974,.F.);
#2974 = EDGE_LOOP('',(#2975,#2981,#2982));
#2975 = ORIENTED_EDGE('',*,*,#2976,.T.);
#2976 = EDGE_CURVE('',#274,#2936,#2977,.T.);
#2977 = LINE('',#2978,#2979);
#2978 = CARTESIAN_POINT('',(1.47,-1.62,0.32));
#2979 = VECTOR('',#2980,1.);
#2980 = DIRECTION('',(-1.359631073447E-32,-1.110223024625E-16,-1.));
#2981 = ORIENTED_EDGE('',*,*,#2962,.T.);
#2982 = ORIENTED_EDGE('',*,*,#281,.F.);
#2983 = PLANE('',#2984);
#2984 = AXIS2_PLACEMENT_3D('',#2985,#2986,#2987);
#2985 = CARTESIAN_POINT('',(2.265596578423E-16,-1.62,1.02));
#2986 = DIRECTION('',(-1.224646799147E-16,-1.,1.110223024625E-16));
#2987 = DIRECTION('',(-1.,1.224646799147E-16,0.));
#2988 = ADVANCED_FACE('',(#2989),#3006,.T.);
#2989 = FACE_BOUND('',#2990,.F.);
#2990 = EDGE_LOOP('',(#2991,#2999,#3000));
#2991 = ORIENTED_EDGE('',*,*,#2992,.F.);
#2992 = EDGE_CURVE('',#645,#2993,#2995,.T.);
#2993 = VERTEX_POINT('',#2994);
#2994 = CARTESIAN_POINT('',(-1.47,-1.62,0.271040361289));
#2995 = LINE('',#2996,#2997);
#2996 = CARTESIAN_POINT('',(-1.47,-1.62,0.32));
#2997 = VECTOR('',#2998,1.);
#2998 = DIRECTION('',(-1.359631073447E-32,-1.110223024625E-16,-1.));
#2999 = ORIENTED_EDGE('',*,*,#644,.F.);
#3000 = ORIENTED_EDGE('',*,*,#3001,.T.);
#3001 = EDGE_CURVE('',#637,#2993,#3002,.T.);
#3002 = LINE('',#3003,#3004);
#3003 = CARTESIAN_POINT('',(-1.452180148829,-1.62,0.32));
#3004 = VECTOR('',#3005,1.);
#3005 = DIRECTION('',(-0.342020143326,-6.244145098991E-17,
    -0.939692620786));
#3006 = PLANE('',#3007);
#3007 = AXIS2_PLACEMENT_3D('',#3008,#3009,#3010);
#3008 = CARTESIAN_POINT('',(2.265596578423E-16,-1.62,1.02));
#3009 = DIRECTION('',(-1.224646799147E-16,-1.,1.110223024625E-16));
#3010 = DIRECTION('',(-1.,1.224646799147E-16,0.));
#3011 = ADVANCED_FACE('',(#3012),#3024,.T.);
#3012 = FACE_BOUND('',#3013,.F.);
#3013 = EDGE_LOOP('',(#3014,#3015,#3021,#3022,#3023));
#3014 = ORIENTED_EDGE('',*,*,#273,.F.);
#3015 = ORIENTED_EDGE('',*,*,#3016,.F.);
#3016 = EDGE_CURVE('',#2758,#265,#3017,.T.);
#3017 = LINE('',#3018,#3019);
#3018 = CARTESIAN_POINT('',(1.47,-1.97,3.5E-02));
#3019 = VECTOR('',#3020,1.);
#3020 = DIRECTION('',(1.359631073447E-32,1.110223024625E-16,1.));
#3021 = ORIENTED_EDGE('',*,*,#2757,.T.);
#3022 = ORIENTED_EDGE('',*,*,#2943,.T.);
#3023 = ORIENTED_EDGE('',*,*,#2976,.F.);
#3024 = PLANE('',#3025);
#3025 = AXIS2_PLACEMENT_3D('',#3026,#3027,#3028);
#3026 = CARTESIAN_POINT('',(1.47,-1.97,3.5E-02));
#3027 = DIRECTION('',(-1.,1.224646799147E-16,0.));
#3028 = DIRECTION('',(1.224646799147E-16,1.,-1.110223024625E-16));
#3029 = ADVANCED_FACE('',(#3030),#3036,.T.);
#3030 = FACE_BOUND('',#3031,.T.);
#3031 = EDGE_LOOP('',(#3032,#3033,#3034,#3035));
#3032 = ORIENTED_EDGE('',*,*,#3016,.F.);
#3033 = ORIENTED_EDGE('',*,*,#2765,.F.);
#3034 = ORIENTED_EDGE('',*,*,#854,.T.);
#3035 = ORIENTED_EDGE('',*,*,#264,.T.);
#3036 = CYLINDRICAL_SURFACE('',#3037,0.2);
#3037 = AXIS2_PLACEMENT_3D('',#3038,#3039,#3040);
#3038 = CARTESIAN_POINT('',(1.67,-1.97,3.5E-02));
#3039 = DIRECTION('',(-1.359631073447E-32,-1.110223024625E-16,-1.));
#3040 = DIRECTION('',(-1.,1.224646799147E-16,0.));
#3041 = ADVANCED_FACE('',(#3042),#3059,.T.);
#3042 = FACE_BOUND('',#3043,.F.);
#3043 = EDGE_LOOP('',(#3044,#3045,#3046,#3052,#3053));
#3044 = ORIENTED_EDGE('',*,*,#652,.F.);
#3045 = ORIENTED_EDGE('',*,*,#2992,.T.);
#3046 = ORIENTED_EDGE('',*,*,#3047,.F.);
#3047 = EDGE_CURVE('',#2864,#2993,#3048,.T.);
#3048 = LINE('',#3049,#3050);
#3049 = CARTESIAN_POINT('',(-1.47,-1.62,3.5E-02));
#3050 = VECTOR('',#3051,1.);
#3051 = DIRECTION('',(1.359631073447E-32,1.110223024625E-16,1.));
#3052 = ORIENTED_EDGE('',*,*,#2863,.T.);
#3053 = ORIENTED_EDGE('',*,*,#3054,.T.);
#3054 = EDGE_CURVE('',#2855,#653,#3055,.T.);
#3055 = LINE('',#3056,#3057);
#3056 = CARTESIAN_POINT('',(-1.47,-1.97,3.5E-02));
#3057 = VECTOR('',#3058,1.);
#3058 = DIRECTION('',(1.359631073447E-32,1.110223024625E-16,1.));
#3059 = PLANE('',#3060);
#3060 = AXIS2_PLACEMENT_3D('',#3061,#3062,#3063);
#3061 = CARTESIAN_POINT('',(-1.47,-1.62,3.5E-02));
#3062 = DIRECTION('',(1.,-1.224646799147E-16,0.));
#3063 = DIRECTION('',(-1.224646799147E-16,-1.,1.110223024625E-16));
#3064 = ADVANCED_FACE('',(#3065),#3084,.T.);
#3065 = FACE_BOUND('',#3066,.F.);
#3066 = EDGE_LOOP('',(#3067,#3075,#3082,#3083));
#3067 = ORIENTED_EDGE('',*,*,#3068,.T.);
#3068 = EDGE_CURVE('',#2993,#3069,#3071,.T.);
#3069 = VERTEX_POINT('',#3070);
#3070 = CARTESIAN_POINT('',(-1.503224947428,-1.62,0.179755568468));
#3071 = LINE('',#3072,#3073);
#3072 = CARTESIAN_POINT('',(-1.47,-1.62,0.271040361289));
#3073 = VECTOR('',#3074,1.);
#3074 = DIRECTION('',(-0.342020143326,-6.244145098991E-17,
    -0.939692620786));
#3075 = ORIENTED_EDGE('',*,*,#3076,.T.);
#3076 = EDGE_CURVE('',#3069,#2872,#3077,.T.);
#3077 = CIRCLE('',#3078,0.22);
#3078 = AXIS2_PLACEMENT_3D('',#3079,#3080,#3081);
#3079 = CARTESIAN_POINT('',(-1.709957324001,-1.62,0.255));
#3080 = DIRECTION('',(1.224646799147E-16,1.,-1.110223024625E-16));
#3081 = DIRECTION('',(0.939692620786,-1.530510198234E-16,-0.342020143326
    ));
#3082 = ORIENTED_EDGE('',*,*,#2871,.T.);
#3083 = ORIENTED_EDGE('',*,*,#3047,.T.);
#3084 = PLANE('',#3085);
#3085 = AXIS2_PLACEMENT_3D('',#3086,#3087,#3088);
#3086 = CARTESIAN_POINT('',(-1.71,-1.62,3.5E-02));
#3087 = DIRECTION('',(1.224646799147E-16,1.,-1.110223024625E-16));
#3088 = DIRECTION('',(1.,-1.224646799147E-16,0.));
#3089 = ADVANCED_FACE('',(#3090),#3102,.T.);
#3090 = FACE_BOUND('',#3091,.F.);
#3091 = EDGE_LOOP('',(#3092,#3093,#3094,#3095,#3096));
#3092 = ORIENTED_EDGE('',*,*,#3068,.F.);
#3093 = ORIENTED_EDGE('',*,*,#3001,.F.);
#3094 = ORIENTED_EDGE('',*,*,#636,.T.);
#3095 = ORIENTED_EDGE('',*,*,#2342,.T.);
#3096 = ORIENTED_EDGE('',*,*,#3097,.F.);
#3097 = EDGE_CURVE('',#3069,#2334,#3098,.T.);
#3098 = LINE('',#3099,#3100);
#3099 = CARTESIAN_POINT('',(-1.503224947428,-1.62,0.179755568468));
#3100 = VECTOR('',#3101,1.);
#3101 = DIRECTION('',(1.224646799147E-16,1.,-1.110223024625E-16));
#3102 = PLANE('',#3103);
#3103 = AXIS2_PLACEMENT_3D('',#3104,#3105,#3106);
#3104 = CARTESIAN_POINT('',(-1.449971355665,-2.17,0.326068609341));
#3105 = DIRECTION('',(0.939692620786,-1.530510198234E-16,-0.342020143326
    ));
#3106 = DIRECTION('',(-0.342020143326,-6.244145098991E-17,
    -0.939692620786));
#3107 = ADVANCED_FACE('',(#3108),#3114,.T.);
#3108 = FACE_BOUND('',#3109,.T.);
#3109 = EDGE_LOOP('',(#3110,#3111,#3112,#3113));
#3110 = ORIENTED_EDGE('',*,*,#2879,.T.);
#3111 = ORIENTED_EDGE('',*,*,#2333,.F.);
#3112 = ORIENTED_EDGE('',*,*,#3097,.F.);
#3113 = ORIENTED_EDGE('',*,*,#3076,.T.);
#3114 = CYLINDRICAL_SURFACE('',#3115,0.22);
#3115 = AXIS2_PLACEMENT_3D('',#3116,#3117,#3118);
#3116 = CARTESIAN_POINT('',(-1.709957324001,-2.17,0.255));
#3117 = DIRECTION('',(1.224646799147E-16,1.,-1.110223024625E-16));
#3118 = DIRECTION('',(-1.,1.224646799147E-16,0.));
#3119 = ADVANCED_FACE('',(#3120),#3126,.T.);
#3120 = FACE_BOUND('',#3121,.T.);
#3121 = EDGE_LOOP('',(#3122,#3123,#3124,#3125));
#3122 = ORIENTED_EDGE('',*,*,#963,.F.);
#3123 = ORIENTED_EDGE('',*,*,#2854,.F.);
#3124 = ORIENTED_EDGE('',*,*,#3054,.T.);
#3125 = ORIENTED_EDGE('',*,*,#660,.T.);
#3126 = CYLINDRICAL_SURFACE('',#3127,0.2);
#3127 = AXIS2_PLACEMENT_3D('',#3128,#3129,#3130);
#3128 = CARTESIAN_POINT('',(-1.67,-1.97,3.5E-02));
#3129 = DIRECTION('',(-1.359631073447E-32,-1.110223024625E-16,-1.));
#3130 = DIRECTION('',(-1.,1.224646799147E-16,0.));
#3131 = ADVANCED_FACE('',(#3132),#3151,.T.);
#3132 = FACE_BOUND('',#3133,.T.);
#3133 = EDGE_LOOP('',(#3134,#3135,#3144,#3150));
#3134 = ORIENTED_EDGE('',*,*,#2773,.T.);
#3135 = ORIENTED_EDGE('',*,*,#3136,.F.);
#3136 = EDGE_CURVE('',#3137,#2774,#3139,.T.);
#3137 = VERTEX_POINT('',#3138);
#3138 = CARTESIAN_POINT('',(3.5,0.53,0.285));
#3139 = CIRCLE('',#3140,0.25);
#3140 = AXIS2_PLACEMENT_3D('',#3141,#3142,#3143);
#3141 = CARTESIAN_POINT('',(3.25,0.53,0.285));
#3142 = DIRECTION('',(1.224646799147E-16,1.,-1.110223024625E-16));
#3143 = DIRECTION('',(1.,-1.224646799147E-16,0.));
#3144 = ORIENTED_EDGE('',*,*,#3145,.F.);
#3145 = EDGE_CURVE('',#830,#3137,#3146,.T.);
#3146 = LINE('',#3147,#3148);
#3147 = CARTESIAN_POINT('',(3.5,-2.17,0.285));
#3148 = VECTOR('',#3149,1.);
#3149 = DIRECTION('',(1.224646799147E-16,1.,-1.110223024625E-16));
#3150 = ORIENTED_EDGE('',*,*,#837,.T.);
#3151 = CYLINDRICAL_SURFACE('',#3152,0.25);
#3152 = AXIS2_PLACEMENT_3D('',#3153,#3154,#3155);
#3153 = CARTESIAN_POINT('',(3.25,-2.17,0.285));
#3154 = DIRECTION('',(1.224646799147E-16,1.,-1.110223024625E-16));
#3155 = DIRECTION('',(-1.,1.224646799147E-16,0.));
#3156 = ADVANCED_FACE('',(#3157),#3207,.T.);
#3157 = FACE_BOUND('',#3158,.F.);
#3158 = EDGE_LOOP('',(#3159,#3169,#3177,#3183,#3184,#3185,#3193,#3201));
#3159 = ORIENTED_EDGE('',*,*,#3160,.T.);
#3160 = EDGE_CURVE('',#3161,#3163,#3165,.T.);
#3161 = VERTEX_POINT('',#3162);
#3162 = CARTESIAN_POINT('',(3.5,0.63,1.32));
#3163 = VERTEX_POINT('',#3164);
#3164 = CARTESIAN_POINT('',(3.5,0.63,0.72));
#3165 = LINE('',#3166,#3167);
#3166 = CARTESIAN_POINT('',(3.5,0.63,1.32));
#3167 = VECTOR('',#3168,1.);
#3168 = DIRECTION('',(-1.359631073447E-32,-1.110223024625E-16,-1.));
#3169 = ORIENTED_EDGE('',*,*,#3170,.F.);
#3170 = EDGE_CURVE('',#3171,#3163,#3173,.T.);
#3171 = VERTEX_POINT('',#3172);
#3172 = CARTESIAN_POINT('',(3.5,0.53,0.72));
#3173 = LINE('',#3174,#3175);
#3174 = CARTESIAN_POINT('',(3.5,0.53,0.72));
#3175 = VECTOR('',#3176,1.);
#3176 = DIRECTION('',(1.224646799147E-16,1.,-1.110223024625E-16));
#3177 = ORIENTED_EDGE('',*,*,#3178,.T.);
#3178 = EDGE_CURVE('',#3171,#3137,#3179,.T.);
#3179 = LINE('',#3180,#3181);
#3180 = CARTESIAN_POINT('',(3.5,0.53,0.72));
#3181 = VECTOR('',#3182,1.);
#3182 = DIRECTION('',(-1.359631073447E-32,-1.110223024625E-16,-1.));
#3183 = ORIENTED_EDGE('',*,*,#3145,.F.);
#3184 = ORIENTED_EDGE('',*,*,#829,.F.);
#3185 = ORIENTED_EDGE('',*,*,#3186,.T.);
#3186 = EDGE_CURVE('',#821,#3187,#3189,.T.);
#3187 = VERTEX_POINT('',#3188);
#3188 = CARTESIAN_POINT('',(3.5,0.53,1.755));
#3189 = LINE('',#3190,#3191);
#3190 = CARTESIAN_POINT('',(3.5,-2.17,1.755));
#3191 = VECTOR('',#3192,1.);
#3192 = DIRECTION('',(1.224646799147E-16,1.,-1.110223024625E-16));
#3193 = ORIENTED_EDGE('',*,*,#3194,.T.);
#3194 = EDGE_CURVE('',#3187,#3195,#3197,.T.);
#3195 = VERTEX_POINT('',#3196);
#3196 = CARTESIAN_POINT('',(3.5,0.53,1.32));
#3197 = LINE('',#3198,#3199);
#3198 = CARTESIAN_POINT('',(3.5,0.53,1.755));
#3199 = VECTOR('',#3200,1.);
#3200 = DIRECTION('',(-1.359631073447E-32,-1.110223024625E-16,-1.));
#3201 = ORIENTED_EDGE('',*,*,#3202,.T.);
#3202 = EDGE_CURVE('',#3195,#3161,#3203,.T.);
#3203 = LINE('',#3204,#3205);
#3204 = CARTESIAN_POINT('',(3.5,0.53,1.32));
#3205 = VECTOR('',#3206,1.);
#3206 = DIRECTION('',(1.224646799147E-16,1.,-1.110223024625E-16));
#3207 = PLANE('',#3208);
#3208 = AXIS2_PLACEMENT_3D('',#3209,#3210,#3211);
#3209 = CARTESIAN_POINT('',(3.5,-2.17,1.755));
#3210 = DIRECTION('',(1.,-1.224646799147E-16,0.));
#3211 = DIRECTION('',(-1.359631073447E-32,-1.110223024625E-16,-1.));
#3212 = ADVANCED_FACE('',(#3213),#3274,.T.);
#3213 = FACE_BOUND('',#3214,.T.);
#3214 = EDGE_LOOP('',(#3215,#3225,#3242,#3249,#3250,#3259));
#3215 = ORIENTED_EDGE('',*,*,#3216,.F.);
#3216 = EDGE_CURVE('',#3217,#3219,#3221,.T.);
#3217 = VERTEX_POINT('',#3218);
#3218 = CARTESIAN_POINT('',(3.25,0.88,1.42));
#3219 = VERTEX_POINT('',#3220);
#3220 = CARTESIAN_POINT('',(3.25,0.88,0.62));
#3221 = LINE('',#3222,#3223);
#3222 = CARTESIAN_POINT('',(3.25,0.88,1.42));
#3223 = VECTOR('',#3224,1.);
#3224 = DIRECTION('',(-1.359631073447E-32,-1.110223024625E-16,-1.));
#3225 = ORIENTED_EDGE('',*,*,#3226,.F.);
#3226 = EDGE_CURVE('',#3227,#3217,#3229,.T.);
#3227 = VERTEX_POINT('',#3228);
#3228 = CARTESIAN_POINT('',(3.442653128049,0.789325993651,1.32));
#3229 = B_SPLINE_CURVE_WITH_KNOTS('',3,(#3230,#3231,#3232,#3233,#3234,
    #3235,#3236,#3237,#3238,#3239,#3240,#3241),.UNSPECIFIED.,.F.,.F.,(4,
    1,1,1,1,1,1,1,1,4),(0.,0.111111111111,0.222222222222,0.333333333333,
    0.444444444444,0.555555555556,0.666666666667,0.777777777778,
    0.888888888889,1.),.UNSPECIFIED.);
#3230 = CARTESIAN_POINT('',(3.442653128049,0.789325993651,1.32));
#3231 = CARTESIAN_POINT('',(3.43305206733,0.800935363458,1.32));
#3232 = CARTESIAN_POINT('',(3.412814071991,0.821131922865,1.321406852412
    ));
#3233 = CARTESIAN_POINT('',(3.382136906413,0.843196706351,1.32653185474)
  );
#3234 = CARTESIAN_POINT('',(3.352844719396,0.858573360599,1.33404413865)
  );
#3235 = CARTESIAN_POINT('',(3.325381734699,0.868879443036,1.343660007199
    ));
#3236 = CARTESIAN_POINT('',(3.301063276016,0.875097105628,1.355079579579
    ));
#3237 = CARTESIAN_POINT('',(3.279889459764,0.878449651081,1.368770603691
    ));
#3238 = CARTESIAN_POINT('',(3.263477854652,0.879763945357,1.383962068378
    ));
#3239 = CARTESIAN_POINT('',(3.252256095746,0.880023931881,1.402191469277
    ));
#3240 = CARTESIAN_POINT('',(3.25,0.88,1.413990588403));
#3241 = CARTESIAN_POINT('',(3.25,0.88,1.42));
#3242 = ORIENTED_EDGE('',*,*,#3243,.F.);
#3243 = EDGE_CURVE('',#3161,#3227,#3244,.T.);
#3244 = CIRCLE('',#3245,0.25);
#3245 = AXIS2_PLACEMENT_3D('',#3246,#3247,#3248);
#3246 = CARTESIAN_POINT('',(3.25,0.63,1.32));
#3247 = DIRECTION('',(1.359631073447E-32,1.110223024625E-16,1.));
#3248 = DIRECTION('',(1.,-1.224646799147E-16,0.));
#3249 = ORIENTED_EDGE('',*,*,#3160,.T.);
#3250 = ORIENTED_EDGE('',*,*,#3251,.F.);
#3251 = EDGE_CURVE('',#3252,#3163,#3254,.T.);
#3252 = VERTEX_POINT('',#3253);
#3253 = CARTESIAN_POINT('',(3.442653128049,0.789325993651,0.72));
#3254 = CIRCLE('',#3255,0.25);
#3255 = AXIS2_PLACEMENT_3D('',#3256,#3257,#3258);
#3256 = CARTESIAN_POINT('',(3.25,0.63,0.72));
#3257 = DIRECTION('',(-1.848892746612E-32,-1.110223024625E-16,-1.));
#3258 = DIRECTION('',(0.770612512197,0.637303974603,-7.075495462898E-17)
  );
#3259 = ORIENTED_EDGE('',*,*,#3260,.F.);
#3260 = EDGE_CURVE('',#3219,#3252,#3261,.T.);
#3261 = B_SPLINE_CURVE_WITH_KNOTS('',3,(#3262,#3263,#3264,#3265,#3266,
    #3267,#3268,#3269,#3270,#3271,#3272,#3273),.UNSPECIFIED.,.F.,.F.,(4,
    1,1,1,1,1,1,1,1,4),(0.,0.111111111111,0.222222222222,0.333333333333,
    0.444444444444,0.555555555556,0.666666666667,0.777777777778,
    0.888888888889,1.),.UNSPECIFIED.);
#3262 = CARTESIAN_POINT('',(3.25,0.88,0.62));
#3263 = CARTESIAN_POINT('',(3.25,0.88,0.62596760132));
#3264 = CARTESIAN_POINT('',(3.252218455268,0.880022815687,0.637734654745
    ));
#3265 = CARTESIAN_POINT('',(3.26352520015,0.879769052383,0.656148009706)
  );
#3266 = CARTESIAN_POINT('',(3.280293699945,0.878398285593,0.671527702641
    ));
#3267 = CARTESIAN_POINT('',(3.301111618906,0.875084660965,0.68493546652)
  );
#3268 = CARTESIAN_POINT('',(3.325580723058,0.868812367803,0.696420003699
    ));
#3269 = CARTESIAN_POINT('',(3.352729262227,0.85862164456,0.705916754865)
  );
#3270 = CARTESIAN_POINT('',(3.382201378456,0.843160479358,0.713484716619
    ));
#3271 = CARTESIAN_POINT('',(3.412743794545,0.821183510499,0.718581174589
    ));
#3272 = CARTESIAN_POINT('',(3.433030613118,0.800961305371,0.72));
#3273 = CARTESIAN_POINT('',(3.442653128049,0.789325993651,0.72));
#3274 = CYLINDRICAL_SURFACE('',#3275,0.25);
#3275 = AXIS2_PLACEMENT_3D('',#3276,#3277,#3278);
#3276 = CARTESIAN_POINT('',(3.25,0.63,4.6272));
#3277 = DIRECTION('',(-1.359631073447E-32,-1.110223024625E-16,-1.));
#3278 = DIRECTION('',(1.224646799147E-16,1.,-1.110223024625E-16));
#3279 = ADVANCED_FACE('',(#3280),#3319,.F.);
#3280 = FACE_BOUND('',#3281,.F.);
#3281 = EDGE_LOOP('',(#3282,#3283,#3291,#3313));
#3282 = ORIENTED_EDGE('',*,*,#3260,.F.);
#3283 = ORIENTED_EDGE('',*,*,#3284,.F.);
#3284 = EDGE_CURVE('',#3285,#3219,#3287,.T.);
#3285 = VERTEX_POINT('',#3286);
#3286 = CARTESIAN_POINT('',(3.25,0.53,0.62));
#3287 = LINE('',#3288,#3289);
#3288 = CARTESIAN_POINT('',(3.25,0.53,0.62));
#3289 = VECTOR('',#3290,1.);
#3290 = DIRECTION('',(1.224646799147E-16,1.,-1.110223024625E-16));
#3291 = ORIENTED_EDGE('',*,*,#3292,.T.);
#3292 = EDGE_CURVE('',#3285,#3293,#3295,.T.);
#3293 = VERTEX_POINT('',#3294);
#3294 = CARTESIAN_POINT('',(3.442653128049,0.53,0.72));
#3295 = B_SPLINE_CURVE_WITH_KNOTS('',3,(#3296,#3297,#3298,#3299,#3300,
    #3301,#3302,#3303,#3304,#3305,#3306,#3307,#3308,#3309,#3310,#3311,
    #3312),.UNSPECIFIED.,.F.,.F.,(4,1,1,1,1,1,1,1,1,1,1,1,1,1,4),(0.,
    3.78336106366E-02,7.833117574627E-02,0.122880824765,0.172937638798,
    0.229482682803,0.293060074096,0.364070165189,0.443035369353,
    0.53047938301,0.626151314711,0.726980610805,0.825890088291,
    0.917984816121,1.),.UNSPECIFIED.);
#3296 = CARTESIAN_POINT('',(3.25,0.53,0.62));
#3297 = CARTESIAN_POINT('',(3.25,0.53,0.622941284842));
#3298 = CARTESIAN_POINT('',(3.250606229311,0.53,0.629045945539));
#3299 = CARTESIAN_POINT('',(3.253375710121,0.53,0.638245290012));
#3300 = CARTESIAN_POINT('',(3.258204144816,0.53,0.647633927824));
#3301 = CARTESIAN_POINT('',(3.26526553864,0.53,0.65708728671));
#3302 = CARTESIAN_POINT('',(3.274688771039,0.53,0.666431721377));
#3303 = CARTESIAN_POINT('',(3.2864678142,0.53,0.675540191643));
#3304 = CARTESIAN_POINT('',(3.300601915101,0.53,0.684298561989));
#3305 = CARTESIAN_POINT('',(3.317127878335,0.53,0.692569653741));
#3306 = CARTESIAN_POINT('',(3.336042142811,0.53,0.700195864634));
#3307 = CARTESIAN_POINT('',(3.357053403398,0.53,0.707017040269));
#3308 = CARTESIAN_POINT('',(3.379328596168,0.53,0.712674920962));
#3309 = CARTESIAN_POINT('',(3.401651186812,0.53,0.716820150375));
#3310 = CARTESIAN_POINT('',(3.422739116797,0.53,0.719349178538));
#3311 = CARTESIAN_POINT('',(3.436277050982,0.53,0.72));
#3312 = CARTESIAN_POINT('',(3.442653128049,0.53,0.72));
#3313 = ORIENTED_EDGE('',*,*,#3314,.T.);
#3314 = EDGE_CURVE('',#3293,#3252,#3315,.T.);
#3315 = LINE('',#3316,#3317);
#3316 = CARTESIAN_POINT('',(3.442653128049,0.53,0.72));
#3317 = VECTOR('',#3318,1.);
#3318 = DIRECTION('',(1.224646799147E-16,1.,-1.110223024625E-16));
#3319 = SURFACE_OF_LINEAR_EXTRUSION('',#3320,#3340);
#3320 = B_SPLINE_CURVE_WITH_KNOTS('',3,(#3321,#3322,#3323,#3324,#3325,
    #3326,#3327,#3328,#3329,#3330,#3331,#3332,#3333,#3334,#3335,#3336,
    #3337,#3338,#3339),.UNSPECIFIED.,.F.,.F.,(4,1,1,1,1,1,1,1,1,1,1,1,1,
    1,1,1,4),(0.,2.451809579107E-02,6.049809259294E-02,
    9.901152651087E-02,0.141378517191,0.188982855727,0.24275754094,
    0.303220031749,0.370751065861,0.445847461511,0.529007257227,
    0.619991853694,0.715881135471,0.809944657925,0.897527311471,
    0.975524256621,1.),.UNSPECIFIED.);
#3321 = CARTESIAN_POINT('',(3.25041498182,-0.312,0.614017227483));
#3322 = CARTESIAN_POINT('',(3.250135966309,-0.312,0.6159947618));
#3323 = CARTESIAN_POINT('',(3.249800471153,-0.312,0.620932051889));
#3324 = CARTESIAN_POINT('',(3.250606229311,-0.312,0.629045945539));
#3325 = CARTESIAN_POINT('',(3.253375710121,-0.312,0.638245290012));
#3326 = CARTESIAN_POINT('',(3.258204144816,-0.312,0.647633927824));
#3327 = CARTESIAN_POINT('',(3.26526553864,-0.312,0.65708728671));
#3328 = CARTESIAN_POINT('',(3.274688771039,-0.312,0.666431721377));
#3329 = CARTESIAN_POINT('',(3.2864678142,-0.312,0.675540191643));
#3330 = CARTESIAN_POINT('',(3.300601915101,-0.312,0.684298561989));
#3331 = CARTESIAN_POINT('',(3.317127878335,-0.312,0.692569653741));
#3332 = CARTESIAN_POINT('',(3.336042142811,-0.312,0.700195864634));
#3333 = CARTESIAN_POINT('',(3.357053403398,-0.312,0.707017040269));
#3334 = CARTESIAN_POINT('',(3.379328596168,-0.312,0.712674920962));
#3335 = CARTESIAN_POINT('',(3.401651186812,-0.312,0.716820150375));
#3336 = CARTESIAN_POINT('',(3.422739116797,-0.312,0.719349178538));
#3337 = CARTESIAN_POINT('',(3.438278209371,-0.312,0.720096203513));
#3338 = CARTESIAN_POINT('',(3.446654702748,-0.312,0.719969810965));
#3339 = CARTESIAN_POINT('',(3.448654692226,-0.312,0.719906555557));
#3340 = VECTOR('',#3341,1.);
#3341 = DIRECTION('',(1.224646799147E-16,1.,-1.110223024625E-16));
#3342 = ADVANCED_FACE('',(#3343),#3368,.T.);
#3343 = FACE_BOUND('',#3344,.F.);
#3344 = EDGE_LOOP('',(#3345,#3353,#3361,#3367));
#3345 = ORIENTED_EDGE('',*,*,#3346,.T.);
#3346 = EDGE_CURVE('',#3219,#3347,#3349,.T.);
#3347 = VERTEX_POINT('',#3348);
#3348 = CARTESIAN_POINT('',(3.25,0.88,0.595));
#3349 = LINE('',#3350,#3351);
#3350 = CARTESIAN_POINT('',(3.25,0.88,0.62));
#3351 = VECTOR('',#3352,1.);
#3352 = DIRECTION('',(-1.359631073447E-32,-1.110223024625E-16,-1.));
#3353 = ORIENTED_EDGE('',*,*,#3354,.F.);
#3354 = EDGE_CURVE('',#3355,#3347,#3357,.T.);
#3355 = VERTEX_POINT('',#3356);
#3356 = CARTESIAN_POINT('',(3.25,0.53,0.595));
#3357 = LINE('',#3358,#3359);
#3358 = CARTESIAN_POINT('',(3.25,0.53,0.595));
#3359 = VECTOR('',#3360,1.);
#3360 = DIRECTION('',(1.224646799147E-16,1.,-1.110223024625E-16));
#3361 = ORIENTED_EDGE('',*,*,#3362,.F.);
#3362 = EDGE_CURVE('',#3285,#3355,#3363,.T.);
#3363 = LINE('',#3364,#3365);
#3364 = CARTESIAN_POINT('',(3.25,0.53,0.62));
#3365 = VECTOR('',#3366,1.);
#3366 = DIRECTION('',(-1.359631073447E-32,-1.110223024625E-16,-1.));
#3367 = ORIENTED_EDGE('',*,*,#3284,.T.);
#3368 = PLANE('',#3369);
#3369 = AXIS2_PLACEMENT_3D('',#3370,#3371,#3372);
#3370 = CARTESIAN_POINT('',(3.25,-0.312,0.62));
#3371 = DIRECTION('',(1.,-1.224646799147E-16,0.));
#3372 = DIRECTION('',(-1.359631073447E-32,-1.110223024625E-16,-1.));
#3373 = ADVANCED_FACE('',(#3374),#3530,.T.);
#3374 = FACE_BOUND('',#3375,.F.);
#3375 = EDGE_LOOP('',(#3376,#3386,#3394,#3403,#3411,#3420,#3428,#3437,
    #3446,#3455,#3463,#3472,#3481,#3490,#3498,#3507,#3515,#3524));
#3376 = ORIENTED_EDGE('',*,*,#3377,.F.);
#3377 = EDGE_CURVE('',#3378,#3380,#3382,.T.);
#3378 = VERTEX_POINT('',#3379);
#3379 = CARTESIAN_POINT('',(-3.25,0.88,0.62));
#3380 = VERTEX_POINT('',#3381);
#3381 = CARTESIAN_POINT('',(-3.25,0.88,1.42));
#3382 = LINE('',#3383,#3384);
#3383 = CARTESIAN_POINT('',(-3.25,0.88,0.62));
#3384 = VECTOR('',#3385,1.);
#3385 = DIRECTION('',(1.359631073447E-32,1.110223024625E-16,1.));
#3386 = ORIENTED_EDGE('',*,*,#3387,.F.);
#3387 = EDGE_CURVE('',#3388,#3378,#3390,.T.);
#3388 = VERTEX_POINT('',#3389);
#3389 = CARTESIAN_POINT('',(-3.25,0.88,0.595));
#3390 = LINE('',#3391,#3392);
#3391 = CARTESIAN_POINT('',(-3.25,0.88,0.595));
#3392 = VECTOR('',#3393,1.);
#3393 = DIRECTION('',(1.359631073447E-32,1.110223024625E-16,1.));
#3394 = ORIENTED_EDGE('',*,*,#3395,.F.);
#3395 = EDGE_CURVE('',#3396,#3388,#3398,.T.);
#3396 = VERTEX_POINT('',#3397);
#3397 = CARTESIAN_POINT('',(-3.220710678119,0.88,0.524289321881));
#3398 = CIRCLE('',#3399,0.1);
#3399 = AXIS2_PLACEMENT_3D('',#3400,#3401,#3402);
#3400 = CARTESIAN_POINT('',(-3.15,0.88,0.595));
#3401 = DIRECTION('',(1.224646799147E-16,1.,-1.110223024625E-16));
#3402 = DIRECTION('',(-0.707106781187,8.090982689372E-18,-0.707106781186
    ));
#3403 = ORIENTED_EDGE('',*,*,#3404,.F.);
#3404 = EDGE_CURVE('',#3405,#3396,#3407,.T.);
#3405 = VERTEX_POINT('',#3406);
#3406 = CARTESIAN_POINT('',(-3.070710678119,0.88,0.374289321881));
#3407 = LINE('',#3408,#3409);
#3408 = CARTESIAN_POINT('',(-3.070710678119,0.88,0.374289321881));
#3409 = VECTOR('',#3410,1.);
#3410 = DIRECTION('',(-0.707106781187,1.651002285577E-16,0.707106781187)
  );
#3411 = ORIENTED_EDGE('',*,*,#3412,.F.);
#3412 = EDGE_CURVE('',#3413,#3405,#3415,.T.);
#3413 = VERTEX_POINT('',#3414);
#3414 = CARTESIAN_POINT('',(-3.,0.88,0.345));
#3415 = CIRCLE('',#3416,0.1);
#3416 = AXIS2_PLACEMENT_3D('',#3417,#3418,#3419);
#3417 = CARTESIAN_POINT('',(-3.,0.88,0.445));
#3418 = DIRECTION('',(1.224646799147E-16,1.,-1.110223024625E-16));
#3419 = DIRECTION('',(-1.359631073447E-32,-1.110223024625E-16,-1.));
#3420 = ORIENTED_EDGE('',*,*,#3421,.F.);
#3421 = EDGE_CURVE('',#3422,#3413,#3424,.T.);
#3422 = VERTEX_POINT('',#3423);
#3423 = CARTESIAN_POINT('',(-2.099802646526,0.88,0.345));
#3424 = LINE('',#3425,#3426);
#3425 = CARTESIAN_POINT('',(-2.099802646526,0.88,0.345));
#3426 = VECTOR('',#3427,1.);
#3427 = DIRECTION('',(-1.,1.224646799147E-16,0.));
#3428 = ORIENTED_EDGE('',*,*,#3429,.F.);
#3429 = EDGE_CURVE('',#3430,#3422,#3432,.T.);
#3430 = VERTEX_POINT('',#3431);
#3431 = CARTESIAN_POINT('',(-1.904901323263,0.88,0.500128247301));
#3432 = CIRCLE('',#3433,0.2);
#3433 = AXIS2_PLACEMENT_3D('',#3434,#3435,#3436);
#3434 = CARTESIAN_POINT('',(-2.099802646526,0.88,0.545));
#3435 = DIRECTION('',(1.224646799147E-16,1.,-1.110223024625E-16));
#3436 = DIRECTION('',(0.974506616316,-1.442514673428E-16,-0.224358763495
    ));
#3437 = ORIENTED_EDGE('',*,*,#3438,.F.);
#3438 = EDGE_CURVE('',#3439,#3430,#3441,.T.);
#3439 = VERTEX_POINT('',#3440);
#3440 = CARTESIAN_POINT('',(-1.755,0.88,0.650128247301));
#3441 = CIRCLE('',#3442,0.2);
#3442 = AXIS2_PLACEMENT_3D('',#3443,#3444,#3445);
#3443 = CARTESIAN_POINT('',(-1.71,0.88,0.455256494602));
#3444 = DIRECTION('',(-1.224646799147E-16,-1.,1.110223024625E-16));
#3445 = DIRECTION('',(-0.225,1.357301063286E-16,0.974358763495));
#3446 = ORIENTED_EDGE('',*,*,#3447,.F.);
#3447 = EDGE_CURVE('',#3448,#3439,#3450,.T.);
#3448 = VERTEX_POINT('',#3449);
#3449 = CARTESIAN_POINT('',(-1.6,0.88,0.845));
#3450 = CIRCLE('',#3451,0.2);
#3451 = AXIS2_PLACEMENT_3D('',#3452,#3453,#3454);
#3452 = CARTESIAN_POINT('',(-1.8,0.88,0.845));
#3453 = DIRECTION('',(1.224646799147E-16,1.,-1.110223024625E-16));
#3454 = DIRECTION('',(1.,-1.224646799147E-16,0.));
#3455 = ORIENTED_EDGE('',*,*,#3456,.F.);
#3456 = EDGE_CURVE('',#3457,#3448,#3459,.T.);
#3457 = VERTEX_POINT('',#3458);
#3458 = CARTESIAN_POINT('',(-1.6,0.88,1.195));
#3459 = LINE('',#3460,#3461);
#3460 = CARTESIAN_POINT('',(-1.6,0.88,1.195));
#3461 = VECTOR('',#3462,1.);
#3462 = DIRECTION('',(-1.359631073447E-32,-1.110223024625E-16,-1.));
#3463 = ORIENTED_EDGE('',*,*,#3464,.F.);
#3464 = EDGE_CURVE('',#3465,#3457,#3467,.T.);
#3465 = VERTEX_POINT('',#3466);
#3466 = CARTESIAN_POINT('',(-1.755,0.88,1.389871752699));
#3467 = CIRCLE('',#3468,0.2);
#3468 = AXIS2_PLACEMENT_3D('',#3469,#3470,#3471);
#3469 = CARTESIAN_POINT('',(-1.8,0.88,1.195));
#3470 = DIRECTION('',(1.224646799147E-16,1.,-1.110223024625E-16));
#3471 = DIRECTION('',(0.225,8.062100036696E-17,0.974358763495));
#3472 = ORIENTED_EDGE('',*,*,#3473,.F.);
#3473 = EDGE_CURVE('',#3474,#3465,#3476,.T.);
#3474 = VERTEX_POINT('',#3475);
#3475 = CARTESIAN_POINT('',(-1.904901323263,0.88,1.539871752699));
#3476 = CIRCLE('',#3477,0.2);
#3477 = AXIS2_PLACEMENT_3D('',#3478,#3479,#3480);
#3478 = CARTESIAN_POINT('',(-1.71,0.88,1.584743505398));
#3479 = DIRECTION('',(-1.224646799147E-16,-1.,1.110223024625E-16));
#3480 = DIRECTION('',(-0.974506616316,9.4433814341E-17,-0.224358763495)
  );
#3481 = ORIENTED_EDGE('',*,*,#3482,.F.);
#3482 = EDGE_CURVE('',#3483,#3474,#3485,.T.);
#3483 = VERTEX_POINT('',#3484);
#3484 = CARTESIAN_POINT('',(-2.099802646526,0.88,1.695));
#3485 = CIRCLE('',#3486,0.2);
#3486 = AXIS2_PLACEMENT_3D('',#3487,#3488,#3489);
#3487 = CARTESIAN_POINT('',(-2.099802646526,0.88,1.495));
#3488 = DIRECTION('',(1.224646799147E-16,1.,-1.110223024625E-16));
#3489 = DIRECTION('',(1.359631073447E-32,1.110223024625E-16,1.));
#3490 = ORIENTED_EDGE('',*,*,#3491,.F.);
#3491 = EDGE_CURVE('',#3492,#3483,#3494,.T.);
#3492 = VERTEX_POINT('',#3493);
#3493 = CARTESIAN_POINT('',(-3.,0.88,1.695));
#3494 = LINE('',#3495,#3496);
#3495 = CARTESIAN_POINT('',(-3.,0.88,1.695));
#3496 = VECTOR('',#3497,1.);
#3497 = DIRECTION('',(1.,-1.224646799147E-16,0.));
#3498 = ORIENTED_EDGE('',*,*,#3499,.F.);
#3499 = EDGE_CURVE('',#3500,#3492,#3502,.T.);
#3500 = VERTEX_POINT('',#3501);
#3501 = CARTESIAN_POINT('',(-3.070710678119,0.88,1.665710678119));
#3502 = CIRCLE('',#3503,0.1);
#3503 = AXIS2_PLACEMENT_3D('',#3504,#3505,#3506);
#3504 = CARTESIAN_POINT('',(-3.,0.88,1.595));
#3505 = DIRECTION('',(1.224646799147E-16,1.,-1.110223024625E-16));
#3506 = DIRECTION('',(-0.707106781187,1.651002285577E-16,0.707106781187)
  );
#3507 = ORIENTED_EDGE('',*,*,#3508,.F.);
#3508 = EDGE_CURVE('',#3509,#3500,#3511,.T.);
#3509 = VERTEX_POINT('',#3510);
#3510 = CARTESIAN_POINT('',(-3.220710678119,0.88,1.515710678119));
#3511 = LINE('',#3512,#3513);
#3512 = CARTESIAN_POINT('',(-3.220710678119,0.88,1.515710678119));
#3513 = VECTOR('',#3514,1.);
#3514 = DIRECTION('',(0.707106781187,-8.090982689361E-18,0.707106781187)
  );
#3515 = ORIENTED_EDGE('',*,*,#3516,.F.);
#3516 = EDGE_CURVE('',#3517,#3509,#3519,.T.);
#3517 = VERTEX_POINT('',#3518);
#3518 = CARTESIAN_POINT('',(-3.25,0.88,1.445));
#3519 = CIRCLE('',#3520,0.1);
#3520 = AXIS2_PLACEMENT_3D('',#3521,#3522,#3523);
#3521 = CARTESIAN_POINT('',(-3.15,0.88,1.445));
#3522 = DIRECTION('',(1.224646799147E-16,1.,-1.110223024625E-16));
#3523 = DIRECTION('',(-1.,1.224646799147E-16,0.));
#3524 = ORIENTED_EDGE('',*,*,#3525,.F.);
#3525 = EDGE_CURVE('',#3380,#3517,#3526,.T.);
#3526 = LINE('',#3527,#3528);
#3527 = CARTESIAN_POINT('',(-3.25,0.88,1.42));
#3528 = VECTOR('',#3529,1.);
#3529 = DIRECTION('',(1.359631073447E-32,1.110223024625E-16,1.));
#3530 = PLANE('',#3531);
#3531 = AXIS2_PLACEMENT_3D('',#3532,#3533,#3534);
#3532 = CARTESIAN_POINT('',(-1.45,0.88,1.02));
#3533 = DIRECTION('',(1.224646799147E-16,1.,-1.110223024625E-16));
#3534 = DIRECTION('',(-1.,1.224646799147E-16,0.));
#3535 = ADVANCED_FACE('',(#3536),#3676,.T.);
#3536 = FACE_BOUND('',#3537,.F.);
#3537 = EDGE_LOOP('',(#3538,#3539,#3547,#3556,#3564,#3573,#3581,#3590,
    #3599,#3608,#3616,#3625,#3634,#3643,#3651,#3660,#3668,#3675));
#3538 = ORIENTED_EDGE('',*,*,#3216,.F.);
#3539 = ORIENTED_EDGE('',*,*,#3540,.F.);
#3540 = EDGE_CURVE('',#3541,#3217,#3543,.T.);
#3541 = VERTEX_POINT('',#3542);
#3542 = CARTESIAN_POINT('',(3.25,0.88,1.445));
#3543 = LINE('',#3544,#3545);
#3544 = CARTESIAN_POINT('',(3.25,0.88,1.445));
#3545 = VECTOR('',#3546,1.);
#3546 = DIRECTION('',(-1.7763568394E-14,-1.110223024625E-16,-1.));
#3547 = ORIENTED_EDGE('',*,*,#3548,.F.);
#3548 = EDGE_CURVE('',#3549,#3541,#3551,.T.);
#3549 = VERTEX_POINT('',#3550);
#3550 = CARTESIAN_POINT('',(3.220710678119,0.88,1.515710678119));
#3551 = CIRCLE('',#3552,0.1);
#3552 = AXIS2_PLACEMENT_3D('',#3553,#3554,#3555);
#3553 = CARTESIAN_POINT('',(3.15,0.88,1.445));
#3554 = DIRECTION('',(1.224646799147E-16,1.,-1.110223024625E-16));
#3555 = DIRECTION('',(0.707106781187,-8.090982689361E-18,0.707106781187)
  );
#3556 = ORIENTED_EDGE('',*,*,#3557,.F.);
#3557 = EDGE_CURVE('',#3558,#3549,#3560,.T.);
#3558 = VERTEX_POINT('',#3559);
#3559 = CARTESIAN_POINT('',(3.070710678119,0.88,1.665710678119));
#3560 = LINE('',#3561,#3562);
#3561 = CARTESIAN_POINT('',(3.070710678119,0.88,1.665710678119));
#3562 = VECTOR('',#3563,1.);
#3563 = DIRECTION('',(0.707106781187,-1.651002285577E-16,-0.707106781187
    ));
#3564 = ORIENTED_EDGE('',*,*,#3565,.F.);
#3565 = EDGE_CURVE('',#3566,#3558,#3568,.T.);
#3566 = VERTEX_POINT('',#3567);
#3567 = CARTESIAN_POINT('',(3.,0.88,1.695));
#3568 = CIRCLE('',#3569,0.1);
#3569 = AXIS2_PLACEMENT_3D('',#3570,#3571,#3572);
#3570 = CARTESIAN_POINT('',(3.,0.88,1.595));
#3571 = DIRECTION('',(1.224646799147E-16,1.,-1.110223024625E-16));
#3572 = DIRECTION('',(1.359631073447E-32,1.110223024625E-16,1.));
#3573 = ORIENTED_EDGE('',*,*,#3574,.F.);
#3574 = EDGE_CURVE('',#3575,#3566,#3577,.T.);
#3575 = VERTEX_POINT('',#3576);
#3576 = CARTESIAN_POINT('',(2.099802646526,0.88,1.695));
#3577 = LINE('',#3578,#3579);
#3578 = CARTESIAN_POINT('',(2.099802646526,0.88,1.695));
#3579 = VECTOR('',#3580,1.);
#3580 = DIRECTION('',(1.,-1.224646799147E-16,0.));
#3581 = ORIENTED_EDGE('',*,*,#3582,.F.);
#3582 = EDGE_CURVE('',#3583,#3575,#3585,.T.);
#3583 = VERTEX_POINT('',#3584);
#3584 = CARTESIAN_POINT('',(1.904901323263,0.88,1.539871752699));
#3585 = CIRCLE('',#3586,0.2);
#3586 = AXIS2_PLACEMENT_3D('',#3587,#3588,#3589);
#3587 = CARTESIAN_POINT('',(2.099802646526,0.88,1.495));
#3588 = DIRECTION('',(1.224646799147E-16,1.,-1.110223024625E-16));
#3589 = DIRECTION('',(-0.974506616316,1.442514673428E-16,0.224358763495)
  );
#3590 = ORIENTED_EDGE('',*,*,#3591,.F.);
#3591 = EDGE_CURVE('',#3592,#3583,#3594,.T.);
#3592 = VERTEX_POINT('',#3593);
#3593 = CARTESIAN_POINT('',(1.755,0.88,1.389871752699));
#3594 = CIRCLE('',#3595,0.2);
#3595 = AXIS2_PLACEMENT_3D('',#3596,#3597,#3598);
#3596 = CARTESIAN_POINT('',(1.71,0.88,1.584743505398));
#3597 = DIRECTION('',(-1.224646799147E-16,-1.,1.110223024625E-16));
#3598 = DIRECTION('',(0.225,-1.357301063286E-16,-0.974358763495));
#3599 = ORIENTED_EDGE('',*,*,#3600,.F.);
#3600 = EDGE_CURVE('',#3601,#3592,#3603,.T.);
#3601 = VERTEX_POINT('',#3602);
#3602 = CARTESIAN_POINT('',(1.6,0.88,1.195));
#3603 = CIRCLE('',#3604,0.2);
#3604 = AXIS2_PLACEMENT_3D('',#3605,#3606,#3607);
#3605 = CARTESIAN_POINT('',(1.8,0.88,1.195));
#3606 = DIRECTION('',(1.224646799147E-16,1.,-1.110223024625E-16));
#3607 = DIRECTION('',(-1.,1.224646799147E-16,0.));
#3608 = ORIENTED_EDGE('',*,*,#3609,.F.);
#3609 = EDGE_CURVE('',#3610,#3601,#3612,.T.);
#3610 = VERTEX_POINT('',#3611);
#3611 = CARTESIAN_POINT('',(1.6,0.88,0.845));
#3612 = LINE('',#3613,#3614);
#3613 = CARTESIAN_POINT('',(1.6,0.88,0.845));
#3614 = VECTOR('',#3615,1.);
#3615 = DIRECTION('',(1.359631073447E-32,1.110223024625E-16,1.));
#3616 = ORIENTED_EDGE('',*,*,#3617,.F.);
#3617 = EDGE_CURVE('',#3618,#3610,#3620,.T.);
#3618 = VERTEX_POINT('',#3619);
#3619 = CARTESIAN_POINT('',(1.755,0.88,0.650128247301));
#3620 = CIRCLE('',#3621,0.2);
#3621 = AXIS2_PLACEMENT_3D('',#3622,#3623,#3624);
#3622 = CARTESIAN_POINT('',(1.8,0.88,0.845));
#3623 = DIRECTION('',(1.224646799147E-16,1.,-1.110223024625E-16));
#3624 = DIRECTION('',(-0.225,-8.062100036696E-17,-0.974358763495));
#3625 = ORIENTED_EDGE('',*,*,#3626,.F.);
#3626 = EDGE_CURVE('',#3627,#3618,#3629,.T.);
#3627 = VERTEX_POINT('',#3628);
#3628 = CARTESIAN_POINT('',(1.904901323263,0.88,0.500128247301));
#3629 = CIRCLE('',#3630,0.2);
#3630 = AXIS2_PLACEMENT_3D('',#3631,#3632,#3633);
#3631 = CARTESIAN_POINT('',(1.71,0.88,0.455256494602));
#3632 = DIRECTION('',(-1.224646799147E-16,-1.,1.110223024625E-16));
#3633 = DIRECTION('',(0.974506616316,-9.443381434102E-17,0.224358763495)
  );
#3634 = ORIENTED_EDGE('',*,*,#3635,.F.);
#3635 = EDGE_CURVE('',#3636,#3627,#3638,.T.);
#3636 = VERTEX_POINT('',#3637);
#3637 = CARTESIAN_POINT('',(2.099802646526,0.88,0.345));
#3638 = CIRCLE('',#3639,0.2);
#3639 = AXIS2_PLACEMENT_3D('',#3640,#3641,#3642);
#3640 = CARTESIAN_POINT('',(2.099802646526,0.88,0.545));
#3641 = DIRECTION('',(1.224646799147E-16,1.,-1.110223024625E-16));
#3642 = DIRECTION('',(-1.359631073447E-32,-1.110223024625E-16,-1.));
#3643 = ORIENTED_EDGE('',*,*,#3644,.F.);
#3644 = EDGE_CURVE('',#3645,#3636,#3647,.T.);
#3645 = VERTEX_POINT('',#3646);
#3646 = CARTESIAN_POINT('',(3.,0.88,0.345));
#3647 = LINE('',#3648,#3649);
#3648 = CARTESIAN_POINT('',(3.,0.88,0.345));
#3649 = VECTOR('',#3650,1.);
#3650 = DIRECTION('',(-1.,1.224646799147E-16,0.));
#3651 = ORIENTED_EDGE('',*,*,#3652,.F.);
#3652 = EDGE_CURVE('',#3653,#3645,#3655,.T.);
#3653 = VERTEX_POINT('',#3654);
#3654 = CARTESIAN_POINT('',(3.070710678119,0.88,0.374289321881));
#3655 = CIRCLE('',#3656,0.1);
#3656 = AXIS2_PLACEMENT_3D('',#3657,#3658,#3659);
#3657 = CARTESIAN_POINT('',(3.,0.88,0.445));
#3658 = DIRECTION('',(1.224646799147E-16,1.,-1.110223024625E-16));
#3659 = DIRECTION('',(0.707106781186,-1.651002285577E-16,-0.707106781187
    ));
#3660 = ORIENTED_EDGE('',*,*,#3661,.F.);
#3661 = EDGE_CURVE('',#3662,#3653,#3664,.T.);
#3662 = VERTEX_POINT('',#3663);
#3663 = CARTESIAN_POINT('',(3.220710678119,0.88,0.524289321881));
#3664 = LINE('',#3665,#3666);
#3665 = CARTESIAN_POINT('',(3.220710678119,0.88,0.524289321881));
#3666 = VECTOR('',#3667,1.);
#3667 = DIRECTION('',(-0.707106781187,8.090982689361E-18,-0.707106781187
    ));
#3668 = ORIENTED_EDGE('',*,*,#3669,.F.);
#3669 = EDGE_CURVE('',#3347,#3662,#3670,.T.);
#3670 = CIRCLE('',#3671,0.1);
#3671 = AXIS2_PLACEMENT_3D('',#3672,#3673,#3674);
#3672 = CARTESIAN_POINT('',(3.15,0.88,0.595));
#3673 = DIRECTION('',(1.224646799147E-16,1.,-1.110223024625E-16));
#3674 = DIRECTION('',(1.,-1.224646799147E-16,0.));
#3675 = ORIENTED_EDGE('',*,*,#3346,.F.);
#3676 = PLANE('',#3677);
#3677 = AXIS2_PLACEMENT_3D('',#3678,#3679,#3680);
#3678 = CARTESIAN_POINT('',(-1.45,0.88,1.02));
#3679 = DIRECTION('',(1.224646799147E-16,1.,-1.110223024625E-16));
#3680 = DIRECTION('',(-1.,1.224646799147E-16,0.));
#3681 = ADVANCED_FACE('',(#3682),#3743,.T.);
#3682 = FACE_BOUND('',#3683,.T.);
#3683 = EDGE_LOOP('',(#3684,#3685,#3702,#3711,#3719,#3728));
#3684 = ORIENTED_EDGE('',*,*,#3377,.F.);
#3685 = ORIENTED_EDGE('',*,*,#3686,.F.);
#3686 = EDGE_CURVE('',#3687,#3378,#3689,.T.);
#3687 = VERTEX_POINT('',#3688);
#3688 = CARTESIAN_POINT('',(-3.442653128049,0.789325993651,0.72));
#3689 = B_SPLINE_CURVE_WITH_KNOTS('',3,(#3690,#3691,#3692,#3693,#3694,
    #3695,#3696,#3697,#3698,#3699,#3700,#3701),.UNSPECIFIED.,.F.,.F.,(4,
    1,1,1,1,1,1,1,1,4),(0.,0.111111111111,0.222222222222,0.333333333333,
    0.444444444444,0.555555555556,0.666666666667,0.777777777778,
    0.888888888889,1.),.UNSPECIFIED.);
#3690 = CARTESIAN_POINT('',(-3.442653128049,0.789325993651,0.72));
#3691 = CARTESIAN_POINT('',(-3.433045840218,0.80094289313,0.72));
#3692 = CARTESIAN_POINT('',(-3.412791950499,0.821142704327,
    0.718587105133));
#3693 = CARTESIAN_POINT('',(-3.382235533173,0.84313750334,0.713490703367
    ));
#3694 = CARTESIAN_POINT('',(-3.352823285661,0.858580282735,
    0.705945608012));
#3695 = CARTESIAN_POINT('',(-3.325587911211,0.86881170927,0.696424511343
    ));
#3696 = CARTESIAN_POINT('',(-3.301180425147,0.875067484195,
    0.684966316044));
#3697 = CARTESIAN_POINT('',(-3.28037912459,0.878389821842,0.671602009521
    ));
#3698 = CARTESIAN_POINT('',(-3.263520145757,0.8797694133,0.656130950454)
  );
#3699 = CARTESIAN_POINT('',(-3.252294778914,0.880021643137,
    0.637897422442));
#3700 = CARTESIAN_POINT('',(-3.25,0.88,0.626035509666));
#3701 = CARTESIAN_POINT('',(-3.25,0.88,0.62));
#3702 = ORIENTED_EDGE('',*,*,#3703,.F.);
#3703 = EDGE_CURVE('',#3704,#3687,#3706,.T.);
#3704 = VERTEX_POINT('',#3705);
#3705 = CARTESIAN_POINT('',(-3.5,0.63,0.72));
#3706 = CIRCLE('',#3707,0.25);
#3707 = AXIS2_PLACEMENT_3D('',#3708,#3709,#3710);
#3708 = CARTESIAN_POINT('',(-3.25,0.63,0.72));
#3709 = DIRECTION('',(-1.359631073447E-32,-1.110223024625E-16,-1.));
#3710 = DIRECTION('',(-1.,1.224646799147E-16,0.));
#3711 = ORIENTED_EDGE('',*,*,#3712,.T.);
#3712 = EDGE_CURVE('',#3704,#3713,#3715,.T.);
#3713 = VERTEX_POINT('',#3714);
#3714 = CARTESIAN_POINT('',(-3.5,0.63,1.32));
#3715 = LINE('',#3716,#3717);
#3716 = CARTESIAN_POINT('',(-3.5,0.63,0.72));
#3717 = VECTOR('',#3718,1.);
#3718 = DIRECTION('',(1.359631073447E-32,1.110223024625E-16,1.));
#3719 = ORIENTED_EDGE('',*,*,#3720,.F.);
#3720 = EDGE_CURVE('',#3721,#3713,#3723,.T.);
#3721 = VERTEX_POINT('',#3722);
#3722 = CARTESIAN_POINT('',(-3.442653128049,0.789325993651,1.32));
#3723 = CIRCLE('',#3724,0.25);
#3724 = AXIS2_PLACEMENT_3D('',#3725,#3726,#3727);
#3725 = CARTESIAN_POINT('',(-3.25,0.63,1.32));
#3726 = DIRECTION('',(1.232595164408E-32,1.110223024625E-16,1.));
#3727 = DIRECTION('',(-0.770612512197,0.637303974603,-7.075495462898E-17
    ));
#3728 = ORIENTED_EDGE('',*,*,#3729,.F.);
#3729 = EDGE_CURVE('',#3380,#3721,#3730,.T.);
#3730 = B_SPLINE_CURVE_WITH_KNOTS('',3,(#3731,#3732,#3733,#3734,#3735,
    #3736,#3737,#3738,#3739,#3740,#3741,#3742),.UNSPECIFIED.,.F.,.F.,(4,
    1,1,1,1,1,1,1,1,4),(0.,0.111111111111,0.222222222222,0.333333333333,
    0.444444444444,0.555555555556,0.666666666667,0.777777777778,
    0.888888888889,1.),.UNSPECIFIED.);
#3731 = CARTESIAN_POINT('',(-3.25,0.88,1.42));
#3732 = CARTESIAN_POINT('',(-3.25,0.88,1.414030816206));
#3733 = CARTESIAN_POINT('',(-3.252217002928,0.880023240216,
    1.402268509981));
#3734 = CARTESIAN_POINT('',(-3.263519772597,0.87976771569,1.383869631112
    ));
#3735 = CARTESIAN_POINT('',(-3.280180357714,0.87841109682,1.368561554095
    ));
#3736 = CARTESIAN_POINT('',(-3.301018163482,0.875103589579,
    1.355114171306));
#3737 = CARTESIAN_POINT('',(-3.325451242984,0.868854099355,
    1.343631559812));
#3738 = CARTESIAN_POINT('',(-3.352672356408,0.858648952253,
    1.334098728268));
#3739 = CARTESIAN_POINT('',(-3.382139508389,0.843199140481,1.32652825481
    ));
#3740 = CARTESIAN_POINT('',(-3.412722724786,0.821204654401,
    1.321420065093));
#3741 = CARTESIAN_POINT('',(-3.433023802932,0.800969540082,1.32));
#3742 = CARTESIAN_POINT('',(-3.442653128049,0.789325993651,1.32));
#3743 = CYLINDRICAL_SURFACE('',#3744,0.25);
#3744 = AXIS2_PLACEMENT_3D('',#3745,#3746,#3747);
#3745 = CARTESIAN_POINT('',(-3.25,0.63,-2.5872));
#3746 = DIRECTION('',(1.359631073447E-32,1.110223024625E-16,1.));
#3747 = DIRECTION('',(1.224646799147E-16,1.,-1.110223024625E-16));
#3748 = ADVANCED_FACE('',(#3749),#3788,.T.);
#3749 = FACE_BOUND('',#3750,.T.);
#3750 = EDGE_LOOP('',(#3751,#3759,#3781,#3787));
#3751 = ORIENTED_EDGE('',*,*,#3752,.F.);
#3752 = EDGE_CURVE('',#3753,#3721,#3755,.T.);
#3753 = VERTEX_POINT('',#3754);
#3754 = CARTESIAN_POINT('',(-3.442653128049,0.53,1.32));
#3755 = LINE('',#3756,#3757);
#3756 = CARTESIAN_POINT('',(-3.442653128049,0.53,1.32));
#3757 = VECTOR('',#3758,1.);
#3758 = DIRECTION('',(1.224646799147E-16,1.,-1.110223024625E-16));
#3759 = ORIENTED_EDGE('',*,*,#3760,.T.);
#3760 = EDGE_CURVE('',#3753,#3761,#3763,.T.);
#3761 = VERTEX_POINT('',#3762);
#3762 = CARTESIAN_POINT('',(-3.25,0.53,1.42));
#3763 = B_SPLINE_CURVE_WITH_KNOTS('',3,(#3764,#3765,#3766,#3767,#3768,
    #3769,#3770,#3771,#3772,#3773,#3774,#3775,#3776,#3777,#3778,#3779,
    #3780),.UNSPECIFIED.,.F.,.F.,(4,1,1,1,1,1,1,1,1,1,1,1,1,1,4),(0.,
    8.201878356015E-02,0.17410468252,0.273012305299,0.373850180684,
    0.469521704453,0.556959651248,0.635907435611,0.706909272808,
    0.770477306887,0.82699546165,0.877057221047,0.921605881932,
    0.962138697194,1.),.UNSPECIFIED.);
#3764 = CARTESIAN_POINT('',(-3.442653128049,0.53,1.32));
#3765 = CARTESIAN_POINT('',(-3.436276771524,0.53,1.32));
#3766 = CARTESIAN_POINT('',(-3.422739244354,0.53,1.320650828525));
#3767 = CARTESIAN_POINT('',(-3.401651864318,0.53,1.32317977068));
#3768 = CARTESIAN_POINT('',(-3.379329419732,0.53,1.327324880986));
#3769 = CARTESIAN_POINT('',(-3.357053738248,0.53,1.332982841073));
#3770 = CARTESIAN_POINT('',(-3.336042329506,0.53,1.339804085251));
#3771 = CARTESIAN_POINT('',(-3.317129781854,0.53,1.347429573668));
#3772 = CARTESIAN_POINT('',(-3.300605925668,0.53,1.355699325749));
#3773 = CARTESIAN_POINT('',(-3.286473846062,0.53,1.364455755788));
#3774 = CARTESIAN_POINT('',(-3.274697006662,0.53,1.373561387952));
#3775 = CARTESIAN_POINT('',(-3.265274409293,0.53,1.382902893117));
#3776 = CARTESIAN_POINT('',(-3.258212181626,0.53,1.392353376805));
#3777 = CARTESIAN_POINT('',(-3.253380072743,0.53,1.401743517329));
#3778 = CARTESIAN_POINT('',(-3.250607170963,0.53,1.410946978347));
#3779 = CARTESIAN_POINT('',(-3.25,0.53,1.417056562476));
#3780 = CARTESIAN_POINT('',(-3.25,0.53,1.42));
#3781 = ORIENTED_EDGE('',*,*,#3782,.T.);
#3782 = EDGE_CURVE('',#3761,#3380,#3783,.T.);
#3783 = LINE('',#3784,#3785);
#3784 = CARTESIAN_POINT('',(-3.25,0.53,1.42));
#3785 = VECTOR('',#3786,1.);
#3786 = DIRECTION('',(1.224646799147E-16,1.,-1.110223024625E-16));
#3787 = ORIENTED_EDGE('',*,*,#3729,.T.);
#3788 = SURFACE_OF_LINEAR_EXTRUSION('',#3789,#3809);
#3789 = B_SPLINE_CURVE_WITH_KNOTS('',3,(#3790,#3791,#3792,#3793,#3794,
    #3795,#3796,#3797,#3798,#3799,#3800,#3801,#3802,#3803,#3804,#3805,
    #3806,#3807,#3808),.UNSPECIFIED.,.F.,.F.,(4,1,1,1,1,1,1,1,1,1,1,1,1,
    1,1,1,4),(0.,2.448015725074E-02,0.102486728528,0.190067949913,
    0.284137188584,0.380042255352,0.471033699192,0.554194337924,
    0.629280137795,0.696808692032,0.757267091511,0.81102047917,
    0.858633306782,0.901002726808,0.939552749199,0.975561944749,1.),
  .UNSPECIFIED.);
#3790 = CARTESIAN_POINT('',(-3.448655296642,-0.312,1.32009346322));
#3791 = CARTESIAN_POINT('',(-3.44665510586,-0.312,1.320030195031));
#3792 = CARTESIAN_POINT('',(-3.438278131579,-0.312,1.319903782855));
#3793 = CARTESIAN_POINT('',(-3.422739244354,-0.312,1.320650828525));
#3794 = CARTESIAN_POINT('',(-3.401651864318,-0.312,1.32317977068));
#3795 = CARTESIAN_POINT('',(-3.379329419732,-0.312,1.327324880986));
#3796 = CARTESIAN_POINT('',(-3.357053738248,-0.312,1.332982841073));
#3797 = CARTESIAN_POINT('',(-3.336042329506,-0.312,1.339804085251));
#3798 = CARTESIAN_POINT('',(-3.317129781854,-0.312,1.347429573668));
#3799 = CARTESIAN_POINT('',(-3.300605925668,-0.312,1.355699325749));
#3800 = CARTESIAN_POINT('',(-3.286473846062,-0.312,1.364455755788));
#3801 = CARTESIAN_POINT('',(-3.274697006662,-0.312,1.373561387952));
#3802 = CARTESIAN_POINT('',(-3.265274409293,-0.312,1.382902893117));
#3803 = CARTESIAN_POINT('',(-3.258212181626,-0.312,1.392353376805));
#3804 = CARTESIAN_POINT('',(-3.253380072743,-0.312,1.401743517329));
#3805 = CARTESIAN_POINT('',(-3.250607170963,-0.312,1.410946978347));
#3806 = CARTESIAN_POINT('',(-3.249800989362,-0.312,1.41905908287));
#3807 = CARTESIAN_POINT('',(-3.250135060861,-0.312,1.423991854752));
#3808 = CARTESIAN_POINT('',(-3.250412198087,-0.312,1.425962930814));
#3809 = VECTOR('',#3810,1.);
#3810 = DIRECTION('',(1.224646799147E-16,1.,-1.110223024625E-16));
#3811 = ADVANCED_FACE('',(#3812),#3830,.T.);
#3812 = FACE_BOUND('',#3813,.F.);
#3813 = EDGE_LOOP('',(#3814,#3815,#3823,#3829));
#3814 = ORIENTED_EDGE('',*,*,#3525,.T.);
#3815 = ORIENTED_EDGE('',*,*,#3816,.F.);
#3816 = EDGE_CURVE('',#3817,#3517,#3819,.T.);
#3817 = VERTEX_POINT('',#3818);
#3818 = CARTESIAN_POINT('',(-3.25,0.53,1.445));
#3819 = LINE('',#3820,#3821);
#3820 = CARTESIAN_POINT('',(-3.25,0.53,1.445));
#3821 = VECTOR('',#3822,1.);
#3822 = DIRECTION('',(1.224646799147E-16,1.,-1.110223024625E-16));
#3823 = ORIENTED_EDGE('',*,*,#3824,.F.);
#3824 = EDGE_CURVE('',#3761,#3817,#3825,.T.);
#3825 = LINE('',#3826,#3827);
#3826 = CARTESIAN_POINT('',(-3.25,0.53,1.42));
#3827 = VECTOR('',#3828,1.);
#3828 = DIRECTION('',(1.359631073447E-32,1.110223024625E-16,1.));
#3829 = ORIENTED_EDGE('',*,*,#3782,.T.);
#3830 = PLANE('',#3831);
#3831 = AXIS2_PLACEMENT_3D('',#3832,#3833,#3834);
#3832 = CARTESIAN_POINT('',(-3.25,-0.312,1.42));
#3833 = DIRECTION('',(-1.,1.224646799147E-16,0.));
#3834 = DIRECTION('',(1.359631073447E-32,1.110223024625E-16,1.));
#3835 = ADVANCED_FACE('',(#3836),#3855,.T.);
#3836 = FACE_BOUND('',#3837,.T.);
#3837 = EDGE_LOOP('',(#3838,#3846,#3847,#3848));
#3838 = ORIENTED_EDGE('',*,*,#3839,.T.);
#3839 = EDGE_CURVE('',#3840,#3509,#3842,.T.);
#3840 = VERTEX_POINT('',#3841);
#3841 = CARTESIAN_POINT('',(-3.220710678119,0.53,1.515710678119));
#3842 = LINE('',#3843,#3844);
#3843 = CARTESIAN_POINT('',(-3.220710678119,0.53,1.515710678119));
#3844 = VECTOR('',#3845,1.);
#3845 = DIRECTION('',(1.224646799147E-16,1.,-1.110223024625E-16));
#3846 = ORIENTED_EDGE('',*,*,#3516,.F.);
#3847 = ORIENTED_EDGE('',*,*,#3816,.F.);
#3848 = ORIENTED_EDGE('',*,*,#3849,.T.);
#3849 = EDGE_CURVE('',#3817,#3840,#3850,.T.);
#3850 = CIRCLE('',#3851,0.1);
#3851 = AXIS2_PLACEMENT_3D('',#3852,#3853,#3854);
#3852 = CARTESIAN_POINT('',(-3.15,0.53,1.445));
#3853 = DIRECTION('',(1.224646799147E-16,1.,-1.110223024625E-16));
#3854 = DIRECTION('',(-1.,1.224646799147E-16,0.));
#3855 = CYLINDRICAL_SURFACE('',#3856,0.1);
#3856 = AXIS2_PLACEMENT_3D('',#3857,#3858,#3859);
#3857 = CARTESIAN_POINT('',(-3.15,-0.312,1.445));
#3858 = DIRECTION('',(1.224646799147E-16,1.,-1.110223024625E-16));
#3859 = DIRECTION('',(-1.,1.224646799147E-16,0.));
#3860 = ADVANCED_FACE('',(#3861),#3942,.T.);
#3861 = FACE_BOUND('',#3862,.F.);
#3862 = EDGE_LOOP('',(#3863,#3864,#3872,#3881,#3889,#3911,#3917,#3918,
    #3927,#3935,#3941));
#3863 = ORIENTED_EDGE('',*,*,#1546,.T.);
#3864 = ORIENTED_EDGE('',*,*,#3865,.T.);
#3865 = EDGE_CURVE('',#1539,#3866,#3868,.T.);
#3866 = VERTEX_POINT('',#3867);
#3867 = CARTESIAN_POINT('',(3.220710678119,0.53,1.515710678119));
#3868 = LINE('',#3869,#3870);
#3869 = CARTESIAN_POINT('',(3.1,0.53,1.636421356237));
#3870 = VECTOR('',#3871,1.);
#3871 = DIRECTION('',(0.707106781187,-1.651002285577E-16,-0.707106781186
    ));
#3872 = ORIENTED_EDGE('',*,*,#3873,.T.);
#3873 = EDGE_CURVE('',#3866,#3874,#3876,.T.);
#3874 = VERTEX_POINT('',#3875);
#3875 = CARTESIAN_POINT('',(3.25,0.53,1.445));
#3876 = CIRCLE('',#3877,0.1);
#3877 = AXIS2_PLACEMENT_3D('',#3878,#3879,#3880);
#3878 = CARTESIAN_POINT('',(3.15,0.53,1.445));
#3879 = DIRECTION('',(1.224646799147E-16,1.,-1.110223024625E-16));
#3880 = DIRECTION('',(0.707106781187,-8.090982689372E-18,0.707106781186)
  );
#3881 = ORIENTED_EDGE('',*,*,#3882,.T.);
#3882 = EDGE_CURVE('',#3874,#3883,#3885,.T.);
#3883 = VERTEX_POINT('',#3884);
#3884 = CARTESIAN_POINT('',(3.25,0.53,1.42));
#3885 = LINE('',#3886,#3887);
#3886 = CARTESIAN_POINT('',(3.25,0.53,1.445));
#3887 = VECTOR('',#3888,1.);
#3888 = DIRECTION('',(-1.359631073447E-32,-1.110223024625E-16,-1.));
#3889 = ORIENTED_EDGE('',*,*,#3890,.F.);
#3890 = EDGE_CURVE('',#3891,#3883,#3893,.T.);
#3891 = VERTEX_POINT('',#3892);
#3892 = CARTESIAN_POINT('',(3.442653128049,0.53,1.32));
#3893 = B_SPLINE_CURVE_WITH_KNOTS('',3,(#3894,#3895,#3896,#3897,#3898,
    #3899,#3900,#3901,#3902,#3903,#3904,#3905,#3906,#3907,#3908,#3909,
    #3910),.UNSPECIFIED.,.F.,.F.,(4,1,1,1,1,1,1,1,1,1,1,1,1,1,4),(0.,
    8.201878356015E-02,0.17410468252,0.273012305299,0.373850180684,
    0.469521704453,0.556959651248,0.635907435611,0.706909272808,
    0.770477306887,0.82699546165,0.877057221047,0.921605881932,
    0.962138697194,1.),.UNSPECIFIED.);
#3894 = CARTESIAN_POINT('',(3.442653128049,0.53,1.32));
#3895 = CARTESIAN_POINT('',(3.436276771524,0.53,1.32));
#3896 = CARTESIAN_POINT('',(3.422739244354,0.53,1.320650828525));
#3897 = CARTESIAN_POINT('',(3.401651864318,0.53,1.32317977068));
#3898 = CARTESIAN_POINT('',(3.379329419732,0.53,1.327324880986));
#3899 = CARTESIAN_POINT('',(3.357053738248,0.53,1.332982841073));
#3900 = CARTESIAN_POINT('',(3.336042329506,0.53,1.339804085251));
#3901 = CARTESIAN_POINT('',(3.317129781854,0.53,1.347429573668));
#3902 = CARTESIAN_POINT('',(3.300605925668,0.53,1.355699325749));
#3903 = CARTESIAN_POINT('',(3.286473846062,0.53,1.364455755788));
#3904 = CARTESIAN_POINT('',(3.274697006662,0.53,1.373561387952));
#3905 = CARTESIAN_POINT('',(3.265274409293,0.53,1.382902893117));
#3906 = CARTESIAN_POINT('',(3.258212181626,0.53,1.392353376805));
#3907 = CARTESIAN_POINT('',(3.253380072743,0.53,1.401743517329));
#3908 = CARTESIAN_POINT('',(3.250607170963,0.53,1.410946978347));
#3909 = CARTESIAN_POINT('',(3.25,0.53,1.417056562476));
#3910 = CARTESIAN_POINT('',(3.25,0.53,1.42));
#3911 = ORIENTED_EDGE('',*,*,#3912,.F.);
#3912 = EDGE_CURVE('',#3195,#3891,#3913,.T.);
#3913 = LINE('',#3914,#3915);
#3914 = CARTESIAN_POINT('',(3.5,0.53,1.32));
#3915 = VECTOR('',#3916,1.);
#3916 = DIRECTION('',(-1.,1.224646799147E-16,0.));
#3917 = ORIENTED_EDGE('',*,*,#3194,.F.);
#3918 = ORIENTED_EDGE('',*,*,#3919,.F.);
#3919 = EDGE_CURVE('',#3920,#3187,#3922,.T.);
#3920 = VERTEX_POINT('',#3921);
#3921 = CARTESIAN_POINT('',(3.25,0.53,2.005));
#3922 = CIRCLE('',#3923,0.25);
#3923 = AXIS2_PLACEMENT_3D('',#3924,#3925,#3926);
#3924 = CARTESIAN_POINT('',(3.25,0.53,1.755));
#3925 = DIRECTION('',(1.224646799147E-16,1.,-1.110223024625E-16));
#3926 = DIRECTION('',(1.359631073447E-32,1.110223024625E-16,1.));
#3927 = ORIENTED_EDGE('',*,*,#3928,.F.);
#3928 = EDGE_CURVE('',#3929,#3920,#3931,.T.);
#3929 = VERTEX_POINT('',#3930);
#3930 = CARTESIAN_POINT('',(3.092,0.53,2.005));
#3931 = LINE('',#3932,#3933);
#3932 = CARTESIAN_POINT('',(3.092,0.53,2.005));
#3933 = VECTOR('',#3934,1.);
#3934 = DIRECTION('',(1.,-1.224646799147E-16,0.));
#3935 = ORIENTED_EDGE('',*,*,#3936,.F.);
#3936 = EDGE_CURVE('',#1625,#3929,#3937,.T.);
#3937 = LINE('',#3938,#3939);
#3938 = CARTESIAN_POINT('',(3.092,0.53,1.72));
#3939 = VECTOR('',#3940,1.);
#3940 = DIRECTION('',(1.359631073447E-32,1.110223024625E-16,1.));
#3941 = ORIENTED_EDGE('',*,*,#1624,.F.);
#3942 = PLANE('',#3943);
#3943 = AXIS2_PLACEMENT_3D('',#3944,#3945,#3946);
#3944 = CARTESIAN_POINT('',(4.898587196589E-16,0.53,1.02));
#3945 = DIRECTION('',(1.224646799147E-16,1.,-1.110223024625E-16));
#3946 = DIRECTION('',(-1.,1.224646799147E-16,0.));
#3947 = ADVANCED_FACE('',(#3948),#3984,.T.);
#3948 = FACE_BOUND('',#3949,.F.);
#3949 = EDGE_LOOP('',(#3950,#3951,#3952,#3958,#3959,#3960,#3961,#3967,
    #3968,#3969,#3978));
#3950 = ORIENTED_EDGE('',*,*,#1506,.T.);
#3951 = ORIENTED_EDGE('',*,*,#363,.T.);
#3952 = ORIENTED_EDGE('',*,*,#3953,.F.);
#3953 = EDGE_CURVE('',#2782,#356,#3954,.T.);
#3954 = LINE('',#3955,#3956);
#3955 = CARTESIAN_POINT('',(3.092,0.53,3.5E-02));
#3956 = VECTOR('',#3957,1.);
#3957 = DIRECTION('',(1.359631073447E-32,1.110223024625E-16,1.));
#3958 = ORIENTED_EDGE('',*,*,#2781,.F.);
#3959 = ORIENTED_EDGE('',*,*,#3136,.F.);
#3960 = ORIENTED_EDGE('',*,*,#3178,.F.);
#3961 = ORIENTED_EDGE('',*,*,#3962,.T.);
#3962 = EDGE_CURVE('',#3171,#3293,#3963,.T.);
#3963 = LINE('',#3964,#3965);
#3964 = CARTESIAN_POINT('',(3.5,0.53,0.72));
#3965 = VECTOR('',#3966,1.);
#3966 = DIRECTION('',(-1.,1.224646799147E-16,0.));
#3967 = ORIENTED_EDGE('',*,*,#3292,.F.);
#3968 = ORIENTED_EDGE('',*,*,#3362,.T.);
#3969 = ORIENTED_EDGE('',*,*,#3970,.T.);
#3970 = EDGE_CURVE('',#3355,#3971,#3973,.T.);
#3971 = VERTEX_POINT('',#3972);
#3972 = CARTESIAN_POINT('',(3.220710678119,0.53,0.524289321881));
#3973 = CIRCLE('',#3974,0.1);
#3974 = AXIS2_PLACEMENT_3D('',#3975,#3976,#3977);
#3975 = CARTESIAN_POINT('',(3.15,0.53,0.595));
#3976 = DIRECTION('',(1.224646799147E-16,1.,-1.110223024625E-16));
#3977 = DIRECTION('',(1.,-1.224646799147E-16,-3.386180225107E-14));
#3978 = ORIENTED_EDGE('',*,*,#3979,.T.);
#3979 = EDGE_CURVE('',#3971,#1507,#3980,.T.);
#3980 = LINE('',#3981,#3982);
#3981 = CARTESIAN_POINT('',(3.220710678119,0.53,0.524289321881));
#3982 = VECTOR('',#3983,1.);
#3983 = DIRECTION('',(-0.707106781187,8.090982689361E-18,-0.707106781187
    ));
#3984 = PLANE('',#3985);
#3985 = AXIS2_PLACEMENT_3D('',#3986,#3987,#3988);
#3986 = CARTESIAN_POINT('',(4.898587196589E-16,0.53,1.02));
#3987 = DIRECTION('',(1.224646799147E-16,1.,-1.110223024625E-16));
#3988 = DIRECTION('',(-1.,1.224646799147E-16,0.));
#3989 = ADVANCED_FACE('',(#3990),#4049,.T.);
#3990 = FACE_BOUND('',#3991,.F.);
#3991 = EDGE_LOOP('',(#3992,#4000,#4001,#4002,#4003,#4011,#4017,#4018,
    #4026,#4034,#4043));
#3992 = ORIENTED_EDGE('',*,*,#3993,.T.);
#3993 = EDGE_CURVE('',#3994,#3753,#3996,.T.);
#3994 = VERTEX_POINT('',#3995);
#3995 = CARTESIAN_POINT('',(-3.5,0.53,1.32));
#3996 = LINE('',#3997,#3998);
#3997 = CARTESIAN_POINT('',(-3.5,0.53,1.32));
#3998 = VECTOR('',#3999,1.);
#3999 = DIRECTION('',(1.,-1.224646799147E-16,0.));
#4000 = ORIENTED_EDGE('',*,*,#3760,.T.);
#4001 = ORIENTED_EDGE('',*,*,#3824,.T.);
#4002 = ORIENTED_EDGE('',*,*,#3849,.T.);
#4003 = ORIENTED_EDGE('',*,*,#4004,.T.);
#4004 = EDGE_CURVE('',#3840,#4005,#4007,.T.);
#4005 = VERTEX_POINT('',#4006);
#4006 = CARTESIAN_POINT('',(-3.1,0.53,1.636421356237));
#4007 = LINE('',#4008,#4009);
#4008 = CARTESIAN_POINT('',(-3.220710678119,0.53,1.515710678119));
#4009 = VECTOR('',#4010,1.);
#4010 = DIRECTION('',(0.707106781186,-8.090982689349E-18,0.707106781187)
  );
#4011 = ORIENTED_EDGE('',*,*,#4012,.F.);
#4012 = EDGE_CURVE('',#2058,#4005,#4013,.T.);
#4013 = LINE('',#4014,#4015);
#4014 = CARTESIAN_POINT('',(-3.1,0.53,1.72));
#4015 = VECTOR('',#4016,1.);
#4016 = DIRECTION('',(-1.359631073447E-32,-1.110223024625E-16,-1.));
#4017 = ORIENTED_EDGE('',*,*,#2057,.F.);
#4018 = ORIENTED_EDGE('',*,*,#4019,.T.);
#4019 = EDGE_CURVE('',#2050,#4020,#4022,.T.);
#4020 = VERTEX_POINT('',#4021);
#4021 = CARTESIAN_POINT('',(-3.092,0.53,2.005));
#4022 = LINE('',#4023,#4024);
#4023 = CARTESIAN_POINT('',(-3.092,0.53,1.72));
#4024 = VECTOR('',#4025,1.);
#4025 = DIRECTION('',(1.359631073447E-32,1.110223024625E-16,1.));
#4026 = ORIENTED_EDGE('',*,*,#4027,.F.);
#4027 = EDGE_CURVE('',#4028,#4020,#4030,.T.);
#4028 = VERTEX_POINT('',#4029);
#4029 = CARTESIAN_POINT('',(-3.25,0.53,2.005));
#4030 = LINE('',#4031,#4032);
#4031 = CARTESIAN_POINT('',(-3.25,0.53,2.005));
#4032 = VECTOR('',#4033,1.);
#4033 = DIRECTION('',(1.,-1.224646799147E-16,0.));
#4034 = ORIENTED_EDGE('',*,*,#4035,.F.);
#4035 = EDGE_CURVE('',#4036,#4028,#4038,.T.);
#4036 = VERTEX_POINT('',#4037);
#4037 = CARTESIAN_POINT('',(-3.5,0.53,1.755));
#4038 = CIRCLE('',#4039,0.25);
#4039 = AXIS2_PLACEMENT_3D('',#4040,#4041,#4042);
#4040 = CARTESIAN_POINT('',(-3.25,0.53,1.755));
#4041 = DIRECTION('',(1.224646799147E-16,1.,-1.110223024625E-16));
#4042 = DIRECTION('',(-1.,1.224646799147E-16,0.));
#4043 = ORIENTED_EDGE('',*,*,#4044,.F.);
#4044 = EDGE_CURVE('',#3994,#4036,#4045,.T.);
#4045 = LINE('',#4046,#4047);
#4046 = CARTESIAN_POINT('',(-3.5,0.53,1.32));
#4047 = VECTOR('',#4048,1.);
#4048 = DIRECTION('',(1.359631073447E-32,1.110223024625E-16,1.));
#4049 = PLANE('',#4050);
#4050 = AXIS2_PLACEMENT_3D('',#4051,#4052,#4053);
#4051 = CARTESIAN_POINT('',(4.898587196589E-16,0.53,1.02));
#4052 = DIRECTION('',(1.224646799147E-16,1.,-1.110223024625E-16));
#4053 = DIRECTION('',(-1.,1.224646799147E-16,0.));
#4054 = ADVANCED_FACE('',(#4055),#4143,.T.);
#4055 = FACE_BOUND('',#4056,.F.);
#4056 = EDGE_LOOP('',(#4057,#4067,#4076,#4084,#4106,#4114,#4122,#4129,
    #4130,#4136,#4137));
#4057 = ORIENTED_EDGE('',*,*,#4058,.T.);
#4058 = EDGE_CURVE('',#4059,#4061,#4063,.T.);
#4059 = VERTEX_POINT('',#4060);
#4060 = CARTESIAN_POINT('',(-3.1,0.53,0.403578643763));
#4061 = VERTEX_POINT('',#4062);
#4062 = CARTESIAN_POINT('',(-3.220710678119,0.53,0.524289321881));
#4063 = LINE('',#4064,#4065);
#4064 = CARTESIAN_POINT('',(-3.1,0.53,0.403578643763));
#4065 = VECTOR('',#4066,1.);
#4066 = DIRECTION('',(-0.707106781186,1.651002285577E-16,0.707106781187)
  );
#4067 = ORIENTED_EDGE('',*,*,#4068,.T.);
#4068 = EDGE_CURVE('',#4061,#4069,#4071,.T.);
#4069 = VERTEX_POINT('',#4070);
#4070 = CARTESIAN_POINT('',(-3.25,0.53,0.595));
#4071 = CIRCLE('',#4072,0.1);
#4072 = AXIS2_PLACEMENT_3D('',#4073,#4074,#4075);
#4073 = CARTESIAN_POINT('',(-3.15,0.53,0.595));
#4074 = DIRECTION('',(1.224646799147E-16,1.,-1.110223024625E-16));
#4075 = DIRECTION('',(-0.707106781186,8.090982689349E-18,-0.707106781187
    ));
#4076 = ORIENTED_EDGE('',*,*,#4077,.T.);
#4077 = EDGE_CURVE('',#4069,#4078,#4080,.T.);
#4078 = VERTEX_POINT('',#4079);
#4079 = CARTESIAN_POINT('',(-3.25,0.53,0.62));
#4080 = LINE('',#4081,#4082);
#4081 = CARTESIAN_POINT('',(-3.25,0.53,0.595));
#4082 = VECTOR('',#4083,1.);
#4083 = DIRECTION('',(1.359631073447E-32,1.110223024625E-16,1.));
#4084 = ORIENTED_EDGE('',*,*,#4085,.T.);
#4085 = EDGE_CURVE('',#4078,#4086,#4088,.T.);
#4086 = VERTEX_POINT('',#4087);
#4087 = CARTESIAN_POINT('',(-3.442653128049,0.53,0.72));
#4088 = B_SPLINE_CURVE_WITH_KNOTS('',3,(#4089,#4090,#4091,#4092,#4093,
    #4094,#4095,#4096,#4097,#4098,#4099,#4100,#4101,#4102,#4103,#4104,
    #4105),.UNSPECIFIED.,.F.,.F.,(4,1,1,1,1,1,1,1,1,1,1,1,1,1,4),(0.,
    3.78336106366E-02,7.833117574627E-02,0.122880824765,0.172937638798,
    0.229482682803,0.293060074096,0.364070165189,0.443035369353,
    0.53047938301,0.626151314711,0.726980610805,0.825890088291,
    0.917984816121,1.),.UNSPECIFIED.);
#4089 = CARTESIAN_POINT('',(-3.25,0.53,0.62));
#4090 = CARTESIAN_POINT('',(-3.25,0.53,0.622941284842));
#4091 = CARTESIAN_POINT('',(-3.250606229311,0.53,0.629045945539));
#4092 = CARTESIAN_POINT('',(-3.253375710121,0.53,0.638245290012));
#4093 = CARTESIAN_POINT('',(-3.258204144816,0.53,0.647633927824));
#4094 = CARTESIAN_POINT('',(-3.26526553864,0.53,0.65708728671));
#4095 = CARTESIAN_POINT('',(-3.274688771039,0.53,0.666431721377));
#4096 = CARTESIAN_POINT('',(-3.2864678142,0.53,0.675540191643));
#4097 = CARTESIAN_POINT('',(-3.300601915101,0.53,0.684298561989));
#4098 = CARTESIAN_POINT('',(-3.317127878335,0.53,0.692569653741));
#4099 = CARTESIAN_POINT('',(-3.336042142811,0.53,0.700195864634));
#4100 = CARTESIAN_POINT('',(-3.357053403398,0.53,0.707017040269));
#4101 = CARTESIAN_POINT('',(-3.379328596168,0.53,0.712674920962));
#4102 = CARTESIAN_POINT('',(-3.401651186812,0.53,0.716820150375));
#4103 = CARTESIAN_POINT('',(-3.422739116797,0.53,0.719349178538));
#4104 = CARTESIAN_POINT('',(-3.436277050982,0.53,0.72));
#4105 = CARTESIAN_POINT('',(-3.442653128049,0.53,0.72));
#4106 = ORIENTED_EDGE('',*,*,#4107,.F.);
#4107 = EDGE_CURVE('',#4108,#4086,#4110,.T.);
#4108 = VERTEX_POINT('',#4109);
#4109 = CARTESIAN_POINT('',(-3.5,0.53,0.72));
#4110 = LINE('',#4111,#4112);
#4111 = CARTESIAN_POINT('',(-3.5,0.53,0.72));
#4112 = VECTOR('',#4113,1.);
#4113 = DIRECTION('',(1.,-1.224646799147E-16,0.));
#4114 = ORIENTED_EDGE('',*,*,#4115,.F.);
#4115 = EDGE_CURVE('',#4116,#4108,#4118,.T.);
#4116 = VERTEX_POINT('',#4117);
#4117 = CARTESIAN_POINT('',(-3.5,0.53,0.285));
#4118 = LINE('',#4119,#4120);
#4119 = CARTESIAN_POINT('',(-3.5,0.53,0.285));
#4120 = VECTOR('',#4121,1.);
#4121 = DIRECTION('',(1.359631073447E-32,1.110223024625E-16,1.));
#4122 = ORIENTED_EDGE('',*,*,#4123,.F.);
#4123 = EDGE_CURVE('',#2840,#4116,#4124,.T.);
#4124 = CIRCLE('',#4125,0.25);
#4125 = AXIS2_PLACEMENT_3D('',#4126,#4127,#4128);
#4126 = CARTESIAN_POINT('',(-3.25,0.53,0.285));
#4127 = DIRECTION('',(1.224646799147E-16,1.,-1.110223024625E-16));
#4128 = DIRECTION('',(-1.359631073447E-32,-1.110223024625E-16,-1.));
#4129 = ORIENTED_EDGE('',*,*,#2839,.F.);
#4130 = ORIENTED_EDGE('',*,*,#4131,.T.);
#4131 = EDGE_CURVE('',#2832,#580,#4132,.T.);
#4132 = LINE('',#4133,#4134);
#4133 = CARTESIAN_POINT('',(-3.092,0.53,3.5E-02));
#4134 = VECTOR('',#4135,1.);
#4135 = DIRECTION('',(1.359631073447E-32,1.110223024625E-16,1.));
#4136 = ORIENTED_EDGE('',*,*,#579,.T.);
#4137 = ORIENTED_EDGE('',*,*,#4138,.F.);
#4138 = EDGE_CURVE('',#4059,#572,#4139,.T.);
#4139 = LINE('',#4140,#4141);
#4140 = CARTESIAN_POINT('',(-3.1,0.53,0.403578643763));
#4141 = VECTOR('',#4142,1.);
#4142 = DIRECTION('',(-1.359631073447E-32,-1.110223024625E-16,-1.));
#4143 = PLANE('',#4144);
#4144 = AXIS2_PLACEMENT_3D('',#4145,#4146,#4147);
#4145 = CARTESIAN_POINT('',(4.898587196589E-16,0.53,1.02));
#4146 = DIRECTION('',(1.224646799147E-16,1.,-1.110223024625E-16));
#4147 = DIRECTION('',(-1.,1.224646799147E-16,0.));
#4148 = ADVANCED_FACE('',(#4149),#4174,.T.);
#4149 = FACE_BOUND('',#4150,.F.);
#4150 = EDGE_LOOP('',(#4151,#4159,#4165,#4166,#4172,#4173));
#4151 = ORIENTED_EDGE('',*,*,#4152,.T.);
#4152 = EDGE_CURVE('',#1529,#4153,#4155,.T.);
#4153 = VERTEX_POINT('',#4154);
#4154 = CARTESIAN_POINT('',(3.070710678119,0.68,1.665710678119));
#4155 = LINE('',#4156,#4157);
#4156 = CARTESIAN_POINT('',(3.1,0.68,1.636421356237));
#4157 = VECTOR('',#4158,1.);
#4158 = DIRECTION('',(-0.707106781186,1.651002285577E-16,0.707106781187)
  );
#4159 = ORIENTED_EDGE('',*,*,#4160,.T.);
#4160 = EDGE_CURVE('',#4153,#3558,#4161,.T.);
#4161 = LINE('',#4162,#4163);
#4162 = CARTESIAN_POINT('',(3.070710678119,0.68,1.665710678119));
#4163 = VECTOR('',#4164,1.);
#4164 = DIRECTION('',(1.224646799147E-16,1.,-1.110223024625E-16));
#4165 = ORIENTED_EDGE('',*,*,#3557,.T.);
#4166 = ORIENTED_EDGE('',*,*,#4167,.F.);
#4167 = EDGE_CURVE('',#3866,#3549,#4168,.T.);
#4168 = LINE('',#4169,#4170);
#4169 = CARTESIAN_POINT('',(3.220710678119,0.53,1.515710678119));
#4170 = VECTOR('',#4171,1.);
#4171 = DIRECTION('',(1.224646799147E-16,1.,-1.110223024625E-16));
#4172 = ORIENTED_EDGE('',*,*,#3865,.F.);
#4173 = ORIENTED_EDGE('',*,*,#1538,.F.);
#4174 = PLANE('',#4175);
#4175 = AXIS2_PLACEMENT_3D('',#4176,#4177,#4178);
#4176 = CARTESIAN_POINT('',(3.070710678119,-0.312,1.665710678119));
#4177 = DIRECTION('',(0.707106781187,-8.090982689361E-18,0.707106781187)
  );
#4178 = DIRECTION('',(0.707106781187,-1.651002285577E-16,-0.707106781187
    ));
#4179 = ADVANCED_FACE('',(#4180),#4645,.T.);
#4180 = FACE_BOUND('',#4181,.F.);
#4181 = EDGE_LOOP('',(#4182,#4183,#4191,#4199,#4205,#4206,#4214,#4222,
    #4231,#4239,#4248,#4257,#4266,#4274,#4283,#4292,#4301,#4309,#4318,
    #4326,#4332,#4333,#4341,#4349,#4355,#4356,#4364,#4372,#4378,#4379,
    #4387,#4395,#4401,#4402,#4410,#4418,#4424,#4425,#4433,#4441,#4447,
    #4448,#4449,#4457,#4466,#4474,#4483,#4492,#4501,#4509,#4518,#4527,
    #4536,#4544,#4551,#4552,#4553,#4554,#4562,#4570,#4576,#4577,#4585,
    #4593,#4599,#4600,#4608,#4616,#4622,#4623,#4631,#4639));
#4182 = ORIENTED_EDGE('',*,*,#1897,.F.);
#4183 = ORIENTED_EDGE('',*,*,#4184,.T.);
#4184 = EDGE_CURVE('',#1890,#4185,#4187,.T.);
#4185 = VERTEX_POINT('',#4186);
#4186 = CARTESIAN_POINT('',(-0.9,0.68,1.85));
#4187 = LINE('',#4188,#4189);
#4188 = CARTESIAN_POINT('',(-0.9,0.68,1.72));
#4189 = VECTOR('',#4190,1.);
#4190 = DIRECTION('',(1.359631073447E-32,1.110223024625E-16,1.));
#4191 = ORIENTED_EDGE('',*,*,#4192,.T.);
#4192 = EDGE_CURVE('',#4185,#4193,#4195,.T.);
#4193 = VERTEX_POINT('',#4194);
#4194 = CARTESIAN_POINT('',(-1.1,0.68,1.85));
#4195 = LINE('',#4196,#4197);
#4196 = CARTESIAN_POINT('',(-0.9,0.68,1.85));
#4197 = VECTOR('',#4198,1.);
#4198 = DIRECTION('',(-1.,1.224646799147E-16,0.));
#4199 = ORIENTED_EDGE('',*,*,#4200,.F.);
#4200 = EDGE_CURVE('',#1930,#4193,#4201,.T.);
#4201 = LINE('',#4202,#4203);
#4202 = CARTESIAN_POINT('',(-1.1,0.68,1.72));
#4203 = VECTOR('',#4204,1.);
#4204 = DIRECTION('',(1.359631073447E-32,1.110223024625E-16,1.));
#4205 = ORIENTED_EDGE('',*,*,#2073,.F.);
#4206 = ORIENTED_EDGE('',*,*,#4207,.F.);
#4207 = EDGE_CURVE('',#4208,#2066,#4210,.T.);
#4208 = VERTEX_POINT('',#4209);
#4209 = CARTESIAN_POINT('',(-3.1,0.68,1.636421356237));
#4210 = LINE('',#4211,#4212);
#4211 = CARTESIAN_POINT('',(-3.1,0.68,1.636421356237));
#4212 = VECTOR('',#4213,1.);
#4213 = DIRECTION('',(1.359631073447E-32,1.110223024625E-16,1.));
#4214 = ORIENTED_EDGE('',*,*,#4215,.T.);
#4215 = EDGE_CURVE('',#4208,#4216,#4218,.T.);
#4216 = VERTEX_POINT('',#4217);
#4217 = CARTESIAN_POINT('',(-3.070710678119,0.68,1.665710678119));
#4218 = LINE('',#4219,#4220);
#4219 = CARTESIAN_POINT('',(-3.1,0.68,1.636421356237));
#4220 = VECTOR('',#4221,1.);
#4221 = DIRECTION('',(0.707106781186,-8.090982689349E-18,0.707106781187)
  );
#4222 = ORIENTED_EDGE('',*,*,#4223,.T.);
#4223 = EDGE_CURVE('',#4216,#4224,#4226,.T.);
#4224 = VERTEX_POINT('',#4225);
#4225 = CARTESIAN_POINT('',(-3.,0.68,1.695));
#4226 = CIRCLE('',#4227,0.1);
#4227 = AXIS2_PLACEMENT_3D('',#4228,#4229,#4230);
#4228 = CARTESIAN_POINT('',(-3.,0.68,1.595));
#4229 = DIRECTION('',(1.224646799147E-16,1.,-1.110223024625E-16));
#4230 = DIRECTION('',(-0.707106781186,1.651002285577E-16,0.707106781187)
  );
#4231 = ORIENTED_EDGE('',*,*,#4232,.T.);
#4232 = EDGE_CURVE('',#4224,#4233,#4235,.T.);
#4233 = VERTEX_POINT('',#4234);
#4234 = CARTESIAN_POINT('',(-2.099802646526,0.68,1.695));
#4235 = LINE('',#4236,#4237);
#4236 = CARTESIAN_POINT('',(-3.,0.68,1.695));
#4237 = VECTOR('',#4238,1.);
#4238 = DIRECTION('',(1.,-1.224646799147E-16,0.));
#4239 = ORIENTED_EDGE('',*,*,#4240,.T.);
#4240 = EDGE_CURVE('',#4233,#4241,#4243,.T.);
#4241 = VERTEX_POINT('',#4242);
#4242 = CARTESIAN_POINT('',(-1.904901323263,0.68,1.539871752699));
#4243 = CIRCLE('',#4244,0.2);
#4244 = AXIS2_PLACEMENT_3D('',#4245,#4246,#4247);
#4245 = CARTESIAN_POINT('',(-2.099802646526,0.68,1.495));
#4246 = DIRECTION('',(1.224646799147E-16,1.,-1.110223024625E-16));
#4247 = DIRECTION('',(1.359631073447E-32,1.110223024625E-16,1.));
#4248 = ORIENTED_EDGE('',*,*,#4249,.F.);
#4249 = EDGE_CURVE('',#4250,#4241,#4252,.T.);
#4250 = VERTEX_POINT('',#4251);
#4251 = CARTESIAN_POINT('',(-1.755,0.68,1.389871752699));
#4252 = CIRCLE('',#4253,0.2);
#4253 = AXIS2_PLACEMENT_3D('',#4254,#4255,#4256);
#4254 = CARTESIAN_POINT('',(-1.71,0.68,1.584743505398));
#4255 = DIRECTION('',(1.224646799147E-16,1.,-1.110223024625E-16));
#4256 = DIRECTION('',(-0.225,-8.062100036696E-17,-0.974358763495));
#4257 = ORIENTED_EDGE('',*,*,#4258,.T.);
#4258 = EDGE_CURVE('',#4250,#4259,#4261,.T.);
#4259 = VERTEX_POINT('',#4260);
#4260 = CARTESIAN_POINT('',(-1.6,0.68,1.195));
#4261 = CIRCLE('',#4262,0.2);
#4262 = AXIS2_PLACEMENT_3D('',#4263,#4264,#4265);
#4263 = CARTESIAN_POINT('',(-1.8,0.68,1.195));
#4264 = DIRECTION('',(1.224646799147E-16,1.,-1.110223024625E-16));
#4265 = DIRECTION('',(0.225,8.062100036696E-17,0.974358763495));
#4266 = ORIENTED_EDGE('',*,*,#4267,.T.);
#4267 = EDGE_CURVE('',#4259,#4268,#4270,.T.);
#4268 = VERTEX_POINT('',#4269);
#4269 = CARTESIAN_POINT('',(-1.6,0.68,0.845));
#4270 = LINE('',#4271,#4272);
#4271 = CARTESIAN_POINT('',(-1.6,0.68,1.195));
#4272 = VECTOR('',#4273,1.);
#4273 = DIRECTION('',(-1.359631073447E-32,-1.110223024625E-16,-1.));
#4274 = ORIENTED_EDGE('',*,*,#4275,.T.);
#4275 = EDGE_CURVE('',#4268,#4276,#4278,.T.);
#4276 = VERTEX_POINT('',#4277);
#4277 = CARTESIAN_POINT('',(-1.755,0.68,0.650128247301));
#4278 = CIRCLE('',#4279,0.2);
#4279 = AXIS2_PLACEMENT_3D('',#4280,#4281,#4282);
#4280 = CARTESIAN_POINT('',(-1.8,0.68,0.845));
#4281 = DIRECTION('',(1.224646799147E-16,1.,-1.110223024625E-16));
#4282 = DIRECTION('',(1.,-1.224646799147E-16,0.));
#4283 = ORIENTED_EDGE('',*,*,#4284,.F.);
#4284 = EDGE_CURVE('',#4285,#4276,#4287,.T.);
#4285 = VERTEX_POINT('',#4286);
#4286 = CARTESIAN_POINT('',(-1.904901323263,0.68,0.500128247301));
#4287 = CIRCLE('',#4288,0.2);
#4288 = AXIS2_PLACEMENT_3D('',#4289,#4290,#4291);
#4289 = CARTESIAN_POINT('',(-1.71,0.68,0.455256494602));
#4290 = DIRECTION('',(1.224646799147E-16,1.,-1.110223024625E-16));
#4291 = DIRECTION('',(-0.974506616316,1.442514673428E-16,0.224358763495)
  );
#4292 = ORIENTED_EDGE('',*,*,#4293,.T.);
#4293 = EDGE_CURVE('',#4285,#4294,#4296,.T.);
#4294 = VERTEX_POINT('',#4295);
#4295 = CARTESIAN_POINT('',(-2.099802646526,0.68,0.345));
#4296 = CIRCLE('',#4297,0.2);
#4297 = AXIS2_PLACEMENT_3D('',#4298,#4299,#4300);
#4298 = CARTESIAN_POINT('',(-2.099802646526,0.68,0.545));
#4299 = DIRECTION('',(1.224646799147E-16,1.,-1.110223024625E-16));
#4300 = DIRECTION('',(0.974506616316,-1.442514673428E-16,-0.224358763495
    ));
#4301 = ORIENTED_EDGE('',*,*,#4302,.T.);
#4302 = EDGE_CURVE('',#4294,#4303,#4305,.T.);
#4303 = VERTEX_POINT('',#4304);
#4304 = CARTESIAN_POINT('',(-3.,0.68,0.345));
#4305 = LINE('',#4306,#4307);
#4306 = CARTESIAN_POINT('',(-2.099802646526,0.68,0.345));
#4307 = VECTOR('',#4308,1.);
#4308 = DIRECTION('',(-1.,1.224646799147E-16,0.));
#4309 = ORIENTED_EDGE('',*,*,#4310,.T.);
#4310 = EDGE_CURVE('',#4303,#4311,#4313,.T.);
#4311 = VERTEX_POINT('',#4312);
#4312 = CARTESIAN_POINT('',(-3.070710678119,0.68,0.374289321881));
#4313 = CIRCLE('',#4314,0.1);
#4314 = AXIS2_PLACEMENT_3D('',#4315,#4316,#4317);
#4315 = CARTESIAN_POINT('',(-3.,0.68,0.445));
#4316 = DIRECTION('',(1.224646799147E-16,1.,-1.110223024625E-16));
#4317 = DIRECTION('',(-1.359631073447E-32,-1.110223024625E-16,-1.));
#4318 = ORIENTED_EDGE('',*,*,#4319,.F.);
#4319 = EDGE_CURVE('',#4320,#4311,#4322,.T.);
#4320 = VERTEX_POINT('',#4321);
#4321 = CARTESIAN_POINT('',(-3.1,0.68,0.403578643763));
#4322 = LINE('',#4323,#4324);
#4323 = CARTESIAN_POINT('',(-3.1,0.68,0.403578643763));
#4324 = VECTOR('',#4325,1.);
#4325 = DIRECTION('',(0.707106781187,-1.651002285577E-16,-0.707106781186
    ));
#4326 = ORIENTED_EDGE('',*,*,#4327,.F.);
#4327 = EDGE_CURVE('',#564,#4320,#4328,.T.);
#4328 = LINE('',#4329,#4330);
#4329 = CARTESIAN_POINT('',(-3.1,0.68,0.32));
#4330 = VECTOR('',#4331,1.);
#4331 = DIRECTION('',(1.359631073447E-32,1.110223024625E-16,1.));
#4332 = ORIENTED_EDGE('',*,*,#563,.F.);
#4333 = ORIENTED_EDGE('',*,*,#4334,.F.);
#4334 = EDGE_CURVE('',#4335,#554,#4337,.T.);
#4335 = VERTEX_POINT('',#4336);
#4336 = CARTESIAN_POINT('',(-1.1,0.68,0.558613124314));
#4337 = LINE('',#4338,#4339);
#4338 = CARTESIAN_POINT('',(-1.1,0.68,0.558613124314));
#4339 = VECTOR('',#4340,1.);
#4340 = DIRECTION('',(-1.359631073447E-32,-1.110223024625E-16,-1.));
#4341 = ORIENTED_EDGE('',*,*,#4342,.T.);
#4342 = EDGE_CURVE('',#4335,#4343,#4345,.T.);
#4343 = VERTEX_POINT('',#4344);
#4344 = CARTESIAN_POINT('',(-0.9,0.68,0.558613124314));
#4345 = LINE('',#4346,#4347);
#4346 = CARTESIAN_POINT('',(-1.1,0.68,0.558613124314));
#4347 = VECTOR('',#4348,1.);
#4348 = DIRECTION('',(1.,-1.224646799147E-16,0.));
#4349 = ORIENTED_EDGE('',*,*,#4350,.T.);
#4350 = EDGE_CURVE('',#4343,#514,#4351,.T.);
#4351 = LINE('',#4352,#4353);
#4352 = CARTESIAN_POINT('',(-0.9,0.68,0.558613124314));
#4353 = VECTOR('',#4354,1.);
#4354 = DIRECTION('',(-1.359631073447E-32,-1.110223024625E-16,-1.));
#4355 = ORIENTED_EDGE('',*,*,#539,.F.);
#4356 = ORIENTED_EDGE('',*,*,#4357,.F.);
#4357 = EDGE_CURVE('',#4358,#532,#4360,.T.);
#4358 = VERTEX_POINT('',#4359);
#4359 = CARTESIAN_POINT('',(-0.6,0.68,0.558613124314));
#4360 = LINE('',#4361,#4362);
#4361 = CARTESIAN_POINT('',(-0.6,0.68,0.558613124314));
#4362 = VECTOR('',#4363,1.);
#4363 = DIRECTION('',(-1.359631073447E-32,-1.110223024625E-16,-1.));
#4364 = ORIENTED_EDGE('',*,*,#4365,.T.);
#4365 = EDGE_CURVE('',#4358,#4366,#4368,.T.);
#4366 = VERTEX_POINT('',#4367);
#4367 = CARTESIAN_POINT('',(-0.4,0.68,0.558613124314));
#4368 = LINE('',#4369,#4370);
#4369 = CARTESIAN_POINT('',(-0.6,0.68,0.558613124314));
#4370 = VECTOR('',#4371,1.);
#4371 = DIRECTION('',(1.,-1.224646799147E-16,0.));
#4372 = ORIENTED_EDGE('',*,*,#4373,.T.);
#4373 = EDGE_CURVE('',#4366,#474,#4374,.T.);
#4374 = LINE('',#4375,#4376);
#4375 = CARTESIAN_POINT('',(-0.4,0.68,0.558613124314));
#4376 = VECTOR('',#4377,1.);
#4377 = DIRECTION('',(-1.359631073447E-32,-1.110223024625E-16,-1.));
#4378 = ORIENTED_EDGE('',*,*,#499,.F.);
#4379 = ORIENTED_EDGE('',*,*,#4380,.F.);
#4380 = EDGE_CURVE('',#4381,#492,#4383,.T.);
#4381 = VERTEX_POINT('',#4382);
#4382 = CARTESIAN_POINT('',(-1.E-01,0.68,0.558613124314));
#4383 = LINE('',#4384,#4385);
#4384 = CARTESIAN_POINT('',(-1.E-01,0.68,0.558613124314));
#4385 = VECTOR('',#4386,1.);
#4386 = DIRECTION('',(-1.359631073447E-32,-1.110223024625E-16,-1.));
#4387 = ORIENTED_EDGE('',*,*,#4388,.T.);
#4388 = EDGE_CURVE('',#4381,#4389,#4391,.T.);
#4389 = VERTEX_POINT('',#4390);
#4390 = CARTESIAN_POINT('',(0.1,0.68,0.558613124314));
#4391 = LINE('',#4392,#4393);
#4392 = CARTESIAN_POINT('',(-1.E-01,0.68,0.558613124314));
#4393 = VECTOR('',#4394,1.);
#4394 = DIRECTION('',(1.,-1.224646799147E-16,0.));
#4395 = ORIENTED_EDGE('',*,*,#4396,.T.);
#4396 = EDGE_CURVE('',#4389,#434,#4397,.T.);
#4397 = LINE('',#4398,#4399);
#4398 = CARTESIAN_POINT('',(0.1,0.68,0.558613124314));
#4399 = VECTOR('',#4400,1.);
#4400 = DIRECTION('',(-1.359631073447E-32,-1.110223024625E-16,-1.));
#4401 = ORIENTED_EDGE('',*,*,#459,.F.);
#4402 = ORIENTED_EDGE('',*,*,#4403,.F.);
#4403 = EDGE_CURVE('',#4404,#452,#4406,.T.);
#4404 = VERTEX_POINT('',#4405);
#4405 = CARTESIAN_POINT('',(0.4,0.68,0.558613124314));
#4406 = LINE('',#4407,#4408);
#4407 = CARTESIAN_POINT('',(0.4,0.68,0.558613124314));
#4408 = VECTOR('',#4409,1.);
#4409 = DIRECTION('',(-1.359631073447E-32,-1.110223024625E-16,-1.));
#4410 = ORIENTED_EDGE('',*,*,#4411,.T.);
#4411 = EDGE_CURVE('',#4404,#4412,#4414,.T.);
#4412 = VERTEX_POINT('',#4413);
#4413 = CARTESIAN_POINT('',(0.6,0.68,0.558613124314));
#4414 = LINE('',#4415,#4416);
#4415 = CARTESIAN_POINT('',(0.4,0.68,0.558613124314));
#4416 = VECTOR('',#4417,1.);
#4417 = DIRECTION('',(1.,-1.224646799147E-16,0.));
#4418 = ORIENTED_EDGE('',*,*,#4419,.T.);
#4419 = EDGE_CURVE('',#4412,#394,#4420,.T.);
#4420 = LINE('',#4421,#4422);
#4421 = CARTESIAN_POINT('',(0.6,0.68,0.558613124314));
#4422 = VECTOR('',#4423,1.);
#4423 = DIRECTION('',(-1.359631073447E-32,-1.110223024625E-16,-1.));
#4424 = ORIENTED_EDGE('',*,*,#419,.F.);
#4425 = ORIENTED_EDGE('',*,*,#4426,.F.);
#4426 = EDGE_CURVE('',#4427,#412,#4429,.T.);
#4427 = VERTEX_POINT('',#4428);
#4428 = CARTESIAN_POINT('',(0.9,0.68,0.558613124314));
#4429 = LINE('',#4430,#4431);
#4430 = CARTESIAN_POINT('',(0.9,0.68,0.558613124314));
#4431 = VECTOR('',#4432,1.);
#4432 = DIRECTION('',(-1.359631073447E-32,-1.110223024625E-16,-1.));
#4433 = ORIENTED_EDGE('',*,*,#4434,.T.);
#4434 = EDGE_CURVE('',#4427,#4435,#4437,.T.);
#4435 = VERTEX_POINT('',#4436);
#4436 = CARTESIAN_POINT('',(1.1,0.68,0.558613124314));
#4437 = LINE('',#4438,#4439);
#4438 = CARTESIAN_POINT('',(0.9,0.68,0.558613124314));
#4439 = VECTOR('',#4440,1.);
#4440 = DIRECTION('',(1.,-1.224646799147E-16,0.));
#4441 = ORIENTED_EDGE('',*,*,#4442,.T.);
#4442 = EDGE_CURVE('',#4435,#215,#4443,.T.);
#4443 = LINE('',#4444,#4445);
#4444 = CARTESIAN_POINT('',(1.1,0.68,0.558613124314));
#4445 = VECTOR('',#4446,1.);
#4446 = DIRECTION('',(-1.359631073447E-32,-1.110223024625E-16,-1.));
#4447 = ORIENTED_EDGE('',*,*,#379,.F.);
#4448 = ORIENTED_EDGE('',*,*,#1497,.T.);
#4449 = ORIENTED_EDGE('',*,*,#4450,.T.);
#4450 = EDGE_CURVE('',#1498,#4451,#4453,.T.);
#4451 = VERTEX_POINT('',#4452);
#4452 = CARTESIAN_POINT('',(3.070710678119,0.68,0.374289321881));
#4453 = LINE('',#4454,#4455);
#4454 = CARTESIAN_POINT('',(3.1,0.68,0.403578643763));
#4455 = VECTOR('',#4456,1.);
#4456 = DIRECTION('',(-0.707106781187,8.090982689372E-18,-0.707106781186
    ));
#4457 = ORIENTED_EDGE('',*,*,#4458,.T.);
#4458 = EDGE_CURVE('',#4451,#4459,#4461,.T.);
#4459 = VERTEX_POINT('',#4460);
#4460 = CARTESIAN_POINT('',(3.,0.68,0.345));
#4461 = CIRCLE('',#4462,0.1);
#4462 = AXIS2_PLACEMENT_3D('',#4463,#4464,#4465);
#4463 = CARTESIAN_POINT('',(3.,0.68,0.445));
#4464 = DIRECTION('',(1.224646799147E-16,1.,-1.110223024625E-16));
#4465 = DIRECTION('',(0.707106781186,-1.651002285577E-16,-0.707106781187
    ));
#4466 = ORIENTED_EDGE('',*,*,#4467,.T.);
#4467 = EDGE_CURVE('',#4459,#4468,#4470,.T.);
#4468 = VERTEX_POINT('',#4469);
#4469 = CARTESIAN_POINT('',(2.099802646526,0.68,0.345));
#4470 = LINE('',#4471,#4472);
#4471 = CARTESIAN_POINT('',(3.,0.68,0.345));
#4472 = VECTOR('',#4473,1.);
#4473 = DIRECTION('',(-1.,1.224646799147E-16,0.));
#4474 = ORIENTED_EDGE('',*,*,#4475,.T.);
#4475 = EDGE_CURVE('',#4468,#4476,#4478,.T.);
#4476 = VERTEX_POINT('',#4477);
#4477 = CARTESIAN_POINT('',(1.904901323263,0.68,0.500128247301));
#4478 = CIRCLE('',#4479,0.2);
#4479 = AXIS2_PLACEMENT_3D('',#4480,#4481,#4482);
#4480 = CARTESIAN_POINT('',(2.099802646526,0.68,0.545));
#4481 = DIRECTION('',(1.224646799147E-16,1.,-1.110223024625E-16));
#4482 = DIRECTION('',(-1.359631073447E-32,-1.110223024625E-16,-1.));
#4483 = ORIENTED_EDGE('',*,*,#4484,.F.);
#4484 = EDGE_CURVE('',#4485,#4476,#4487,.T.);
#4485 = VERTEX_POINT('',#4486);
#4486 = CARTESIAN_POINT('',(1.755,0.68,0.650128247301));
#4487 = CIRCLE('',#4488,0.2);
#4488 = AXIS2_PLACEMENT_3D('',#4489,#4490,#4491);
#4489 = CARTESIAN_POINT('',(1.71,0.68,0.455256494602));
#4490 = DIRECTION('',(1.224646799147E-16,1.,-1.110223024625E-16));
#4491 = DIRECTION('',(0.225,8.062100036696E-17,0.974358763495));
#4492 = ORIENTED_EDGE('',*,*,#4493,.T.);
#4493 = EDGE_CURVE('',#4485,#4494,#4496,.T.);
#4494 = VERTEX_POINT('',#4495);
#4495 = CARTESIAN_POINT('',(1.6,0.68,0.845));
#4496 = CIRCLE('',#4497,0.2);
#4497 = AXIS2_PLACEMENT_3D('',#4498,#4499,#4500);
#4498 = CARTESIAN_POINT('',(1.8,0.68,0.845));
#4499 = DIRECTION('',(1.224646799147E-16,1.,-1.110223024625E-16));
#4500 = DIRECTION('',(-0.225,-8.062100036696E-17,-0.974358763495));
#4501 = ORIENTED_EDGE('',*,*,#4502,.T.);
#4502 = EDGE_CURVE('',#4494,#4503,#4505,.T.);
#4503 = VERTEX_POINT('',#4504);
#4504 = CARTESIAN_POINT('',(1.6,0.68,1.195));
#4505 = LINE('',#4506,#4507);
#4506 = CARTESIAN_POINT('',(1.6,0.68,0.845));
#4507 = VECTOR('',#4508,1.);
#4508 = DIRECTION('',(1.359631073447E-32,1.110223024625E-16,1.));
#4509 = ORIENTED_EDGE('',*,*,#4510,.T.);
#4510 = EDGE_CURVE('',#4503,#4511,#4513,.T.);
#4511 = VERTEX_POINT('',#4512);
#4512 = CARTESIAN_POINT('',(1.755,0.68,1.389871752699));
#4513 = CIRCLE('',#4514,0.2);
#4514 = AXIS2_PLACEMENT_3D('',#4515,#4516,#4517);
#4515 = CARTESIAN_POINT('',(1.8,0.68,1.195));
#4516 = DIRECTION('',(1.224646799147E-16,1.,-1.110223024625E-16));
#4517 = DIRECTION('',(-1.,1.224646799147E-16,-1.762479051592E-14));
#4518 = ORIENTED_EDGE('',*,*,#4519,.F.);
#4519 = EDGE_CURVE('',#4520,#4511,#4522,.T.);
#4520 = VERTEX_POINT('',#4521);
#4521 = CARTESIAN_POINT('',(1.904901323263,0.68,1.539871752699));
#4522 = CIRCLE('',#4523,0.2);
#4523 = AXIS2_PLACEMENT_3D('',#4524,#4525,#4526);
#4524 = CARTESIAN_POINT('',(1.71,0.68,1.584743505398));
#4525 = DIRECTION('',(1.224646799147E-16,1.,-1.110223024625E-16));
#4526 = DIRECTION('',(0.974506616316,-1.442514673427E-16,-0.224358763495
    ));
#4527 = ORIENTED_EDGE('',*,*,#4528,.T.);
#4528 = EDGE_CURVE('',#4520,#4529,#4531,.T.);
#4529 = VERTEX_POINT('',#4530);
#4530 = CARTESIAN_POINT('',(2.099802646526,0.68,1.695));
#4531 = CIRCLE('',#4532,0.2);
#4532 = AXIS2_PLACEMENT_3D('',#4533,#4534,#4535);
#4533 = CARTESIAN_POINT('',(2.099802646526,0.68,1.495));
#4534 = DIRECTION('',(1.224646799147E-16,1.,-1.110223024625E-16));
#4535 = DIRECTION('',(-0.974506616315,1.442514673428E-16,0.224358763496)
  );
#4536 = ORIENTED_EDGE('',*,*,#4537,.T.);
#4537 = EDGE_CURVE('',#4529,#4538,#4540,.T.);
#4538 = VERTEX_POINT('',#4539);
#4539 = CARTESIAN_POINT('',(3.,0.68,1.695));
#4540 = LINE('',#4541,#4542);
#4541 = CARTESIAN_POINT('',(2.099802646526,0.68,1.695));
#4542 = VECTOR('',#4543,1.);
#4543 = DIRECTION('',(1.,-1.224646799147E-16,0.));
#4544 = ORIENTED_EDGE('',*,*,#4545,.T.);
#4545 = EDGE_CURVE('',#4538,#4153,#4546,.T.);
#4546 = CIRCLE('',#4547,0.1);
#4547 = AXIS2_PLACEMENT_3D('',#4548,#4549,#4550);
#4548 = CARTESIAN_POINT('',(3.,0.68,1.595));
#4549 = DIRECTION('',(1.224646799147E-16,1.,-1.110223024625E-16));
#4550 = DIRECTION('',(1.359631073447E-32,1.110223024625E-16,1.));
#4551 = ORIENTED_EDGE('',*,*,#4152,.F.);
#4552 = ORIENTED_EDGE('',*,*,#1528,.T.);
#4553 = ORIENTED_EDGE('',*,*,#1617,.F.);
#4554 = ORIENTED_EDGE('',*,*,#4555,.T.);
#4555 = EDGE_CURVE('',#1610,#4556,#4558,.T.);
#4556 = VERTEX_POINT('',#4557);
#4557 = CARTESIAN_POINT('',(1.1,0.68,1.85));
#4558 = LINE('',#4559,#4560);
#4559 = CARTESIAN_POINT('',(1.1,0.68,1.72));
#4560 = VECTOR('',#4561,1.);
#4561 = DIRECTION('',(1.359631073447E-32,1.110223024625E-16,1.));
#4562 = ORIENTED_EDGE('',*,*,#4563,.T.);
#4563 = EDGE_CURVE('',#4556,#4564,#4566,.T.);
#4564 = VERTEX_POINT('',#4565);
#4565 = CARTESIAN_POINT('',(0.9,0.68,1.85));
#4566 = LINE('',#4567,#4568);
#4567 = CARTESIAN_POINT('',(1.1,0.68,1.85));
#4568 = VECTOR('',#4569,1.);
#4569 = DIRECTION('',(-1.,1.224646799147E-16,0.));
#4570 = ORIENTED_EDGE('',*,*,#4571,.F.);
#4571 = EDGE_CURVE('',#1778,#4564,#4572,.T.);
#4572 = LINE('',#4573,#4574);
#4573 = CARTESIAN_POINT('',(0.9,0.68,1.72));
#4574 = VECTOR('',#4575,1.);
#4575 = DIRECTION('',(1.359631073447E-32,1.110223024625E-16,1.));
#4576 = ORIENTED_EDGE('',*,*,#1777,.F.);
#4577 = ORIENTED_EDGE('',*,*,#4578,.T.);
#4578 = EDGE_CURVE('',#1770,#4579,#4581,.T.);
#4579 = VERTEX_POINT('',#4580);
#4580 = CARTESIAN_POINT('',(0.6,0.68,1.85));
#4581 = LINE('',#4582,#4583);
#4582 = CARTESIAN_POINT('',(0.6,0.68,1.72));
#4583 = VECTOR('',#4584,1.);
#4584 = DIRECTION('',(1.359631073447E-32,1.110223024625E-16,1.));
#4585 = ORIENTED_EDGE('',*,*,#4586,.T.);
#4586 = EDGE_CURVE('',#4579,#4587,#4589,.T.);
#4587 = VERTEX_POINT('',#4588);
#4588 = CARTESIAN_POINT('',(0.4,0.68,1.85));
#4589 = LINE('',#4590,#4591);
#4590 = CARTESIAN_POINT('',(0.6,0.68,1.85));
#4591 = VECTOR('',#4592,1.);
#4592 = DIRECTION('',(-1.,1.224646799147E-16,0.));
#4593 = ORIENTED_EDGE('',*,*,#4594,.F.);
#4594 = EDGE_CURVE('',#1818,#4587,#4595,.T.);
#4595 = LINE('',#4596,#4597);
#4596 = CARTESIAN_POINT('',(0.4,0.68,1.72));
#4597 = VECTOR('',#4598,1.);
#4598 = DIRECTION('',(1.359631073447E-32,1.110223024625E-16,1.));
#4599 = ORIENTED_EDGE('',*,*,#1817,.F.);
#4600 = ORIENTED_EDGE('',*,*,#4601,.T.);
#4601 = EDGE_CURVE('',#1810,#4602,#4604,.T.);
#4602 = VERTEX_POINT('',#4603);
#4603 = CARTESIAN_POINT('',(0.1,0.68,1.85));
#4604 = LINE('',#4605,#4606);
#4605 = CARTESIAN_POINT('',(0.1,0.68,1.72));
#4606 = VECTOR('',#4607,1.);
#4607 = DIRECTION('',(1.359631073447E-32,1.110223024625E-16,1.));
#4608 = ORIENTED_EDGE('',*,*,#4609,.T.);
#4609 = EDGE_CURVE('',#4602,#4610,#4612,.T.);
#4610 = VERTEX_POINT('',#4611);
#4611 = CARTESIAN_POINT('',(-1.E-01,0.68,1.85));
#4612 = LINE('',#4613,#4614);
#4613 = CARTESIAN_POINT('',(0.1,0.68,1.85));
#4614 = VECTOR('',#4615,1.);
#4615 = DIRECTION('',(-1.,1.224646799147E-16,0.));
#4616 = ORIENTED_EDGE('',*,*,#4617,.F.);
#4617 = EDGE_CURVE('',#1858,#4610,#4618,.T.);
#4618 = LINE('',#4619,#4620);
#4619 = CARTESIAN_POINT('',(-1.E-01,0.68,1.72));
#4620 = VECTOR('',#4621,1.);
#4621 = DIRECTION('',(1.359631073447E-32,1.110223024625E-16,1.));
#4622 = ORIENTED_EDGE('',*,*,#1857,.F.);
#4623 = ORIENTED_EDGE('',*,*,#4624,.T.);
#4624 = EDGE_CURVE('',#1850,#4625,#4627,.T.);
#4625 = VERTEX_POINT('',#4626);
#4626 = CARTESIAN_POINT('',(-0.4,0.68,1.85));
#4627 = LINE('',#4628,#4629);
#4628 = CARTESIAN_POINT('',(-0.4,0.68,1.72));
#4629 = VECTOR('',#4630,1.);
#4630 = DIRECTION('',(1.359631073447E-32,1.110223024625E-16,1.));
#4631 = ORIENTED_EDGE('',*,*,#4632,.T.);
#4632 = EDGE_CURVE('',#4625,#4633,#4635,.T.);
#4633 = VERTEX_POINT('',#4634);
#4634 = CARTESIAN_POINT('',(-0.6,0.68,1.85));
#4635 = LINE('',#4636,#4637);
#4636 = CARTESIAN_POINT('',(-0.4,0.68,1.85));
#4637 = VECTOR('',#4638,1.);
#4638 = DIRECTION('',(-1.,1.224646799147E-16,0.));
#4639 = ORIENTED_EDGE('',*,*,#4640,.F.);
#4640 = EDGE_CURVE('',#1898,#4633,#4641,.T.);
#4641 = LINE('',#4642,#4643);
#4642 = CARTESIAN_POINT('',(-0.6,0.68,1.72));
#4643 = VECTOR('',#4644,1.);
#4644 = DIRECTION('',(1.359631073447E-32,1.110223024625E-16,1.));
#4645 = PLANE('',#4646);
#4646 = AXIS2_PLACEMENT_3D('',#4647,#4648,#4649);
#4647 = CARTESIAN_POINT('',(-1.45,0.68,1.72));
#4648 = DIRECTION('',(1.224646799147E-16,1.,-1.110223024625E-16));
#4649 = DIRECTION('',(-1.359631073447E-32,-1.110223024625E-16,-1.));
#4650 = ADVANCED_FACE('',(#4651),#4679,.T.);
#4651 = FACE_BOUND('',#4652,.F.);
#4652 = EDGE_LOOP('',(#4653,#4664,#4671,#4672,#4673));
#4653 = ORIENTED_EDGE('',*,*,#4654,.F.);
#4654 = EDGE_CURVE('',#4655,#4657,#4659,.T.);
#4655 = VERTEX_POINT('',#4656);
#4656 = CARTESIAN_POINT('',(-0.9,0.5675,1.898412291828));
#4657 = VERTEX_POINT('',#4658);
#4658 = CARTESIAN_POINT('',(-0.9,0.38,1.85));
#4659 = CIRCLE('',#4660,0.1);
#4660 = AXIS2_PLACEMENT_3D('',#4661,#4662,#4663);
#4661 = CARTESIAN_POINT('',(-0.9,0.48,1.85));
#4662 = DIRECTION('',(1.,-1.224646799147E-16,-1.232595164408E-32));
#4663 = DIRECTION('',(1.071565949254E-16,0.875,0.484122918276));
#4664 = ORIENTED_EDGE('',*,*,#4665,.F.);
#4665 = EDGE_CURVE('',#4185,#4655,#4666,.T.);
#4666 = CIRCLE('',#4667,0.1);
#4667 = AXIS2_PLACEMENT_3D('',#4668,#4669,#4670);
#4668 = CARTESIAN_POINT('',(-0.9,0.655,1.946824583655));
#4669 = DIRECTION('',(-1.,1.224646799147E-16,0.));
#4670 = DIRECTION('',(3.061616997868E-17,0.25,-0.968245836552));
#4671 = ORIENTED_EDGE('',*,*,#4184,.F.);
#4672 = ORIENTED_EDGE('',*,*,#1887,.F.);
#4673 = ORIENTED_EDGE('',*,*,#4674,.T.);
#4674 = EDGE_CURVE('',#1888,#4657,#4675,.T.);
#4675 = LINE('',#4676,#4677);
#4676 = CARTESIAN_POINT('',(-0.9,0.38,1.72));
#4677 = VECTOR('',#4678,1.);
#4678 = DIRECTION('',(1.359631073447E-32,1.110223024625E-16,1.));
#4679 = PLANE('',#4680);
#4680 = AXIS2_PLACEMENT_3D('',#4681,#4682,#4683);
#4681 = CARTESIAN_POINT('',(-0.9,-3.47,1.02));
#4682 = DIRECTION('',(1.,-1.224646799147E-16,0.));
#4683 = DIRECTION('',(-1.224646799147E-16,-1.,1.110223024625E-16));
#4684 = ADVANCED_FACE('',(#4685),#4771,.T.);
#4685 = FACE_BOUND('',#4686,.F.);
#4686 = EDGE_LOOP('',(#4687,#4688,#4696,#4705,#4713,#4721,#4729,#4738,
    #4746,#4755,#4764,#4770));
#4687 = ORIENTED_EDGE('',*,*,#4350,.F.);
#4688 = ORIENTED_EDGE('',*,*,#4689,.F.);
#4689 = EDGE_CURVE('',#4690,#4343,#4692,.T.);
#4690 = VERTEX_POINT('',#4691);
#4691 = CARTESIAN_POINT('',(-0.9,1.061188940512,0.291701754685));
#4692 = LINE('',#4693,#4694);
#4693 = CARTESIAN_POINT('',(-0.9,1.061188940512,0.291701754685));
#4694 = VECTOR('',#4695,1.);
#4695 = DIRECTION('',(-1.003171929054E-16,-0.819152044289,0.573576436351
    ));
#4696 = ORIENTED_EDGE('',*,*,#4697,.F.);
#4697 = EDGE_CURVE('',#4698,#4690,#4700,.T.);
#4698 = VERTEX_POINT('',#4699);
#4699 = CARTESIAN_POINT('',(-0.9,1.130018112874,0.27));
#4700 = CIRCLE('',#4701,0.12);
#4701 = AXIS2_PLACEMENT_3D('',#4702,#4703,#4704);
#4702 = CARTESIAN_POINT('',(-0.9,1.130018112874,0.39));
#4703 = DIRECTION('',(-1.,1.224646799147E-16,0.));
#4704 = DIRECTION('',(-1.826437741997E-30,-1.491399596413E-14,-1.));
#4705 = ORIENTED_EDGE('',*,*,#4706,.F.);
#4706 = EDGE_CURVE('',#4707,#4698,#4709,.T.);
#4707 = VERTEX_POINT('',#4708);
#4708 = CARTESIAN_POINT('',(-0.9,1.73,0.27));
#4709 = LINE('',#4710,#4711);
#4710 = CARTESIAN_POINT('',(-0.9,1.73,0.27));
#4711 = VECTOR('',#4712,1.);
#4712 = DIRECTION('',(-1.224646799147E-16,-1.,1.110223024625E-16));
#4713 = ORIENTED_EDGE('',*,*,#4714,.F.);
#4714 = EDGE_CURVE('',#4715,#4707,#4717,.T.);
#4715 = VERTEX_POINT('',#4716);
#4716 = CARTESIAN_POINT('',(-0.9,1.73,-6.661338147751E-16));
#4717 = LINE('',#4718,#4719);
#4718 = CARTESIAN_POINT('',(-0.9,1.73,-6.661338147751E-16));
#4719 = VECTOR('',#4720,1.);
#4720 = DIRECTION('',(1.359631073447E-32,1.110223024625E-16,1.));
#4721 = ORIENTED_EDGE('',*,*,#4722,.F.);
#4722 = EDGE_CURVE('',#4723,#4715,#4725,.T.);
#4723 = VERTEX_POINT('',#4724);
#4724 = CARTESIAN_POINT('',(-0.9,0.97920239636,-4.440892098501E-16));
#4725 = LINE('',#4726,#4727);
#4726 = CARTESIAN_POINT('',(-0.9,0.97920239636,-4.440892098501E-16));
#4727 = VECTOR('',#4728,1.);
#4728 = DIRECTION('',(1.224646799147E-16,1.,-1.110223024625E-16));
#4729 = ORIENTED_EDGE('',*,*,#4730,.F.);
#4730 = EDGE_CURVE('',#4731,#4723,#4733,.T.);
#4731 = VERTEX_POINT('',#4732);
#4732 = CARTESIAN_POINT('',(-0.9,0.919346165257,1.9892374906E-02));
#4733 = CIRCLE('',#4734,0.1);
#4734 = AXIS2_PLACEMENT_3D('',#4735,#4736,#4737);
#4735 = CARTESIAN_POINT('',(-0.9,0.97920239636,1.E-01));
#4736 = DIRECTION('',(1.,-1.224646799147E-16,1.232595164408E-32));
#4737 = DIRECTION('',(-7.330274182841E-17,-0.598562311023,
    -0.801076250942));
#4738 = ORIENTED_EDGE('',*,*,#4739,.F.);
#4739 = EDGE_CURVE('',#4740,#4731,#4742,.T.);
#4740 = VERTEX_POINT('',#4741);
#4741 = CARTESIAN_POINT('',(-0.9,0.714856231102,0.172686777966));
#4742 = LINE('',#4743,#4744);
#4743 = CARTESIAN_POINT('',(-0.9,0.714856231102,0.172686777966));
#4744 = VECTOR('',#4745,1.);
#4745 = DIRECTION('',(9.810354665891E-17,0.801076250942,-0.598562311023)
  );
#4746 = ORIENTED_EDGE('',*,*,#4747,.F.);
#4747 = EDGE_CURVE('',#4748,#4740,#4750,.T.);
#4748 = VERTEX_POINT('',#4749);
#4749 = CARTESIAN_POINT('',(-0.9,0.5675,0.1409914447));
#4750 = CIRCLE('',#4751,0.1);
#4751 = AXIS2_PLACEMENT_3D('',#4752,#4753,#4754);
#4752 = CARTESIAN_POINT('',(-0.9,0.655,9.25791528722E-02));
#4753 = DIRECTION('',(-1.,1.224646799147E-16,0.));
#4754 = DIRECTION('',(-1.071565949254E-16,-0.875,0.484122918276));
#4755 = ORIENTED_EDGE('',*,*,#4756,.F.);
#4756 = EDGE_CURVE('',#4757,#4748,#4759,.T.);
#4757 = VERTEX_POINT('',#4758);
#4758 = CARTESIAN_POINT('',(-0.9,0.38,0.189403736527));
#4759 = CIRCLE('',#4760,0.1);
#4760 = AXIS2_PLACEMENT_3D('',#4761,#4762,#4763);
#4761 = CARTESIAN_POINT('',(-0.9,0.48,0.189403736527));
#4762 = DIRECTION('',(1.,-1.224646799147E-16,0.));
#4763 = DIRECTION('',(-1.224646799147E-16,-1.,1.110223024625E-16));
#4764 = ORIENTED_EDGE('',*,*,#4765,.F.);
#4765 = EDGE_CURVE('',#516,#4757,#4766,.T.);
#4766 = LINE('',#4767,#4768);
#4767 = CARTESIAN_POINT('',(-0.9,0.38,0.32));
#4768 = VECTOR('',#4769,1.);
#4769 = DIRECTION('',(-1.359631073447E-32,-1.110223024625E-16,-1.));
#4770 = ORIENTED_EDGE('',*,*,#513,.F.);
#4771 = PLANE('',#4772);
#4772 = AXIS2_PLACEMENT_3D('',#4773,#4774,#4775);
#4773 = CARTESIAN_POINT('',(-0.9,-3.47,1.02));
#4774 = DIRECTION('',(1.,-1.224646799147E-16,0.));
#4775 = DIRECTION('',(-1.224646799147E-16,-1.,1.110223024625E-16));
#4776 = ADVANCED_FACE('',(#4777),#4803,.T.);
#4777 = FACE_BOUND('',#4778,.T.);
#4778 = EDGE_LOOP('',(#4779,#4780,#4788,#4797));
#4779 = ORIENTED_EDGE('',*,*,#4654,.F.);
#4780 = ORIENTED_EDGE('',*,*,#4781,.T.);
#4781 = EDGE_CURVE('',#4655,#4782,#4784,.T.);
#4782 = VERTEX_POINT('',#4783);
#4783 = CARTESIAN_POINT('',(-1.1,0.5675,1.898412291828));
#4784 = LINE('',#4785,#4786);
#4785 = CARTESIAN_POINT('',(-0.9,0.5675,1.898412291828));
#4786 = VECTOR('',#4787,1.);
#4787 = DIRECTION('',(-1.,1.224646799147E-16,0.));
#4788 = ORIENTED_EDGE('',*,*,#4789,.T.);
#4789 = EDGE_CURVE('',#4782,#4790,#4792,.T.);
#4790 = VERTEX_POINT('',#4791);
#4791 = CARTESIAN_POINT('',(-1.1,0.38,1.85));
#4792 = CIRCLE('',#4793,0.1);
#4793 = AXIS2_PLACEMENT_3D('',#4794,#4795,#4796);
#4794 = CARTESIAN_POINT('',(-1.1,0.48,1.85));
#4795 = DIRECTION('',(1.,-1.224646799147E-16,-1.232595164408E-32));
#4796 = DIRECTION('',(1.071565949254E-16,0.875,0.484122918276));
#4797 = ORIENTED_EDGE('',*,*,#4798,.T.);
#4798 = EDGE_CURVE('',#4790,#4657,#4799,.T.);
#4799 = LINE('',#4800,#4801);
#4800 = CARTESIAN_POINT('',(-1.1,0.38,1.85));
#4801 = VECTOR('',#4802,1.);
#4802 = DIRECTION('',(1.,-1.224646799147E-16,0.));
#4803 = CYLINDRICAL_SURFACE('',#4804,0.1);
#4804 = AXIS2_PLACEMENT_3D('',#4805,#4806,#4807);
#4805 = CARTESIAN_POINT('',(-0.9,0.48,1.85));
#4806 = DIRECTION('',(1.,-1.224646799147E-16,0.));
#4807 = DIRECTION('',(-1.224646799147E-16,-1.,1.110223024625E-16));
#4808 = ADVANCED_FACE('',(#4809),#4935,.T.);
#4809 = FACE_BOUND('',#4810,.F.);
#4810 = EDGE_LOOP('',(#4811,#4812,#4813,#4821,#4829,#4835,#4836,#4844,
    #4852,#4858,#4859,#4867,#4875,#4881,#4882,#4890,#4898,#4904,#4905,
    #4913,#4921,#4927,#4928,#4934));
#4811 = ORIENTED_EDGE('',*,*,#4674,.F.);
#4812 = ORIENTED_EDGE('',*,*,#1913,.T.);
#4813 = ORIENTED_EDGE('',*,*,#4814,.F.);
#4814 = EDGE_CURVE('',#4815,#1906,#4817,.T.);
#4815 = VERTEX_POINT('',#4816);
#4816 = CARTESIAN_POINT('',(-0.6,0.38,1.85));
#4817 = LINE('',#4818,#4819);
#4818 = CARTESIAN_POINT('',(-0.6,0.38,1.85));
#4819 = VECTOR('',#4820,1.);
#4820 = DIRECTION('',(-1.359631073447E-32,-1.110223024625E-16,-1.));
#4821 = ORIENTED_EDGE('',*,*,#4822,.T.);
#4822 = EDGE_CURVE('',#4815,#4823,#4825,.T.);
#4823 = VERTEX_POINT('',#4824);
#4824 = CARTESIAN_POINT('',(-0.4,0.38,1.85));
#4825 = LINE('',#4826,#4827);
#4826 = CARTESIAN_POINT('',(-0.6,0.38,1.85));
#4827 = VECTOR('',#4828,1.);
#4828 = DIRECTION('',(1.,-1.224646799147E-16,0.));
#4829 = ORIENTED_EDGE('',*,*,#4830,.T.);
#4830 = EDGE_CURVE('',#4823,#1848,#4831,.T.);
#4831 = LINE('',#4832,#4833);
#4832 = CARTESIAN_POINT('',(-0.4,0.38,1.85));
#4833 = VECTOR('',#4834,1.);
#4834 = DIRECTION('',(-1.359631073447E-32,-1.110223024625E-16,-1.));
#4835 = ORIENTED_EDGE('',*,*,#1873,.T.);
#4836 = ORIENTED_EDGE('',*,*,#4837,.F.);
#4837 = EDGE_CURVE('',#4838,#1866,#4840,.T.);
#4838 = VERTEX_POINT('',#4839);
#4839 = CARTESIAN_POINT('',(-1.E-01,0.38,1.85));
#4840 = LINE('',#4841,#4842);
#4841 = CARTESIAN_POINT('',(-1.E-01,0.38,1.85));
#4842 = VECTOR('',#4843,1.);
#4843 = DIRECTION('',(-1.359631073447E-32,-1.110223024625E-16,-1.));
#4844 = ORIENTED_EDGE('',*,*,#4845,.T.);
#4845 = EDGE_CURVE('',#4838,#4846,#4848,.T.);
#4846 = VERTEX_POINT('',#4847);
#4847 = CARTESIAN_POINT('',(0.1,0.38,1.85));
#4848 = LINE('',#4849,#4850);
#4849 = CARTESIAN_POINT('',(-1.E-01,0.38,1.85));
#4850 = VECTOR('',#4851,1.);
#4851 = DIRECTION('',(1.,-1.224646799147E-16,0.));
#4852 = ORIENTED_EDGE('',*,*,#4853,.T.);
#4853 = EDGE_CURVE('',#4846,#1808,#4854,.T.);
#4854 = LINE('',#4855,#4856);
#4855 = CARTESIAN_POINT('',(0.1,0.38,1.85));
#4856 = VECTOR('',#4857,1.);
#4857 = DIRECTION('',(-1.359631073447E-32,-1.110223024625E-16,-1.));
#4858 = ORIENTED_EDGE('',*,*,#1833,.T.);
#4859 = ORIENTED_EDGE('',*,*,#4860,.F.);
#4860 = EDGE_CURVE('',#4861,#1826,#4863,.T.);
#4861 = VERTEX_POINT('',#4862);
#4862 = CARTESIAN_POINT('',(0.4,0.38,1.85));
#4863 = LINE('',#4864,#4865);
#4864 = CARTESIAN_POINT('',(0.4,0.38,1.85));
#4865 = VECTOR('',#4866,1.);
#4866 = DIRECTION('',(-1.359631073447E-32,-1.110223024625E-16,-1.));
#4867 = ORIENTED_EDGE('',*,*,#4868,.T.);
#4868 = EDGE_CURVE('',#4861,#4869,#4871,.T.);
#4869 = VERTEX_POINT('',#4870);
#4870 = CARTESIAN_POINT('',(0.6,0.38,1.85));
#4871 = LINE('',#4872,#4873);
#4872 = CARTESIAN_POINT('',(0.4,0.38,1.85));
#4873 = VECTOR('',#4874,1.);
#4874 = DIRECTION('',(1.,-1.224646799147E-16,0.));
#4875 = ORIENTED_EDGE('',*,*,#4876,.T.);
#4876 = EDGE_CURVE('',#4869,#1768,#4877,.T.);
#4877 = LINE('',#4878,#4879);
#4878 = CARTESIAN_POINT('',(0.6,0.38,1.85));
#4879 = VECTOR('',#4880,1.);
#4880 = DIRECTION('',(-1.359631073447E-32,-1.110223024625E-16,-1.));
#4881 = ORIENTED_EDGE('',*,*,#1793,.T.);
#4882 = ORIENTED_EDGE('',*,*,#4883,.F.);
#4883 = EDGE_CURVE('',#4884,#1786,#4886,.T.);
#4884 = VERTEX_POINT('',#4885);
#4885 = CARTESIAN_POINT('',(0.9,0.38,1.85));
#4886 = LINE('',#4887,#4888);
#4887 = CARTESIAN_POINT('',(0.9,0.38,1.85));
#4888 = VECTOR('',#4889,1.);
#4889 = DIRECTION('',(-1.359631073447E-32,-1.110223024625E-16,-1.));
#4890 = ORIENTED_EDGE('',*,*,#4891,.T.);
#4891 = EDGE_CURVE('',#4884,#4892,#4894,.T.);
#4892 = VERTEX_POINT('',#4893);
#4893 = CARTESIAN_POINT('',(1.1,0.38,1.85));
#4894 = LINE('',#4895,#4896);
#4895 = CARTESIAN_POINT('',(0.9,0.38,1.85));
#4896 = VECTOR('',#4897,1.);
#4897 = DIRECTION('',(1.,-1.224646799147E-16,0.));
#4898 = ORIENTED_EDGE('',*,*,#4899,.T.);
#4899 = EDGE_CURVE('',#4892,#1608,#4900,.T.);
#4900 = LINE('',#4901,#4902);
#4901 = CARTESIAN_POINT('',(1.1,0.38,1.85));
#4902 = VECTOR('',#4903,1.);
#4903 = DIRECTION('',(-1.359631073447E-32,-1.110223024625E-16,-1.));
#4904 = ORIENTED_EDGE('',*,*,#1753,.T.);
#4905 = ORIENTED_EDGE('',*,*,#4906,.F.);
#4906 = EDGE_CURVE('',#4907,#1746,#4909,.T.);
#4907 = VERTEX_POINT('',#4908);
#4908 = CARTESIAN_POINT('',(1.45,0.38,2.02));
#4909 = LINE('',#4910,#4911);
#4910 = CARTESIAN_POINT('',(1.45,0.38,2.02));
#4911 = VECTOR('',#4912,1.);
#4912 = DIRECTION('',(-1.359631073447E-32,-1.110223024625E-16,-1.));
#4913 = ORIENTED_EDGE('',*,*,#4914,.F.);
#4914 = EDGE_CURVE('',#4915,#4907,#4917,.T.);
#4915 = VERTEX_POINT('',#4916);
#4916 = CARTESIAN_POINT('',(-1.45,0.38,2.02));
#4917 = LINE('',#4918,#4919);
#4918 = CARTESIAN_POINT('',(-1.45,0.38,2.02));
#4919 = VECTOR('',#4920,1.);
#4920 = DIRECTION('',(1.,-1.224646799147E-16,0.));
#4921 = ORIENTED_EDGE('',*,*,#4922,.T.);
#4922 = EDGE_CURVE('',#4915,#1938,#4923,.T.);
#4923 = LINE('',#4924,#4925);
#4924 = CARTESIAN_POINT('',(-1.45,0.38,2.02));
#4925 = VECTOR('',#4926,1.);
#4926 = DIRECTION('',(-1.359631073447E-32,-1.110223024625E-16,-1.));
#4927 = ORIENTED_EDGE('',*,*,#1937,.T.);
#4928 = ORIENTED_EDGE('',*,*,#4929,.T.);
#4929 = EDGE_CURVE('',#1928,#4790,#4930,.T.);
#4930 = LINE('',#4931,#4932);
#4931 = CARTESIAN_POINT('',(-1.1,0.38,1.72));
#4932 = VECTOR('',#4933,1.);
#4933 = DIRECTION('',(1.359631073447E-32,1.110223024625E-16,1.));
#4934 = ORIENTED_EDGE('',*,*,#4798,.T.);
#4935 = PLANE('',#4936);
#4936 = AXIS2_PLACEMENT_3D('',#4937,#4938,#4939);
#4937 = CARTESIAN_POINT('',(-1.45,0.38,2.02));
#4938 = DIRECTION('',(1.224646799147E-16,1.,-1.110223024625E-16));
#4939 = DIRECTION('',(-1.359631073447E-32,-1.110223024625E-16,-1.));
#4940 = ADVANCED_FACE('',(#4941),#4962,.F.);
#4941 = FACE_BOUND('',#4942,.F.);
#4942 = EDGE_LOOP('',(#4943,#4944,#4953,#4960,#4961));
#4943 = ORIENTED_EDGE('',*,*,#4640,.T.);
#4944 = ORIENTED_EDGE('',*,*,#4945,.F.);
#4945 = EDGE_CURVE('',#4946,#4633,#4948,.T.);
#4946 = VERTEX_POINT('',#4947);
#4947 = CARTESIAN_POINT('',(-0.6,0.5675,1.898412291828));
#4948 = CIRCLE('',#4949,0.1);
#4949 = AXIS2_PLACEMENT_3D('',#4950,#4951,#4952);
#4950 = CARTESIAN_POINT('',(-0.6,0.655,1.946824583655));
#4951 = DIRECTION('',(1.,-1.224646799147E-16,-6.162975822039E-33));
#4952 = DIRECTION('',(-1.071565949254E-16,-0.875,-0.484122918276));
#4953 = ORIENTED_EDGE('',*,*,#4954,.T.);
#4954 = EDGE_CURVE('',#4946,#4815,#4955,.T.);
#4955 = CIRCLE('',#4956,0.1);
#4956 = AXIS2_PLACEMENT_3D('',#4957,#4958,#4959);
#4957 = CARTESIAN_POINT('',(-0.6,0.48,1.85));
#4958 = DIRECTION('',(1.,-1.224646799147E-16,-1.232595164408E-32));
#4959 = DIRECTION('',(1.071565949254E-16,0.875,0.484122918276));
#4960 = ORIENTED_EDGE('',*,*,#4814,.T.);
#4961 = ORIENTED_EDGE('',*,*,#1905,.T.);
#4962 = PLANE('',#4963);
#4963 = AXIS2_PLACEMENT_3D('',#4964,#4965,#4966);
#4964 = CARTESIAN_POINT('',(-0.6,-3.47,1.02));
#4965 = DIRECTION('',(1.,-1.224646799147E-16,0.));
#4966 = DIRECTION('',(-1.224646799147E-16,-1.,1.110223024625E-16));
#4967 = ADVANCED_FACE('',(#4968),#5054,.F.);
#4968 = FACE_BOUND('',#4969,.F.);
#4969 = EDGE_LOOP('',(#4970,#4971,#4972,#4980,#4989,#4998,#5006,#5015,
    #5023,#5031,#5039,#5048));
#4970 = ORIENTED_EDGE('',*,*,#4357,.T.);
#4971 = ORIENTED_EDGE('',*,*,#531,.T.);
#4972 = ORIENTED_EDGE('',*,*,#4973,.T.);
#4973 = EDGE_CURVE('',#524,#4974,#4976,.T.);
#4974 = VERTEX_POINT('',#4975);
#4975 = CARTESIAN_POINT('',(-0.6,0.38,0.189403736527));
#4976 = LINE('',#4977,#4978);
#4977 = CARTESIAN_POINT('',(-0.6,0.38,0.32));
#4978 = VECTOR('',#4979,1.);
#4979 = DIRECTION('',(-1.359631073447E-32,-1.110223024625E-16,-1.));
#4980 = ORIENTED_EDGE('',*,*,#4981,.F.);
#4981 = EDGE_CURVE('',#4982,#4974,#4984,.T.);
#4982 = VERTEX_POINT('',#4983);
#4983 = CARTESIAN_POINT('',(-0.6,0.5675,0.1409914447));
#4984 = CIRCLE('',#4985,0.1);
#4985 = AXIS2_PLACEMENT_3D('',#4986,#4987,#4988);
#4986 = CARTESIAN_POINT('',(-0.6,0.48,0.189403736527));
#4987 = DIRECTION('',(-1.,1.224646799147E-16,0.));
#4988 = DIRECTION('',(1.071565949254E-16,0.875,-0.484122918276));
#4989 = ORIENTED_EDGE('',*,*,#4990,.F.);
#4990 = EDGE_CURVE('',#4991,#4982,#4993,.T.);
#4991 = VERTEX_POINT('',#4992);
#4992 = CARTESIAN_POINT('',(-0.6,0.714856231102,0.172686777966));
#4993 = CIRCLE('',#4994,0.1);
#4994 = AXIS2_PLACEMENT_3D('',#4995,#4996,#4997);
#4995 = CARTESIAN_POINT('',(-0.6,0.655,9.25791528722E-02));
#4996 = DIRECTION('',(1.,-1.224646799147E-16,1.232595164408E-32));
#4997 = DIRECTION('',(7.330274182841E-17,0.598562311023,0.801076250942)
  );
#4998 = ORIENTED_EDGE('',*,*,#4999,.T.);
#4999 = EDGE_CURVE('',#4991,#5000,#5002,.T.);
#5000 = VERTEX_POINT('',#5001);
#5001 = CARTESIAN_POINT('',(-0.6,0.919346165257,1.9892374906E-02));
#5002 = LINE('',#5003,#5004);
#5003 = CARTESIAN_POINT('',(-0.6,0.714856231102,0.172686777966));
#5004 = VECTOR('',#5005,1.);
#5005 = DIRECTION('',(9.810354665891E-17,0.801076250942,-0.598562311023)
  );
#5006 = ORIENTED_EDGE('',*,*,#5007,.T.);
#5007 = EDGE_CURVE('',#5000,#5008,#5010,.T.);
#5008 = VERTEX_POINT('',#5009);
#5009 = CARTESIAN_POINT('',(-0.6,0.97920239636,-4.440892098501E-16));
#5010 = CIRCLE('',#5011,0.1);
#5011 = AXIS2_PLACEMENT_3D('',#5012,#5013,#5014);
#5012 = CARTESIAN_POINT('',(-0.6,0.97920239636,1.E-01));
#5013 = DIRECTION('',(1.,-1.224646799147E-16,1.232595164408E-32));
#5014 = DIRECTION('',(-7.330274182841E-17,-0.598562311023,
    -0.801076250942));
#5015 = ORIENTED_EDGE('',*,*,#5016,.T.);
#5016 = EDGE_CURVE('',#5008,#5017,#5019,.T.);
#5017 = VERTEX_POINT('',#5018);
#5018 = CARTESIAN_POINT('',(-0.6,1.73,-6.661338147751E-16));
#5019 = LINE('',#5020,#5021);
#5020 = CARTESIAN_POINT('',(-0.6,0.97920239636,-4.440892098501E-16));
#5021 = VECTOR('',#5022,1.);
#5022 = DIRECTION('',(1.224646799147E-16,1.,-1.110223024625E-16));
#5023 = ORIENTED_EDGE('',*,*,#5024,.T.);
#5024 = EDGE_CURVE('',#5017,#5025,#5027,.T.);
#5025 = VERTEX_POINT('',#5026);
#5026 = CARTESIAN_POINT('',(-0.6,1.73,0.27));
#5027 = LINE('',#5028,#5029);
#5028 = CARTESIAN_POINT('',(-0.6,1.73,-6.661338147751E-16));
#5029 = VECTOR('',#5030,1.);
#5030 = DIRECTION('',(1.359631073447E-32,1.110223024625E-16,1.));
#5031 = ORIENTED_EDGE('',*,*,#5032,.T.);
#5032 = EDGE_CURVE('',#5025,#5033,#5035,.T.);
#5033 = VERTEX_POINT('',#5034);
#5034 = CARTESIAN_POINT('',(-0.6,1.130018112874,0.27));
#5035 = LINE('',#5036,#5037);
#5036 = CARTESIAN_POINT('',(-0.6,1.73,0.27));
#5037 = VECTOR('',#5038,1.);
#5038 = DIRECTION('',(-1.224646799147E-16,-1.,1.110223024625E-16));
#5039 = ORIENTED_EDGE('',*,*,#5040,.T.);
#5040 = EDGE_CURVE('',#5033,#5041,#5043,.T.);
#5041 = VERTEX_POINT('',#5042);
#5042 = CARTESIAN_POINT('',(-0.6,1.061188940512,0.291701754685));
#5043 = CIRCLE('',#5044,0.12);
#5044 = AXIS2_PLACEMENT_3D('',#5045,#5046,#5047);
#5045 = CARTESIAN_POINT('',(-0.6,1.130018112874,0.39));
#5046 = DIRECTION('',(-1.,1.224646799147E-16,0.));
#5047 = DIRECTION('',(-1.826437741997E-30,-1.491399596413E-14,-1.));
#5048 = ORIENTED_EDGE('',*,*,#5049,.T.);
#5049 = EDGE_CURVE('',#5041,#4358,#5050,.T.);
#5050 = LINE('',#5051,#5052);
#5051 = CARTESIAN_POINT('',(-0.6,1.061188940512,0.291701754685));
#5052 = VECTOR('',#5053,1.);
#5053 = DIRECTION('',(-1.003171929054E-16,-0.819152044289,0.573576436351
    ));
#5054 = PLANE('',#5055);
#5055 = AXIS2_PLACEMENT_3D('',#5056,#5057,#5058);
#5056 = CARTESIAN_POINT('',(-0.6,-3.47,1.02));
#5057 = DIRECTION('',(1.,-1.224646799147E-16,0.));
#5058 = DIRECTION('',(-1.224646799147E-16,-1.,1.110223024625E-16));
#5059 = ADVANCED_FACE('',(#5060),#5079,.F.);
#5060 = FACE_BOUND('',#5061,.F.);
#5061 = EDGE_LOOP('',(#5062,#5071,#5077,#5078));
#5062 = ORIENTED_EDGE('',*,*,#5063,.T.);
#5063 = EDGE_CURVE('',#4625,#5064,#5066,.T.);
#5064 = VERTEX_POINT('',#5065);
#5065 = CARTESIAN_POINT('',(-0.4,0.5675,1.898412291828));
#5066 = CIRCLE('',#5067,0.1);
#5067 = AXIS2_PLACEMENT_3D('',#5068,#5069,#5070);
#5068 = CARTESIAN_POINT('',(-0.4,0.655,1.946824583655));
#5069 = DIRECTION('',(-1.,1.224646799147E-16,0.));
#5070 = DIRECTION('',(3.061616997868E-17,0.25,-0.968245836552));
#5071 = ORIENTED_EDGE('',*,*,#5072,.T.);
#5072 = EDGE_CURVE('',#5064,#4946,#5073,.T.);
#5073 = LINE('',#5074,#5075);
#5074 = CARTESIAN_POINT('',(-0.4,0.5675,1.898412291828));
#5075 = VECTOR('',#5076,1.);
#5076 = DIRECTION('',(-1.,1.224646799147E-16,0.));
#5077 = ORIENTED_EDGE('',*,*,#4945,.T.);
#5078 = ORIENTED_EDGE('',*,*,#4632,.F.);
#5079 = CYLINDRICAL_SURFACE('',#5080,0.1);
#5080 = AXIS2_PLACEMENT_3D('',#5081,#5082,#5083);
#5081 = CARTESIAN_POINT('',(-0.4,0.655,1.946824583655));
#5082 = DIRECTION('',(1.,-1.224646799147E-16,0.));
#5083 = DIRECTION('',(-1.224646799147E-16,-1.,1.110223024625E-16));
#5084 = ADVANCED_FACE('',(#5085),#5098,.T.);
#5085 = FACE_BOUND('',#5086,.F.);
#5086 = EDGE_LOOP('',(#5087,#5094,#5095,#5096,#5097));
#5087 = ORIENTED_EDGE('',*,*,#5088,.F.);
#5088 = EDGE_CURVE('',#5064,#4823,#5089,.T.);
#5089 = CIRCLE('',#5090,0.1);
#5090 = AXIS2_PLACEMENT_3D('',#5091,#5092,#5093);
#5091 = CARTESIAN_POINT('',(-0.4,0.48,1.85));
#5092 = DIRECTION('',(1.,-1.224646799147E-16,-1.232595164408E-32));
#5093 = DIRECTION('',(1.071565949254E-16,0.875,0.484122918276));
#5094 = ORIENTED_EDGE('',*,*,#5063,.F.);
#5095 = ORIENTED_EDGE('',*,*,#4624,.F.);
#5096 = ORIENTED_EDGE('',*,*,#1847,.F.);
#5097 = ORIENTED_EDGE('',*,*,#4830,.F.);
#5098 = PLANE('',#5099);
#5099 = AXIS2_PLACEMENT_3D('',#5100,#5101,#5102);
#5100 = CARTESIAN_POINT('',(-0.4,-3.47,1.02));
#5101 = DIRECTION('',(1.,-1.224646799147E-16,0.));
#5102 = DIRECTION('',(-1.224646799147E-16,-1.,1.110223024625E-16));
#5103 = ADVANCED_FACE('',(#5104),#5190,.T.);
#5104 = FACE_BOUND('',#5105,.F.);
#5105 = EDGE_LOOP('',(#5106,#5107,#5115,#5124,#5132,#5140,#5148,#5157,
    #5165,#5174,#5183,#5189));
#5106 = ORIENTED_EDGE('',*,*,#4373,.F.);
#5107 = ORIENTED_EDGE('',*,*,#5108,.F.);
#5108 = EDGE_CURVE('',#5109,#4366,#5111,.T.);
#5109 = VERTEX_POINT('',#5110);
#5110 = CARTESIAN_POINT('',(-0.4,1.061188940512,0.291701754685));
#5111 = LINE('',#5112,#5113);
#5112 = CARTESIAN_POINT('',(-0.4,1.061188940512,0.291701754685));
#5113 = VECTOR('',#5114,1.);
#5114 = DIRECTION('',(-1.003171929054E-16,-0.819152044289,0.573576436351
    ));
#5115 = ORIENTED_EDGE('',*,*,#5116,.F.);
#5116 = EDGE_CURVE('',#5117,#5109,#5119,.T.);
#5117 = VERTEX_POINT('',#5118);
#5118 = CARTESIAN_POINT('',(-0.4,1.130018112874,0.27));
#5119 = CIRCLE('',#5120,0.12);
#5120 = AXIS2_PLACEMENT_3D('',#5121,#5122,#5123);
#5121 = CARTESIAN_POINT('',(-0.4,1.130018112874,0.39));
#5122 = DIRECTION('',(-1.,1.224646799147E-16,0.));
#5123 = DIRECTION('',(-1.826437741997E-30,-1.491399596413E-14,-1.));
#5124 = ORIENTED_EDGE('',*,*,#5125,.F.);
#5125 = EDGE_CURVE('',#5126,#5117,#5128,.T.);
#5126 = VERTEX_POINT('',#5127);
#5127 = CARTESIAN_POINT('',(-0.4,1.73,0.27));
#5128 = LINE('',#5129,#5130);
#5129 = CARTESIAN_POINT('',(-0.4,1.73,0.27));
#5130 = VECTOR('',#5131,1.);
#5131 = DIRECTION('',(-1.224646799147E-16,-1.,1.110223024625E-16));
#5132 = ORIENTED_EDGE('',*,*,#5133,.F.);
#5133 = EDGE_CURVE('',#5134,#5126,#5136,.T.);
#5134 = VERTEX_POINT('',#5135);
#5135 = CARTESIAN_POINT('',(-0.4,1.73,-6.661338147751E-16));
#5136 = LINE('',#5137,#5138);
#5137 = CARTESIAN_POINT('',(-0.4,1.73,-6.661338147751E-16));
#5138 = VECTOR('',#5139,1.);
#5139 = DIRECTION('',(1.359631073447E-32,1.110223024625E-16,1.));
#5140 = ORIENTED_EDGE('',*,*,#5141,.F.);
#5141 = EDGE_CURVE('',#5142,#5134,#5144,.T.);
#5142 = VERTEX_POINT('',#5143);
#5143 = CARTESIAN_POINT('',(-0.4,0.97920239636,-4.440892098501E-16));
#5144 = LINE('',#5145,#5146);
#5145 = CARTESIAN_POINT('',(-0.4,0.97920239636,-4.440892098501E-16));
#5146 = VECTOR('',#5147,1.);
#5147 = DIRECTION('',(1.224646799147E-16,1.,-1.110223024625E-16));
#5148 = ORIENTED_EDGE('',*,*,#5149,.F.);
#5149 = EDGE_CURVE('',#5150,#5142,#5152,.T.);
#5150 = VERTEX_POINT('',#5151);
#5151 = CARTESIAN_POINT('',(-0.4,0.919346165257,1.9892374906E-02));
#5152 = CIRCLE('',#5153,0.1);
#5153 = AXIS2_PLACEMENT_3D('',#5154,#5155,#5156);
#5154 = CARTESIAN_POINT('',(-0.4,0.97920239636,1.E-01));
#5155 = DIRECTION('',(1.,-1.224646799147E-16,1.232595164408E-32));
#5156 = DIRECTION('',(-7.330274182841E-17,-0.598562311023,
    -0.801076250942));
#5157 = ORIENTED_EDGE('',*,*,#5158,.F.);
#5158 = EDGE_CURVE('',#5159,#5150,#5161,.T.);
#5159 = VERTEX_POINT('',#5160);
#5160 = CARTESIAN_POINT('',(-0.4,0.714856231102,0.172686777966));
#5161 = LINE('',#5162,#5163);
#5162 = CARTESIAN_POINT('',(-0.4,0.714856231102,0.172686777966));
#5163 = VECTOR('',#5164,1.);
#5164 = DIRECTION('',(9.810354665891E-17,0.801076250942,-0.598562311023)
  );
#5165 = ORIENTED_EDGE('',*,*,#5166,.F.);
#5166 = EDGE_CURVE('',#5167,#5159,#5169,.T.);
#5167 = VERTEX_POINT('',#5168);
#5168 = CARTESIAN_POINT('',(-0.4,0.5675,0.1409914447));
#5169 = CIRCLE('',#5170,0.1);
#5170 = AXIS2_PLACEMENT_3D('',#5171,#5172,#5173);
#5171 = CARTESIAN_POINT('',(-0.4,0.655,9.25791528722E-02));
#5172 = DIRECTION('',(-1.,1.224646799147E-16,0.));
#5173 = DIRECTION('',(-1.071565949254E-16,-0.875,0.484122918276));
#5174 = ORIENTED_EDGE('',*,*,#5175,.F.);
#5175 = EDGE_CURVE('',#5176,#5167,#5178,.T.);
#5176 = VERTEX_POINT('',#5177);
#5177 = CARTESIAN_POINT('',(-0.4,0.38,0.189403736527));
#5178 = CIRCLE('',#5179,0.1);
#5179 = AXIS2_PLACEMENT_3D('',#5180,#5181,#5182);
#5180 = CARTESIAN_POINT('',(-0.4,0.48,0.189403736527));
#5181 = DIRECTION('',(1.,-1.224646799147E-16,0.));
#5182 = DIRECTION('',(-1.224646799147E-16,-1.,1.110223024625E-16));
#5183 = ORIENTED_EDGE('',*,*,#5184,.F.);
#5184 = EDGE_CURVE('',#476,#5176,#5185,.T.);
#5185 = LINE('',#5186,#5187);
#5186 = CARTESIAN_POINT('',(-0.4,0.38,0.32));
#5187 = VECTOR('',#5188,1.);
#5188 = DIRECTION('',(-1.359631073447E-32,-1.110223024625E-16,-1.));
#5189 = ORIENTED_EDGE('',*,*,#473,.F.);
#5190 = PLANE('',#5191);
#5191 = AXIS2_PLACEMENT_3D('',#5192,#5193,#5194);
#5192 = CARTESIAN_POINT('',(-0.4,-3.47,1.02));
#5193 = DIRECTION('',(1.,-1.224646799147E-16,0.));
#5194 = DIRECTION('',(-1.224646799147E-16,-1.,1.110223024625E-16));
#5195 = ADVANCED_FACE('',(#5196),#5202,.T.);
#5196 = FACE_BOUND('',#5197,.T.);
#5197 = EDGE_LOOP('',(#5198,#5199,#5200,#5201));
#5198 = ORIENTED_EDGE('',*,*,#5088,.F.);
#5199 = ORIENTED_EDGE('',*,*,#5072,.T.);
#5200 = ORIENTED_EDGE('',*,*,#4954,.T.);
#5201 = ORIENTED_EDGE('',*,*,#4822,.T.);
#5202 = CYLINDRICAL_SURFACE('',#5203,0.1);
#5203 = AXIS2_PLACEMENT_3D('',#5204,#5205,#5206);
#5204 = CARTESIAN_POINT('',(-0.4,0.48,1.85));
#5205 = DIRECTION('',(1.,-1.224646799147E-16,0.));
#5206 = DIRECTION('',(-1.224646799147E-16,-1.,1.110223024625E-16));
#5207 = ADVANCED_FACE('',(#5208),#5219,.T.);
#5208 = FACE_BOUND('',#5209,.F.);
#5209 = EDGE_LOOP('',(#5210,#5211,#5212,#5218));
#5210 = ORIENTED_EDGE('',*,*,#4365,.F.);
#5211 = ORIENTED_EDGE('',*,*,#5049,.F.);
#5212 = ORIENTED_EDGE('',*,*,#5213,.F.);
#5213 = EDGE_CURVE('',#5109,#5041,#5214,.T.);
#5214 = LINE('',#5215,#5216);
#5215 = CARTESIAN_POINT('',(-0.4,1.061188940512,0.291701754685));
#5216 = VECTOR('',#5217,1.);
#5217 = DIRECTION('',(-1.,1.224646799147E-16,0.));
#5218 = ORIENTED_EDGE('',*,*,#5108,.T.);
#5219 = PLANE('',#5220);
#5220 = AXIS2_PLACEMENT_3D('',#5221,#5222,#5223);
#5221 = CARTESIAN_POINT('',(-0.4,1.061188940512,0.291701754685));
#5222 = DIRECTION('',(7.024285468436E-17,0.573576436351,0.819152044289)
  );
#5223 = DIRECTION('',(-1.003171929054E-16,-0.819152044289,0.573576436351
    ));
#5224 = ADVANCED_FACE('',(#5225),#5236,.F.);
#5225 = FACE_BOUND('',#5226,.F.);
#5226 = EDGE_LOOP('',(#5227,#5228,#5229,#5230));
#5227 = ORIENTED_EDGE('',*,*,#5116,.T.);
#5228 = ORIENTED_EDGE('',*,*,#5213,.T.);
#5229 = ORIENTED_EDGE('',*,*,#5040,.F.);
#5230 = ORIENTED_EDGE('',*,*,#5231,.F.);
#5231 = EDGE_CURVE('',#5117,#5033,#5232,.T.);
#5232 = LINE('',#5233,#5234);
#5233 = CARTESIAN_POINT('',(-0.4,1.130018112874,0.27));
#5234 = VECTOR('',#5235,1.);
#5235 = DIRECTION('',(-1.,1.224646799147E-16,0.));
#5236 = CYLINDRICAL_SURFACE('',#5237,0.12);
#5237 = AXIS2_PLACEMENT_3D('',#5238,#5239,#5240);
#5238 = CARTESIAN_POINT('',(-0.4,1.130018112874,0.39));
#5239 = DIRECTION('',(1.,-1.224646799147E-16,0.));
#5240 = DIRECTION('',(-1.224646799147E-16,-1.,1.110223024625E-16));
#5241 = ADVANCED_FACE('',(#5242),#5253,.T.);
#5242 = FACE_BOUND('',#5243,.F.);
#5243 = EDGE_LOOP('',(#5244,#5245,#5246,#5247));
#5244 = ORIENTED_EDGE('',*,*,#5125,.T.);
#5245 = ORIENTED_EDGE('',*,*,#5231,.T.);
#5246 = ORIENTED_EDGE('',*,*,#5032,.F.);
#5247 = ORIENTED_EDGE('',*,*,#5248,.F.);
#5248 = EDGE_CURVE('',#5126,#5025,#5249,.T.);
#5249 = LINE('',#5250,#5251);
#5250 = CARTESIAN_POINT('',(-0.4,1.73,0.27));
#5251 = VECTOR('',#5252,1.);
#5252 = DIRECTION('',(-1.,1.224646799147E-16,0.));
#5253 = PLANE('',#5254);
#5254 = AXIS2_PLACEMENT_3D('',#5255,#5256,#5257);
#5255 = CARTESIAN_POINT('',(-0.4,1.73,0.27));
#5256 = DIRECTION('',(1.359631073447E-32,1.110223024625E-16,1.));
#5257 = DIRECTION('',(-1.224646799147E-16,-1.,1.110223024625E-16));
#5258 = ADVANCED_FACE('',(#5259),#5270,.T.);
#5259 = FACE_BOUND('',#5260,.F.);
#5260 = EDGE_LOOP('',(#5261,#5262,#5263,#5264));
#5261 = ORIENTED_EDGE('',*,*,#5133,.T.);
#5262 = ORIENTED_EDGE('',*,*,#5248,.T.);
#5263 = ORIENTED_EDGE('',*,*,#5024,.F.);
#5264 = ORIENTED_EDGE('',*,*,#5265,.F.);
#5265 = EDGE_CURVE('',#5134,#5017,#5266,.T.);
#5266 = LINE('',#5267,#5268);
#5267 = CARTESIAN_POINT('',(-0.4,1.73,-6.661338147751E-16));
#5268 = VECTOR('',#5269,1.);
#5269 = DIRECTION('',(-1.,1.224646799147E-16,0.));
#5270 = PLANE('',#5271);
#5271 = AXIS2_PLACEMENT_3D('',#5272,#5273,#5274);
#5272 = CARTESIAN_POINT('',(-0.4,1.73,-6.661338147751E-16));
#5273 = DIRECTION('',(1.224646799147E-16,1.,-1.110223024625E-16));
#5274 = DIRECTION('',(1.359631073447E-32,1.110223024625E-16,1.));
#5275 = ADVANCED_FACE('',(#5276),#5287,.T.);
#5276 = FACE_BOUND('',#5277,.F.);
#5277 = EDGE_LOOP('',(#5278,#5279,#5280,#5281));
#5278 = ORIENTED_EDGE('',*,*,#5141,.T.);
#5279 = ORIENTED_EDGE('',*,*,#5265,.T.);
#5280 = ORIENTED_EDGE('',*,*,#5016,.F.);
#5281 = ORIENTED_EDGE('',*,*,#5282,.F.);
#5282 = EDGE_CURVE('',#5142,#5008,#5283,.T.);
#5283 = LINE('',#5284,#5285);
#5284 = CARTESIAN_POINT('',(-0.4,0.97920239636,-4.440892098501E-16));
#5285 = VECTOR('',#5286,1.);
#5286 = DIRECTION('',(-1.,1.224646799147E-16,0.));
#5287 = PLANE('',#5288);
#5288 = AXIS2_PLACEMENT_3D('',#5289,#5290,#5291);
#5289 = CARTESIAN_POINT('',(-0.4,0.97920239636,-4.440892098501E-16));
#5290 = DIRECTION('',(-1.359631073447E-32,-1.110223024625E-16,-1.));
#5291 = DIRECTION('',(1.224646799147E-16,1.,-1.110223024625E-16));
#5292 = ADVANCED_FACE('',(#5293),#5304,.T.);
#5293 = FACE_BOUND('',#5294,.T.);
#5294 = EDGE_LOOP('',(#5295,#5301,#5302,#5303));
#5295 = ORIENTED_EDGE('',*,*,#5296,.T.);
#5296 = EDGE_CURVE('',#5150,#5000,#5297,.T.);
#5297 = LINE('',#5298,#5299);
#5298 = CARTESIAN_POINT('',(-0.4,0.919346165257,1.9892374906E-02));
#5299 = VECTOR('',#5300,1.);
#5300 = DIRECTION('',(-1.,1.224646799147E-16,0.));
#5301 = ORIENTED_EDGE('',*,*,#5007,.T.);
#5302 = ORIENTED_EDGE('',*,*,#5282,.F.);
#5303 = ORIENTED_EDGE('',*,*,#5149,.F.);
#5304 = CYLINDRICAL_SURFACE('',#5305,0.1);
#5305 = AXIS2_PLACEMENT_3D('',#5306,#5307,#5308);
#5306 = CARTESIAN_POINT('',(-0.4,0.97920239636,1.E-01));
#5307 = DIRECTION('',(1.,-1.224646799147E-16,0.));
#5308 = DIRECTION('',(-1.224646799147E-16,-1.,1.110223024625E-16));
#5309 = ADVANCED_FACE('',(#5310),#5321,.T.);
#5310 = FACE_BOUND('',#5311,.F.);
#5311 = EDGE_LOOP('',(#5312,#5313,#5314,#5315));
#5312 = ORIENTED_EDGE('',*,*,#5158,.T.);
#5313 = ORIENTED_EDGE('',*,*,#5296,.T.);
#5314 = ORIENTED_EDGE('',*,*,#4999,.F.);
#5315 = ORIENTED_EDGE('',*,*,#5316,.F.);
#5316 = EDGE_CURVE('',#5159,#4991,#5317,.T.);
#5317 = LINE('',#5318,#5319);
#5318 = CARTESIAN_POINT('',(-0.4,0.714856231102,0.172686777966));
#5319 = VECTOR('',#5320,1.);
#5320 = DIRECTION('',(-1.,1.224646799147E-16,0.));
#5321 = PLANE('',#5322);
#5322 = AXIS2_PLACEMENT_3D('',#5323,#5324,#5325);
#5323 = CARTESIAN_POINT('',(-0.4,0.714856231102,0.172686777966));
#5324 = DIRECTION('',(-7.330274182841E-17,-0.598562311023,
    -0.801076250942));
#5325 = DIRECTION('',(9.810354665891E-17,0.801076250942,-0.598562311023)
  );
#5326 = ADVANCED_FACE('',(#5327),#5338,.F.);
#5327 = FACE_BOUND('',#5328,.F.);
#5328 = EDGE_LOOP('',(#5329,#5330,#5331,#5332));
#5329 = ORIENTED_EDGE('',*,*,#5166,.T.);
#5330 = ORIENTED_EDGE('',*,*,#5316,.T.);
#5331 = ORIENTED_EDGE('',*,*,#4990,.T.);
#5332 = ORIENTED_EDGE('',*,*,#5333,.F.);
#5333 = EDGE_CURVE('',#5167,#4982,#5334,.T.);
#5334 = LINE('',#5335,#5336);
#5335 = CARTESIAN_POINT('',(-0.4,0.5675,0.1409914447));
#5336 = VECTOR('',#5337,1.);
#5337 = DIRECTION('',(-1.,1.224646799147E-16,0.));
#5338 = CYLINDRICAL_SURFACE('',#5339,0.1);
#5339 = AXIS2_PLACEMENT_3D('',#5340,#5341,#5342);
#5340 = CARTESIAN_POINT('',(-0.4,0.655,9.25791528722E-02));
#5341 = DIRECTION('',(1.,-1.224646799147E-16,0.));
#5342 = DIRECTION('',(-1.224646799147E-16,-1.,1.110223024625E-16));
#5343 = ADVANCED_FACE('',(#5344),#5355,.T.);
#5344 = FACE_BOUND('',#5345,.T.);
#5345 = EDGE_LOOP('',(#5346,#5352,#5353,#5354));
#5346 = ORIENTED_EDGE('',*,*,#5347,.F.);
#5347 = EDGE_CURVE('',#4974,#5176,#5348,.T.);
#5348 = LINE('',#5349,#5350);
#5349 = CARTESIAN_POINT('',(-0.6,0.38,0.189403736527));
#5350 = VECTOR('',#5351,1.);
#5351 = DIRECTION('',(1.,-1.224646799147E-16,0.));
#5352 = ORIENTED_EDGE('',*,*,#4981,.F.);
#5353 = ORIENTED_EDGE('',*,*,#5333,.F.);
#5354 = ORIENTED_EDGE('',*,*,#5175,.F.);
#5355 = CYLINDRICAL_SURFACE('',#5356,0.1);
#5356 = AXIS2_PLACEMENT_3D('',#5357,#5358,#5359);
#5357 = CARTESIAN_POINT('',(-0.4,0.48,0.189403736527));
#5358 = DIRECTION('',(1.,-1.224646799147E-16,0.));
#5359 = DIRECTION('',(-1.224646799147E-16,-1.,1.110223024625E-16));
#5360 = ADVANCED_FACE('',(#5361),#5475,.T.);
#5361 = FACE_BOUND('',#5362,.F.);
#5362 = EDGE_LOOP('',(#5363,#5364,#5372,#5378,#5379,#5387,#5395,#5401,
    #5402,#5410,#5418,#5424,#5425,#5433,#5441,#5447,#5448,#5456,#5464,
    #5470,#5471,#5472,#5473,#5474));
#5363 = ORIENTED_EDGE('',*,*,#4765,.T.);
#5364 = ORIENTED_EDGE('',*,*,#5365,.F.);
#5365 = EDGE_CURVE('',#5366,#4757,#5368,.T.);
#5366 = VERTEX_POINT('',#5367);
#5367 = CARTESIAN_POINT('',(-1.1,0.38,0.189403736527));
#5368 = LINE('',#5369,#5370);
#5369 = CARTESIAN_POINT('',(-1.1,0.38,0.189403736527));
#5370 = VECTOR('',#5371,1.);
#5371 = DIRECTION('',(1.,-1.224646799147E-16,0.));
#5372 = ORIENTED_EDGE('',*,*,#5373,.F.);
#5373 = EDGE_CURVE('',#556,#5366,#5374,.T.);
#5374 = LINE('',#5375,#5376);
#5375 = CARTESIAN_POINT('',(-1.1,0.38,0.32));
#5376 = VECTOR('',#5377,1.);
#5377 = DIRECTION('',(-1.359631073447E-32,-1.110223024625E-16,-1.));
#5378 = ORIENTED_EDGE('',*,*,#701,.F.);
#5379 = ORIENTED_EDGE('',*,*,#5380,.T.);
#5380 = EDGE_CURVE('',#694,#5381,#5383,.T.);
#5381 = VERTEX_POINT('',#5382);
#5382 = CARTESIAN_POINT('',(-1.45,0.38,2.E-02));
#5383 = LINE('',#5384,#5385);
#5384 = CARTESIAN_POINT('',(-1.45,0.38,0.32));
#5385 = VECTOR('',#5386,1.);
#5386 = DIRECTION('',(-1.359631073447E-32,-1.110223024625E-16,-1.));
#5387 = ORIENTED_EDGE('',*,*,#5388,.T.);
#5388 = EDGE_CURVE('',#5381,#5389,#5391,.T.);
#5389 = VERTEX_POINT('',#5390);
#5390 = CARTESIAN_POINT('',(1.45,0.38,2.E-02));
#5391 = LINE('',#5392,#5393);
#5392 = CARTESIAN_POINT('',(-1.45,0.38,2.E-02));
#5393 = VECTOR('',#5394,1.);
#5394 = DIRECTION('',(1.,-1.224646799147E-16,0.));
#5395 = ORIENTED_EDGE('',*,*,#5396,.F.);
#5396 = EDGE_CURVE('',#225,#5389,#5397,.T.);
#5397 = LINE('',#5398,#5399);
#5398 = CARTESIAN_POINT('',(1.45,0.38,0.32));
#5399 = VECTOR('',#5400,1.);
#5400 = DIRECTION('',(-1.359631073447E-32,-1.110223024625E-16,-1.));
#5401 = ORIENTED_EDGE('',*,*,#224,.F.);
#5402 = ORIENTED_EDGE('',*,*,#5403,.T.);
#5403 = EDGE_CURVE('',#217,#5404,#5406,.T.);
#5404 = VERTEX_POINT('',#5405);
#5405 = CARTESIAN_POINT('',(1.1,0.38,0.189403736527));
#5406 = LINE('',#5407,#5408);
#5407 = CARTESIAN_POINT('',(1.1,0.38,0.32));
#5408 = VECTOR('',#5409,1.);
#5409 = DIRECTION('',(-1.359631073447E-32,-1.110223024625E-16,-1.));
#5410 = ORIENTED_EDGE('',*,*,#5411,.F.);
#5411 = EDGE_CURVE('',#5412,#5404,#5414,.T.);
#5412 = VERTEX_POINT('',#5413);
#5413 = CARTESIAN_POINT('',(0.9,0.38,0.189403736527));
#5414 = LINE('',#5415,#5416);
#5415 = CARTESIAN_POINT('',(0.9,0.38,0.189403736527));
#5416 = VECTOR('',#5417,1.);
#5417 = DIRECTION('',(1.,-1.224646799147E-16,0.));
#5418 = ORIENTED_EDGE('',*,*,#5419,.F.);
#5419 = EDGE_CURVE('',#404,#5412,#5420,.T.);
#5420 = LINE('',#5421,#5422);
#5421 = CARTESIAN_POINT('',(0.9,0.38,0.32));
#5422 = VECTOR('',#5423,1.);
#5423 = DIRECTION('',(-1.359631073447E-32,-1.110223024625E-16,-1.));
#5424 = ORIENTED_EDGE('',*,*,#403,.F.);
#5425 = ORIENTED_EDGE('',*,*,#5426,.T.);
#5426 = EDGE_CURVE('',#396,#5427,#5429,.T.);
#5427 = VERTEX_POINT('',#5428);
#5428 = CARTESIAN_POINT('',(0.6,0.38,0.189403736527));
#5429 = LINE('',#5430,#5431);
#5430 = CARTESIAN_POINT('',(0.6,0.38,0.32));
#5431 = VECTOR('',#5432,1.);
#5432 = DIRECTION('',(-1.359631073447E-32,-1.110223024625E-16,-1.));
#5433 = ORIENTED_EDGE('',*,*,#5434,.F.);
#5434 = EDGE_CURVE('',#5435,#5427,#5437,.T.);
#5435 = VERTEX_POINT('',#5436);
#5436 = CARTESIAN_POINT('',(0.4,0.38,0.189403736527));
#5437 = LINE('',#5438,#5439);
#5438 = CARTESIAN_POINT('',(0.4,0.38,0.189403736527));
#5439 = VECTOR('',#5440,1.);
#5440 = DIRECTION('',(1.,-1.224646799147E-16,0.));
#5441 = ORIENTED_EDGE('',*,*,#5442,.F.);
#5442 = EDGE_CURVE('',#444,#5435,#5443,.T.);
#5443 = LINE('',#5444,#5445);
#5444 = CARTESIAN_POINT('',(0.4,0.38,0.32));
#5445 = VECTOR('',#5446,1.);
#5446 = DIRECTION('',(-1.359631073447E-32,-1.110223024625E-16,-1.));
#5447 = ORIENTED_EDGE('',*,*,#443,.F.);
#5448 = ORIENTED_EDGE('',*,*,#5449,.T.);
#5449 = EDGE_CURVE('',#436,#5450,#5452,.T.);
#5450 = VERTEX_POINT('',#5451);
#5451 = CARTESIAN_POINT('',(0.1,0.38,0.189403736527));
#5452 = LINE('',#5453,#5454);
#5453 = CARTESIAN_POINT('',(0.1,0.38,0.32));
#5454 = VECTOR('',#5455,1.);
#5455 = DIRECTION('',(-1.359631073447E-32,-1.110223024625E-16,-1.));
#5456 = ORIENTED_EDGE('',*,*,#5457,.F.);
#5457 = EDGE_CURVE('',#5458,#5450,#5460,.T.);
#5458 = VERTEX_POINT('',#5459);
#5459 = CARTESIAN_POINT('',(-1.E-01,0.38,0.189403736527));
#5460 = LINE('',#5461,#5462);
#5461 = CARTESIAN_POINT('',(-1.E-01,0.38,0.189403736527));
#5462 = VECTOR('',#5463,1.);
#5463 = DIRECTION('',(1.,-1.224646799147E-16,0.));
#5464 = ORIENTED_EDGE('',*,*,#5465,.F.);
#5465 = EDGE_CURVE('',#484,#5458,#5466,.T.);
#5466 = LINE('',#5467,#5468);
#5467 = CARTESIAN_POINT('',(-1.E-01,0.38,0.32));
#5468 = VECTOR('',#5469,1.);
#5469 = DIRECTION('',(-1.359631073447E-32,-1.110223024625E-16,-1.));
#5470 = ORIENTED_EDGE('',*,*,#483,.F.);
#5471 = ORIENTED_EDGE('',*,*,#5184,.T.);
#5472 = ORIENTED_EDGE('',*,*,#5347,.F.);
#5473 = ORIENTED_EDGE('',*,*,#4973,.F.);
#5474 = ORIENTED_EDGE('',*,*,#523,.F.);
#5475 = PLANE('',#5476);
#5476 = AXIS2_PLACEMENT_3D('',#5477,#5478,#5479);
#5477 = CARTESIAN_POINT('',(-1.45,0.38,0.32));
#5478 = DIRECTION('',(1.224646799147E-16,1.,-1.110223024625E-16));
#5479 = DIRECTION('',(-1.359631073447E-32,-1.110223024625E-16,-1.));
#5480 = ADVANCED_FACE('',(#5481),#5500,.T.);
#5481 = FACE_BOUND('',#5482,.T.);
#5482 = EDGE_LOOP('',(#5483,#5484,#5493,#5499));
#5483 = ORIENTED_EDGE('',*,*,#5365,.F.);
#5484 = ORIENTED_EDGE('',*,*,#5485,.F.);
#5485 = EDGE_CURVE('',#5486,#5366,#5488,.T.);
#5486 = VERTEX_POINT('',#5487);
#5487 = CARTESIAN_POINT('',(-1.1,0.5675,0.1409914447));
#5488 = CIRCLE('',#5489,0.1);
#5489 = AXIS2_PLACEMENT_3D('',#5490,#5491,#5492);
#5490 = CARTESIAN_POINT('',(-1.1,0.48,0.189403736527));
#5491 = DIRECTION('',(-1.,1.224646799147E-16,0.));
#5492 = DIRECTION('',(1.071565949254E-16,0.875,-0.484122918276));
#5493 = ORIENTED_EDGE('',*,*,#5494,.F.);
#5494 = EDGE_CURVE('',#4748,#5486,#5495,.T.);
#5495 = LINE('',#5496,#5497);
#5496 = CARTESIAN_POINT('',(-0.9,0.5675,0.1409914447));
#5497 = VECTOR('',#5498,1.);
#5498 = DIRECTION('',(-1.,1.224646799147E-16,0.));
#5499 = ORIENTED_EDGE('',*,*,#4756,.F.);
#5500 = CYLINDRICAL_SURFACE('',#5501,0.1);
#5501 = AXIS2_PLACEMENT_3D('',#5502,#5503,#5504);
#5502 = CARTESIAN_POINT('',(-0.9,0.48,0.189403736527));
#5503 = DIRECTION('',(1.,-1.224646799147E-16,0.));
#5504 = DIRECTION('',(-1.224646799147E-16,-1.,1.110223024625E-16));
#5505 = ADVANCED_FACE('',(#5506),#5525,.F.);
#5506 = FACE_BOUND('',#5507,.F.);
#5507 = EDGE_LOOP('',(#5508,#5509,#5517,#5524));
#5508 = ORIENTED_EDGE('',*,*,#4747,.T.);
#5509 = ORIENTED_EDGE('',*,*,#5510,.T.);
#5510 = EDGE_CURVE('',#4740,#5511,#5513,.T.);
#5511 = VERTEX_POINT('',#5512);
#5512 = CARTESIAN_POINT('',(-1.1,0.714856231102,0.172686777966));
#5513 = LINE('',#5514,#5515);
#5514 = CARTESIAN_POINT('',(-0.9,0.714856231102,0.172686777966));
#5515 = VECTOR('',#5516,1.);
#5516 = DIRECTION('',(-1.,1.224646799147E-16,0.));
#5517 = ORIENTED_EDGE('',*,*,#5518,.T.);
#5518 = EDGE_CURVE('',#5511,#5486,#5519,.T.);
#5519 = CIRCLE('',#5520,0.1);
#5520 = AXIS2_PLACEMENT_3D('',#5521,#5522,#5523);
#5521 = CARTESIAN_POINT('',(-1.1,0.655,9.25791528722E-02));
#5522 = DIRECTION('',(1.,-1.224646799147E-16,1.232595164408E-32));
#5523 = DIRECTION('',(7.330274182841E-17,0.598562311023,0.801076250942)
  );
#5524 = ORIENTED_EDGE('',*,*,#5494,.F.);
#5525 = CYLINDRICAL_SURFACE('',#5526,0.1);
#5526 = AXIS2_PLACEMENT_3D('',#5527,#5528,#5529);
#5527 = CARTESIAN_POINT('',(-0.9,0.655,9.25791528722E-02));
#5528 = DIRECTION('',(1.,-1.224646799147E-16,0.));
#5529 = DIRECTION('',(-1.224646799147E-16,-1.,1.110223024625E-16));
#5530 = ADVANCED_FACE('',(#5531),#5549,.T.);
#5531 = FACE_BOUND('',#5532,.F.);
#5532 = EDGE_LOOP('',(#5533,#5534,#5542,#5548));
#5533 = ORIENTED_EDGE('',*,*,#4739,.T.);
#5534 = ORIENTED_EDGE('',*,*,#5535,.T.);
#5535 = EDGE_CURVE('',#4731,#5536,#5538,.T.);
#5536 = VERTEX_POINT('',#5537);
#5537 = CARTESIAN_POINT('',(-1.1,0.919346165257,1.9892374906E-02));
#5538 = LINE('',#5539,#5540);
#5539 = CARTESIAN_POINT('',(-0.9,0.919346165257,1.9892374906E-02));
#5540 = VECTOR('',#5541,1.);
#5541 = DIRECTION('',(-1.,1.224646799147E-16,0.));
#5542 = ORIENTED_EDGE('',*,*,#5543,.F.);
#5543 = EDGE_CURVE('',#5511,#5536,#5544,.T.);
#5544 = LINE('',#5545,#5546);
#5545 = CARTESIAN_POINT('',(-1.1,0.714856231102,0.172686777966));
#5546 = VECTOR('',#5547,1.);
#5547 = DIRECTION('',(9.810354665891E-17,0.801076250942,-0.598562311023)
  );
#5548 = ORIENTED_EDGE('',*,*,#5510,.F.);
#5549 = PLANE('',#5550);
#5550 = AXIS2_PLACEMENT_3D('',#5551,#5552,#5553);
#5551 = CARTESIAN_POINT('',(-0.9,0.714856231102,0.172686777966));
#5552 = DIRECTION('',(-7.330274182841E-17,-0.598562311023,
    -0.801076250942));
#5553 = DIRECTION('',(9.810354665891E-17,0.801076250942,-0.598562311023)
  );
#5554 = ADVANCED_FACE('',(#5555),#5574,.T.);
#5555 = FACE_BOUND('',#5556,.T.);
#5556 = EDGE_LOOP('',(#5557,#5558,#5567,#5573));
#5557 = ORIENTED_EDGE('',*,*,#5535,.T.);
#5558 = ORIENTED_EDGE('',*,*,#5559,.T.);
#5559 = EDGE_CURVE('',#5536,#5560,#5562,.T.);
#5560 = VERTEX_POINT('',#5561);
#5561 = CARTESIAN_POINT('',(-1.1,0.97920239636,-4.440892098501E-16));
#5562 = CIRCLE('',#5563,0.1);
#5563 = AXIS2_PLACEMENT_3D('',#5564,#5565,#5566);
#5564 = CARTESIAN_POINT('',(-1.1,0.97920239636,1.E-01));
#5565 = DIRECTION('',(1.,-1.224646799147E-16,1.232595164408E-32));
#5566 = DIRECTION('',(-7.330274182841E-17,-0.598562311023,
    -0.801076250942));
#5567 = ORIENTED_EDGE('',*,*,#5568,.F.);
#5568 = EDGE_CURVE('',#4723,#5560,#5569,.T.);
#5569 = LINE('',#5570,#5571);
#5570 = CARTESIAN_POINT('',(-0.9,0.97920239636,-4.440892098501E-16));
#5571 = VECTOR('',#5572,1.);
#5572 = DIRECTION('',(-1.,1.224646799147E-16,0.));
#5573 = ORIENTED_EDGE('',*,*,#4730,.F.);
#5574 = CYLINDRICAL_SURFACE('',#5575,0.1);
#5575 = AXIS2_PLACEMENT_3D('',#5576,#5577,#5578);
#5576 = CARTESIAN_POINT('',(-0.9,0.97920239636,1.E-01));
#5577 = DIRECTION('',(1.,-1.224646799147E-16,0.));
#5578 = DIRECTION('',(-1.224646799147E-16,-1.,1.110223024625E-16));
#5579 = ADVANCED_FACE('',(#5580),#5598,.T.);
#5580 = FACE_BOUND('',#5581,.F.);
#5581 = EDGE_LOOP('',(#5582,#5583,#5591,#5597));
#5582 = ORIENTED_EDGE('',*,*,#4722,.T.);
#5583 = ORIENTED_EDGE('',*,*,#5584,.T.);
#5584 = EDGE_CURVE('',#4715,#5585,#5587,.T.);
#5585 = VERTEX_POINT('',#5586);
#5586 = CARTESIAN_POINT('',(-1.1,1.73,-6.661338147751E-16));
#5587 = LINE('',#5588,#5589);
#5588 = CARTESIAN_POINT('',(-0.9,1.73,-6.661338147751E-16));
#5589 = VECTOR('',#5590,1.);
#5590 = DIRECTION('',(-1.,1.224646799147E-16,0.));
#5591 = ORIENTED_EDGE('',*,*,#5592,.F.);
#5592 = EDGE_CURVE('',#5560,#5585,#5593,.T.);
#5593 = LINE('',#5594,#5595);
#5594 = CARTESIAN_POINT('',(-1.1,0.97920239636,-4.440892098501E-16));
#5595 = VECTOR('',#5596,1.);
#5596 = DIRECTION('',(1.224646799147E-16,1.,-1.110223024625E-16));
#5597 = ORIENTED_EDGE('',*,*,#5568,.F.);
#5598 = PLANE('',#5599);
#5599 = AXIS2_PLACEMENT_3D('',#5600,#5601,#5602);
#5600 = CARTESIAN_POINT('',(-0.9,0.97920239636,-4.440892098501E-16));
#5601 = DIRECTION('',(-1.359631073447E-32,-1.110223024625E-16,-1.));
#5602 = DIRECTION('',(1.224646799147E-16,1.,-1.110223024625E-16));
#5603 = ADVANCED_FACE('',(#5604),#5622,.T.);
#5604 = FACE_BOUND('',#5605,.F.);
#5605 = EDGE_LOOP('',(#5606,#5607,#5615,#5621));
#5606 = ORIENTED_EDGE('',*,*,#4714,.T.);
#5607 = ORIENTED_EDGE('',*,*,#5608,.T.);
#5608 = EDGE_CURVE('',#4707,#5609,#5611,.T.);
#5609 = VERTEX_POINT('',#5610);
#5610 = CARTESIAN_POINT('',(-1.1,1.73,0.27));
#5611 = LINE('',#5612,#5613);
#5612 = CARTESIAN_POINT('',(-0.9,1.73,0.27));
#5613 = VECTOR('',#5614,1.);
#5614 = DIRECTION('',(-1.,1.224646799147E-16,0.));
#5615 = ORIENTED_EDGE('',*,*,#5616,.F.);
#5616 = EDGE_CURVE('',#5585,#5609,#5617,.T.);
#5617 = LINE('',#5618,#5619);
#5618 = CARTESIAN_POINT('',(-1.1,1.73,-6.661338147751E-16));
#5619 = VECTOR('',#5620,1.);
#5620 = DIRECTION('',(1.359631073447E-32,1.110223024625E-16,1.));
#5621 = ORIENTED_EDGE('',*,*,#5584,.F.);
#5622 = PLANE('',#5623);
#5623 = AXIS2_PLACEMENT_3D('',#5624,#5625,#5626);
#5624 = CARTESIAN_POINT('',(-0.9,1.73,-6.661338147751E-16));
#5625 = DIRECTION('',(1.224646799147E-16,1.,-1.110223024625E-16));
#5626 = DIRECTION('',(1.359631073447E-32,1.110223024625E-16,1.));
#5627 = ADVANCED_FACE('',(#5628),#5646,.T.);
#5628 = FACE_BOUND('',#5629,.F.);
#5629 = EDGE_LOOP('',(#5630,#5631,#5639,#5645));
#5630 = ORIENTED_EDGE('',*,*,#4706,.T.);
#5631 = ORIENTED_EDGE('',*,*,#5632,.T.);
#5632 = EDGE_CURVE('',#4698,#5633,#5635,.T.);
#5633 = VERTEX_POINT('',#5634);
#5634 = CARTESIAN_POINT('',(-1.1,1.130018112874,0.27));
#5635 = LINE('',#5636,#5637);
#5636 = CARTESIAN_POINT('',(-0.9,1.130018112874,0.27));
#5637 = VECTOR('',#5638,1.);
#5638 = DIRECTION('',(-1.,1.224646799147E-16,0.));
#5639 = ORIENTED_EDGE('',*,*,#5640,.F.);
#5640 = EDGE_CURVE('',#5609,#5633,#5641,.T.);
#5641 = LINE('',#5642,#5643);
#5642 = CARTESIAN_POINT('',(-1.1,1.73,0.27));
#5643 = VECTOR('',#5644,1.);
#5644 = DIRECTION('',(-1.224646799147E-16,-1.,1.110223024625E-16));
#5645 = ORIENTED_EDGE('',*,*,#5608,.F.);
#5646 = PLANE('',#5647);
#5647 = AXIS2_PLACEMENT_3D('',#5648,#5649,#5650);
#5648 = CARTESIAN_POINT('',(-0.9,1.73,0.27));
#5649 = DIRECTION('',(1.359631073447E-32,1.110223024625E-16,1.));
#5650 = DIRECTION('',(-1.224646799147E-16,-1.,1.110223024625E-16));
#5651 = ADVANCED_FACE('',(#5652),#5671,.F.);
#5652 = FACE_BOUND('',#5653,.F.);
#5653 = EDGE_LOOP('',(#5654,#5655,#5663,#5670));
#5654 = ORIENTED_EDGE('',*,*,#4697,.T.);
#5655 = ORIENTED_EDGE('',*,*,#5656,.T.);
#5656 = EDGE_CURVE('',#4690,#5657,#5659,.T.);
#5657 = VERTEX_POINT('',#5658);
#5658 = CARTESIAN_POINT('',(-1.1,1.061188940512,0.291701754685));
#5659 = LINE('',#5660,#5661);
#5660 = CARTESIAN_POINT('',(-0.9,1.061188940512,0.291701754685));
#5661 = VECTOR('',#5662,1.);
#5662 = DIRECTION('',(-1.,1.224646799147E-16,0.));
#5663 = ORIENTED_EDGE('',*,*,#5664,.F.);
#5664 = EDGE_CURVE('',#5633,#5657,#5665,.T.);
#5665 = CIRCLE('',#5666,0.12);
#5666 = AXIS2_PLACEMENT_3D('',#5667,#5668,#5669);
#5667 = CARTESIAN_POINT('',(-1.1,1.130018112874,0.39));
#5668 = DIRECTION('',(-1.,1.224646799147E-16,0.));
#5669 = DIRECTION('',(-1.826437741997E-30,-1.491399596413E-14,-1.));
#5670 = ORIENTED_EDGE('',*,*,#5632,.F.);
#5671 = CYLINDRICAL_SURFACE('',#5672,0.12);
#5672 = AXIS2_PLACEMENT_3D('',#5673,#5674,#5675);
#5673 = CARTESIAN_POINT('',(-0.9,1.130018112874,0.39));
#5674 = DIRECTION('',(1.,-1.224646799147E-16,0.));
#5675 = DIRECTION('',(-1.224646799147E-16,-1.,1.110223024625E-16));
#5676 = ADVANCED_FACE('',(#5677),#5688,.T.);
#5677 = FACE_BOUND('',#5678,.F.);
#5678 = EDGE_LOOP('',(#5679,#5680,#5686,#5687));
#5679 = ORIENTED_EDGE('',*,*,#4342,.F.);
#5680 = ORIENTED_EDGE('',*,*,#5681,.F.);
#5681 = EDGE_CURVE('',#5657,#4335,#5682,.T.);
#5682 = LINE('',#5683,#5684);
#5683 = CARTESIAN_POINT('',(-1.1,1.061188940512,0.291701754685));
#5684 = VECTOR('',#5685,1.);
#5685 = DIRECTION('',(-1.003171929054E-16,-0.819152044289,0.573576436351
    ));
#5686 = ORIENTED_EDGE('',*,*,#5656,.F.);
#5687 = ORIENTED_EDGE('',*,*,#4689,.T.);
#5688 = PLANE('',#5689);
#5689 = AXIS2_PLACEMENT_3D('',#5690,#5691,#5692);
#5690 = CARTESIAN_POINT('',(-0.9,1.061188940512,0.291701754685));
#5691 = DIRECTION('',(7.024285468436E-17,0.573576436351,0.819152044289)
  );
#5692 = DIRECTION('',(-1.003171929054E-16,-0.819152044289,0.573576436351
    ));
#5693 = ADVANCED_FACE('',(#5694),#5707,.F.);
#5694 = FACE_BOUND('',#5695,.F.);
#5695 = EDGE_LOOP('',(#5696,#5697,#5704,#5705,#5706));
#5696 = ORIENTED_EDGE('',*,*,#4200,.T.);
#5697 = ORIENTED_EDGE('',*,*,#5698,.F.);
#5698 = EDGE_CURVE('',#4782,#4193,#5699,.T.);
#5699 = CIRCLE('',#5700,0.1);
#5700 = AXIS2_PLACEMENT_3D('',#5701,#5702,#5703);
#5701 = CARTESIAN_POINT('',(-1.1,0.655,1.946824583655));
#5702 = DIRECTION('',(1.,-1.224646799147E-16,-6.162975822039E-33));
#5703 = DIRECTION('',(-1.071565949254E-16,-0.875,-0.484122918276));
#5704 = ORIENTED_EDGE('',*,*,#4789,.T.);
#5705 = ORIENTED_EDGE('',*,*,#4929,.F.);
#5706 = ORIENTED_EDGE('',*,*,#1927,.T.);
#5707 = PLANE('',#5708);
#5708 = AXIS2_PLACEMENT_3D('',#5709,#5710,#5711);
#5709 = CARTESIAN_POINT('',(-1.1,-3.47,1.02));
#5710 = DIRECTION('',(1.,-1.224646799147E-16,0.));
#5711 = DIRECTION('',(-1.224646799147E-16,-1.,1.110223024625E-16));
#5712 = ADVANCED_FACE('',(#5713),#5727,.F.);
#5713 = FACE_BOUND('',#5714,.F.);
#5714 = EDGE_LOOP('',(#5715,#5716,#5717,#5718,#5719,#5720,#5721,#5722,
    #5723,#5724,#5725,#5726));
#5715 = ORIENTED_EDGE('',*,*,#4334,.T.);
#5716 = ORIENTED_EDGE('',*,*,#553,.T.);
#5717 = ORIENTED_EDGE('',*,*,#5373,.T.);
#5718 = ORIENTED_EDGE('',*,*,#5485,.F.);
#5719 = ORIENTED_EDGE('',*,*,#5518,.F.);
#5720 = ORIENTED_EDGE('',*,*,#5543,.T.);
#5721 = ORIENTED_EDGE('',*,*,#5559,.T.);
#5722 = ORIENTED_EDGE('',*,*,#5592,.T.);
#5723 = ORIENTED_EDGE('',*,*,#5616,.T.);
#5724 = ORIENTED_EDGE('',*,*,#5640,.T.);
#5725 = ORIENTED_EDGE('',*,*,#5664,.T.);
#5726 = ORIENTED_EDGE('',*,*,#5681,.T.);
#5727 = PLANE('',#5728);
#5728 = AXIS2_PLACEMENT_3D('',#5729,#5730,#5731);
#5729 = CARTESIAN_POINT('',(-1.1,-3.47,1.02));
#5730 = DIRECTION('',(1.,-1.224646799147E-16,0.));
#5731 = DIRECTION('',(-1.224646799147E-16,-1.,1.110223024625E-16));
#5732 = ADVANCED_FACE('',(#5733),#5739,.F.);
#5733 = FACE_BOUND('',#5734,.F.);
#5734 = EDGE_LOOP('',(#5735,#5736,#5737,#5738));
#5735 = ORIENTED_EDGE('',*,*,#4665,.T.);
#5736 = ORIENTED_EDGE('',*,*,#4781,.T.);
#5737 = ORIENTED_EDGE('',*,*,#5698,.T.);
#5738 = ORIENTED_EDGE('',*,*,#4192,.F.);
#5739 = CYLINDRICAL_SURFACE('',#5740,0.1);
#5740 = AXIS2_PLACEMENT_3D('',#5741,#5742,#5743);
#5741 = CARTESIAN_POINT('',(-0.9,0.655,1.946824583655));
#5742 = DIRECTION('',(1.,-1.224646799147E-16,0.));
#5743 = DIRECTION('',(-1.224646799147E-16,-1.,1.110223024625E-16));
#5744 = ADVANCED_FACE('',(#5745),#5787,.T.);
#5745 = FACE_BOUND('',#5746,.F.);
#5746 = EDGE_LOOP('',(#5747,#5748,#5749,#5757,#5765,#5773,#5781));
#5747 = ORIENTED_EDGE('',*,*,#1945,.F.);
#5748 = ORIENTED_EDGE('',*,*,#4922,.F.);
#5749 = ORIENTED_EDGE('',*,*,#5750,.F.);
#5750 = EDGE_CURVE('',#5751,#4915,#5753,.T.);
#5751 = VERTEX_POINT('',#5752);
#5752 = CARTESIAN_POINT('',(-1.45,-3.32,2.02));
#5753 = LINE('',#5754,#5755);
#5754 = CARTESIAN_POINT('',(-1.45,-3.32,2.02));
#5755 = VECTOR('',#5756,1.);
#5756 = DIRECTION('',(1.224646799147E-16,1.,-1.110223024625E-16));
#5757 = ORIENTED_EDGE('',*,*,#5758,.F.);
#5758 = EDGE_CURVE('',#5759,#5751,#5761,.T.);
#5759 = VERTEX_POINT('',#5760);
#5760 = CARTESIAN_POINT('',(-1.45,-3.32,1.72));
#5761 = LINE('',#5762,#5763);
#5762 = CARTESIAN_POINT('',(-1.45,-3.32,1.72));
#5763 = VECTOR('',#5764,1.);
#5764 = DIRECTION('',(1.359631073447E-32,1.110223024625E-16,1.));
#5765 = ORIENTED_EDGE('',*,*,#5766,.F.);
#5766 = EDGE_CURVE('',#5767,#5759,#5769,.T.);
#5767 = VERTEX_POINT('',#5768);
#5768 = CARTESIAN_POINT('',(-1.45,-2.77,1.32));
#5769 = LINE('',#5770,#5771);
#5770 = CARTESIAN_POINT('',(-1.45,-2.77,1.32));
#5771 = VECTOR('',#5772,1.);
#5772 = DIRECTION('',(-9.904160569969E-17,-0.808736084303,0.588171697675
    ));
#5773 = ORIENTED_EDGE('',*,*,#5774,.F.);
#5774 = EDGE_CURVE('',#5775,#5767,#5777,.T.);
#5775 = VERTEX_POINT('',#5776);
#5776 = CARTESIAN_POINT('',(-1.45,-2.22,1.32));
#5777 = LINE('',#5778,#5779);
#5778 = CARTESIAN_POINT('',(-1.45,-2.22,1.32));
#5779 = VECTOR('',#5780,1.);
#5780 = DIRECTION('',(-1.224646799147E-16,-1.,1.110223024625E-16));
#5781 = ORIENTED_EDGE('',*,*,#5782,.T.);
#5782 = EDGE_CURVE('',#5775,#1946,#5783,.T.);
#5783 = LINE('',#5784,#5785);
#5784 = CARTESIAN_POINT('',(-1.45,-2.22,1.32));
#5785 = VECTOR('',#5786,1.);
#5786 = DIRECTION('',(1.359631073447E-32,1.110223024625E-16,1.));
#5787 = PLANE('',#5788);
#5788 = AXIS2_PLACEMENT_3D('',#5789,#5790,#5791);
#5789 = CARTESIAN_POINT('',(-1.45,-3.47,1.92));
#5790 = DIRECTION('',(-1.,1.224646799147E-16,0.));
#5791 = DIRECTION('',(-1.359631073447E-32,-1.110223024625E-16,-1.));
#5792 = ADVANCED_FACE('',(#5793),#5812,.T.);
#5793 = FACE_BOUND('',#5794,.F.);
#5794 = EDGE_LOOP('',(#5795,#5796,#5804,#5810,#5811));
#5795 = ORIENTED_EDGE('',*,*,#1352,.T.);
#5796 = ORIENTED_EDGE('',*,*,#5797,.F.);
#5797 = EDGE_CURVE('',#5798,#1345,#5800,.T.);
#5798 = VERTEX_POINT('',#5799);
#5799 = CARTESIAN_POINT('',(-1.45,-2.22,2.E-02));
#5800 = LINE('',#5801,#5802);
#5801 = CARTESIAN_POINT('',(-1.45,-2.22,2.E-02));
#5802 = VECTOR('',#5803,1.);
#5803 = DIRECTION('',(1.359631073447E-32,1.110223024625E-16,1.));
#5804 = ORIENTED_EDGE('',*,*,#5805,.F.);
#5805 = EDGE_CURVE('',#5381,#5798,#5806,.T.);
#5806 = LINE('',#5807,#5808);
#5807 = CARTESIAN_POINT('',(-1.45,0.38,2.E-02));
#5808 = VECTOR('',#5809,1.);
#5809 = DIRECTION('',(-1.224646799147E-16,-1.,1.110223024625E-16));
#5810 = ORIENTED_EDGE('',*,*,#5380,.F.);
#5811 = ORIENTED_EDGE('',*,*,#693,.F.);
#5812 = PLANE('',#5813);
#5813 = AXIS2_PLACEMENT_3D('',#5814,#5815,#5816);
#5814 = CARTESIAN_POINT('',(-1.45,-3.47,1.92));
#5815 = DIRECTION('',(-1.,1.224646799147E-16,0.));
#5816 = DIRECTION('',(-1.359631073447E-32,-1.110223024625E-16,-1.));
#5817 = ADVANCED_FACE('',(#5818),#5836,.T.);
#5818 = FACE_BOUND('',#5819,.F.);
#5819 = EDGE_LOOP('',(#5820,#5821,#5822,#5830));
#5820 = ORIENTED_EDGE('',*,*,#5750,.T.);
#5821 = ORIENTED_EDGE('',*,*,#4914,.T.);
#5822 = ORIENTED_EDGE('',*,*,#5823,.F.);
#5823 = EDGE_CURVE('',#5824,#4907,#5826,.T.);
#5824 = VERTEX_POINT('',#5825);
#5825 = CARTESIAN_POINT('',(1.45,-3.32,2.02));
#5826 = LINE('',#5827,#5828);
#5827 = CARTESIAN_POINT('',(1.45,-3.32,2.02));
#5828 = VECTOR('',#5829,1.);
#5829 = DIRECTION('',(1.224646799147E-16,1.,-1.110223024625E-16));
#5830 = ORIENTED_EDGE('',*,*,#5831,.F.);
#5831 = EDGE_CURVE('',#5751,#5824,#5832,.T.);
#5832 = LINE('',#5833,#5834);
#5833 = CARTESIAN_POINT('',(-1.45,-3.32,2.02));
#5834 = VECTOR('',#5835,1.);
#5835 = DIRECTION('',(1.,-1.224646799147E-16,0.));
#5836 = PLANE('',#5837);
#5837 = AXIS2_PLACEMENT_3D('',#5838,#5839,#5840);
#5838 = CARTESIAN_POINT('',(-1.45,-3.32,2.02));
#5839 = DIRECTION('',(1.359631073447E-32,1.110223024625E-16,1.));
#5840 = DIRECTION('',(1.224646799147E-16,1.,-1.110223024625E-16));
#5841 = ADVANCED_FACE('',(#5842),#5877,.T.);
#5842 = FACE_BOUND('',#5843,.F.);
#5843 = EDGE_LOOP('',(#5844,#5845,#5853,#5861,#5869,#5875,#5876));
#5844 = ORIENTED_EDGE('',*,*,#1745,.F.);
#5845 = ORIENTED_EDGE('',*,*,#5846,.F.);
#5846 = EDGE_CURVE('',#5847,#1738,#5849,.T.);
#5847 = VERTEX_POINT('',#5848);
#5848 = CARTESIAN_POINT('',(1.45,-2.22,1.32));
#5849 = LINE('',#5850,#5851);
#5850 = CARTESIAN_POINT('',(1.45,-2.22,1.32));
#5851 = VECTOR('',#5852,1.);
#5852 = DIRECTION('',(1.359631073447E-32,1.110223024625E-16,1.));
#5853 = ORIENTED_EDGE('',*,*,#5854,.T.);
#5854 = EDGE_CURVE('',#5847,#5855,#5857,.T.);
#5855 = VERTEX_POINT('',#5856);
#5856 = CARTESIAN_POINT('',(1.45,-2.77,1.32));
#5857 = LINE('',#5858,#5859);
#5858 = CARTESIAN_POINT('',(1.45,-2.22,1.32));
#5859 = VECTOR('',#5860,1.);
#5860 = DIRECTION('',(-1.224646799147E-16,-1.,1.110223024625E-16));
#5861 = ORIENTED_EDGE('',*,*,#5862,.T.);
#5862 = EDGE_CURVE('',#5855,#5863,#5865,.T.);
#5863 = VERTEX_POINT('',#5864);
#5864 = CARTESIAN_POINT('',(1.45,-3.32,1.72));
#5865 = LINE('',#5866,#5867);
#5866 = CARTESIAN_POINT('',(1.45,-2.77,1.32));
#5867 = VECTOR('',#5868,1.);
#5868 = DIRECTION('',(-9.904160569969E-17,-0.808736084303,0.588171697675
    ));
#5869 = ORIENTED_EDGE('',*,*,#5870,.T.);
#5870 = EDGE_CURVE('',#5863,#5824,#5871,.T.);
#5871 = LINE('',#5872,#5873);
#5872 = CARTESIAN_POINT('',(1.45,-3.32,1.72));
#5873 = VECTOR('',#5874,1.);
#5874 = DIRECTION('',(1.359631073447E-32,1.110223024625E-16,1.));
#5875 = ORIENTED_EDGE('',*,*,#5823,.T.);
#5876 = ORIENTED_EDGE('',*,*,#4906,.T.);
#5877 = PLANE('',#5878);
#5878 = AXIS2_PLACEMENT_3D('',#5879,#5880,#5881);
#5879 = CARTESIAN_POINT('',(1.45,-3.47,0.92));
#5880 = DIRECTION('',(1.,-1.224646799147E-16,0.));
#5881 = DIRECTION('',(1.359631073447E-32,1.110223024625E-16,1.));
#5882 = ADVANCED_FACE('',(#5883),#5902,.T.);
#5883 = FACE_BOUND('',#5884,.F.);
#5884 = EDGE_LOOP('',(#5885,#5886,#5887,#5888,#5896));
#5885 = ORIENTED_EDGE('',*,*,#1177,.F.);
#5886 = ORIENTED_EDGE('',*,*,#232,.F.);
#5887 = ORIENTED_EDGE('',*,*,#5396,.T.);
#5888 = ORIENTED_EDGE('',*,*,#5889,.T.);
#5889 = EDGE_CURVE('',#5389,#5890,#5892,.T.);
#5890 = VERTEX_POINT('',#5891);
#5891 = CARTESIAN_POINT('',(1.45,-2.22,2.E-02));
#5892 = LINE('',#5893,#5894);
#5893 = CARTESIAN_POINT('',(1.45,0.38,2.E-02));
#5894 = VECTOR('',#5895,1.);
#5895 = DIRECTION('',(-1.224646799147E-16,-1.,1.110223024625E-16));
#5896 = ORIENTED_EDGE('',*,*,#5897,.T.);
#5897 = EDGE_CURVE('',#5890,#1178,#5898,.T.);
#5898 = LINE('',#5899,#5900);
#5899 = CARTESIAN_POINT('',(1.45,-2.22,2.E-02));
#5900 = VECTOR('',#5901,1.);
#5901 = DIRECTION('',(1.359631073447E-32,1.110223024625E-16,1.));
#5902 = PLANE('',#5903);
#5903 = AXIS2_PLACEMENT_3D('',#5904,#5905,#5906);
#5904 = CARTESIAN_POINT('',(1.45,-3.47,0.92));
#5905 = DIRECTION('',(1.,-1.224646799147E-16,0.));
#5906 = DIRECTION('',(1.359631073447E-32,1.110223024625E-16,1.));
#5907 = ADVANCED_FACE('',(#5908),#5924,.T.);
#5908 = FACE_BOUND('',#5909,.F.);
#5909 = EDGE_LOOP('',(#5910,#5916,#5917,#5923));
#5910 = ORIENTED_EDGE('',*,*,#5911,.F.);
#5911 = EDGE_CURVE('',#1178,#1345,#5912,.T.);
#5912 = LINE('',#5913,#5914);
#5913 = CARTESIAN_POINT('',(1.45,-2.22,0.12));
#5914 = VECTOR('',#5915,1.);
#5915 = DIRECTION('',(-1.,1.224646799147E-16,0.));
#5916 = ORIENTED_EDGE('',*,*,#5897,.F.);
#5917 = ORIENTED_EDGE('',*,*,#5918,.F.);
#5918 = EDGE_CURVE('',#5798,#5890,#5919,.T.);
#5919 = LINE('',#5920,#5921);
#5920 = CARTESIAN_POINT('',(-1.45,-2.22,2.E-02));
#5921 = VECTOR('',#5922,1.);
#5922 = DIRECTION('',(1.,-1.224646799147E-16,0.));
#5923 = ORIENTED_EDGE('',*,*,#5797,.T.);
#5924 = PLANE('',#5925);
#5925 = AXIS2_PLACEMENT_3D('',#5926,#5927,#5928);
#5926 = CARTESIAN_POINT('',(-1.45,-2.22,2.E-02));
#5927 = DIRECTION('',(-1.224646799147E-16,-1.,1.110223024625E-16));
#5928 = DIRECTION('',(1.359631073447E-32,1.110223024625E-16,1.));
#5929 = ADVANCED_FACE('',(#5930),#5948,.T.);
#5930 = FACE_BOUND('',#5931,.F.);
#5931 = EDGE_LOOP('',(#5932,#5940,#5946,#5947));
#5932 = ORIENTED_EDGE('',*,*,#5933,.F.);
#5933 = EDGE_CURVE('',#5934,#1210,#5936,.T.);
#5934 = VERTEX_POINT('',#5935);
#5935 = CARTESIAN_POINT('',(1.6,-2.22,1.32));
#5936 = LINE('',#5937,#5938);
#5937 = CARTESIAN_POINT('',(1.6,-2.22,1.32));
#5938 = VECTOR('',#5939,1.);
#5939 = DIRECTION('',(1.359631073447E-32,1.110223024625E-16,1.));
#5940 = ORIENTED_EDGE('',*,*,#5941,.F.);
#5941 = EDGE_CURVE('',#5847,#5934,#5942,.T.);
#5942 = LINE('',#5943,#5944);
#5943 = CARTESIAN_POINT('',(1.45,-2.22,1.32));
#5944 = VECTOR('',#5945,1.);
#5945 = DIRECTION('',(1.,-1.224646799147E-16,0.));
#5946 = ORIENTED_EDGE('',*,*,#5846,.T.);
#5947 = ORIENTED_EDGE('',*,*,#1737,.F.);
#5948 = PLANE('',#5949);
#5949 = AXIS2_PLACEMENT_3D('',#5950,#5951,#5952);
#5950 = CARTESIAN_POINT('',(-1.45,-2.22,2.E-02));
#5951 = DIRECTION('',(-1.224646799147E-16,-1.,1.110223024625E-16));
#5952 = DIRECTION('',(1.359631073447E-32,1.110223024625E-16,1.));
#5953 = ADVANCED_FACE('',(#5954),#5972,.T.);
#5954 = FACE_BOUND('',#5955,.F.);
#5955 = EDGE_LOOP('',(#5956,#5964,#5965,#5966));
#5956 = ORIENTED_EDGE('',*,*,#5957,.T.);
#5957 = EDGE_CURVE('',#5958,#1313,#5960,.T.);
#5958 = VERTEX_POINT('',#5959);
#5959 = CARTESIAN_POINT('',(-1.6,-2.22,1.32));
#5960 = LINE('',#5961,#5962);
#5961 = CARTESIAN_POINT('',(-1.6,-2.22,1.32));
#5962 = VECTOR('',#5963,1.);
#5963 = DIRECTION('',(1.359631073447E-32,1.110223024625E-16,1.));
#5964 = ORIENTED_EDGE('',*,*,#1953,.F.);
#5965 = ORIENTED_EDGE('',*,*,#5782,.F.);
#5966 = ORIENTED_EDGE('',*,*,#5967,.F.);
#5967 = EDGE_CURVE('',#5958,#5775,#5968,.T.);
#5968 = LINE('',#5969,#5970);
#5969 = CARTESIAN_POINT('',(-1.6,-2.22,1.32));
#5970 = VECTOR('',#5971,1.);
#5971 = DIRECTION('',(1.,-1.224646799147E-16,0.));
#5972 = PLANE('',#5973);
#5973 = AXIS2_PLACEMENT_3D('',#5974,#5975,#5976);
#5974 = CARTESIAN_POINT('',(-1.45,-2.22,2.E-02));
#5975 = DIRECTION('',(-1.224646799147E-16,-1.,1.110223024625E-16));
#5976 = DIRECTION('',(1.359631073447E-32,1.110223024625E-16,1.));
#5977 = ADVANCED_FACE('',(#5978),#6023,.T.);
#5978 = FACE_BOUND('',#5979,.F.);
#5979 = EDGE_LOOP('',(#5980,#5991,#5997,#5998,#5999,#6000,#6008,#6017));
#5980 = ORIENTED_EDGE('',*,*,#5981,.F.);
#5981 = EDGE_CURVE('',#5982,#5984,#5986,.T.);
#5982 = VERTEX_POINT('',#5983);
#5983 = CARTESIAN_POINT('',(4.05,-3.07,0.12));
#5984 = VERTEX_POINT('',#5985);
#5985 = CARTESIAN_POINT('',(3.65,-3.47,0.12));
#5986 = CIRCLE('',#5987,0.4);
#5987 = AXIS2_PLACEMENT_3D('',#5988,#5989,#5990);
#5988 = CARTESIAN_POINT('',(3.65,-3.07,0.12));
#5989 = DIRECTION('',(-1.359631073447E-32,-1.110223024625E-16,-1.));
#5990 = DIRECTION('',(1.,-1.224646799147E-16,0.));
#5991 = ORIENTED_EDGE('',*,*,#5992,.F.);
#5992 = EDGE_CURVE('',#1186,#5982,#5993,.T.);
#5993 = LINE('',#5994,#5995);
#5994 = CARTESIAN_POINT('',(4.05,-2.22,0.12));
#5995 = VECTOR('',#5996,1.);
#5996 = DIRECTION('',(-1.224646799147E-16,-1.,1.110223024625E-16));
#5997 = ORIENTED_EDGE('',*,*,#1185,.T.);
#5998 = ORIENTED_EDGE('',*,*,#5911,.T.);
#5999 = ORIENTED_EDGE('',*,*,#1344,.T.);
#6000 = ORIENTED_EDGE('',*,*,#6001,.T.);
#6001 = EDGE_CURVE('',#1337,#6002,#6004,.T.);
#6002 = VERTEX_POINT('',#6003);
#6003 = CARTESIAN_POINT('',(-4.05,-3.07,0.12));
#6004 = LINE('',#6005,#6006);
#6005 = CARTESIAN_POINT('',(-4.05,-2.22,0.12));
#6006 = VECTOR('',#6007,1.);
#6007 = DIRECTION('',(-1.224646799147E-16,-1.,1.110223024625E-16));
#6008 = ORIENTED_EDGE('',*,*,#6009,.F.);
#6009 = EDGE_CURVE('',#6010,#6002,#6012,.T.);
#6010 = VERTEX_POINT('',#6011);
#6011 = CARTESIAN_POINT('',(-3.65,-3.47,0.12));
#6012 = CIRCLE('',#6013,0.4);
#6013 = AXIS2_PLACEMENT_3D('',#6014,#6015,#6016);
#6014 = CARTESIAN_POINT('',(-3.65,-3.07,0.12));
#6015 = DIRECTION('',(-1.359631073447E-32,-1.110223024625E-16,-1.));
#6016 = DIRECTION('',(-1.224646799147E-16,-1.,1.110223024625E-16));
#6017 = ORIENTED_EDGE('',*,*,#6018,.F.);
#6018 = EDGE_CURVE('',#5984,#6010,#6019,.T.);
#6019 = LINE('',#6020,#6021);
#6020 = CARTESIAN_POINT('',(3.65,-3.47,0.12));
#6021 = VECTOR('',#6022,1.);
#6022 = DIRECTION('',(-1.,1.224646799147E-16,0.));
#6023 = PLANE('',#6024);
#6024 = AXIS2_PLACEMENT_3D('',#6025,#6026,#6027);
#6025 = CARTESIAN_POINT('',(-4.05,-3.47,0.12));
#6026 = DIRECTION('',(-1.359631073447E-32,-1.110223024625E-16,-1.));
#6027 = DIRECTION('',(1.,-1.224646799147E-16,0.));
#6028 = ADVANCED_FACE('',(#6029),#6055,.T.);
#6029 = FACE_BOUND('',#6030,.T.);
#6030 = EDGE_LOOP('',(#6031,#6039,#6040,#6048));
#6031 = ORIENTED_EDGE('',*,*,#6032,.F.);
#6032 = EDGE_CURVE('',#5984,#6033,#6035,.T.);
#6033 = VERTEX_POINT('',#6034);
#6034 = CARTESIAN_POINT('',(3.65,-3.47,1.92));
#6035 = LINE('',#6036,#6037);
#6036 = CARTESIAN_POINT('',(3.65,-3.47,0.12));
#6037 = VECTOR('',#6038,1.);
#6038 = DIRECTION('',(1.359631073447E-32,1.110223024625E-16,1.));
#6039 = ORIENTED_EDGE('',*,*,#5981,.F.);
#6040 = ORIENTED_EDGE('',*,*,#6041,.T.);
#6041 = EDGE_CURVE('',#5982,#6042,#6044,.T.);
#6042 = VERTEX_POINT('',#6043);
#6043 = CARTESIAN_POINT('',(4.05,-3.07,1.92));
#6044 = LINE('',#6045,#6046);
#6045 = CARTESIAN_POINT('',(4.05,-3.07,0.12));
#6046 = VECTOR('',#6047,1.);
#6047 = DIRECTION('',(1.359631073447E-32,1.110223024625E-16,1.));
#6048 = ORIENTED_EDGE('',*,*,#6049,.F.);
#6049 = EDGE_CURVE('',#6033,#6042,#6050,.T.);
#6050 = CIRCLE('',#6051,0.4);
#6051 = AXIS2_PLACEMENT_3D('',#6052,#6053,#6054);
#6052 = CARTESIAN_POINT('',(3.65,-3.07,1.92));
#6053 = DIRECTION('',(1.359631073447E-32,1.110223024625E-16,1.));
#6054 = DIRECTION('',(-1.224646799147E-16,-1.,1.110223024625E-16));
#6055 = CYLINDRICAL_SURFACE('',#6056,0.4);
#6056 = AXIS2_PLACEMENT_3D('',#6057,#6058,#6059);
#6057 = CARTESIAN_POINT('',(3.65,-3.07,-2.5872));
#6058 = DIRECTION('',(1.359631073447E-32,1.110223024625E-16,1.));
#6059 = DIRECTION('',(-1.224646799147E-16,-1.,1.110223024625E-16));
#6060 = ADVANCED_FACE('',(#6061),#6093,.T.);
#6061 = FACE_BOUND('',#6062,.F.);
#6062 = EDGE_LOOP('',(#6063,#6073,#6079,#6080,#6086,#6087));
#6063 = ORIENTED_EDGE('',*,*,#6064,.F.);
#6064 = EDGE_CURVE('',#6065,#6067,#6069,.T.);
#6065 = VERTEX_POINT('',#6066);
#6066 = CARTESIAN_POINT('',(1.6,-3.17,1.92));
#6067 = VERTEX_POINT('',#6068);
#6068 = CARTESIAN_POINT('',(1.9,-3.47,1.92));
#6069 = LINE('',#6070,#6071);
#6070 = CARTESIAN_POINT('',(1.6,-3.17,1.92));
#6071 = VECTOR('',#6072,1.);
#6072 = DIRECTION('',(0.707106781187,-0.707106781187,7.850462293419E-17)
  );
#6073 = ORIENTED_EDGE('',*,*,#6074,.T.);
#6074 = EDGE_CURVE('',#6065,#1202,#6075,.T.);
#6075 = LINE('',#6076,#6077);
#6076 = CARTESIAN_POINT('',(1.6,-3.17,1.92));
#6077 = VECTOR('',#6078,1.);
#6078 = DIRECTION('',(1.224646799147E-16,1.,-1.110223024625E-16));
#6079 = ORIENTED_EDGE('',*,*,#1201,.T.);
#6080 = ORIENTED_EDGE('',*,*,#6081,.T.);
#6081 = EDGE_CURVE('',#1194,#6042,#6082,.T.);
#6082 = LINE('',#6083,#6084);
#6083 = CARTESIAN_POINT('',(4.05,-2.22,1.92));
#6084 = VECTOR('',#6085,1.);
#6085 = DIRECTION('',(-1.224646799147E-16,-1.,1.110223024625E-16));
#6086 = ORIENTED_EDGE('',*,*,#6049,.F.);
#6087 = ORIENTED_EDGE('',*,*,#6088,.F.);
#6088 = EDGE_CURVE('',#6067,#6033,#6089,.T.);
#6089 = LINE('',#6090,#6091);
#6090 = CARTESIAN_POINT('',(1.9,-3.47,1.92));
#6091 = VECTOR('',#6092,1.);
#6092 = DIRECTION('',(1.,-1.224646799147E-16,0.));
#6093 = PLANE('',#6094);
#6094 = AXIS2_PLACEMENT_3D('',#6095,#6096,#6097);
#6095 = CARTESIAN_POINT('',(4.05,-3.47,1.92));
#6096 = DIRECTION('',(1.359631073447E-32,1.110223024625E-16,1.));
#6097 = DIRECTION('',(-1.,1.224646799147E-16,0.));
#6098 = ADVANCED_FACE('',(#6099),#6141,.T.);
#6099 = FACE_BOUND('',#6100,.F.);
#6100 = EDGE_LOOP('',(#6101,#6111,#6119,#6128,#6134,#6135));
#6101 = ORIENTED_EDGE('',*,*,#6102,.F.);
#6102 = EDGE_CURVE('',#6103,#6105,#6107,.T.);
#6103 = VERTEX_POINT('',#6104);
#6104 = CARTESIAN_POINT('',(-1.9,-3.47,1.92));
#6105 = VERTEX_POINT('',#6106);
#6106 = CARTESIAN_POINT('',(-1.6,-3.17,1.92));
#6107 = LINE('',#6108,#6109);
#6108 = CARTESIAN_POINT('',(-1.9,-3.47,1.92));
#6109 = VECTOR('',#6110,1.);
#6110 = DIRECTION('',(0.707106781187,0.707106781187,-7.850462293419E-17)
  );
#6111 = ORIENTED_EDGE('',*,*,#6112,.F.);
#6112 = EDGE_CURVE('',#6113,#6103,#6115,.T.);
#6113 = VERTEX_POINT('',#6114);
#6114 = CARTESIAN_POINT('',(-3.65,-3.47,1.92));
#6115 = LINE('',#6116,#6117);
#6116 = CARTESIAN_POINT('',(-3.65,-3.47,1.92));
#6117 = VECTOR('',#6118,1.);
#6118 = DIRECTION('',(1.,-1.224646799147E-16,0.));
#6119 = ORIENTED_EDGE('',*,*,#6120,.F.);
#6120 = EDGE_CURVE('',#6121,#6113,#6123,.T.);
#6121 = VERTEX_POINT('',#6122);
#6122 = CARTESIAN_POINT('',(-4.05,-3.07,1.92));
#6123 = CIRCLE('',#6124,0.4);
#6124 = AXIS2_PLACEMENT_3D('',#6125,#6126,#6127);
#6125 = CARTESIAN_POINT('',(-3.65,-3.07,1.92));
#6126 = DIRECTION('',(1.359631073447E-32,1.110223024625E-16,1.));
#6127 = DIRECTION('',(-1.,1.224646799147E-16,0.));
#6128 = ORIENTED_EDGE('',*,*,#6129,.F.);
#6129 = EDGE_CURVE('',#1329,#6121,#6130,.T.);
#6130 = LINE('',#6131,#6132);
#6131 = CARTESIAN_POINT('',(-4.05,-2.22,1.92));
#6132 = VECTOR('',#6133,1.);
#6133 = DIRECTION('',(-1.224646799147E-16,-1.,1.110223024625E-16));
#6134 = ORIENTED_EDGE('',*,*,#1328,.T.);
#6135 = ORIENTED_EDGE('',*,*,#6136,.F.);
#6136 = EDGE_CURVE('',#6105,#1321,#6137,.T.);
#6137 = LINE('',#6138,#6139);
#6138 = CARTESIAN_POINT('',(-1.6,-3.17,1.92));
#6139 = VECTOR('',#6140,1.);
#6140 = DIRECTION('',(1.224646799147E-16,1.,-1.110223024625E-16));
#6141 = PLANE('',#6142);
#6142 = AXIS2_PLACEMENT_3D('',#6143,#6144,#6145);
#6143 = CARTESIAN_POINT('',(4.05,-3.47,1.92));
#6144 = DIRECTION('',(1.359631073447E-32,1.110223024625E-16,1.));
#6145 = DIRECTION('',(-1.,1.224646799147E-16,0.));
#6146 = ADVANCED_FACE('',(#6147),#6172,.T.);
#6147 = FACE_BOUND('',#6148,.F.);
#6148 = EDGE_LOOP('',(#6149,#6157,#6158,#6166));
#6149 = ORIENTED_EDGE('',*,*,#6150,.F.);
#6150 = EDGE_CURVE('',#6065,#6151,#6153,.T.);
#6151 = VERTEX_POINT('',#6152);
#6152 = CARTESIAN_POINT('',(1.6,-3.17,0.92));
#6153 = LINE('',#6154,#6155);
#6154 = CARTESIAN_POINT('',(1.6,-3.17,1.92));
#6155 = VECTOR('',#6156,1.);
#6156 = DIRECTION('',(-1.359631073447E-32,-1.110223024625E-16,-1.));
#6157 = ORIENTED_EDGE('',*,*,#6064,.T.);
#6158 = ORIENTED_EDGE('',*,*,#6159,.T.);
#6159 = EDGE_CURVE('',#6067,#6160,#6162,.T.);
#6160 = VERTEX_POINT('',#6161);
#6161 = CARTESIAN_POINT('',(1.9,-3.47,0.92));
#6162 = LINE('',#6163,#6164);
#6163 = CARTESIAN_POINT('',(1.9,-3.47,1.92));
#6164 = VECTOR('',#6165,1.);
#6165 = DIRECTION('',(-1.359631073447E-32,-1.110223024625E-16,-1.));
#6166 = ORIENTED_EDGE('',*,*,#6167,.T.);
#6167 = EDGE_CURVE('',#6160,#6151,#6168,.T.);
#6168 = LINE('',#6169,#6170);
#6169 = CARTESIAN_POINT('',(1.9,-3.47,0.92));
#6170 = VECTOR('',#6171,1.);
#6171 = DIRECTION('',(-0.707106781187,0.707106781187,-7.850462293419E-17
    ));
#6172 = PLANE('',#6173);
#6173 = AXIS2_PLACEMENT_3D('',#6174,#6175,#6176);
#6174 = CARTESIAN_POINT('',(1.75,-3.32,1.42));
#6175 = DIRECTION('',(-0.707106781187,-0.707106781187,7.850462293419E-17
    ));
#6176 = DIRECTION('',(-0.707106781187,0.707106781187,-7.850462293419E-17
    ));
#6177 = ADVANCED_FACE('',(#6178),#6206,.F.);
#6178 = FACE_BOUND('',#6179,.F.);
#6179 = EDGE_LOOP('',(#6180,#6190,#6196,#6197,#6198,#6199,#6200));
#6180 = ORIENTED_EDGE('',*,*,#6181,.F.);
#6181 = EDGE_CURVE('',#6182,#6184,#6186,.T.);
#6182 = VERTEX_POINT('',#6183);
#6183 = CARTESIAN_POINT('',(1.6,-2.17,1.32));
#6184 = VERTEX_POINT('',#6185);
#6185 = CARTESIAN_POINT('',(1.6,-2.17,0.92));
#6186 = LINE('',#6187,#6188);
#6187 = CARTESIAN_POINT('',(1.6,-2.17,1.32));
#6188 = VECTOR('',#6189,1.);
#6189 = DIRECTION('',(-1.359631073447E-32,-1.110223024625E-16,-1.));
#6190 = ORIENTED_EDGE('',*,*,#6191,.F.);
#6191 = EDGE_CURVE('',#5934,#6182,#6192,.T.);
#6192 = LINE('',#6193,#6194);
#6193 = CARTESIAN_POINT('',(1.6,-2.22,1.32));
#6194 = VECTOR('',#6195,1.);
#6195 = DIRECTION('',(1.224646799147E-16,1.,-1.110223024625E-16));
#6196 = ORIENTED_EDGE('',*,*,#5933,.T.);
#6197 = ORIENTED_EDGE('',*,*,#1209,.F.);
#6198 = ORIENTED_EDGE('',*,*,#6074,.F.);
#6199 = ORIENTED_EDGE('',*,*,#6150,.T.);
#6200 = ORIENTED_EDGE('',*,*,#6201,.T.);
#6201 = EDGE_CURVE('',#6151,#6184,#6202,.T.);
#6202 = LINE('',#6203,#6204);
#6203 = CARTESIAN_POINT('',(1.6,-3.17,0.92));
#6204 = VECTOR('',#6205,1.);
#6205 = DIRECTION('',(1.224646799147E-16,1.,-1.110223024625E-16));
#6206 = PLANE('',#6207);
#6207 = AXIS2_PLACEMENT_3D('',#6208,#6209,#6210);
#6208 = CARTESIAN_POINT('',(1.6,-3.47,0.92));
#6209 = DIRECTION('',(1.,-1.224646799147E-16,0.));
#6210 = DIRECTION('',(1.359631073447E-32,1.110223024625E-16,1.));
#6211 = ADVANCED_FACE('',(#6212),#6237,.T.);
#6212 = FACE_BOUND('',#6213,.F.);
#6213 = EDGE_LOOP('',(#6214,#6224,#6230,#6231));
#6214 = ORIENTED_EDGE('',*,*,#6215,.F.);
#6215 = EDGE_CURVE('',#6216,#6218,#6220,.T.);
#6216 = VERTEX_POINT('',#6217);
#6217 = CARTESIAN_POINT('',(1.55,-2.02,1.32));
#6218 = VERTEX_POINT('',#6219);
#6219 = CARTESIAN_POINT('',(1.55,-2.02,0.92));
#6220 = LINE('',#6221,#6222);
#6221 = CARTESIAN_POINT('',(1.55,-2.02,1.32));
#6222 = VECTOR('',#6223,1.);
#6223 = DIRECTION('',(-1.359631073447E-32,-1.110223024625E-16,-1.));
#6224 = ORIENTED_EDGE('',*,*,#6225,.T.);
#6225 = EDGE_CURVE('',#6216,#6182,#6226,.T.);
#6226 = LINE('',#6227,#6228);
#6227 = CARTESIAN_POINT('',(1.55,-2.02,1.32));
#6228 = VECTOR('',#6229,1.);
#6229 = DIRECTION('',(0.316227766017,-0.948683298051,1.053250040573E-16)
  );
#6230 = ORIENTED_EDGE('',*,*,#6181,.T.);
#6231 = ORIENTED_EDGE('',*,*,#6232,.T.);
#6232 = EDGE_CURVE('',#6184,#6218,#6233,.T.);
#6233 = LINE('',#6234,#6235);
#6234 = CARTESIAN_POINT('',(1.6,-2.17,0.92));
#6235 = VECTOR('',#6236,1.);
#6236 = DIRECTION('',(-0.316227766017,0.948683298051,-1.053250040573E-16
    ));
#6237 = PLANE('',#6238);
#6238 = AXIS2_PLACEMENT_3D('',#6239,#6240,#6241);
#6239 = CARTESIAN_POINT('',(1.575,-2.095,1.12));
#6240 = DIRECTION('',(-0.948683298051,-0.316227766017,3.510833468576E-17
    ));
#6241 = DIRECTION('',(-0.316227766017,0.948683298051,-1.053250040573E-16
    ));
#6242 = ADVANCED_FACE('',(#6243),#6268,.F.);
#6243 = FACE_BOUND('',#6244,.F.);
#6244 = EDGE_LOOP('',(#6245,#6246,#6254,#6262));
#6245 = ORIENTED_EDGE('',*,*,#6215,.T.);
#6246 = ORIENTED_EDGE('',*,*,#6247,.T.);
#6247 = EDGE_CURVE('',#6218,#6248,#6250,.T.);
#6248 = VERTEX_POINT('',#6249);
#6249 = CARTESIAN_POINT('',(1.55,-0.62,0.92));
#6250 = LINE('',#6251,#6252);
#6251 = CARTESIAN_POINT('',(1.55,-2.02,0.92));
#6252 = VECTOR('',#6253,1.);
#6253 = DIRECTION('',(1.224646799147E-16,1.,-1.110223024625E-16));
#6254 = ORIENTED_EDGE('',*,*,#6255,.T.);
#6255 = EDGE_CURVE('',#6248,#6256,#6258,.T.);
#6256 = VERTEX_POINT('',#6257);
#6257 = CARTESIAN_POINT('',(1.55,-0.62,1.32));
#6258 = LINE('',#6259,#6260);
#6259 = CARTESIAN_POINT('',(1.55,-0.62,0.92));
#6260 = VECTOR('',#6261,1.);
#6261 = DIRECTION('',(1.359631073447E-32,1.110223024625E-16,1.));
#6262 = ORIENTED_EDGE('',*,*,#6263,.F.);
#6263 = EDGE_CURVE('',#6216,#6256,#6264,.T.);
#6264 = LINE('',#6265,#6266);
#6265 = CARTESIAN_POINT('',(1.55,-2.02,1.32));
#6266 = VECTOR('',#6267,1.);
#6267 = DIRECTION('',(1.224646799147E-16,1.,-1.110223024625E-16));
#6268 = PLANE('',#6269);
#6269 = AXIS2_PLACEMENT_3D('',#6270,#6271,#6272);
#6270 = CARTESIAN_POINT('',(1.55,-2.17,0.92));
#6271 = DIRECTION('',(1.,-1.224646799147E-16,0.));
#6272 = DIRECTION('',(1.359631073447E-32,1.110223024625E-16,1.));
#6273 = ADVANCED_FACE('',(#6274),#6326,.F.);
#6274 = FACE_BOUND('',#6275,.F.);
#6275 = EDGE_LOOP('',(#6276,#6286,#6294,#6302,#6308,#6309,#6310,#6311,
    #6312,#6320));
#6276 = ORIENTED_EDGE('',*,*,#6277,.F.);
#6277 = EDGE_CURVE('',#6278,#6280,#6282,.T.);
#6278 = VERTEX_POINT('',#6279);
#6279 = CARTESIAN_POINT('',(-1.6,-2.17,0.92));
#6280 = VERTEX_POINT('',#6281);
#6281 = CARTESIAN_POINT('',(-1.6,-3.17,0.92));
#6282 = LINE('',#6283,#6284);
#6283 = CARTESIAN_POINT('',(-1.6,-2.17,0.92));
#6284 = VECTOR('',#6285,1.);
#6285 = DIRECTION('',(-1.224646799147E-16,-1.,1.110223024625E-16));
#6286 = ORIENTED_EDGE('',*,*,#6287,.F.);
#6287 = EDGE_CURVE('',#6288,#6278,#6290,.T.);
#6288 = VERTEX_POINT('',#6289);
#6289 = CARTESIAN_POINT('',(-1.55,-2.02,0.92));
#6290 = LINE('',#6291,#6292);
#6291 = CARTESIAN_POINT('',(-1.55,-2.02,0.92));
#6292 = VECTOR('',#6293,1.);
#6293 = DIRECTION('',(-0.316227766017,-0.948683298051,1.053250040573E-16
    ));
#6294 = ORIENTED_EDGE('',*,*,#6295,.T.);
#6295 = EDGE_CURVE('',#6288,#6296,#6298,.T.);
#6296 = VERTEX_POINT('',#6297);
#6297 = CARTESIAN_POINT('',(-1.55,-0.62,0.92));
#6298 = LINE('',#6299,#6300);
#6299 = CARTESIAN_POINT('',(-1.55,-2.02,0.92));
#6300 = VECTOR('',#6301,1.);
#6301 = DIRECTION('',(1.224646799147E-16,1.,-1.110223024625E-16));
#6302 = ORIENTED_EDGE('',*,*,#6303,.T.);
#6303 = EDGE_CURVE('',#6296,#6248,#6304,.T.);
#6304 = LINE('',#6305,#6306);
#6305 = CARTESIAN_POINT('',(-1.55,-0.62,0.92));
#6306 = VECTOR('',#6307,1.);
#6307 = DIRECTION('',(1.,-1.224646799147E-16,0.));
#6308 = ORIENTED_EDGE('',*,*,#6247,.F.);
#6309 = ORIENTED_EDGE('',*,*,#6232,.F.);
#6310 = ORIENTED_EDGE('',*,*,#6201,.F.);
#6311 = ORIENTED_EDGE('',*,*,#6167,.F.);
#6312 = ORIENTED_EDGE('',*,*,#6313,.T.);
#6313 = EDGE_CURVE('',#6160,#6314,#6316,.T.);
#6314 = VERTEX_POINT('',#6315);
#6315 = CARTESIAN_POINT('',(-1.9,-3.47,0.92));
#6316 = LINE('',#6317,#6318);
#6317 = CARTESIAN_POINT('',(1.9,-3.47,0.92));
#6318 = VECTOR('',#6319,1.);
#6319 = DIRECTION('',(-1.,1.224646799147E-16,0.));
#6320 = ORIENTED_EDGE('',*,*,#6321,.F.);
#6321 = EDGE_CURVE('',#6280,#6314,#6322,.T.);
#6322 = LINE('',#6323,#6324);
#6323 = CARTESIAN_POINT('',(-1.6,-3.17,0.92));
#6324 = VECTOR('',#6325,1.);
#6325 = DIRECTION('',(-0.707106781187,-0.707106781187,7.850462293419E-17
    ));
#6326 = PLANE('',#6327);
#6327 = AXIS2_PLACEMENT_3D('',#6328,#6329,#6330);
#6328 = CARTESIAN_POINT('',(-1.6,-3.47,0.92));
#6329 = DIRECTION('',(-1.359631073447E-32,-1.110223024625E-16,-1.));
#6330 = DIRECTION('',(1.,-1.224646799147E-16,0.));
#6331 = ADVANCED_FACE('',(#6332),#6358,.F.);
#6332 = FACE_BOUND('',#6333,.F.);
#6333 = EDGE_LOOP('',(#6334,#6342,#6343,#6349,#6350,#6351,#6352));
#6334 = ORIENTED_EDGE('',*,*,#6335,.F.);
#6335 = EDGE_CURVE('',#6278,#6336,#6338,.T.);
#6336 = VERTEX_POINT('',#6337);
#6337 = CARTESIAN_POINT('',(-1.6,-2.17,1.32));
#6338 = LINE('',#6339,#6340);
#6339 = CARTESIAN_POINT('',(-1.6,-2.17,0.92));
#6340 = VECTOR('',#6341,1.);
#6341 = DIRECTION('',(1.359631073447E-32,1.110223024625E-16,1.));
#6342 = ORIENTED_EDGE('',*,*,#6277,.T.);
#6343 = ORIENTED_EDGE('',*,*,#6344,.T.);
#6344 = EDGE_CURVE('',#6280,#6105,#6345,.T.);
#6345 = LINE('',#6346,#6347);
#6346 = CARTESIAN_POINT('',(-1.6,-3.17,0.92));
#6347 = VECTOR('',#6348,1.);
#6348 = DIRECTION('',(1.359631073447E-32,1.110223024625E-16,1.));
#6349 = ORIENTED_EDGE('',*,*,#6136,.T.);
#6350 = ORIENTED_EDGE('',*,*,#1320,.T.);
#6351 = ORIENTED_EDGE('',*,*,#5957,.F.);
#6352 = ORIENTED_EDGE('',*,*,#6353,.T.);
#6353 = EDGE_CURVE('',#5958,#6336,#6354,.T.);
#6354 = LINE('',#6355,#6356);
#6355 = CARTESIAN_POINT('',(-1.6,-2.22,1.32));
#6356 = VECTOR('',#6357,1.);
#6357 = DIRECTION('',(1.224646799147E-16,1.,-1.110223024625E-16));
#6358 = PLANE('',#6359);
#6359 = AXIS2_PLACEMENT_3D('',#6360,#6361,#6362);
#6360 = CARTESIAN_POINT('',(-1.6,-3.47,1.92));
#6361 = DIRECTION('',(-1.,1.224646799147E-16,0.));
#6362 = DIRECTION('',(-1.359631073447E-32,-1.110223024625E-16,-1.));
#6363 = ADVANCED_FACE('',(#6364),#6382,.T.);
#6364 = FACE_BOUND('',#6365,.F.);
#6365 = EDGE_LOOP('',(#6366,#6374,#6375,#6376));
#6366 = ORIENTED_EDGE('',*,*,#6367,.F.);
#6367 = EDGE_CURVE('',#6288,#6368,#6370,.T.);
#6368 = VERTEX_POINT('',#6369);
#6369 = CARTESIAN_POINT('',(-1.55,-2.02,1.32));
#6370 = LINE('',#6371,#6372);
#6371 = CARTESIAN_POINT('',(-1.55,-2.02,0.92));
#6372 = VECTOR('',#6373,1.);
#6373 = DIRECTION('',(1.359631073447E-32,1.110223024625E-16,1.));
#6374 = ORIENTED_EDGE('',*,*,#6287,.T.);
#6375 = ORIENTED_EDGE('',*,*,#6335,.T.);
#6376 = ORIENTED_EDGE('',*,*,#6377,.T.);
#6377 = EDGE_CURVE('',#6336,#6368,#6378,.T.);
#6378 = LINE('',#6379,#6380);
#6379 = CARTESIAN_POINT('',(-1.6,-2.17,1.32));
#6380 = VECTOR('',#6381,1.);
#6381 = DIRECTION('',(0.316227766017,0.948683298051,-1.053250040573E-16)
  );
#6382 = PLANE('',#6383);
#6383 = AXIS2_PLACEMENT_3D('',#6384,#6385,#6386);
#6384 = CARTESIAN_POINT('',(-1.575,-2.095,1.12));
#6385 = DIRECTION('',(0.948683298051,-0.316227766017,3.510833468576E-17)
  );
#6386 = DIRECTION('',(0.316227766017,0.948683298051,-1.053250040573E-16)
  );
#6387 = ADVANCED_FACE('',(#6388),#6406,.F.);
#6388 = FACE_BOUND('',#6389,.F.);
#6389 = EDGE_LOOP('',(#6390,#6391,#6399,#6405));
#6390 = ORIENTED_EDGE('',*,*,#6367,.T.);
#6391 = ORIENTED_EDGE('',*,*,#6392,.T.);
#6392 = EDGE_CURVE('',#6368,#6393,#6395,.T.);
#6393 = VERTEX_POINT('',#6394);
#6394 = CARTESIAN_POINT('',(-1.55,-0.62,1.32));
#6395 = LINE('',#6396,#6397);
#6396 = CARTESIAN_POINT('',(-1.55,-2.02,1.32));
#6397 = VECTOR('',#6398,1.);
#6398 = DIRECTION('',(1.224646799147E-16,1.,-1.110223024625E-16));
#6399 = ORIENTED_EDGE('',*,*,#6400,.T.);
#6400 = EDGE_CURVE('',#6393,#6296,#6401,.T.);
#6401 = LINE('',#6402,#6403);
#6402 = CARTESIAN_POINT('',(-1.55,-0.62,1.32));
#6403 = VECTOR('',#6404,1.);
#6404 = DIRECTION('',(-1.359631073447E-32,-1.110223024625E-16,-1.));
#6405 = ORIENTED_EDGE('',*,*,#6295,.F.);
#6406 = PLANE('',#6407);
#6407 = AXIS2_PLACEMENT_3D('',#6408,#6409,#6410);
#6408 = CARTESIAN_POINT('',(-1.55,-2.17,1.32));
#6409 = DIRECTION('',(-1.,1.224646799147E-16,0.));
#6410 = DIRECTION('',(-1.359631073447E-32,-1.110223024625E-16,-1.));
#6411 = ADVANCED_FACE('',(#6412),#6436,.T.);
#6412 = FACE_BOUND('',#6413,.F.);
#6413 = EDGE_LOOP('',(#6414,#6415,#6416,#6417,#6418,#6419,#6425,#6426,
    #6427,#6428,#6429,#6430));
#6414 = ORIENTED_EDGE('',*,*,#6392,.F.);
#6415 = ORIENTED_EDGE('',*,*,#6377,.F.);
#6416 = ORIENTED_EDGE('',*,*,#6353,.F.);
#6417 = ORIENTED_EDGE('',*,*,#5967,.T.);
#6418 = ORIENTED_EDGE('',*,*,#5774,.T.);
#6419 = ORIENTED_EDGE('',*,*,#6420,.T.);
#6420 = EDGE_CURVE('',#5767,#5855,#6421,.T.);
#6421 = LINE('',#6422,#6423);
#6422 = CARTESIAN_POINT('',(-1.45,-2.77,1.32));
#6423 = VECTOR('',#6424,1.);
#6424 = DIRECTION('',(1.,-1.224646799147E-16,0.));
#6425 = ORIENTED_EDGE('',*,*,#5854,.F.);
#6426 = ORIENTED_EDGE('',*,*,#5941,.T.);
#6427 = ORIENTED_EDGE('',*,*,#6191,.T.);
#6428 = ORIENTED_EDGE('',*,*,#6225,.F.);
#6429 = ORIENTED_EDGE('',*,*,#6263,.T.);
#6430 = ORIENTED_EDGE('',*,*,#6431,.F.);
#6431 = EDGE_CURVE('',#6393,#6256,#6432,.T.);
#6432 = LINE('',#6433,#6434);
#6433 = CARTESIAN_POINT('',(-1.55,-0.62,1.32));
#6434 = VECTOR('',#6435,1.);
#6435 = DIRECTION('',(1.,-1.224646799147E-16,0.));
#6436 = PLANE('',#6437);
#6437 = AXIS2_PLACEMENT_3D('',#6438,#6439,#6440);
#6438 = CARTESIAN_POINT('',(-1.45,-0.62,1.32));
#6439 = DIRECTION('',(-1.359631073447E-32,-1.110223024625E-16,-1.));
#6440 = DIRECTION('',(-1.224646799147E-16,-1.,1.110223024625E-16));
#6441 = ADVANCED_FACE('',(#6442),#6453,.T.);
#6442 = FACE_BOUND('',#6443,.F.);
#6443 = EDGE_LOOP('',(#6444,#6445,#6451,#6452));
#6444 = ORIENTED_EDGE('',*,*,#5766,.T.);
#6445 = ORIENTED_EDGE('',*,*,#6446,.T.);
#6446 = EDGE_CURVE('',#5759,#5863,#6447,.T.);
#6447 = LINE('',#6448,#6449);
#6448 = CARTESIAN_POINT('',(-1.45,-3.32,1.72));
#6449 = VECTOR('',#6450,1.);
#6450 = DIRECTION('',(1.,-1.224646799147E-16,0.));
#6451 = ORIENTED_EDGE('',*,*,#5862,.F.);
#6452 = ORIENTED_EDGE('',*,*,#6420,.F.);
#6453 = PLANE('',#6454);
#6454 = AXIS2_PLACEMENT_3D('',#6455,#6456,#6457);
#6455 = CARTESIAN_POINT('',(-1.45,-2.77,1.32));
#6456 = DIRECTION('',(-7.203025869068E-17,-0.588171697675,
    -0.808736084303));
#6457 = DIRECTION('',(-9.904160569969E-17,-0.808736084303,0.588171697675
    ));
#6458 = ADVANCED_FACE('',(#6459),#6465,.T.);
#6459 = FACE_BOUND('',#6460,.F.);
#6460 = EDGE_LOOP('',(#6461,#6462,#6463,#6464));
#6461 = ORIENTED_EDGE('',*,*,#5758,.T.);
#6462 = ORIENTED_EDGE('',*,*,#5831,.T.);
#6463 = ORIENTED_EDGE('',*,*,#5870,.F.);
#6464 = ORIENTED_EDGE('',*,*,#6446,.F.);
#6465 = PLANE('',#6466);
#6466 = AXIS2_PLACEMENT_3D('',#6467,#6468,#6469);
#6467 = CARTESIAN_POINT('',(-1.45,-3.32,1.72));
#6468 = DIRECTION('',(-1.224646799147E-16,-1.,1.110223024625E-16));
#6469 = DIRECTION('',(1.359631073447E-32,1.110223024625E-16,1.));
#6470 = ADVANCED_FACE('',(#6471),#6477,.T.);
#6471 = FACE_BOUND('',#6472,.F.);
#6472 = EDGE_LOOP('',(#6473,#6474,#6475,#6476));
#6473 = ORIENTED_EDGE('',*,*,#6431,.T.);
#6474 = ORIENTED_EDGE('',*,*,#6255,.F.);
#6475 = ORIENTED_EDGE('',*,*,#6303,.F.);
#6476 = ORIENTED_EDGE('',*,*,#6400,.F.);
#6477 = PLANE('',#6478);
#6478 = AXIS2_PLACEMENT_3D('',#6479,#6480,#6481);
#6479 = CARTESIAN_POINT('',(-1.45,-0.62,0.93));
#6480 = DIRECTION('',(-1.224646799147E-16,-1.,1.110223024625E-16));
#6481 = DIRECTION('',(1.359631073447E-32,1.110223024625E-16,1.));
#6482 = ADVANCED_FACE('',(#6483),#6494,.T.);
#6483 = FACE_BOUND('',#6484,.F.);
#6484 = EDGE_LOOP('',(#6485,#6486,#6487,#6488));
#6485 = ORIENTED_EDGE('',*,*,#6102,.T.);
#6486 = ORIENTED_EDGE('',*,*,#6344,.F.);
#6487 = ORIENTED_EDGE('',*,*,#6321,.T.);
#6488 = ORIENTED_EDGE('',*,*,#6489,.T.);
#6489 = EDGE_CURVE('',#6314,#6103,#6490,.T.);
#6490 = LINE('',#6491,#6492);
#6491 = CARTESIAN_POINT('',(-1.9,-3.47,0.92));
#6492 = VECTOR('',#6493,1.);
#6493 = DIRECTION('',(1.359631073447E-32,1.110223024625E-16,1.));
#6494 = PLANE('',#6495);
#6495 = AXIS2_PLACEMENT_3D('',#6496,#6497,#6498);
#6496 = CARTESIAN_POINT('',(-1.75,-3.32,1.42));
#6497 = DIRECTION('',(0.707106781187,-0.707106781187,7.850462293419E-17)
  );
#6498 = DIRECTION('',(0.707106781187,0.707106781187,-7.850462293419E-17)
  );
#6499 = ADVANCED_FACE('',(#6500),#6515,.T.);
#6500 = FACE_BOUND('',#6501,.F.);
#6501 = EDGE_LOOP('',(#6502,#6503,#6504,#6505,#6506,#6512,#6513,#6514));
#6502 = ORIENTED_EDGE('',*,*,#6159,.F.);
#6503 = ORIENTED_EDGE('',*,*,#6088,.T.);
#6504 = ORIENTED_EDGE('',*,*,#6032,.F.);
#6505 = ORIENTED_EDGE('',*,*,#6018,.T.);
#6506 = ORIENTED_EDGE('',*,*,#6507,.F.);
#6507 = EDGE_CURVE('',#6113,#6010,#6508,.T.);
#6508 = LINE('',#6509,#6510);
#6509 = CARTESIAN_POINT('',(-3.65,-3.47,1.92));
#6510 = VECTOR('',#6511,1.);
#6511 = DIRECTION('',(-1.359631073447E-32,-1.110223024625E-16,-1.));
#6512 = ORIENTED_EDGE('',*,*,#6112,.T.);
#6513 = ORIENTED_EDGE('',*,*,#6489,.F.);
#6514 = ORIENTED_EDGE('',*,*,#6313,.F.);
#6515 = PLANE('',#6516);
#6516 = AXIS2_PLACEMENT_3D('',#6517,#6518,#6519);
#6517 = CARTESIAN_POINT('',(0.,-3.47,1.02));
#6518 = DIRECTION('',(-1.224646799147E-16,-1.,1.110223024625E-16));
#6519 = DIRECTION('',(-1.,1.224646799147E-16,0.));
#6520 = ADVANCED_FACE('',(#6521),#6532,.T.);
#6521 = FACE_BOUND('',#6522,.T.);
#6522 = EDGE_LOOP('',(#6523,#6524,#6525,#6531));
#6523 = ORIENTED_EDGE('',*,*,#6507,.F.);
#6524 = ORIENTED_EDGE('',*,*,#6120,.F.);
#6525 = ORIENTED_EDGE('',*,*,#6526,.T.);
#6526 = EDGE_CURVE('',#6121,#6002,#6527,.T.);
#6527 = LINE('',#6528,#6529);
#6528 = CARTESIAN_POINT('',(-4.05,-3.07,1.92));
#6529 = VECTOR('',#6530,1.);
#6530 = DIRECTION('',(-1.359631073447E-32,-1.110223024625E-16,-1.));
#6531 = ORIENTED_EDGE('',*,*,#6009,.F.);
#6532 = CYLINDRICAL_SURFACE('',#6533,0.4);
#6533 = AXIS2_PLACEMENT_3D('',#6534,#6535,#6536);
#6534 = CARTESIAN_POINT('',(-3.65,-3.07,4.6272));
#6535 = DIRECTION('',(-1.359631073447E-32,-1.110223024625E-16,-1.));
#6536 = DIRECTION('',(-1.224646799147E-16,-1.,1.110223024625E-16));
#6537 = ADVANCED_FACE('',(#6538),#6544,.T.);
#6538 = FACE_BOUND('',#6539,.F.);
#6539 = EDGE_LOOP('',(#6540,#6541,#6542,#6543));
#6540 = ORIENTED_EDGE('',*,*,#6526,.T.);
#6541 = ORIENTED_EDGE('',*,*,#6001,.F.);
#6542 = ORIENTED_EDGE('',*,*,#1336,.T.);
#6543 = ORIENTED_EDGE('',*,*,#6129,.T.);
#6544 = PLANE('',#6545);
#6545 = AXIS2_PLACEMENT_3D('',#6546,#6547,#6548);
#6546 = CARTESIAN_POINT('',(-4.05,-3.47,1.92));
#6547 = DIRECTION('',(-1.,1.224646799147E-16,0.));
#6548 = DIRECTION('',(-1.359631073447E-32,-1.110223024625E-16,-1.));
#6549 = ADVANCED_FACE('',(#6550),#6556,.T.);
#6550 = FACE_BOUND('',#6551,.F.);
#6551 = EDGE_LOOP('',(#6552,#6553,#6554,#6555));
#6552 = ORIENTED_EDGE('',*,*,#6041,.T.);
#6553 = ORIENTED_EDGE('',*,*,#6081,.F.);
#6554 = ORIENTED_EDGE('',*,*,#1193,.T.);
#6555 = ORIENTED_EDGE('',*,*,#5992,.T.);
#6556 = PLANE('',#6557);
#6557 = AXIS2_PLACEMENT_3D('',#6558,#6559,#6560);
#6558 = CARTESIAN_POINT('',(4.05,-3.47,0.12));
#6559 = DIRECTION('',(1.,-1.224646799147E-16,0.));
#6560 = DIRECTION('',(1.359631073447E-32,1.110223024625E-16,1.));
#6561 = ADVANCED_FACE('',(#6562),#6568,.T.);
#6562 = FACE_BOUND('',#6563,.F.);
#6563 = EDGE_LOOP('',(#6564,#6565,#6566,#6567));
#6564 = ORIENTED_EDGE('',*,*,#5805,.T.);
#6565 = ORIENTED_EDGE('',*,*,#5918,.T.);
#6566 = ORIENTED_EDGE('',*,*,#5889,.F.);
#6567 = ORIENTED_EDGE('',*,*,#5388,.F.);
#6568 = PLANE('',#6569);
#6569 = AXIS2_PLACEMENT_3D('',#6570,#6571,#6572);
#6570 = CARTESIAN_POINT('',(-1.45,0.38,2.E-02));
#6571 = DIRECTION('',(-1.359631073447E-32,-1.110223024625E-16,-1.));
#6572 = DIRECTION('',(-1.224646799147E-16,-1.,1.110223024625E-16));
#6573 = ADVANCED_FACE('',(#6574),#6595,.T.);
#6574 = FACE_BOUND('',#6575,.F.);
#6575 = EDGE_LOOP('',(#6576,#6585,#6592,#6593,#6594));
#6576 = ORIENTED_EDGE('',*,*,#6577,.F.);
#6577 = EDGE_CURVE('',#6578,#4892,#6580,.T.);
#6578 = VERTEX_POINT('',#6579);
#6579 = CARTESIAN_POINT('',(1.1,0.5675,1.898412291828));
#6580 = CIRCLE('',#6581,0.1);
#6581 = AXIS2_PLACEMENT_3D('',#6582,#6583,#6584);
#6582 = CARTESIAN_POINT('',(1.1,0.48,1.85));
#6583 = DIRECTION('',(1.,-1.224646799147E-16,-1.232595164408E-32));
#6584 = DIRECTION('',(1.071565949254E-16,0.875,0.484122918276));
#6585 = ORIENTED_EDGE('',*,*,#6586,.F.);
#6586 = EDGE_CURVE('',#4556,#6578,#6587,.T.);
#6587 = CIRCLE('',#6588,0.1);
#6588 = AXIS2_PLACEMENT_3D('',#6589,#6590,#6591);
#6589 = CARTESIAN_POINT('',(1.1,0.655,1.946824583655));
#6590 = DIRECTION('',(-1.,1.224646799147E-16,0.));
#6591 = DIRECTION('',(3.061616997868E-17,0.25,-0.968245836552));
#6592 = ORIENTED_EDGE('',*,*,#4555,.F.);
#6593 = ORIENTED_EDGE('',*,*,#1607,.F.);
#6594 = ORIENTED_EDGE('',*,*,#4899,.F.);
#6595 = PLANE('',#6596);
#6596 = AXIS2_PLACEMENT_3D('',#6597,#6598,#6599);
#6597 = CARTESIAN_POINT('',(1.1,-3.47,1.02));
#6598 = DIRECTION('',(1.,-1.224646799147E-16,0.));
#6599 = DIRECTION('',(-1.224646799147E-16,-1.,1.110223024625E-16));
#6600 = ADVANCED_FACE('',(#6601),#6680,.T.);
#6601 = FACE_BOUND('',#6602,.F.);
#6602 = EDGE_LOOP('',(#6603,#6604,#6612,#6621,#6629,#6637,#6645,#6654,
    #6662,#6671,#6678,#6679));
#6603 = ORIENTED_EDGE('',*,*,#4442,.F.);
#6604 = ORIENTED_EDGE('',*,*,#6605,.F.);
#6605 = EDGE_CURVE('',#6606,#4435,#6608,.T.);
#6606 = VERTEX_POINT('',#6607);
#6607 = CARTESIAN_POINT('',(1.1,1.061188940512,0.291701754685));
#6608 = LINE('',#6609,#6610);
#6609 = CARTESIAN_POINT('',(1.1,1.061188940512,0.291701754685));
#6610 = VECTOR('',#6611,1.);
#6611 = DIRECTION('',(-1.003171929054E-16,-0.819152044289,0.573576436351
    ));
#6612 = ORIENTED_EDGE('',*,*,#6613,.F.);
#6613 = EDGE_CURVE('',#6614,#6606,#6616,.T.);
#6614 = VERTEX_POINT('',#6615);
#6615 = CARTESIAN_POINT('',(1.1,1.130018112874,0.27));
#6616 = CIRCLE('',#6617,0.12);
#6617 = AXIS2_PLACEMENT_3D('',#6618,#6619,#6620);
#6618 = CARTESIAN_POINT('',(1.1,1.130018112874,0.39));
#6619 = DIRECTION('',(-1.,1.224646799147E-16,0.));
#6620 = DIRECTION('',(-1.826437741997E-30,-1.491399596413E-14,-1.));
#6621 = ORIENTED_EDGE('',*,*,#6622,.F.);
#6622 = EDGE_CURVE('',#6623,#6614,#6625,.T.);
#6623 = VERTEX_POINT('',#6624);
#6624 = CARTESIAN_POINT('',(1.1,1.73,0.27));
#6625 = LINE('',#6626,#6627);
#6626 = CARTESIAN_POINT('',(1.1,1.73,0.27));
#6627 = VECTOR('',#6628,1.);
#6628 = DIRECTION('',(-1.224646799147E-16,-1.,1.110223024625E-16));
#6629 = ORIENTED_EDGE('',*,*,#6630,.F.);
#6630 = EDGE_CURVE('',#6631,#6623,#6633,.T.);
#6631 = VERTEX_POINT('',#6632);
#6632 = CARTESIAN_POINT('',(1.1,1.73,-6.661338147751E-16));
#6633 = LINE('',#6634,#6635);
#6634 = CARTESIAN_POINT('',(1.1,1.73,-6.661338147751E-16));
#6635 = VECTOR('',#6636,1.);
#6636 = DIRECTION('',(1.359631073447E-32,1.110223024625E-16,1.));
#6637 = ORIENTED_EDGE('',*,*,#6638,.F.);
#6638 = EDGE_CURVE('',#6639,#6631,#6641,.T.);
#6639 = VERTEX_POINT('',#6640);
#6640 = CARTESIAN_POINT('',(1.1,0.97920239636,-4.440892098501E-16));
#6641 = LINE('',#6642,#6643);
#6642 = CARTESIAN_POINT('',(1.1,0.97920239636,-4.440892098501E-16));
#6643 = VECTOR('',#6644,1.);
#6644 = DIRECTION('',(1.224646799147E-16,1.,-1.110223024625E-16));
#6645 = ORIENTED_EDGE('',*,*,#6646,.F.);
#6646 = EDGE_CURVE('',#6647,#6639,#6649,.T.);
#6647 = VERTEX_POINT('',#6648);
#6648 = CARTESIAN_POINT('',(1.1,0.919346165257,1.9892374906E-02));
#6649 = CIRCLE('',#6650,0.1);
#6650 = AXIS2_PLACEMENT_3D('',#6651,#6652,#6653);
#6651 = CARTESIAN_POINT('',(1.1,0.97920239636,1.E-01));
#6652 = DIRECTION('',(1.,-1.224646799147E-16,1.232595164408E-32));
#6653 = DIRECTION('',(-7.330274182841E-17,-0.598562311023,
    -0.801076250942));
#6654 = ORIENTED_EDGE('',*,*,#6655,.F.);
#6655 = EDGE_CURVE('',#6656,#6647,#6658,.T.);
#6656 = VERTEX_POINT('',#6657);
#6657 = CARTESIAN_POINT('',(1.1,0.714856231102,0.172686777966));
#6658 = LINE('',#6659,#6660);
#6659 = CARTESIAN_POINT('',(1.1,0.714856231102,0.172686777966));
#6660 = VECTOR('',#6661,1.);
#6661 = DIRECTION('',(9.810354665891E-17,0.801076250942,-0.598562311023)
  );
#6662 = ORIENTED_EDGE('',*,*,#6663,.F.);
#6663 = EDGE_CURVE('',#6664,#6656,#6666,.T.);
#6664 = VERTEX_POINT('',#6665);
#6665 = CARTESIAN_POINT('',(1.1,0.5675,0.1409914447));
#6666 = CIRCLE('',#6667,0.1);
#6667 = AXIS2_PLACEMENT_3D('',#6668,#6669,#6670);
#6668 = CARTESIAN_POINT('',(1.1,0.655,9.25791528722E-02));
#6669 = DIRECTION('',(-1.,1.224646799147E-16,1.232595164408E-32));
#6670 = DIRECTION('',(-1.071565949254E-16,-0.875,0.484122918276));
#6671 = ORIENTED_EDGE('',*,*,#6672,.F.);
#6672 = EDGE_CURVE('',#5404,#6664,#6673,.T.);
#6673 = CIRCLE('',#6674,0.1);
#6674 = AXIS2_PLACEMENT_3D('',#6675,#6676,#6677);
#6675 = CARTESIAN_POINT('',(1.1,0.48,0.189403736527));
#6676 = DIRECTION('',(1.,-1.224646799147E-16,0.));
#6677 = DIRECTION('',(-1.224646799147E-16,-1.,1.110223024625E-16));
#6678 = ORIENTED_EDGE('',*,*,#5403,.F.);
#6679 = ORIENTED_EDGE('',*,*,#214,.F.);
#6680 = PLANE('',#6681);
#6681 = AXIS2_PLACEMENT_3D('',#6682,#6683,#6684);
#6682 = CARTESIAN_POINT('',(1.1,-3.47,1.02));
#6683 = DIRECTION('',(1.,-1.224646799147E-16,0.));
#6684 = DIRECTION('',(-1.224646799147E-16,-1.,1.110223024625E-16));
#6685 = ADVANCED_FACE('',(#6686),#6705,.T.);
#6686 = FACE_BOUND('',#6687,.T.);
#6687 = EDGE_LOOP('',(#6688,#6689,#6697,#6704));
#6688 = ORIENTED_EDGE('',*,*,#6577,.F.);
#6689 = ORIENTED_EDGE('',*,*,#6690,.T.);
#6690 = EDGE_CURVE('',#6578,#6691,#6693,.T.);
#6691 = VERTEX_POINT('',#6692);
#6692 = CARTESIAN_POINT('',(0.9,0.5675,1.898412291828));
#6693 = LINE('',#6694,#6695);
#6694 = CARTESIAN_POINT('',(1.1,0.5675,1.898412291828));
#6695 = VECTOR('',#6696,1.);
#6696 = DIRECTION('',(-1.,1.224646799147E-16,0.));
#6697 = ORIENTED_EDGE('',*,*,#6698,.T.);
#6698 = EDGE_CURVE('',#6691,#4884,#6699,.T.);
#6699 = CIRCLE('',#6700,0.1);
#6700 = AXIS2_PLACEMENT_3D('',#6701,#6702,#6703);
#6701 = CARTESIAN_POINT('',(0.9,0.48,1.85));
#6702 = DIRECTION('',(1.,-1.224646799147E-16,-1.232595164408E-32));
#6703 = DIRECTION('',(1.071565949254E-16,0.875,0.484122918276));
#6704 = ORIENTED_EDGE('',*,*,#4891,.T.);
#6705 = CYLINDRICAL_SURFACE('',#6706,0.1);
#6706 = AXIS2_PLACEMENT_3D('',#6707,#6708,#6709);
#6707 = CARTESIAN_POINT('',(1.1,0.48,1.85));
#6708 = DIRECTION('',(1.,-1.224646799147E-16,0.));
#6709 = DIRECTION('',(-1.224646799147E-16,-1.,1.110223024625E-16));
#6710 = ADVANCED_FACE('',(#6711),#6724,.F.);
#6711 = FACE_BOUND('',#6712,.F.);
#6712 = EDGE_LOOP('',(#6713,#6714,#6721,#6722,#6723));
#6713 = ORIENTED_EDGE('',*,*,#4571,.T.);
#6714 = ORIENTED_EDGE('',*,*,#6715,.F.);
#6715 = EDGE_CURVE('',#6691,#4564,#6716,.T.);
#6716 = CIRCLE('',#6717,0.1);
#6717 = AXIS2_PLACEMENT_3D('',#6718,#6719,#6720);
#6718 = CARTESIAN_POINT('',(0.9,0.655,1.946824583655));
#6719 = DIRECTION('',(1.,-1.224646799147E-16,-6.162975822039E-33));
#6720 = DIRECTION('',(-1.071565949254E-16,-0.875,-0.484122918276));
#6721 = ORIENTED_EDGE('',*,*,#6698,.T.);
#6722 = ORIENTED_EDGE('',*,*,#4883,.T.);
#6723 = ORIENTED_EDGE('',*,*,#1785,.T.);
#6724 = PLANE('',#6725);
#6725 = AXIS2_PLACEMENT_3D('',#6726,#6727,#6728);
#6726 = CARTESIAN_POINT('',(0.9,-3.47,1.02));
#6727 = DIRECTION('',(1.,-1.224646799147E-16,0.));
#6728 = DIRECTION('',(-1.224646799147E-16,-1.,1.110223024625E-16));
#6729 = ADVANCED_FACE('',(#6730),#6809,.F.);
#6730 = FACE_BOUND('',#6731,.F.);
#6731 = EDGE_LOOP('',(#6732,#6733,#6734,#6735,#6744,#6753,#6761,#6770,
    #6778,#6786,#6794,#6803));
#6732 = ORIENTED_EDGE('',*,*,#4426,.T.);
#6733 = ORIENTED_EDGE('',*,*,#411,.T.);
#6734 = ORIENTED_EDGE('',*,*,#5419,.T.);
#6735 = ORIENTED_EDGE('',*,*,#6736,.F.);
#6736 = EDGE_CURVE('',#6737,#5412,#6739,.T.);
#6737 = VERTEX_POINT('',#6738);
#6738 = CARTESIAN_POINT('',(0.9,0.5675,0.1409914447));
#6739 = CIRCLE('',#6740,0.1);
#6740 = AXIS2_PLACEMENT_3D('',#6741,#6742,#6743);
#6741 = CARTESIAN_POINT('',(0.9,0.48,0.189403736527));
#6742 = DIRECTION('',(-1.,1.224646799147E-16,0.));
#6743 = DIRECTION('',(1.071565949254E-16,0.875,-0.484122918276));
#6744 = ORIENTED_EDGE('',*,*,#6745,.F.);
#6745 = EDGE_CURVE('',#6746,#6737,#6748,.T.);
#6746 = VERTEX_POINT('',#6747);
#6747 = CARTESIAN_POINT('',(0.9,0.714856231102,0.172686777966));
#6748 = CIRCLE('',#6749,0.1);
#6749 = AXIS2_PLACEMENT_3D('',#6750,#6751,#6752);
#6750 = CARTESIAN_POINT('',(0.9,0.655,9.25791528722E-02));
#6751 = DIRECTION('',(1.,-1.224646799147E-16,1.232595164408E-32));
#6752 = DIRECTION('',(7.330274182841E-17,0.598562311023,0.801076250942)
  );
#6753 = ORIENTED_EDGE('',*,*,#6754,.T.);
#6754 = EDGE_CURVE('',#6746,#6755,#6757,.T.);
#6755 = VERTEX_POINT('',#6756);
#6756 = CARTESIAN_POINT('',(0.9,0.919346165257,1.9892374906E-02));
#6757 = LINE('',#6758,#6759);
#6758 = CARTESIAN_POINT('',(0.9,0.714856231102,0.172686777966));
#6759 = VECTOR('',#6760,1.);
#6760 = DIRECTION('',(9.810354665891E-17,0.801076250942,-0.598562311023)
  );
#6761 = ORIENTED_EDGE('',*,*,#6762,.T.);
#6762 = EDGE_CURVE('',#6755,#6763,#6765,.T.);
#6763 = VERTEX_POINT('',#6764);
#6764 = CARTESIAN_POINT('',(0.9,0.97920239636,-4.440892098501E-16));
#6765 = CIRCLE('',#6766,0.1);
#6766 = AXIS2_PLACEMENT_3D('',#6767,#6768,#6769);
#6767 = CARTESIAN_POINT('',(0.9,0.97920239636,1.E-01));
#6768 = DIRECTION('',(1.,-1.224646799147E-16,1.232595164408E-32));
#6769 = DIRECTION('',(-7.330274182841E-17,-0.598562311023,
    -0.801076250942));
#6770 = ORIENTED_EDGE('',*,*,#6771,.T.);
#6771 = EDGE_CURVE('',#6763,#6772,#6774,.T.);
#6772 = VERTEX_POINT('',#6773);
#6773 = CARTESIAN_POINT('',(0.9,1.73,-6.661338147751E-16));
#6774 = LINE('',#6775,#6776);
#6775 = CARTESIAN_POINT('',(0.9,0.97920239636,-4.440892098501E-16));
#6776 = VECTOR('',#6777,1.);
#6777 = DIRECTION('',(1.224646799147E-16,1.,-1.110223024625E-16));
#6778 = ORIENTED_EDGE('',*,*,#6779,.T.);
#6779 = EDGE_CURVE('',#6772,#6780,#6782,.T.);
#6780 = VERTEX_POINT('',#6781);
#6781 = CARTESIAN_POINT('',(0.9,1.73,0.27));
#6782 = LINE('',#6783,#6784);
#6783 = CARTESIAN_POINT('',(0.9,1.73,-6.661338147751E-16));
#6784 = VECTOR('',#6785,1.);
#6785 = DIRECTION('',(1.359631073447E-32,1.110223024625E-16,1.));
#6786 = ORIENTED_EDGE('',*,*,#6787,.T.);
#6787 = EDGE_CURVE('',#6780,#6788,#6790,.T.);
#6788 = VERTEX_POINT('',#6789);
#6789 = CARTESIAN_POINT('',(0.9,1.130018112874,0.27));
#6790 = LINE('',#6791,#6792);
#6791 = CARTESIAN_POINT('',(0.9,1.73,0.27));
#6792 = VECTOR('',#6793,1.);
#6793 = DIRECTION('',(-1.224646799147E-16,-1.,1.110223024625E-16));
#6794 = ORIENTED_EDGE('',*,*,#6795,.T.);
#6795 = EDGE_CURVE('',#6788,#6796,#6798,.T.);
#6796 = VERTEX_POINT('',#6797);
#6797 = CARTESIAN_POINT('',(0.9,1.061188940512,0.291701754685));
#6798 = CIRCLE('',#6799,0.12);
#6799 = AXIS2_PLACEMENT_3D('',#6800,#6801,#6802);
#6800 = CARTESIAN_POINT('',(0.9,1.130018112874,0.39));
#6801 = DIRECTION('',(-1.,1.224646799147E-16,0.));
#6802 = DIRECTION('',(-1.826437741997E-30,-1.491399596413E-14,-1.));
#6803 = ORIENTED_EDGE('',*,*,#6804,.T.);
#6804 = EDGE_CURVE('',#6796,#4427,#6805,.T.);
#6805 = LINE('',#6806,#6807);
#6806 = CARTESIAN_POINT('',(0.9,1.061188940512,0.291701754685));
#6807 = VECTOR('',#6808,1.);
#6808 = DIRECTION('',(-1.003171929054E-16,-0.819152044289,0.573576436351
    ));
#6809 = PLANE('',#6810);
#6810 = AXIS2_PLACEMENT_3D('',#6811,#6812,#6813);
#6811 = CARTESIAN_POINT('',(0.9,-3.47,1.02));
#6812 = DIRECTION('',(1.,-1.224646799147E-16,0.));
#6813 = DIRECTION('',(-1.224646799147E-16,-1.,1.110223024625E-16));
#6814 = ADVANCED_FACE('',(#6815),#6821,.F.);
#6815 = FACE_BOUND('',#6816,.F.);
#6816 = EDGE_LOOP('',(#6817,#6818,#6819,#6820));
#6817 = ORIENTED_EDGE('',*,*,#6586,.T.);
#6818 = ORIENTED_EDGE('',*,*,#6690,.T.);
#6819 = ORIENTED_EDGE('',*,*,#6715,.T.);
#6820 = ORIENTED_EDGE('',*,*,#4563,.F.);
#6821 = CYLINDRICAL_SURFACE('',#6822,0.1);
#6822 = AXIS2_PLACEMENT_3D('',#6823,#6824,#6825);
#6823 = CARTESIAN_POINT('',(1.1,0.655,1.946824583655));
#6824 = DIRECTION('',(1.,-1.224646799147E-16,0.));
#6825 = DIRECTION('',(-1.224646799147E-16,-1.,1.110223024625E-16));
#6826 = ADVANCED_FACE('',(#6827),#6838,.T.);
#6827 = FACE_BOUND('',#6828,.T.);
#6828 = EDGE_LOOP('',(#6829,#6830,#6831,#6837));
#6829 = ORIENTED_EDGE('',*,*,#5411,.F.);
#6830 = ORIENTED_EDGE('',*,*,#6736,.F.);
#6831 = ORIENTED_EDGE('',*,*,#6832,.F.);
#6832 = EDGE_CURVE('',#6664,#6737,#6833,.T.);
#6833 = LINE('',#6834,#6835);
#6834 = CARTESIAN_POINT('',(1.1,0.5675,0.1409914447));
#6835 = VECTOR('',#6836,1.);
#6836 = DIRECTION('',(-1.,1.224646799147E-16,0.));
#6837 = ORIENTED_EDGE('',*,*,#6672,.F.);
#6838 = CYLINDRICAL_SURFACE('',#6839,0.1);
#6839 = AXIS2_PLACEMENT_3D('',#6840,#6841,#6842);
#6840 = CARTESIAN_POINT('',(1.1,0.48,0.189403736527));
#6841 = DIRECTION('',(1.,-1.224646799147E-16,0.));
#6842 = DIRECTION('',(-1.224646799147E-16,-1.,1.110223024625E-16));
#6843 = ADVANCED_FACE('',(#6844),#6855,.F.);
#6844 = FACE_BOUND('',#6845,.F.);
#6845 = EDGE_LOOP('',(#6846,#6847,#6853,#6854));
#6846 = ORIENTED_EDGE('',*,*,#6663,.T.);
#6847 = ORIENTED_EDGE('',*,*,#6848,.T.);
#6848 = EDGE_CURVE('',#6656,#6746,#6849,.T.);
#6849 = LINE('',#6850,#6851);
#6850 = CARTESIAN_POINT('',(1.1,0.714856231102,0.172686777966));
#6851 = VECTOR('',#6852,1.);
#6852 = DIRECTION('',(-1.,1.224646799147E-16,0.));
#6853 = ORIENTED_EDGE('',*,*,#6745,.T.);
#6854 = ORIENTED_EDGE('',*,*,#6832,.F.);
#6855 = CYLINDRICAL_SURFACE('',#6856,0.1);
#6856 = AXIS2_PLACEMENT_3D('',#6857,#6858,#6859);
#6857 = CARTESIAN_POINT('',(1.1,0.655,9.25791528722E-02));
#6858 = DIRECTION('',(1.,-1.224646799147E-16,0.));
#6859 = DIRECTION('',(-1.224646799147E-16,-1.,1.110223024625E-16));
#6860 = ADVANCED_FACE('',(#6861),#6872,.T.);
#6861 = FACE_BOUND('',#6862,.F.);
#6862 = EDGE_LOOP('',(#6863,#6864,#6870,#6871));
#6863 = ORIENTED_EDGE('',*,*,#6655,.T.);
#6864 = ORIENTED_EDGE('',*,*,#6865,.T.);
#6865 = EDGE_CURVE('',#6647,#6755,#6866,.T.);
#6866 = LINE('',#6867,#6868);
#6867 = CARTESIAN_POINT('',(1.1,0.919346165257,1.9892374906E-02));
#6868 = VECTOR('',#6869,1.);
#6869 = DIRECTION('',(-1.,1.224646799147E-16,0.));
#6870 = ORIENTED_EDGE('',*,*,#6754,.F.);
#6871 = ORIENTED_EDGE('',*,*,#6848,.F.);
#6872 = PLANE('',#6873);
#6873 = AXIS2_PLACEMENT_3D('',#6874,#6875,#6876);
#6874 = CARTESIAN_POINT('',(1.1,0.714856231102,0.172686777966));
#6875 = DIRECTION('',(-7.330274182841E-17,-0.598562311023,
    -0.801076250942));
#6876 = DIRECTION('',(9.810354665891E-17,0.801076250942,-0.598562311023)
  );
#6877 = ADVANCED_FACE('',(#6878),#6889,.T.);
#6878 = FACE_BOUND('',#6879,.T.);
#6879 = EDGE_LOOP('',(#6880,#6881,#6882,#6888));
#6880 = ORIENTED_EDGE('',*,*,#6865,.T.);
#6881 = ORIENTED_EDGE('',*,*,#6762,.T.);
#6882 = ORIENTED_EDGE('',*,*,#6883,.F.);
#6883 = EDGE_CURVE('',#6639,#6763,#6884,.T.);
#6884 = LINE('',#6885,#6886);
#6885 = CARTESIAN_POINT('',(1.1,0.97920239636,-4.440892098501E-16));
#6886 = VECTOR('',#6887,1.);
#6887 = DIRECTION('',(-1.,1.224646799147E-16,0.));
#6888 = ORIENTED_EDGE('',*,*,#6646,.F.);
#6889 = CYLINDRICAL_SURFACE('',#6890,0.1);
#6890 = AXIS2_PLACEMENT_3D('',#6891,#6892,#6893);
#6891 = CARTESIAN_POINT('',(1.1,0.97920239636,1.E-01));
#6892 = DIRECTION('',(1.,-1.224646799147E-16,0.));
#6893 = DIRECTION('',(-1.224646799147E-16,-1.,1.110223024625E-16));
#6894 = ADVANCED_FACE('',(#6895),#6906,.T.);
#6895 = FACE_BOUND('',#6896,.F.);
#6896 = EDGE_LOOP('',(#6897,#6898,#6904,#6905));
#6897 = ORIENTED_EDGE('',*,*,#6638,.T.);
#6898 = ORIENTED_EDGE('',*,*,#6899,.T.);
#6899 = EDGE_CURVE('',#6631,#6772,#6900,.T.);
#6900 = LINE('',#6901,#6902);
#6901 = CARTESIAN_POINT('',(1.1,1.73,-6.661338147751E-16));
#6902 = VECTOR('',#6903,1.);
#6903 = DIRECTION('',(-1.,1.224646799147E-16,0.));
#6904 = ORIENTED_EDGE('',*,*,#6771,.F.);
#6905 = ORIENTED_EDGE('',*,*,#6883,.F.);
#6906 = PLANE('',#6907);
#6907 = AXIS2_PLACEMENT_3D('',#6908,#6909,#6910);
#6908 = CARTESIAN_POINT('',(1.1,0.97920239636,-4.440892098501E-16));
#6909 = DIRECTION('',(-1.359631073447E-32,-1.110223024625E-16,-1.));
#6910 = DIRECTION('',(1.224646799147E-16,1.,-1.110223024625E-16));
#6911 = ADVANCED_FACE('',(#6912),#6923,.T.);
#6912 = FACE_BOUND('',#6913,.F.);
#6913 = EDGE_LOOP('',(#6914,#6915,#6921,#6922));
#6914 = ORIENTED_EDGE('',*,*,#6630,.T.);
#6915 = ORIENTED_EDGE('',*,*,#6916,.T.);
#6916 = EDGE_CURVE('',#6623,#6780,#6917,.T.);
#6917 = LINE('',#6918,#6919);
#6918 = CARTESIAN_POINT('',(1.1,1.73,0.27));
#6919 = VECTOR('',#6920,1.);
#6920 = DIRECTION('',(-1.,1.224646799147E-16,0.));
#6921 = ORIENTED_EDGE('',*,*,#6779,.F.);
#6922 = ORIENTED_EDGE('',*,*,#6899,.F.);
#6923 = PLANE('',#6924);
#6924 = AXIS2_PLACEMENT_3D('',#6925,#6926,#6927);
#6925 = CARTESIAN_POINT('',(1.1,1.73,-6.661338147751E-16));
#6926 = DIRECTION('',(1.224646799147E-16,1.,-1.110223024625E-16));
#6927 = DIRECTION('',(1.359631073447E-32,1.110223024625E-16,1.));
#6928 = ADVANCED_FACE('',(#6929),#6940,.T.);
#6929 = FACE_BOUND('',#6930,.F.);
#6930 = EDGE_LOOP('',(#6931,#6932,#6938,#6939));
#6931 = ORIENTED_EDGE('',*,*,#6622,.T.);
#6932 = ORIENTED_EDGE('',*,*,#6933,.T.);
#6933 = EDGE_CURVE('',#6614,#6788,#6934,.T.);
#6934 = LINE('',#6935,#6936);
#6935 = CARTESIAN_POINT('',(1.1,1.130018112874,0.27));
#6936 = VECTOR('',#6937,1.);
#6937 = DIRECTION('',(-1.,1.224646799147E-16,0.));
#6938 = ORIENTED_EDGE('',*,*,#6787,.F.);
#6939 = ORIENTED_EDGE('',*,*,#6916,.F.);
#6940 = PLANE('',#6941);
#6941 = AXIS2_PLACEMENT_3D('',#6942,#6943,#6944);
#6942 = CARTESIAN_POINT('',(1.1,1.73,0.27));
#6943 = DIRECTION('',(1.359631073447E-32,1.110223024625E-16,1.));
#6944 = DIRECTION('',(-1.224646799147E-16,-1.,1.110223024625E-16));
#6945 = ADVANCED_FACE('',(#6946),#6957,.F.);
#6946 = FACE_BOUND('',#6947,.F.);
#6947 = EDGE_LOOP('',(#6948,#6949,#6955,#6956));
#6948 = ORIENTED_EDGE('',*,*,#6613,.T.);
#6949 = ORIENTED_EDGE('',*,*,#6950,.T.);
#6950 = EDGE_CURVE('',#6606,#6796,#6951,.T.);
#6951 = LINE('',#6952,#6953);
#6952 = CARTESIAN_POINT('',(1.1,1.061188940512,0.291701754685));
#6953 = VECTOR('',#6954,1.);
#6954 = DIRECTION('',(-1.,1.224646799147E-16,0.));
#6955 = ORIENTED_EDGE('',*,*,#6795,.F.);
#6956 = ORIENTED_EDGE('',*,*,#6933,.F.);
#6957 = CYLINDRICAL_SURFACE('',#6958,0.12);
#6958 = AXIS2_PLACEMENT_3D('',#6959,#6960,#6961);
#6959 = CARTESIAN_POINT('',(1.1,1.130018112874,0.39));
#6960 = DIRECTION('',(1.,-1.224646799147E-16,0.));
#6961 = DIRECTION('',(-1.224646799147E-16,-1.,1.110223024625E-16));
#6962 = ADVANCED_FACE('',(#6963),#6969,.T.);
#6963 = FACE_BOUND('',#6964,.F.);
#6964 = EDGE_LOOP('',(#6965,#6966,#6967,#6968));
#6965 = ORIENTED_EDGE('',*,*,#4434,.F.);
#6966 = ORIENTED_EDGE('',*,*,#6804,.F.);
#6967 = ORIENTED_EDGE('',*,*,#6950,.F.);
#6968 = ORIENTED_EDGE('',*,*,#6605,.T.);
#6969 = PLANE('',#6970);
#6970 = AXIS2_PLACEMENT_3D('',#6971,#6972,#6973);
#6971 = CARTESIAN_POINT('',(1.1,1.061188940512,0.291701754685));
#6972 = DIRECTION('',(7.024285468436E-17,0.573576436351,0.819152044289)
  );
#6973 = DIRECTION('',(-1.003171929054E-16,-0.819152044289,0.573576436351
    ));
#6974 = ADVANCED_FACE('',(#6975),#6996,.T.);
#6975 = FACE_BOUND('',#6976,.F.);
#6976 = EDGE_LOOP('',(#6977,#6986,#6993,#6994,#6995));
#6977 = ORIENTED_EDGE('',*,*,#6978,.F.);
#6978 = EDGE_CURVE('',#6979,#4869,#6981,.T.);
#6979 = VERTEX_POINT('',#6980);
#6980 = CARTESIAN_POINT('',(0.6,0.5675,1.898412291828));
#6981 = CIRCLE('',#6982,0.1);
#6982 = AXIS2_PLACEMENT_3D('',#6983,#6984,#6985);
#6983 = CARTESIAN_POINT('',(0.6,0.48,1.85));
#6984 = DIRECTION('',(1.,-1.224646799147E-16,-1.232595164408E-32));
#6985 = DIRECTION('',(1.071565949254E-16,0.875,0.484122918276));
#6986 = ORIENTED_EDGE('',*,*,#6987,.F.);
#6987 = EDGE_CURVE('',#4579,#6979,#6988,.T.);
#6988 = CIRCLE('',#6989,0.1);
#6989 = AXIS2_PLACEMENT_3D('',#6990,#6991,#6992);
#6990 = CARTESIAN_POINT('',(0.6,0.655,1.946824583655));
#6991 = DIRECTION('',(-1.,1.224646799147E-16,0.));
#6992 = DIRECTION('',(3.061616997868E-17,0.25,-0.968245836552));
#6993 = ORIENTED_EDGE('',*,*,#4578,.F.);
#6994 = ORIENTED_EDGE('',*,*,#1767,.F.);
#6995 = ORIENTED_EDGE('',*,*,#4876,.F.);
#6996 = PLANE('',#6997);
#6997 = AXIS2_PLACEMENT_3D('',#6998,#6999,#7000);
#6998 = CARTESIAN_POINT('',(0.6,-3.47,1.02));
#6999 = DIRECTION('',(1.,-1.224646799147E-16,0.));
#7000 = DIRECTION('',(-1.224646799147E-16,-1.,1.110223024625E-16));
#7001 = ADVANCED_FACE('',(#7002),#7081,.T.);
#7002 = FACE_BOUND('',#7003,.F.);
#7003 = EDGE_LOOP('',(#7004,#7005,#7013,#7022,#7030,#7038,#7046,#7055,
    #7063,#7072,#7079,#7080));
#7004 = ORIENTED_EDGE('',*,*,#4419,.F.);
#7005 = ORIENTED_EDGE('',*,*,#7006,.F.);
#7006 = EDGE_CURVE('',#7007,#4412,#7009,.T.);
#7007 = VERTEX_POINT('',#7008);
#7008 = CARTESIAN_POINT('',(0.6,1.061188940512,0.291701754685));
#7009 = LINE('',#7010,#7011);
#7010 = CARTESIAN_POINT('',(0.6,1.061188940512,0.291701754685));
#7011 = VECTOR('',#7012,1.);
#7012 = DIRECTION('',(-1.003171929054E-16,-0.819152044289,0.573576436351
    ));
#7013 = ORIENTED_EDGE('',*,*,#7014,.F.);
#7014 = EDGE_CURVE('',#7015,#7007,#7017,.T.);
#7015 = VERTEX_POINT('',#7016);
#7016 = CARTESIAN_POINT('',(0.6,1.130018112874,0.27));
#7017 = CIRCLE('',#7018,0.12);
#7018 = AXIS2_PLACEMENT_3D('',#7019,#7020,#7021);
#7019 = CARTESIAN_POINT('',(0.6,1.130018112874,0.39));
#7020 = DIRECTION('',(-1.,1.224646799147E-16,0.));
#7021 = DIRECTION('',(-1.826437741997E-30,-1.491399596413E-14,-1.));
#7022 = ORIENTED_EDGE('',*,*,#7023,.F.);
#7023 = EDGE_CURVE('',#7024,#7015,#7026,.T.);
#7024 = VERTEX_POINT('',#7025);
#7025 = CARTESIAN_POINT('',(0.6,1.73,0.27));
#7026 = LINE('',#7027,#7028);
#7027 = CARTESIAN_POINT('',(0.6,1.73,0.27));
#7028 = VECTOR('',#7029,1.);
#7029 = DIRECTION('',(-1.224646799147E-16,-1.,1.110223024625E-16));
#7030 = ORIENTED_EDGE('',*,*,#7031,.F.);
#7031 = EDGE_CURVE('',#7032,#7024,#7034,.T.);
#7032 = VERTEX_POINT('',#7033);
#7033 = CARTESIAN_POINT('',(0.6,1.73,-6.661338147751E-16));
#7034 = LINE('',#7035,#7036);
#7035 = CARTESIAN_POINT('',(0.6,1.73,-6.661338147751E-16));
#7036 = VECTOR('',#7037,1.);
#7037 = DIRECTION('',(1.359631073447E-32,1.110223024625E-16,1.));
#7038 = ORIENTED_EDGE('',*,*,#7039,.F.);
#7039 = EDGE_CURVE('',#7040,#7032,#7042,.T.);
#7040 = VERTEX_POINT('',#7041);
#7041 = CARTESIAN_POINT('',(0.6,0.97920239636,-4.440892098501E-16));
#7042 = LINE('',#7043,#7044);
#7043 = CARTESIAN_POINT('',(0.6,0.97920239636,-4.440892098501E-16));
#7044 = VECTOR('',#7045,1.);
#7045 = DIRECTION('',(1.224646799147E-16,1.,-1.110223024625E-16));
#7046 = ORIENTED_EDGE('',*,*,#7047,.F.);
#7047 = EDGE_CURVE('',#7048,#7040,#7050,.T.);
#7048 = VERTEX_POINT('',#7049);
#7049 = CARTESIAN_POINT('',(0.6,0.919346165257,1.9892374906E-02));
#7050 = CIRCLE('',#7051,0.1);
#7051 = AXIS2_PLACEMENT_3D('',#7052,#7053,#7054);
#7052 = CARTESIAN_POINT('',(0.6,0.97920239636,1.E-01));
#7053 = DIRECTION('',(1.,-1.224646799147E-16,1.232595164408E-32));
#7054 = DIRECTION('',(-7.330274182841E-17,-0.598562311023,
    -0.801076250942));
#7055 = ORIENTED_EDGE('',*,*,#7056,.F.);
#7056 = EDGE_CURVE('',#7057,#7048,#7059,.T.);
#7057 = VERTEX_POINT('',#7058);
#7058 = CARTESIAN_POINT('',(0.6,0.714856231102,0.172686777966));
#7059 = LINE('',#7060,#7061);
#7060 = CARTESIAN_POINT('',(0.6,0.714856231102,0.172686777966));
#7061 = VECTOR('',#7062,1.);
#7062 = DIRECTION('',(9.810354665891E-17,0.801076250942,-0.598562311023)
  );
#7063 = ORIENTED_EDGE('',*,*,#7064,.F.);
#7064 = EDGE_CURVE('',#7065,#7057,#7067,.T.);
#7065 = VERTEX_POINT('',#7066);
#7066 = CARTESIAN_POINT('',(0.6,0.5675,0.1409914447));
#7067 = CIRCLE('',#7068,0.1);
#7068 = AXIS2_PLACEMENT_3D('',#7069,#7070,#7071);
#7069 = CARTESIAN_POINT('',(0.6,0.655,9.25791528722E-02));
#7070 = DIRECTION('',(-1.,1.224646799147E-16,0.));
#7071 = DIRECTION('',(-1.071565949254E-16,-0.875,0.484122918276));
#7072 = ORIENTED_EDGE('',*,*,#7073,.F.);
#7073 = EDGE_CURVE('',#5427,#7065,#7074,.T.);
#7074 = CIRCLE('',#7075,0.1);
#7075 = AXIS2_PLACEMENT_3D('',#7076,#7077,#7078);
#7076 = CARTESIAN_POINT('',(0.6,0.48,0.189403736527));
#7077 = DIRECTION('',(1.,-1.224646799147E-16,0.));
#7078 = DIRECTION('',(-1.224646799147E-16,-1.,1.110223024625E-16));
#7079 = ORIENTED_EDGE('',*,*,#5426,.F.);
#7080 = ORIENTED_EDGE('',*,*,#393,.F.);
#7081 = PLANE('',#7082);
#7082 = AXIS2_PLACEMENT_3D('',#7083,#7084,#7085);
#7083 = CARTESIAN_POINT('',(0.6,-3.47,1.02));
#7084 = DIRECTION('',(1.,-1.224646799147E-16,0.));
#7085 = DIRECTION('',(-1.224646799147E-16,-1.,1.110223024625E-16));
#7086 = ADVANCED_FACE('',(#7087),#7106,.T.);
#7087 = FACE_BOUND('',#7088,.T.);
#7088 = EDGE_LOOP('',(#7089,#7090,#7098,#7105));
#7089 = ORIENTED_EDGE('',*,*,#6978,.F.);
#7090 = ORIENTED_EDGE('',*,*,#7091,.T.);
#7091 = EDGE_CURVE('',#6979,#7092,#7094,.T.);
#7092 = VERTEX_POINT('',#7093);
#7093 = CARTESIAN_POINT('',(0.4,0.5675,1.898412291828));
#7094 = LINE('',#7095,#7096);
#7095 = CARTESIAN_POINT('',(0.6,0.5675,1.898412291828));
#7096 = VECTOR('',#7097,1.);
#7097 = DIRECTION('',(-1.,1.224646799147E-16,0.));
#7098 = ORIENTED_EDGE('',*,*,#7099,.T.);
#7099 = EDGE_CURVE('',#7092,#4861,#7100,.T.);
#7100 = CIRCLE('',#7101,0.1);
#7101 = AXIS2_PLACEMENT_3D('',#7102,#7103,#7104);
#7102 = CARTESIAN_POINT('',(0.4,0.48,1.85));
#7103 = DIRECTION('',(1.,-1.224646799147E-16,-1.232595164408E-32));
#7104 = DIRECTION('',(1.071565949254E-16,0.875,0.484122918276));
#7105 = ORIENTED_EDGE('',*,*,#4868,.T.);
#7106 = CYLINDRICAL_SURFACE('',#7107,0.1);
#7107 = AXIS2_PLACEMENT_3D('',#7108,#7109,#7110);
#7108 = CARTESIAN_POINT('',(0.6,0.48,1.85));
#7109 = DIRECTION('',(1.,-1.224646799147E-16,0.));
#7110 = DIRECTION('',(-1.224646799147E-16,-1.,1.110223024625E-16));
#7111 = ADVANCED_FACE('',(#7112),#7125,.F.);
#7112 = FACE_BOUND('',#7113,.F.);
#7113 = EDGE_LOOP('',(#7114,#7115,#7122,#7123,#7124));
#7114 = ORIENTED_EDGE('',*,*,#4594,.T.);
#7115 = ORIENTED_EDGE('',*,*,#7116,.F.);
#7116 = EDGE_CURVE('',#7092,#4587,#7117,.T.);
#7117 = CIRCLE('',#7118,0.1);
#7118 = AXIS2_PLACEMENT_3D('',#7119,#7120,#7121);
#7119 = CARTESIAN_POINT('',(0.4,0.655,1.946824583655));
#7120 = DIRECTION('',(1.,-1.224646799147E-16,-6.162975822039E-33));
#7121 = DIRECTION('',(-1.071565949254E-16,-0.875,-0.484122918276));
#7122 = ORIENTED_EDGE('',*,*,#7099,.T.);
#7123 = ORIENTED_EDGE('',*,*,#4860,.T.);
#7124 = ORIENTED_EDGE('',*,*,#1825,.T.);
#7125 = PLANE('',#7126);
#7126 = AXIS2_PLACEMENT_3D('',#7127,#7128,#7129);
#7127 = CARTESIAN_POINT('',(0.4,-3.47,1.02));
#7128 = DIRECTION('',(1.,-1.224646799147E-16,0.));
#7129 = DIRECTION('',(-1.224646799147E-16,-1.,1.110223024625E-16));
#7130 = ADVANCED_FACE('',(#7131),#7210,.F.);
#7131 = FACE_BOUND('',#7132,.F.);
#7132 = EDGE_LOOP('',(#7133,#7134,#7135,#7136,#7145,#7154,#7162,#7171,
    #7179,#7187,#7195,#7204));
#7133 = ORIENTED_EDGE('',*,*,#4403,.T.);
#7134 = ORIENTED_EDGE('',*,*,#451,.T.);
#7135 = ORIENTED_EDGE('',*,*,#5442,.T.);
#7136 = ORIENTED_EDGE('',*,*,#7137,.F.);
#7137 = EDGE_CURVE('',#7138,#5435,#7140,.T.);
#7138 = VERTEX_POINT('',#7139);
#7139 = CARTESIAN_POINT('',(0.4,0.5675,0.1409914447));
#7140 = CIRCLE('',#7141,0.1);
#7141 = AXIS2_PLACEMENT_3D('',#7142,#7143,#7144);
#7142 = CARTESIAN_POINT('',(0.4,0.48,0.189403736527));
#7143 = DIRECTION('',(-1.,1.224646799147E-16,0.));
#7144 = DIRECTION('',(1.071565949254E-16,0.875,-0.484122918276));
#7145 = ORIENTED_EDGE('',*,*,#7146,.F.);
#7146 = EDGE_CURVE('',#7147,#7138,#7149,.T.);
#7147 = VERTEX_POINT('',#7148);
#7148 = CARTESIAN_POINT('',(0.4,0.714856231102,0.172686777966));
#7149 = CIRCLE('',#7150,0.1);
#7150 = AXIS2_PLACEMENT_3D('',#7151,#7152,#7153);
#7151 = CARTESIAN_POINT('',(0.4,0.655,9.25791528722E-02));
#7152 = DIRECTION('',(1.,-1.224646799147E-16,1.232595164408E-32));
#7153 = DIRECTION('',(7.330274182841E-17,0.598562311023,0.801076250942)
  );
#7154 = ORIENTED_EDGE('',*,*,#7155,.T.);
#7155 = EDGE_CURVE('',#7147,#7156,#7158,.T.);
#7156 = VERTEX_POINT('',#7157);
#7157 = CARTESIAN_POINT('',(0.4,0.919346165257,1.9892374906E-02));
#7158 = LINE('',#7159,#7160);
#7159 = CARTESIAN_POINT('',(0.4,0.714856231102,0.172686777966));
#7160 = VECTOR('',#7161,1.);
#7161 = DIRECTION('',(9.810354665891E-17,0.801076250942,-0.598562311023)
  );
#7162 = ORIENTED_EDGE('',*,*,#7163,.T.);
#7163 = EDGE_CURVE('',#7156,#7164,#7166,.T.);
#7164 = VERTEX_POINT('',#7165);
#7165 = CARTESIAN_POINT('',(0.4,0.97920239636,-4.440892098501E-16));
#7166 = CIRCLE('',#7167,0.1);
#7167 = AXIS2_PLACEMENT_3D('',#7168,#7169,#7170);
#7168 = CARTESIAN_POINT('',(0.4,0.97920239636,1.E-01));
#7169 = DIRECTION('',(1.,-1.224646799147E-16,1.232595164408E-32));
#7170 = DIRECTION('',(-7.330274182841E-17,-0.598562311023,
    -0.801076250942));
#7171 = ORIENTED_EDGE('',*,*,#7172,.T.);
#7172 = EDGE_CURVE('',#7164,#7173,#7175,.T.);
#7173 = VERTEX_POINT('',#7174);
#7174 = CARTESIAN_POINT('',(0.4,1.73,-6.661338147751E-16));
#7175 = LINE('',#7176,#7177);
#7176 = CARTESIAN_POINT('',(0.4,0.97920239636,-4.440892098501E-16));
#7177 = VECTOR('',#7178,1.);
#7178 = DIRECTION('',(1.224646799147E-16,1.,-1.110223024625E-16));
#7179 = ORIENTED_EDGE('',*,*,#7180,.T.);
#7180 = EDGE_CURVE('',#7173,#7181,#7183,.T.);
#7181 = VERTEX_POINT('',#7182);
#7182 = CARTESIAN_POINT('',(0.4,1.73,0.27));
#7183 = LINE('',#7184,#7185);
#7184 = CARTESIAN_POINT('',(0.4,1.73,-6.661338147751E-16));
#7185 = VECTOR('',#7186,1.);
#7186 = DIRECTION('',(1.359631073447E-32,1.110223024625E-16,1.));
#7187 = ORIENTED_EDGE('',*,*,#7188,.T.);
#7188 = EDGE_CURVE('',#7181,#7189,#7191,.T.);
#7189 = VERTEX_POINT('',#7190);
#7190 = CARTESIAN_POINT('',(0.4,1.130018112874,0.27));
#7191 = LINE('',#7192,#7193);
#7192 = CARTESIAN_POINT('',(0.4,1.73,0.27));
#7193 = VECTOR('',#7194,1.);
#7194 = DIRECTION('',(-1.224646799147E-16,-1.,1.110223024625E-16));
#7195 = ORIENTED_EDGE('',*,*,#7196,.T.);
#7196 = EDGE_CURVE('',#7189,#7197,#7199,.T.);
#7197 = VERTEX_POINT('',#7198);
#7198 = CARTESIAN_POINT('',(0.4,1.061188940512,0.291701754685));
#7199 = CIRCLE('',#7200,0.12);
#7200 = AXIS2_PLACEMENT_3D('',#7201,#7202,#7203);
#7201 = CARTESIAN_POINT('',(0.4,1.130018112874,0.39));
#7202 = DIRECTION('',(-1.,1.224646799147E-16,0.));
#7203 = DIRECTION('',(-1.826437741997E-30,-1.491399596413E-14,-1.));
#7204 = ORIENTED_EDGE('',*,*,#7205,.T.);
#7205 = EDGE_CURVE('',#7197,#4404,#7206,.T.);
#7206 = LINE('',#7207,#7208);
#7207 = CARTESIAN_POINT('',(0.4,1.061188940512,0.291701754685));
#7208 = VECTOR('',#7209,1.);
#7209 = DIRECTION('',(-1.003171929054E-16,-0.819152044289,0.573576436351
    ));
#7210 = PLANE('',#7211);
#7211 = AXIS2_PLACEMENT_3D('',#7212,#7213,#7214);
#7212 = CARTESIAN_POINT('',(0.4,-3.47,1.02));
#7213 = DIRECTION('',(1.,-1.224646799147E-16,0.));
#7214 = DIRECTION('',(-1.224646799147E-16,-1.,1.110223024625E-16));
#7215 = ADVANCED_FACE('',(#7216),#7222,.F.);
#7216 = FACE_BOUND('',#7217,.F.);
#7217 = EDGE_LOOP('',(#7218,#7219,#7220,#7221));
#7218 = ORIENTED_EDGE('',*,*,#6987,.T.);
#7219 = ORIENTED_EDGE('',*,*,#7091,.T.);
#7220 = ORIENTED_EDGE('',*,*,#7116,.T.);
#7221 = ORIENTED_EDGE('',*,*,#4586,.F.);
#7222 = CYLINDRICAL_SURFACE('',#7223,0.1);
#7223 = AXIS2_PLACEMENT_3D('',#7224,#7225,#7226);
#7224 = CARTESIAN_POINT('',(0.6,0.655,1.946824583655));
#7225 = DIRECTION('',(1.,-1.224646799147E-16,0.));
#7226 = DIRECTION('',(-1.224646799147E-16,-1.,1.110223024625E-16));
#7227 = ADVANCED_FACE('',(#7228),#7239,.T.);
#7228 = FACE_BOUND('',#7229,.T.);
#7229 = EDGE_LOOP('',(#7230,#7231,#7232,#7238));
#7230 = ORIENTED_EDGE('',*,*,#5434,.F.);
#7231 = ORIENTED_EDGE('',*,*,#7137,.F.);
#7232 = ORIENTED_EDGE('',*,*,#7233,.F.);
#7233 = EDGE_CURVE('',#7065,#7138,#7234,.T.);
#7234 = LINE('',#7235,#7236);
#7235 = CARTESIAN_POINT('',(0.6,0.5675,0.1409914447));
#7236 = VECTOR('',#7237,1.);
#7237 = DIRECTION('',(-1.,1.224646799147E-16,0.));
#7238 = ORIENTED_EDGE('',*,*,#7073,.F.);
#7239 = CYLINDRICAL_SURFACE('',#7240,0.1);
#7240 = AXIS2_PLACEMENT_3D('',#7241,#7242,#7243);
#7241 = CARTESIAN_POINT('',(0.6,0.48,0.189403736527));
#7242 = DIRECTION('',(1.,-1.224646799147E-16,0.));
#7243 = DIRECTION('',(-1.224646799147E-16,-1.,1.110223024625E-16));
#7244 = ADVANCED_FACE('',(#7245),#7256,.F.);
#7245 = FACE_BOUND('',#7246,.F.);
#7246 = EDGE_LOOP('',(#7247,#7248,#7254,#7255));
#7247 = ORIENTED_EDGE('',*,*,#7064,.T.);
#7248 = ORIENTED_EDGE('',*,*,#7249,.T.);
#7249 = EDGE_CURVE('',#7057,#7147,#7250,.T.);
#7250 = LINE('',#7251,#7252);
#7251 = CARTESIAN_POINT('',(0.6,0.714856231102,0.172686777966));
#7252 = VECTOR('',#7253,1.);
#7253 = DIRECTION('',(-1.,1.224646799147E-16,0.));
#7254 = ORIENTED_EDGE('',*,*,#7146,.T.);
#7255 = ORIENTED_EDGE('',*,*,#7233,.F.);
#7256 = CYLINDRICAL_SURFACE('',#7257,0.1);
#7257 = AXIS2_PLACEMENT_3D('',#7258,#7259,#7260);
#7258 = CARTESIAN_POINT('',(0.6,0.655,9.25791528722E-02));
#7259 = DIRECTION('',(1.,-1.224646799147E-16,0.));
#7260 = DIRECTION('',(-1.224646799147E-16,-1.,1.110223024625E-16));
#7261 = ADVANCED_FACE('',(#7262),#7273,.T.);
#7262 = FACE_BOUND('',#7263,.F.);
#7263 = EDGE_LOOP('',(#7264,#7265,#7271,#7272));
#7264 = ORIENTED_EDGE('',*,*,#7056,.T.);
#7265 = ORIENTED_EDGE('',*,*,#7266,.T.);
#7266 = EDGE_CURVE('',#7048,#7156,#7267,.T.);
#7267 = LINE('',#7268,#7269);
#7268 = CARTESIAN_POINT('',(0.6,0.919346165257,1.9892374906E-02));
#7269 = VECTOR('',#7270,1.);
#7270 = DIRECTION('',(-1.,1.224646799147E-16,0.));
#7271 = ORIENTED_EDGE('',*,*,#7155,.F.);
#7272 = ORIENTED_EDGE('',*,*,#7249,.F.);
#7273 = PLANE('',#7274);
#7274 = AXIS2_PLACEMENT_3D('',#7275,#7276,#7277);
#7275 = CARTESIAN_POINT('',(0.6,0.714856231102,0.172686777966));
#7276 = DIRECTION('',(-7.330274182841E-17,-0.598562311023,
    -0.801076250942));
#7277 = DIRECTION('',(9.810354665891E-17,0.801076250942,-0.598562311023)
  );
#7278 = ADVANCED_FACE('',(#7279),#7290,.T.);
#7279 = FACE_BOUND('',#7280,.T.);
#7280 = EDGE_LOOP('',(#7281,#7282,#7283,#7289));
#7281 = ORIENTED_EDGE('',*,*,#7266,.T.);
#7282 = ORIENTED_EDGE('',*,*,#7163,.T.);
#7283 = ORIENTED_EDGE('',*,*,#7284,.F.);
#7284 = EDGE_CURVE('',#7040,#7164,#7285,.T.);
#7285 = LINE('',#7286,#7287);
#7286 = CARTESIAN_POINT('',(0.6,0.97920239636,-4.440892098501E-16));
#7287 = VECTOR('',#7288,1.);
#7288 = DIRECTION('',(-1.,1.224646799147E-16,0.));
#7289 = ORIENTED_EDGE('',*,*,#7047,.F.);
#7290 = CYLINDRICAL_SURFACE('',#7291,0.1);
#7291 = AXIS2_PLACEMENT_3D('',#7292,#7293,#7294);
#7292 = CARTESIAN_POINT('',(0.6,0.97920239636,1.E-01));
#7293 = DIRECTION('',(1.,-1.224646799147E-16,0.));
#7294 = DIRECTION('',(-1.224646799147E-16,-1.,1.110223024625E-16));
#7295 = ADVANCED_FACE('',(#7296),#7307,.T.);
#7296 = FACE_BOUND('',#7297,.F.);
#7297 = EDGE_LOOP('',(#7298,#7299,#7305,#7306));
#7298 = ORIENTED_EDGE('',*,*,#7039,.T.);
#7299 = ORIENTED_EDGE('',*,*,#7300,.T.);
#7300 = EDGE_CURVE('',#7032,#7173,#7301,.T.);
#7301 = LINE('',#7302,#7303);
#7302 = CARTESIAN_POINT('',(0.6,1.73,-6.661338147751E-16));
#7303 = VECTOR('',#7304,1.);
#7304 = DIRECTION('',(-1.,1.224646799147E-16,0.));
#7305 = ORIENTED_EDGE('',*,*,#7172,.F.);
#7306 = ORIENTED_EDGE('',*,*,#7284,.F.);
#7307 = PLANE('',#7308);
#7308 = AXIS2_PLACEMENT_3D('',#7309,#7310,#7311);
#7309 = CARTESIAN_POINT('',(0.6,0.97920239636,-4.440892098501E-16));
#7310 = DIRECTION('',(-1.359631073447E-32,-1.110223024625E-16,-1.));
#7311 = DIRECTION('',(1.224646799147E-16,1.,-1.110223024625E-16));
#7312 = ADVANCED_FACE('',(#7313),#7324,.T.);
#7313 = FACE_BOUND('',#7314,.F.);
#7314 = EDGE_LOOP('',(#7315,#7316,#7322,#7323));
#7315 = ORIENTED_EDGE('',*,*,#7031,.T.);
#7316 = ORIENTED_EDGE('',*,*,#7317,.T.);
#7317 = EDGE_CURVE('',#7024,#7181,#7318,.T.);
#7318 = LINE('',#7319,#7320);
#7319 = CARTESIAN_POINT('',(0.6,1.73,0.27));
#7320 = VECTOR('',#7321,1.);
#7321 = DIRECTION('',(-1.,1.224646799147E-16,0.));
#7322 = ORIENTED_EDGE('',*,*,#7180,.F.);
#7323 = ORIENTED_EDGE('',*,*,#7300,.F.);
#7324 = PLANE('',#7325);
#7325 = AXIS2_PLACEMENT_3D('',#7326,#7327,#7328);
#7326 = CARTESIAN_POINT('',(0.6,1.73,-6.661338147751E-16));
#7327 = DIRECTION('',(1.224646799147E-16,1.,-1.110223024625E-16));
#7328 = DIRECTION('',(1.359631073447E-32,1.110223024625E-16,1.));
#7329 = ADVANCED_FACE('',(#7330),#7341,.T.);
#7330 = FACE_BOUND('',#7331,.F.);
#7331 = EDGE_LOOP('',(#7332,#7333,#7339,#7340));
#7332 = ORIENTED_EDGE('',*,*,#7023,.T.);
#7333 = ORIENTED_EDGE('',*,*,#7334,.T.);
#7334 = EDGE_CURVE('',#7015,#7189,#7335,.T.);
#7335 = LINE('',#7336,#7337);
#7336 = CARTESIAN_POINT('',(0.6,1.130018112874,0.27));
#7337 = VECTOR('',#7338,1.);
#7338 = DIRECTION('',(-1.,1.224646799147E-16,0.));
#7339 = ORIENTED_EDGE('',*,*,#7188,.F.);
#7340 = ORIENTED_EDGE('',*,*,#7317,.F.);
#7341 = PLANE('',#7342);
#7342 = AXIS2_PLACEMENT_3D('',#7343,#7344,#7345);
#7343 = CARTESIAN_POINT('',(0.6,1.73,0.27));
#7344 = DIRECTION('',(1.359631073447E-32,1.110223024625E-16,1.));
#7345 = DIRECTION('',(-1.224646799147E-16,-1.,1.110223024625E-16));
#7346 = ADVANCED_FACE('',(#7347),#7358,.F.);
#7347 = FACE_BOUND('',#7348,.F.);
#7348 = EDGE_LOOP('',(#7349,#7350,#7356,#7357));
#7349 = ORIENTED_EDGE('',*,*,#7014,.T.);
#7350 = ORIENTED_EDGE('',*,*,#7351,.T.);
#7351 = EDGE_CURVE('',#7007,#7197,#7352,.T.);
#7352 = LINE('',#7353,#7354);
#7353 = CARTESIAN_POINT('',(0.6,1.061188940512,0.291701754685));
#7354 = VECTOR('',#7355,1.);
#7355 = DIRECTION('',(-1.,1.224646799147E-16,0.));
#7356 = ORIENTED_EDGE('',*,*,#7196,.F.);
#7357 = ORIENTED_EDGE('',*,*,#7334,.F.);
#7358 = CYLINDRICAL_SURFACE('',#7359,0.12);
#7359 = AXIS2_PLACEMENT_3D('',#7360,#7361,#7362);
#7360 = CARTESIAN_POINT('',(0.6,1.130018112874,0.39));
#7361 = DIRECTION('',(1.,-1.224646799147E-16,0.));
#7362 = DIRECTION('',(-1.224646799147E-16,-1.,1.110223024625E-16));
#7363 = ADVANCED_FACE('',(#7364),#7370,.T.);
#7364 = FACE_BOUND('',#7365,.F.);
#7365 = EDGE_LOOP('',(#7366,#7367,#7368,#7369));
#7366 = ORIENTED_EDGE('',*,*,#4411,.F.);
#7367 = ORIENTED_EDGE('',*,*,#7205,.F.);
#7368 = ORIENTED_EDGE('',*,*,#7351,.F.);
#7369 = ORIENTED_EDGE('',*,*,#7006,.T.);
#7370 = PLANE('',#7371);
#7371 = AXIS2_PLACEMENT_3D('',#7372,#7373,#7374);
#7372 = CARTESIAN_POINT('',(0.6,1.061188940512,0.291701754685));
#7373 = DIRECTION('',(7.024285468436E-17,0.573576436351,0.819152044289)
  );
#7374 = DIRECTION('',(-1.003171929054E-16,-0.819152044289,0.573576436351
    ));
#7375 = ADVANCED_FACE('',(#7376),#7397,.T.);
#7376 = FACE_BOUND('',#7377,.F.);
#7377 = EDGE_LOOP('',(#7378,#7387,#7394,#7395,#7396));
#7378 = ORIENTED_EDGE('',*,*,#7379,.F.);
#7379 = EDGE_CURVE('',#7380,#4846,#7382,.T.);
#7380 = VERTEX_POINT('',#7381);
#7381 = CARTESIAN_POINT('',(0.1,0.5675,1.898412291828));
#7382 = CIRCLE('',#7383,0.1);
#7383 = AXIS2_PLACEMENT_3D('',#7384,#7385,#7386);
#7384 = CARTESIAN_POINT('',(0.1,0.48,1.85));
#7385 = DIRECTION('',(1.,-1.224646799147E-16,-1.232595164408E-32));
#7386 = DIRECTION('',(1.071565949254E-16,0.875,0.484122918276));
#7387 = ORIENTED_EDGE('',*,*,#7388,.F.);
#7388 = EDGE_CURVE('',#4602,#7380,#7389,.T.);
#7389 = CIRCLE('',#7390,0.1);
#7390 = AXIS2_PLACEMENT_3D('',#7391,#7392,#7393);
#7391 = CARTESIAN_POINT('',(0.1,0.655,1.946824583655));
#7392 = DIRECTION('',(-1.,1.224646799147E-16,0.));
#7393 = DIRECTION('',(3.061616997868E-17,0.25,-0.968245836552));
#7394 = ORIENTED_EDGE('',*,*,#4601,.F.);
#7395 = ORIENTED_EDGE('',*,*,#1807,.F.);
#7396 = ORIENTED_EDGE('',*,*,#4853,.F.);
#7397 = PLANE('',#7398);
#7398 = AXIS2_PLACEMENT_3D('',#7399,#7400,#7401);
#7399 = CARTESIAN_POINT('',(0.1,-3.47,1.02));
#7400 = DIRECTION('',(1.,-1.224646799147E-16,0.));
#7401 = DIRECTION('',(-1.224646799147E-16,-1.,1.110223024625E-16));
#7402 = ADVANCED_FACE('',(#7403),#7482,.T.);
#7403 = FACE_BOUND('',#7404,.F.);
#7404 = EDGE_LOOP('',(#7405,#7406,#7414,#7423,#7431,#7439,#7447,#7456,
    #7464,#7473,#7480,#7481));
#7405 = ORIENTED_EDGE('',*,*,#4396,.F.);
#7406 = ORIENTED_EDGE('',*,*,#7407,.F.);
#7407 = EDGE_CURVE('',#7408,#4389,#7410,.T.);
#7408 = VERTEX_POINT('',#7409);
#7409 = CARTESIAN_POINT('',(0.1,1.061188940512,0.291701754685));
#7410 = LINE('',#7411,#7412);
#7411 = CARTESIAN_POINT('',(0.1,1.061188940512,0.291701754685));
#7412 = VECTOR('',#7413,1.);
#7413 = DIRECTION('',(-1.003171929054E-16,-0.819152044289,0.573576436351
    ));
#7414 = ORIENTED_EDGE('',*,*,#7415,.F.);
#7415 = EDGE_CURVE('',#7416,#7408,#7418,.T.);
#7416 = VERTEX_POINT('',#7417);
#7417 = CARTESIAN_POINT('',(0.1,1.130018112874,0.27));
#7418 = CIRCLE('',#7419,0.12);
#7419 = AXIS2_PLACEMENT_3D('',#7420,#7421,#7422);
#7420 = CARTESIAN_POINT('',(0.1,1.130018112874,0.39));
#7421 = DIRECTION('',(-1.,1.224646799147E-16,0.));
#7422 = DIRECTION('',(-1.826437741997E-30,-1.491399596413E-14,-1.));
#7423 = ORIENTED_EDGE('',*,*,#7424,.F.);
#7424 = EDGE_CURVE('',#7425,#7416,#7427,.T.);
#7425 = VERTEX_POINT('',#7426);
#7426 = CARTESIAN_POINT('',(0.1,1.73,0.27));
#7427 = LINE('',#7428,#7429);
#7428 = CARTESIAN_POINT('',(0.1,1.73,0.27));
#7429 = VECTOR('',#7430,1.);
#7430 = DIRECTION('',(-1.224646799147E-16,-1.,1.110223024625E-16));
#7431 = ORIENTED_EDGE('',*,*,#7432,.F.);
#7432 = EDGE_CURVE('',#7433,#7425,#7435,.T.);
#7433 = VERTEX_POINT('',#7434);
#7434 = CARTESIAN_POINT('',(0.1,1.73,-6.661338147751E-16));
#7435 = LINE('',#7436,#7437);
#7436 = CARTESIAN_POINT('',(0.1,1.73,-6.661338147751E-16));
#7437 = VECTOR('',#7438,1.);
#7438 = DIRECTION('',(1.359631073447E-32,1.110223024625E-16,1.));
#7439 = ORIENTED_EDGE('',*,*,#7440,.F.);
#7440 = EDGE_CURVE('',#7441,#7433,#7443,.T.);
#7441 = VERTEX_POINT('',#7442);
#7442 = CARTESIAN_POINT('',(0.1,0.97920239636,-4.440892098501E-16));
#7443 = LINE('',#7444,#7445);
#7444 = CARTESIAN_POINT('',(0.1,0.97920239636,-4.440892098501E-16));
#7445 = VECTOR('',#7446,1.);
#7446 = DIRECTION('',(1.224646799147E-16,1.,-1.110223024625E-16));
#7447 = ORIENTED_EDGE('',*,*,#7448,.F.);
#7448 = EDGE_CURVE('',#7449,#7441,#7451,.T.);
#7449 = VERTEX_POINT('',#7450);
#7450 = CARTESIAN_POINT('',(0.1,0.919346165257,1.9892374906E-02));
#7451 = CIRCLE('',#7452,0.1);
#7452 = AXIS2_PLACEMENT_3D('',#7453,#7454,#7455);
#7453 = CARTESIAN_POINT('',(0.1,0.97920239636,1.E-01));
#7454 = DIRECTION('',(1.,-1.224646799147E-16,1.232595164408E-32));
#7455 = DIRECTION('',(-7.330274182841E-17,-0.598562311023,
    -0.801076250942));
#7456 = ORIENTED_EDGE('',*,*,#7457,.F.);
#7457 = EDGE_CURVE('',#7458,#7449,#7460,.T.);
#7458 = VERTEX_POINT('',#7459);
#7459 = CARTESIAN_POINT('',(0.1,0.714856231102,0.172686777966));
#7460 = LINE('',#7461,#7462);
#7461 = CARTESIAN_POINT('',(0.1,0.714856231102,0.172686777966));
#7462 = VECTOR('',#7463,1.);
#7463 = DIRECTION('',(9.810354665891E-17,0.801076250942,-0.598562311023)
  );
#7464 = ORIENTED_EDGE('',*,*,#7465,.F.);
#7465 = EDGE_CURVE('',#7466,#7458,#7468,.T.);
#7466 = VERTEX_POINT('',#7467);
#7467 = CARTESIAN_POINT('',(0.1,0.5675,0.1409914447));
#7468 = CIRCLE('',#7469,0.1);
#7469 = AXIS2_PLACEMENT_3D('',#7470,#7471,#7472);
#7470 = CARTESIAN_POINT('',(0.1,0.655,9.25791528722E-02));
#7471 = DIRECTION('',(-1.,1.224646799147E-16,0.));
#7472 = DIRECTION('',(-1.071565949254E-16,-0.875,0.484122918276));
#7473 = ORIENTED_EDGE('',*,*,#7474,.F.);
#7474 = EDGE_CURVE('',#5450,#7466,#7475,.T.);
#7475 = CIRCLE('',#7476,0.1);
#7476 = AXIS2_PLACEMENT_3D('',#7477,#7478,#7479);
#7477 = CARTESIAN_POINT('',(0.1,0.48,0.189403736527));
#7478 = DIRECTION('',(1.,-1.224646799147E-16,0.));
#7479 = DIRECTION('',(-1.224646799147E-16,-1.,1.110223024625E-16));
#7480 = ORIENTED_EDGE('',*,*,#5449,.F.);
#7481 = ORIENTED_EDGE('',*,*,#433,.F.);
#7482 = PLANE('',#7483);
#7483 = AXIS2_PLACEMENT_3D('',#7484,#7485,#7486);
#7484 = CARTESIAN_POINT('',(0.1,-3.47,1.02));
#7485 = DIRECTION('',(1.,-1.224646799147E-16,0.));
#7486 = DIRECTION('',(-1.224646799147E-16,-1.,1.110223024625E-16));
#7487 = ADVANCED_FACE('',(#7488),#7507,.T.);
#7488 = FACE_BOUND('',#7489,.T.);
#7489 = EDGE_LOOP('',(#7490,#7491,#7499,#7506));
#7490 = ORIENTED_EDGE('',*,*,#7379,.F.);
#7491 = ORIENTED_EDGE('',*,*,#7492,.T.);
#7492 = EDGE_CURVE('',#7380,#7493,#7495,.T.);
#7493 = VERTEX_POINT('',#7494);
#7494 = CARTESIAN_POINT('',(-1.E-01,0.5675,1.898412291828));
#7495 = LINE('',#7496,#7497);
#7496 = CARTESIAN_POINT('',(0.1,0.5675,1.898412291828));
#7497 = VECTOR('',#7498,1.);
#7498 = DIRECTION('',(-1.,1.224646799147E-16,0.));
#7499 = ORIENTED_EDGE('',*,*,#7500,.T.);
#7500 = EDGE_CURVE('',#7493,#4838,#7501,.T.);
#7501 = CIRCLE('',#7502,0.1);
#7502 = AXIS2_PLACEMENT_3D('',#7503,#7504,#7505);
#7503 = CARTESIAN_POINT('',(-1.E-01,0.48,1.85));
#7504 = DIRECTION('',(1.,-1.224646799147E-16,-1.232595164408E-32));
#7505 = DIRECTION('',(1.071565949254E-16,0.875,0.484122918276));
#7506 = ORIENTED_EDGE('',*,*,#4845,.T.);
#7507 = CYLINDRICAL_SURFACE('',#7508,0.1);
#7508 = AXIS2_PLACEMENT_3D('',#7509,#7510,#7511);
#7509 = CARTESIAN_POINT('',(0.1,0.48,1.85));
#7510 = DIRECTION('',(1.,-1.224646799147E-16,0.));
#7511 = DIRECTION('',(-1.224646799147E-16,-1.,1.110223024625E-16));
#7512 = ADVANCED_FACE('',(#7513),#7526,.F.);
#7513 = FACE_BOUND('',#7514,.F.);
#7514 = EDGE_LOOP('',(#7515,#7516,#7523,#7524,#7525));
#7515 = ORIENTED_EDGE('',*,*,#4617,.T.);
#7516 = ORIENTED_EDGE('',*,*,#7517,.F.);
#7517 = EDGE_CURVE('',#7493,#4610,#7518,.T.);
#7518 = CIRCLE('',#7519,0.1);
#7519 = AXIS2_PLACEMENT_3D('',#7520,#7521,#7522);
#7520 = CARTESIAN_POINT('',(-1.E-01,0.655,1.946824583655));
#7521 = DIRECTION('',(1.,-1.224646799147E-16,-6.162975822039E-33));
#7522 = DIRECTION('',(-1.071565949254E-16,-0.875,-0.484122918276));
#7523 = ORIENTED_EDGE('',*,*,#7500,.T.);
#7524 = ORIENTED_EDGE('',*,*,#4837,.T.);
#7525 = ORIENTED_EDGE('',*,*,#1865,.T.);
#7526 = PLANE('',#7527);
#7527 = AXIS2_PLACEMENT_3D('',#7528,#7529,#7530);
#7528 = CARTESIAN_POINT('',(-0.1,-3.47,1.02));
#7529 = DIRECTION('',(1.,-1.224646799147E-16,0.));
#7530 = DIRECTION('',(-1.224646799147E-16,-1.,1.110223024625E-16));
#7531 = ADVANCED_FACE('',(#7532),#7611,.F.);
#7532 = FACE_BOUND('',#7533,.F.);
#7533 = EDGE_LOOP('',(#7534,#7535,#7536,#7537,#7546,#7555,#7563,#7572,
    #7580,#7588,#7596,#7605));
#7534 = ORIENTED_EDGE('',*,*,#4380,.T.);
#7535 = ORIENTED_EDGE('',*,*,#491,.T.);
#7536 = ORIENTED_EDGE('',*,*,#5465,.T.);
#7537 = ORIENTED_EDGE('',*,*,#7538,.F.);
#7538 = EDGE_CURVE('',#7539,#5458,#7541,.T.);
#7539 = VERTEX_POINT('',#7540);
#7540 = CARTESIAN_POINT('',(-1.E-01,0.5675,0.1409914447));
#7541 = CIRCLE('',#7542,0.1);
#7542 = AXIS2_PLACEMENT_3D('',#7543,#7544,#7545);
#7543 = CARTESIAN_POINT('',(-1.E-01,0.48,0.189403736527));
#7544 = DIRECTION('',(-1.,1.224646799147E-16,0.));
#7545 = DIRECTION('',(1.071565949254E-16,0.875,-0.484122918276));
#7546 = ORIENTED_EDGE('',*,*,#7547,.F.);
#7547 = EDGE_CURVE('',#7548,#7539,#7550,.T.);
#7548 = VERTEX_POINT('',#7549);
#7549 = CARTESIAN_POINT('',(-1.E-01,0.714856231102,0.172686777966));
#7550 = CIRCLE('',#7551,0.1);
#7551 = AXIS2_PLACEMENT_3D('',#7552,#7553,#7554);
#7552 = CARTESIAN_POINT('',(-1.E-01,0.655,9.25791528722E-02));
#7553 = DIRECTION('',(1.,-1.224646799147E-16,1.232595164408E-32));
#7554 = DIRECTION('',(7.330274182841E-17,0.598562311023,0.801076250942)
  );
#7555 = ORIENTED_EDGE('',*,*,#7556,.T.);
#7556 = EDGE_CURVE('',#7548,#7557,#7559,.T.);
#7557 = VERTEX_POINT('',#7558);
#7558 = CARTESIAN_POINT('',(-1.E-01,0.919346165257,1.9892374906E-02));
#7559 = LINE('',#7560,#7561);
#7560 = CARTESIAN_POINT('',(-1.E-01,0.714856231102,0.172686777966));
#7561 = VECTOR('',#7562,1.);
#7562 = DIRECTION('',(9.810354665891E-17,0.801076250942,-0.598562311023)
  );
#7563 = ORIENTED_EDGE('',*,*,#7564,.T.);
#7564 = EDGE_CURVE('',#7557,#7565,#7567,.T.);
#7565 = VERTEX_POINT('',#7566);
#7566 = CARTESIAN_POINT('',(-1.E-01,0.97920239636,-4.440892098501E-16));
#7567 = CIRCLE('',#7568,0.1);
#7568 = AXIS2_PLACEMENT_3D('',#7569,#7570,#7571);
#7569 = CARTESIAN_POINT('',(-1.E-01,0.97920239636,1.E-01));
#7570 = DIRECTION('',(1.,-1.224646799147E-16,1.232595164408E-32));
#7571 = DIRECTION('',(-7.330274182841E-17,-0.598562311023,
    -0.801076250942));
#7572 = ORIENTED_EDGE('',*,*,#7573,.T.);
#7573 = EDGE_CURVE('',#7565,#7574,#7576,.T.);
#7574 = VERTEX_POINT('',#7575);
#7575 = CARTESIAN_POINT('',(-1.E-01,1.73,-6.661338147751E-16));
#7576 = LINE('',#7577,#7578);
#7577 = CARTESIAN_POINT('',(-1.E-01,0.97920239636,-4.440892098501E-16));
#7578 = VECTOR('',#7579,1.);
#7579 = DIRECTION('',(1.224646799147E-16,1.,-1.110223024625E-16));
#7580 = ORIENTED_EDGE('',*,*,#7581,.T.);
#7581 = EDGE_CURVE('',#7574,#7582,#7584,.T.);
#7582 = VERTEX_POINT('',#7583);
#7583 = CARTESIAN_POINT('',(-1.E-01,1.73,0.27));
#7584 = LINE('',#7585,#7586);
#7585 = CARTESIAN_POINT('',(-1.E-01,1.73,-6.661338147751E-16));
#7586 = VECTOR('',#7587,1.);
#7587 = DIRECTION('',(1.359631073447E-32,1.110223024625E-16,1.));
#7588 = ORIENTED_EDGE('',*,*,#7589,.T.);
#7589 = EDGE_CURVE('',#7582,#7590,#7592,.T.);
#7590 = VERTEX_POINT('',#7591);
#7591 = CARTESIAN_POINT('',(-1.E-01,1.130018112874,0.27));
#7592 = LINE('',#7593,#7594);
#7593 = CARTESIAN_POINT('',(-1.E-01,1.73,0.27));
#7594 = VECTOR('',#7595,1.);
#7595 = DIRECTION('',(-1.224646799147E-16,-1.,1.110223024625E-16));
#7596 = ORIENTED_EDGE('',*,*,#7597,.T.);
#7597 = EDGE_CURVE('',#7590,#7598,#7600,.T.);
#7598 = VERTEX_POINT('',#7599);
#7599 = CARTESIAN_POINT('',(-1.E-01,1.061188940512,0.291701754685));
#7600 = CIRCLE('',#7601,0.12);
#7601 = AXIS2_PLACEMENT_3D('',#7602,#7603,#7604);
#7602 = CARTESIAN_POINT('',(-1.E-01,1.130018112874,0.39));
#7603 = DIRECTION('',(-1.,1.224646799147E-16,0.));
#7604 = DIRECTION('',(-1.826437741997E-30,-1.491399596413E-14,-1.));
#7605 = ORIENTED_EDGE('',*,*,#7606,.T.);
#7606 = EDGE_CURVE('',#7598,#4381,#7607,.T.);
#7607 = LINE('',#7608,#7609);
#7608 = CARTESIAN_POINT('',(-1.E-01,1.061188940512,0.291701754685));
#7609 = VECTOR('',#7610,1.);
#7610 = DIRECTION('',(-1.003171929054E-16,-0.819152044289,0.573576436351
    ));
#7611 = PLANE('',#7612);
#7612 = AXIS2_PLACEMENT_3D('',#7613,#7614,#7615);
#7613 = CARTESIAN_POINT('',(-0.1,-3.47,1.02));
#7614 = DIRECTION('',(1.,-1.224646799147E-16,0.));
#7615 = DIRECTION('',(-1.224646799147E-16,-1.,1.110223024625E-16));
#7616 = ADVANCED_FACE('',(#7617),#7623,.F.);
#7617 = FACE_BOUND('',#7618,.F.);
#7618 = EDGE_LOOP('',(#7619,#7620,#7621,#7622));
#7619 = ORIENTED_EDGE('',*,*,#7388,.T.);
#7620 = ORIENTED_EDGE('',*,*,#7492,.T.);
#7621 = ORIENTED_EDGE('',*,*,#7517,.T.);
#7622 = ORIENTED_EDGE('',*,*,#4609,.F.);
#7623 = CYLINDRICAL_SURFACE('',#7624,0.1);
#7624 = AXIS2_PLACEMENT_3D('',#7625,#7626,#7627);
#7625 = CARTESIAN_POINT('',(0.1,0.655,1.946824583655));
#7626 = DIRECTION('',(1.,-1.224646799147E-16,0.));
#7627 = DIRECTION('',(-1.224646799147E-16,-1.,1.110223024625E-16));
#7628 = ADVANCED_FACE('',(#7629),#7640,.T.);
#7629 = FACE_BOUND('',#7630,.T.);
#7630 = EDGE_LOOP('',(#7631,#7632,#7633,#7639));
#7631 = ORIENTED_EDGE('',*,*,#5457,.F.);
#7632 = ORIENTED_EDGE('',*,*,#7538,.F.);
#7633 = ORIENTED_EDGE('',*,*,#7634,.F.);
#7634 = EDGE_CURVE('',#7466,#7539,#7635,.T.);
#7635 = LINE('',#7636,#7637);
#7636 = CARTESIAN_POINT('',(0.1,0.5675,0.1409914447));
#7637 = VECTOR('',#7638,1.);
#7638 = DIRECTION('',(-1.,1.224646799147E-16,0.));
#7639 = ORIENTED_EDGE('',*,*,#7474,.F.);
#7640 = CYLINDRICAL_SURFACE('',#7641,0.1);
#7641 = AXIS2_PLACEMENT_3D('',#7642,#7643,#7644);
#7642 = CARTESIAN_POINT('',(0.1,0.48,0.189403736527));
#7643 = DIRECTION('',(1.,-1.224646799147E-16,0.));
#7644 = DIRECTION('',(-1.224646799147E-16,-1.,1.110223024625E-16));
#7645 = ADVANCED_FACE('',(#7646),#7657,.F.);
#7646 = FACE_BOUND('',#7647,.F.);
#7647 = EDGE_LOOP('',(#7648,#7649,#7655,#7656));
#7648 = ORIENTED_EDGE('',*,*,#7465,.T.);
#7649 = ORIENTED_EDGE('',*,*,#7650,.T.);
#7650 = EDGE_CURVE('',#7458,#7548,#7651,.T.);
#7651 = LINE('',#7652,#7653);
#7652 = CARTESIAN_POINT('',(0.1,0.714856231102,0.172686777966));
#7653 = VECTOR('',#7654,1.);
#7654 = DIRECTION('',(-1.,1.224646799147E-16,0.));
#7655 = ORIENTED_EDGE('',*,*,#7547,.T.);
#7656 = ORIENTED_EDGE('',*,*,#7634,.F.);
#7657 = CYLINDRICAL_SURFACE('',#7658,0.1);
#7658 = AXIS2_PLACEMENT_3D('',#7659,#7660,#7661);
#7659 = CARTESIAN_POINT('',(0.1,0.655,9.25791528722E-02));
#7660 = DIRECTION('',(1.,-1.224646799147E-16,0.));
#7661 = DIRECTION('',(-1.224646799147E-16,-1.,1.110223024625E-16));
#7662 = ADVANCED_FACE('',(#7663),#7674,.T.);
#7663 = FACE_BOUND('',#7664,.F.);
#7664 = EDGE_LOOP('',(#7665,#7666,#7672,#7673));
#7665 = ORIENTED_EDGE('',*,*,#7457,.T.);
#7666 = ORIENTED_EDGE('',*,*,#7667,.T.);
#7667 = EDGE_CURVE('',#7449,#7557,#7668,.T.);
#7668 = LINE('',#7669,#7670);
#7669 = CARTESIAN_POINT('',(0.1,0.919346165257,1.9892374906E-02));
#7670 = VECTOR('',#7671,1.);
#7671 = DIRECTION('',(-1.,1.224646799147E-16,0.));
#7672 = ORIENTED_EDGE('',*,*,#7556,.F.);
#7673 = ORIENTED_EDGE('',*,*,#7650,.F.);
#7674 = PLANE('',#7675);
#7675 = AXIS2_PLACEMENT_3D('',#7676,#7677,#7678);
#7676 = CARTESIAN_POINT('',(0.1,0.714856231102,0.172686777966));
#7677 = DIRECTION('',(-7.330274182841E-17,-0.598562311023,
    -0.801076250942));
#7678 = DIRECTION('',(9.810354665891E-17,0.801076250942,-0.598562311023)
  );
#7679 = ADVANCED_FACE('',(#7680),#7691,.T.);
#7680 = FACE_BOUND('',#7681,.T.);
#7681 = EDGE_LOOP('',(#7682,#7683,#7684,#7690));
#7682 = ORIENTED_EDGE('',*,*,#7667,.T.);
#7683 = ORIENTED_EDGE('',*,*,#7564,.T.);
#7684 = ORIENTED_EDGE('',*,*,#7685,.F.);
#7685 = EDGE_CURVE('',#7441,#7565,#7686,.T.);
#7686 = LINE('',#7687,#7688);
#7687 = CARTESIAN_POINT('',(0.1,0.97920239636,-4.440892098501E-16));
#7688 = VECTOR('',#7689,1.);
#7689 = DIRECTION('',(-1.,1.224646799147E-16,0.));
#7690 = ORIENTED_EDGE('',*,*,#7448,.F.);
#7691 = CYLINDRICAL_SURFACE('',#7692,0.1);
#7692 = AXIS2_PLACEMENT_3D('',#7693,#7694,#7695);
#7693 = CARTESIAN_POINT('',(0.1,0.97920239636,1.E-01));
#7694 = DIRECTION('',(1.,-1.224646799147E-16,0.));
#7695 = DIRECTION('',(-1.224646799147E-16,-1.,1.110223024625E-16));
#7696 = ADVANCED_FACE('',(#7697),#7708,.T.);
#7697 = FACE_BOUND('',#7698,.F.);
#7698 = EDGE_LOOP('',(#7699,#7700,#7706,#7707));
#7699 = ORIENTED_EDGE('',*,*,#7440,.T.);
#7700 = ORIENTED_EDGE('',*,*,#7701,.T.);
#7701 = EDGE_CURVE('',#7433,#7574,#7702,.T.);
#7702 = LINE('',#7703,#7704);
#7703 = CARTESIAN_POINT('',(0.1,1.73,-6.661338147751E-16));
#7704 = VECTOR('',#7705,1.);
#7705 = DIRECTION('',(-1.,1.224646799147E-16,0.));
#7706 = ORIENTED_EDGE('',*,*,#7573,.F.);
#7707 = ORIENTED_EDGE('',*,*,#7685,.F.);
#7708 = PLANE('',#7709);
#7709 = AXIS2_PLACEMENT_3D('',#7710,#7711,#7712);
#7710 = CARTESIAN_POINT('',(0.1,0.97920239636,-4.440892098501E-16));
#7711 = DIRECTION('',(-1.359631073447E-32,-1.110223024625E-16,-1.));
#7712 = DIRECTION('',(1.224646799147E-16,1.,-1.110223024625E-16));
#7713 = ADVANCED_FACE('',(#7714),#7725,.T.);
#7714 = FACE_BOUND('',#7715,.F.);
#7715 = EDGE_LOOP('',(#7716,#7717,#7723,#7724));
#7716 = ORIENTED_EDGE('',*,*,#7432,.T.);
#7717 = ORIENTED_EDGE('',*,*,#7718,.T.);
#7718 = EDGE_CURVE('',#7425,#7582,#7719,.T.);
#7719 = LINE('',#7720,#7721);
#7720 = CARTESIAN_POINT('',(0.1,1.73,0.27));
#7721 = VECTOR('',#7722,1.);
#7722 = DIRECTION('',(-1.,1.224646799147E-16,0.));
#7723 = ORIENTED_EDGE('',*,*,#7581,.F.);
#7724 = ORIENTED_EDGE('',*,*,#7701,.F.);
#7725 = PLANE('',#7726);
#7726 = AXIS2_PLACEMENT_3D('',#7727,#7728,#7729);
#7727 = CARTESIAN_POINT('',(0.1,1.73,-6.661338147751E-16));
#7728 = DIRECTION('',(1.224646799147E-16,1.,-1.110223024625E-16));
#7729 = DIRECTION('',(1.359631073447E-32,1.110223024625E-16,1.));
#7730 = ADVANCED_FACE('',(#7731),#7742,.T.);
#7731 = FACE_BOUND('',#7732,.F.);
#7732 = EDGE_LOOP('',(#7733,#7734,#7740,#7741));
#7733 = ORIENTED_EDGE('',*,*,#7424,.T.);
#7734 = ORIENTED_EDGE('',*,*,#7735,.T.);
#7735 = EDGE_CURVE('',#7416,#7590,#7736,.T.);
#7736 = LINE('',#7737,#7738);
#7737 = CARTESIAN_POINT('',(0.1,1.130018112874,0.27));
#7738 = VECTOR('',#7739,1.);
#7739 = DIRECTION('',(-1.,1.224646799147E-16,0.));
#7740 = ORIENTED_EDGE('',*,*,#7589,.F.);
#7741 = ORIENTED_EDGE('',*,*,#7718,.F.);
#7742 = PLANE('',#7743);
#7743 = AXIS2_PLACEMENT_3D('',#7744,#7745,#7746);
#7744 = CARTESIAN_POINT('',(0.1,1.73,0.27));
#7745 = DIRECTION('',(1.359631073447E-32,1.110223024625E-16,1.));
#7746 = DIRECTION('',(-1.224646799147E-16,-1.,1.110223024625E-16));
#7747 = ADVANCED_FACE('',(#7748),#7759,.F.);
#7748 = FACE_BOUND('',#7749,.F.);
#7749 = EDGE_LOOP('',(#7750,#7751,#7757,#7758));
#7750 = ORIENTED_EDGE('',*,*,#7415,.T.);
#7751 = ORIENTED_EDGE('',*,*,#7752,.T.);
#7752 = EDGE_CURVE('',#7408,#7598,#7753,.T.);
#7753 = LINE('',#7754,#7755);
#7754 = CARTESIAN_POINT('',(0.1,1.061188940512,0.291701754685));
#7755 = VECTOR('',#7756,1.);
#7756 = DIRECTION('',(-1.,1.224646799147E-16,0.));
#7757 = ORIENTED_EDGE('',*,*,#7597,.F.);
#7758 = ORIENTED_EDGE('',*,*,#7735,.F.);
#7759 = CYLINDRICAL_SURFACE('',#7760,0.12);
#7760 = AXIS2_PLACEMENT_3D('',#7761,#7762,#7763);
#7761 = CARTESIAN_POINT('',(0.1,1.130018112874,0.39));
#7762 = DIRECTION('',(1.,-1.224646799147E-16,0.));
#7763 = DIRECTION('',(-1.224646799147E-16,-1.,1.110223024625E-16));
#7764 = ADVANCED_FACE('',(#7765),#7771,.T.);
#7765 = FACE_BOUND('',#7766,.F.);
#7766 = EDGE_LOOP('',(#7767,#7768,#7769,#7770));
#7767 = ORIENTED_EDGE('',*,*,#4388,.F.);
#7768 = ORIENTED_EDGE('',*,*,#7606,.F.);
#7769 = ORIENTED_EDGE('',*,*,#7752,.F.);
#7770 = ORIENTED_EDGE('',*,*,#7407,.T.);
#7771 = PLANE('',#7772);
#7772 = AXIS2_PLACEMENT_3D('',#7773,#7774,#7775);
#7773 = CARTESIAN_POINT('',(0.1,1.061188940512,0.291701754685));
#7774 = DIRECTION('',(7.024285468436E-17,0.573576436351,0.819152044289)
  );
#7775 = DIRECTION('',(-1.003171929054E-16,-0.819152044289,0.573576436351
    ));
#7776 = ADVANCED_FACE('',(#7777),#7783,.T.);
#7777 = FACE_BOUND('',#7778,.F.);
#7778 = EDGE_LOOP('',(#7779,#7780,#7781,#7782));
#7779 = ORIENTED_EDGE('',*,*,#1123,.T.);
#7780 = ORIENTED_EDGE('',*,*,#1061,.F.);
#7781 = ORIENTED_EDGE('',*,*,#1592,.F.);
#7782 = ORIENTED_EDGE('',*,*,#1272,.T.);
#7783 = PLANE('',#7784);
#7784 = AXIS2_PLACEMENT_3D('',#7785,#7786,#7787);
#7785 = CARTESIAN_POINT('',(-3.1,-2.22,0.32));
#7786 = DIRECTION('',(-1.,1.224646799147E-16,0.));
#7787 = DIRECTION('',(1.224646799147E-16,1.,-1.110223024625E-16));
#7788 = ADVANCED_FACE('',(#7789),#7795,.T.);
#7789 = FACE_BOUND('',#7790,.F.);
#7790 = EDGE_LOOP('',(#7791,#7792,#7793,#7794));
#7791 = ORIENTED_EDGE('',*,*,#1447,.F.);
#7792 = ORIENTED_EDGE('',*,*,#1382,.T.);
#7793 = ORIENTED_EDGE('',*,*,#192,.T.);
#7794 = ORIENTED_EDGE('',*,*,#933,.F.);
#7795 = PLANE('',#7796);
#7796 = AXIS2_PLACEMENT_3D('',#7797,#7798,#7799);
#7797 = CARTESIAN_POINT('',(-3.1,-2.22,0.32));
#7798 = DIRECTION('',(-1.,1.224646799147E-16,0.));
#7799 = DIRECTION('',(1.224646799147E-16,1.,-1.110223024625E-16));
#7800 = ADVANCED_FACE('',(#7801),#7812,.T.);
#7801 = FACE_BOUND('',#7802,.F.);
#7802 = EDGE_LOOP('',(#7803,#7809,#7810,#7811));
#7803 = ORIENTED_EDGE('',*,*,#7804,.F.);
#7804 = EDGE_CURVE('',#4208,#4005,#7805,.T.);
#7805 = LINE('',#7806,#7807);
#7806 = CARTESIAN_POINT('',(-3.1,0.68,1.636421356237));
#7807 = VECTOR('',#7808,1.);
#7808 = DIRECTION('',(-1.224646799147E-16,-1.,1.110223024625E-16));
#7809 = ORIENTED_EDGE('',*,*,#4207,.T.);
#7810 = ORIENTED_EDGE('',*,*,#2065,.F.);
#7811 = ORIENTED_EDGE('',*,*,#4012,.T.);
#7812 = PLANE('',#7813);
#7813 = AXIS2_PLACEMENT_3D('',#7814,#7815,#7816);
#7814 = CARTESIAN_POINT('',(-3.1,-2.22,0.32));
#7815 = DIRECTION('',(-1.,1.224646799147E-16,0.));
#7816 = DIRECTION('',(1.224646799147E-16,1.,-1.110223024625E-16));
#7817 = ADVANCED_FACE('',(#7818),#7829,.T.);
#7818 = FACE_BOUND('',#7819,.F.);
#7819 = EDGE_LOOP('',(#7820,#7826,#7827,#7828));
#7820 = ORIENTED_EDGE('',*,*,#7821,.T.);
#7821 = EDGE_CURVE('',#4320,#4059,#7822,.T.);
#7822 = LINE('',#7823,#7824);
#7823 = CARTESIAN_POINT('',(-3.1,0.68,0.403578643763));
#7824 = VECTOR('',#7825,1.);
#7825 = DIRECTION('',(-1.224646799147E-16,-1.,1.110223024625E-16));
#7826 = ORIENTED_EDGE('',*,*,#4138,.T.);
#7827 = ORIENTED_EDGE('',*,*,#571,.T.);
#7828 = ORIENTED_EDGE('',*,*,#4327,.T.);
#7829 = PLANE('',#7830);
#7830 = AXIS2_PLACEMENT_3D('',#7831,#7832,#7833);
#7831 = CARTESIAN_POINT('',(-3.1,-2.22,0.32));
#7832 = DIRECTION('',(-1.,1.224646799147E-16,0.));
#7833 = DIRECTION('',(1.224646799147E-16,1.,-1.110223024625E-16));
#7834 = ADVANCED_FACE('',(#7835),#7848,.T.);
#7835 = FACE_BOUND('',#7836,.F.);
#7836 = EDGE_LOOP('',(#7837,#7838,#7839,#7840,#7841,#7842));
#7837 = ORIENTED_EDGE('',*,*,#4215,.F.);
#7838 = ORIENTED_EDGE('',*,*,#7804,.T.);
#7839 = ORIENTED_EDGE('',*,*,#4004,.F.);
#7840 = ORIENTED_EDGE('',*,*,#3839,.T.);
#7841 = ORIENTED_EDGE('',*,*,#3508,.T.);
#7842 = ORIENTED_EDGE('',*,*,#7843,.F.);
#7843 = EDGE_CURVE('',#4216,#3500,#7844,.T.);
#7844 = LINE('',#7845,#7846);
#7845 = CARTESIAN_POINT('',(-3.070710678119,0.68,1.665710678119));
#7846 = VECTOR('',#7847,1.);
#7847 = DIRECTION('',(1.224646799147E-16,1.,-1.110223024625E-16));
#7848 = PLANE('',#7849);
#7849 = AXIS2_PLACEMENT_3D('',#7850,#7851,#7852);
#7850 = CARTESIAN_POINT('',(-3.220710678119,-0.312,1.515710678119));
#7851 = DIRECTION('',(-0.707106781187,1.651002285577E-16,0.707106781187)
  );
#7852 = DIRECTION('',(0.707106781187,-8.090982689361E-18,0.707106781187)
  );
#7853 = ADVANCED_FACE('',(#7854),#7865,.T.);
#7854 = FACE_BOUND('',#7855,.T.);
#7855 = EDGE_LOOP('',(#7856,#7862,#7863,#7864));
#7856 = ORIENTED_EDGE('',*,*,#7857,.T.);
#7857 = EDGE_CURVE('',#4224,#3492,#7858,.T.);
#7858 = LINE('',#7859,#7860);
#7859 = CARTESIAN_POINT('',(-3.,0.68,1.695));
#7860 = VECTOR('',#7861,1.);
#7861 = DIRECTION('',(1.224646799147E-16,1.,-1.110223024625E-16));
#7862 = ORIENTED_EDGE('',*,*,#3499,.F.);
#7863 = ORIENTED_EDGE('',*,*,#7843,.F.);
#7864 = ORIENTED_EDGE('',*,*,#4223,.T.);
#7865 = CYLINDRICAL_SURFACE('',#7866,0.1);
#7866 = AXIS2_PLACEMENT_3D('',#7867,#7868,#7869);
#7867 = CARTESIAN_POINT('',(-3.,-0.312,1.595));
#7868 = DIRECTION('',(1.224646799147E-16,1.,-1.110223024625E-16));
#7869 = DIRECTION('',(-1.,1.224646799147E-16,0.));
#7870 = ADVANCED_FACE('',(#7871),#7882,.T.);
#7871 = FACE_BOUND('',#7872,.F.);
#7872 = EDGE_LOOP('',(#7873,#7874,#7875,#7876));
#7873 = ORIENTED_EDGE('',*,*,#4232,.F.);
#7874 = ORIENTED_EDGE('',*,*,#7857,.T.);
#7875 = ORIENTED_EDGE('',*,*,#3491,.T.);
#7876 = ORIENTED_EDGE('',*,*,#7877,.F.);
#7877 = EDGE_CURVE('',#4233,#3483,#7878,.T.);
#7878 = LINE('',#7879,#7880);
#7879 = CARTESIAN_POINT('',(-2.099802646526,0.68,1.695));
#7880 = VECTOR('',#7881,1.);
#7881 = DIRECTION('',(1.224646799147E-16,1.,-1.110223024625E-16));
#7882 = PLANE('',#7883);
#7883 = AXIS2_PLACEMENT_3D('',#7884,#7885,#7886);
#7884 = CARTESIAN_POINT('',(-3.,-0.312,1.695));
#7885 = DIRECTION('',(1.359631073447E-32,1.110223024625E-16,1.));
#7886 = DIRECTION('',(1.,-1.224646799147E-16,0.));
#7887 = ADVANCED_FACE('',(#7888),#7899,.T.);
#7888 = FACE_BOUND('',#7889,.T.);
#7889 = EDGE_LOOP('',(#7890,#7896,#7897,#7898));
#7890 = ORIENTED_EDGE('',*,*,#7891,.T.);
#7891 = EDGE_CURVE('',#4241,#3474,#7892,.T.);
#7892 = LINE('',#7893,#7894);
#7893 = CARTESIAN_POINT('',(-1.904901323263,0.68,1.539871752699));
#7894 = VECTOR('',#7895,1.);
#7895 = DIRECTION('',(1.224646799147E-16,1.,-1.110223024625E-16));
#7896 = ORIENTED_EDGE('',*,*,#3482,.F.);
#7897 = ORIENTED_EDGE('',*,*,#7877,.F.);
#7898 = ORIENTED_EDGE('',*,*,#4240,.T.);
#7899 = CYLINDRICAL_SURFACE('',#7900,0.2);
#7900 = AXIS2_PLACEMENT_3D('',#7901,#7902,#7903);
#7901 = CARTESIAN_POINT('',(-2.099802646526,-0.312,1.495));
#7902 = DIRECTION('',(1.224646799147E-16,1.,-1.110223024625E-16));
#7903 = DIRECTION('',(-1.,1.224646799147E-16,0.));
#7904 = ADVANCED_FACE('',(#7905),#7916,.F.);
#7905 = FACE_BOUND('',#7906,.F.);
#7906 = EDGE_LOOP('',(#7907,#7908,#7909,#7910));
#7907 = ORIENTED_EDGE('',*,*,#4249,.T.);
#7908 = ORIENTED_EDGE('',*,*,#7891,.T.);
#7909 = ORIENTED_EDGE('',*,*,#3473,.T.);
#7910 = ORIENTED_EDGE('',*,*,#7911,.F.);
#7911 = EDGE_CURVE('',#4250,#3465,#7912,.T.);
#7912 = LINE('',#7913,#7914);
#7913 = CARTESIAN_POINT('',(-1.755,0.68,1.389871752699));
#7914 = VECTOR('',#7915,1.);
#7915 = DIRECTION('',(-1.208998859097E-14,1.,-1.110223024625E-16));
#7916 = CYLINDRICAL_SURFACE('',#7917,0.2);
#7917 = AXIS2_PLACEMENT_3D('',#7918,#7919,#7920);
#7918 = CARTESIAN_POINT('',(-1.71,-0.312,1.584743505398));
#7919 = DIRECTION('',(1.224646799147E-16,1.,-1.110223024625E-16));
#7920 = DIRECTION('',(-1.,1.224646799147E-16,0.));
#7921 = ADVANCED_FACE('',(#7922),#7933,.T.);
#7922 = FACE_BOUND('',#7923,.T.);
#7923 = EDGE_LOOP('',(#7924,#7930,#7931,#7932));
#7924 = ORIENTED_EDGE('',*,*,#7925,.T.);
#7925 = EDGE_CURVE('',#4259,#3457,#7926,.T.);
#7926 = LINE('',#7927,#7928);
#7927 = CARTESIAN_POINT('',(-1.6,0.68,1.195));
#7928 = VECTOR('',#7929,1.);
#7929 = DIRECTION('',(1.224646799147E-16,1.,-1.110223024625E-16));
#7930 = ORIENTED_EDGE('',*,*,#3464,.F.);
#7931 = ORIENTED_EDGE('',*,*,#7911,.F.);
#7932 = ORIENTED_EDGE('',*,*,#4258,.T.);
#7933 = CYLINDRICAL_SURFACE('',#7934,0.2);
#7934 = AXIS2_PLACEMENT_3D('',#7935,#7936,#7937);
#7935 = CARTESIAN_POINT('',(-1.8,-0.312,1.195));
#7936 = DIRECTION('',(1.224646799147E-16,1.,-1.110223024625E-16));
#7937 = DIRECTION('',(-1.,1.224646799147E-16,0.));
#7938 = ADVANCED_FACE('',(#7939),#7950,.T.);
#7939 = FACE_BOUND('',#7940,.F.);
#7940 = EDGE_LOOP('',(#7941,#7942,#7943,#7944));
#7941 = ORIENTED_EDGE('',*,*,#4267,.F.);
#7942 = ORIENTED_EDGE('',*,*,#7925,.T.);
#7943 = ORIENTED_EDGE('',*,*,#3456,.T.);
#7944 = ORIENTED_EDGE('',*,*,#7945,.F.);
#7945 = EDGE_CURVE('',#4268,#3448,#7946,.T.);
#7946 = LINE('',#7947,#7948);
#7947 = CARTESIAN_POINT('',(-1.6,0.68,0.845));
#7948 = VECTOR('',#7949,1.);
#7949 = DIRECTION('',(1.224646799147E-16,1.,-1.110223024625E-16));
#7950 = PLANE('',#7951);
#7951 = AXIS2_PLACEMENT_3D('',#7952,#7953,#7954);
#7952 = CARTESIAN_POINT('',(-1.6,-0.312,1.195));
#7953 = DIRECTION('',(1.,-1.224646799147E-16,0.));
#7954 = DIRECTION('',(-1.359631073447E-32,-1.110223024625E-16,-1.));
#7955 = ADVANCED_FACE('',(#7956),#7967,.T.);
#7956 = FACE_BOUND('',#7957,.T.);
#7957 = EDGE_LOOP('',(#7958,#7964,#7965,#7966));
#7958 = ORIENTED_EDGE('',*,*,#7959,.T.);
#7959 = EDGE_CURVE('',#4276,#3439,#7960,.T.);
#7960 = LINE('',#7961,#7962);
#7961 = CARTESIAN_POINT('',(-1.755,0.68,0.650128247301));
#7962 = VECTOR('',#7963,1.);
#7963 = DIRECTION('',(1.224646799147E-16,1.,-1.110223024625E-16));
#7964 = ORIENTED_EDGE('',*,*,#3447,.F.);
#7965 = ORIENTED_EDGE('',*,*,#7945,.F.);
#7966 = ORIENTED_EDGE('',*,*,#4275,.T.);
#7967 = CYLINDRICAL_SURFACE('',#7968,0.2);
#7968 = AXIS2_PLACEMENT_3D('',#7969,#7970,#7971);
#7969 = CARTESIAN_POINT('',(-1.8,-0.312,0.845));
#7970 = DIRECTION('',(1.224646799147E-16,1.,-1.110223024625E-16));
#7971 = DIRECTION('',(-1.,1.224646799147E-16,0.));
#7972 = ADVANCED_FACE('',(#7973),#7984,.F.);
#7973 = FACE_BOUND('',#7974,.F.);
#7974 = EDGE_LOOP('',(#7975,#7976,#7977,#7978));
#7975 = ORIENTED_EDGE('',*,*,#4284,.T.);
#7976 = ORIENTED_EDGE('',*,*,#7959,.T.);
#7977 = ORIENTED_EDGE('',*,*,#3438,.T.);
#7978 = ORIENTED_EDGE('',*,*,#7979,.F.);
#7979 = EDGE_CURVE('',#4285,#3430,#7980,.T.);
#7980 = LINE('',#7981,#7982);
#7981 = CARTESIAN_POINT('',(-1.904901323263,0.68,0.500128247301));
#7982 = VECTOR('',#7983,1.);
#7983 = DIRECTION('',(2.343714819704E-14,1.,6.150635556424E-14));
#7984 = CYLINDRICAL_SURFACE('',#7985,0.2);
#7985 = AXIS2_PLACEMENT_3D('',#7986,#7987,#7988);
#7986 = CARTESIAN_POINT('',(-1.71,-0.312,0.455256494602));
#7987 = DIRECTION('',(1.224646799147E-16,1.,-1.110223024625E-16));
#7988 = DIRECTION('',(-1.,1.224646799147E-16,0.));
#7989 = ADVANCED_FACE('',(#7990),#8001,.T.);
#7990 = FACE_BOUND('',#7991,.T.);
#7991 = EDGE_LOOP('',(#7992,#7998,#7999,#8000));
#7992 = ORIENTED_EDGE('',*,*,#7993,.T.);
#7993 = EDGE_CURVE('',#4294,#3422,#7994,.T.);
#7994 = LINE('',#7995,#7996);
#7995 = CARTESIAN_POINT('',(-2.099802646526,0.68,0.345));
#7996 = VECTOR('',#7997,1.);
#7997 = DIRECTION('',(1.224646799147E-16,1.,-1.110223024625E-16));
#7998 = ORIENTED_EDGE('',*,*,#3429,.F.);
#7999 = ORIENTED_EDGE('',*,*,#7979,.F.);
#8000 = ORIENTED_EDGE('',*,*,#4293,.T.);
#8001 = CYLINDRICAL_SURFACE('',#8002,0.2);
#8002 = AXIS2_PLACEMENT_3D('',#8003,#8004,#8005);
#8003 = CARTESIAN_POINT('',(-2.099802646526,-0.312,0.545));
#8004 = DIRECTION('',(1.224646799147E-16,1.,-1.110223024625E-16));
#8005 = DIRECTION('',(-1.,1.224646799147E-16,0.));
#8006 = ADVANCED_FACE('',(#8007),#8018,.T.);
#8007 = FACE_BOUND('',#8008,.F.);
#8008 = EDGE_LOOP('',(#8009,#8010,#8011,#8012));
#8009 = ORIENTED_EDGE('',*,*,#4302,.F.);
#8010 = ORIENTED_EDGE('',*,*,#7993,.T.);
#8011 = ORIENTED_EDGE('',*,*,#3421,.T.);
#8012 = ORIENTED_EDGE('',*,*,#8013,.F.);
#8013 = EDGE_CURVE('',#4303,#3413,#8014,.T.);
#8014 = LINE('',#8015,#8016);
#8015 = CARTESIAN_POINT('',(-3.,0.68,0.345));
#8016 = VECTOR('',#8017,1.);
#8017 = DIRECTION('',(1.224646799147E-16,1.,-1.110223024625E-16));
#8018 = PLANE('',#8019);
#8019 = AXIS2_PLACEMENT_3D('',#8020,#8021,#8022);
#8020 = CARTESIAN_POINT('',(-2.099802646526,-0.312,0.345));
#8021 = DIRECTION('',(-1.359631073447E-32,-1.110223024625E-16,-1.));
#8022 = DIRECTION('',(-1.,1.224646799147E-16,0.));
#8023 = ADVANCED_FACE('',(#8024),#8035,.T.);
#8024 = FACE_BOUND('',#8025,.T.);
#8025 = EDGE_LOOP('',(#8026,#8032,#8033,#8034));
#8026 = ORIENTED_EDGE('',*,*,#8027,.T.);
#8027 = EDGE_CURVE('',#4311,#3405,#8028,.T.);
#8028 = LINE('',#8029,#8030);
#8029 = CARTESIAN_POINT('',(-3.070710678119,0.68,0.374289321881));
#8030 = VECTOR('',#8031,1.);
#8031 = DIRECTION('',(1.224646799147E-16,1.,-1.110223024625E-16));
#8032 = ORIENTED_EDGE('',*,*,#3412,.F.);
#8033 = ORIENTED_EDGE('',*,*,#8013,.F.);
#8034 = ORIENTED_EDGE('',*,*,#4310,.T.);
#8035 = CYLINDRICAL_SURFACE('',#8036,0.1);
#8036 = AXIS2_PLACEMENT_3D('',#8037,#8038,#8039);
#8037 = CARTESIAN_POINT('',(-3.,-0.312,0.445));
#8038 = DIRECTION('',(1.224646799147E-16,1.,-1.110223024625E-16));
#8039 = DIRECTION('',(-1.,1.224646799147E-16,0.));
#8040 = ADVANCED_FACE('',(#8041),#8054,.T.);
#8041 = FACE_BOUND('',#8042,.F.);
#8042 = EDGE_LOOP('',(#8043,#8044,#8045,#8046,#8052,#8053));
#8043 = ORIENTED_EDGE('',*,*,#4319,.T.);
#8044 = ORIENTED_EDGE('',*,*,#8027,.T.);
#8045 = ORIENTED_EDGE('',*,*,#3404,.T.);
#8046 = ORIENTED_EDGE('',*,*,#8047,.F.);
#8047 = EDGE_CURVE('',#4061,#3396,#8048,.T.);
#8048 = LINE('',#8049,#8050);
#8049 = CARTESIAN_POINT('',(-3.220710678119,0.53,0.524289321881));
#8050 = VECTOR('',#8051,1.);
#8051 = DIRECTION('',(1.224646799147E-16,1.,-1.110223024625E-16));
#8052 = ORIENTED_EDGE('',*,*,#4058,.F.);
#8053 = ORIENTED_EDGE('',*,*,#7821,.F.);
#8054 = PLANE('',#8055);
#8055 = AXIS2_PLACEMENT_3D('',#8056,#8057,#8058);
#8056 = CARTESIAN_POINT('',(-3.070710678119,-0.312,0.374289321881));
#8057 = DIRECTION('',(-0.707106781187,8.090982689361E-18,-0.707106781187
    ));
#8058 = DIRECTION('',(-0.707106781187,1.651002285577E-16,0.707106781187)
  );
#8059 = ADVANCED_FACE('',(#8060),#8071,.T.);
#8060 = FACE_BOUND('',#8061,.T.);
#8061 = EDGE_LOOP('',(#8062,#8068,#8069,#8070));
#8062 = ORIENTED_EDGE('',*,*,#8063,.T.);
#8063 = EDGE_CURVE('',#4069,#3388,#8064,.T.);
#8064 = LINE('',#8065,#8066);
#8065 = CARTESIAN_POINT('',(-3.25,0.53,0.595));
#8066 = VECTOR('',#8067,1.);
#8067 = DIRECTION('',(1.224646799147E-16,1.,-1.110223024625E-16));
#8068 = ORIENTED_EDGE('',*,*,#3395,.F.);
#8069 = ORIENTED_EDGE('',*,*,#8047,.F.);
#8070 = ORIENTED_EDGE('',*,*,#4068,.T.);
#8071 = CYLINDRICAL_SURFACE('',#8072,0.1);
#8072 = AXIS2_PLACEMENT_3D('',#8073,#8074,#8075);
#8073 = CARTESIAN_POINT('',(-3.15,-0.312,0.595));
#8074 = DIRECTION('',(1.224646799147E-16,1.,-1.110223024625E-16));
#8075 = DIRECTION('',(-1.,1.224646799147E-16,0.));
#8076 = ADVANCED_FACE('',(#8077),#8088,.T.);
#8077 = FACE_BOUND('',#8078,.F.);
#8078 = EDGE_LOOP('',(#8079,#8080,#8086,#8087));
#8079 = ORIENTED_EDGE('',*,*,#3387,.T.);
#8080 = ORIENTED_EDGE('',*,*,#8081,.F.);
#8081 = EDGE_CURVE('',#4078,#3378,#8082,.T.);
#8082 = LINE('',#8083,#8084);
#8083 = CARTESIAN_POINT('',(-3.25,0.53,0.62));
#8084 = VECTOR('',#8085,1.);
#8085 = DIRECTION('',(1.224646799147E-16,1.,-1.110223024625E-16));
#8086 = ORIENTED_EDGE('',*,*,#4077,.F.);
#8087 = ORIENTED_EDGE('',*,*,#8063,.T.);
#8088 = PLANE('',#8089);
#8089 = AXIS2_PLACEMENT_3D('',#8090,#8091,#8092);
#8090 = CARTESIAN_POINT('',(-3.25,-0.312,0.595));
#8091 = DIRECTION('',(-1.,1.224646799147E-16,0.));
#8092 = DIRECTION('',(1.359631073447E-32,1.110223024625E-16,1.));
#8093 = ADVANCED_FACE('',(#8094),#8105,.T.);
#8094 = FACE_BOUND('',#8095,.T.);
#8095 = EDGE_LOOP('',(#8096,#8097,#8098,#8104));
#8096 = ORIENTED_EDGE('',*,*,#8081,.F.);
#8097 = ORIENTED_EDGE('',*,*,#4085,.T.);
#8098 = ORIENTED_EDGE('',*,*,#8099,.T.);
#8099 = EDGE_CURVE('',#4086,#3687,#8100,.T.);
#8100 = LINE('',#8101,#8102);
#8101 = CARTESIAN_POINT('',(-3.442653128049,0.53,0.72));
#8102 = VECTOR('',#8103,1.);
#8103 = DIRECTION('',(1.224646799147E-16,1.,-1.110223024625E-16));
#8104 = ORIENTED_EDGE('',*,*,#3686,.T.);
#8105 = SURFACE_OF_LINEAR_EXTRUSION('',#8106,#8126);
#8106 = B_SPLINE_CURVE_WITH_KNOTS('',3,(#8107,#8108,#8109,#8110,#8111,
    #8112,#8113,#8114,#8115,#8116,#8117,#8118,#8119,#8120,#8121,#8122,
    #8123,#8124,#8125),.UNSPECIFIED.,.F.,.F.,(4,1,1,1,1,1,1,1,1,1,1,1,1,
    1,1,1,4),(0.,2.451809579107E-02,6.049809259294E-02,
    9.901152651086E-02,0.141378517191,0.188982855727,0.24275754094,
    0.303220031749,0.370751065861,0.445847461511,0.529007257227,
    0.619991853694,0.715881135471,0.809944657925,0.897527311471,
    0.975524256621,1.),.UNSPECIFIED.);
#8107 = CARTESIAN_POINT('',(-3.25041498182,-0.312,0.614017227483));
#8108 = CARTESIAN_POINT('',(-3.250135966309,-0.312,0.6159947618));
#8109 = CARTESIAN_POINT('',(-3.249800471153,-0.312,0.620932051889));
#8110 = CARTESIAN_POINT('',(-3.250606229311,-0.312,0.629045945539));
#8111 = CARTESIAN_POINT('',(-3.253375710121,-0.312,0.638245290012));
#8112 = CARTESIAN_POINT('',(-3.258204144816,-0.312,0.647633927824));
#8113 = CARTESIAN_POINT('',(-3.26526553864,-0.312,0.65708728671));
#8114 = CARTESIAN_POINT('',(-3.274688771039,-0.312,0.666431721377));
#8115 = CARTESIAN_POINT('',(-3.2864678142,-0.312,0.675540191643));
#8116 = CARTESIAN_POINT('',(-3.300601915101,-0.312,0.684298561989));
#8117 = CARTESIAN_POINT('',(-3.317127878335,-0.312,0.692569653741));
#8118 = CARTESIAN_POINT('',(-3.336042142811,-0.312,0.700195864634));
#8119 = CARTESIAN_POINT('',(-3.357053403398,-0.312,0.707017040269));
#8120 = CARTESIAN_POINT('',(-3.379328596168,-0.312,0.712674920962));
#8121 = CARTESIAN_POINT('',(-3.401651186812,-0.312,0.716820150375));
#8122 = CARTESIAN_POINT('',(-3.422739116797,-0.312,0.719349178538));
#8123 = CARTESIAN_POINT('',(-3.438278209371,-0.312,0.720096203513));
#8124 = CARTESIAN_POINT('',(-3.446654702748,-0.312,0.719969810965));
#8125 = CARTESIAN_POINT('',(-3.448654692226,-0.312,0.719906555557));
#8126 = VECTOR('',#8127,1.);
#8127 = DIRECTION('',(1.224646799147E-16,1.,-1.110223024625E-16));
#8128 = ADVANCED_FACE('',(#8129),#8140,.T.);
#8129 = FACE_BOUND('',#8130,.F.);
#8130 = EDGE_LOOP('',(#8131,#8132,#8138,#8139));
#8131 = ORIENTED_EDGE('',*,*,#3703,.F.);
#8132 = ORIENTED_EDGE('',*,*,#8133,.F.);
#8133 = EDGE_CURVE('',#4108,#3704,#8134,.T.);
#8134 = LINE('',#8135,#8136);
#8135 = CARTESIAN_POINT('',(-3.5,0.53,0.72));
#8136 = VECTOR('',#8137,1.);
#8137 = DIRECTION('',(1.224646799147E-16,1.,-1.110223024625E-16));
#8138 = ORIENTED_EDGE('',*,*,#4107,.T.);
#8139 = ORIENTED_EDGE('',*,*,#8099,.T.);
#8140 = PLANE('',#8141);
#8141 = AXIS2_PLACEMENT_3D('',#8142,#8143,#8144);
#8142 = CARTESIAN_POINT('',(-3.442653128049,-0.312,0.72));
#8143 = DIRECTION('',(-1.359631073447E-32,-1.110223024625E-16,-1.));
#8144 = DIRECTION('',(-1.,1.224646799147E-16,0.));
#8145 = ADVANCED_FACE('',(#8146),#8171,.T.);
#8146 = FACE_BOUND('',#8147,.F.);
#8147 = EDGE_LOOP('',(#8148,#8149,#8155,#8156,#8162,#8163,#8169,#8170));
#8148 = ORIENTED_EDGE('',*,*,#3712,.T.);
#8149 = ORIENTED_EDGE('',*,*,#8150,.F.);
#8150 = EDGE_CURVE('',#3994,#3713,#8151,.T.);
#8151 = LINE('',#8152,#8153);
#8152 = CARTESIAN_POINT('',(-3.5,0.53,1.32));
#8153 = VECTOR('',#8154,1.);
#8154 = DIRECTION('',(1.224646799147E-16,1.,-1.110223024625E-16));
#8155 = ORIENTED_EDGE('',*,*,#4044,.T.);
#8156 = ORIENTED_EDGE('',*,*,#8157,.F.);
#8157 = EDGE_CURVE('',#989,#4036,#8158,.T.);
#8158 = LINE('',#8159,#8160);
#8159 = CARTESIAN_POINT('',(-3.5,-2.17,1.755));
#8160 = VECTOR('',#8161,1.);
#8161 = DIRECTION('',(1.224646799147E-16,1.,-1.110223024625E-16));
#8162 = ORIENTED_EDGE('',*,*,#988,.F.);
#8163 = ORIENTED_EDGE('',*,*,#8164,.T.);
#8164 = EDGE_CURVE('',#980,#4116,#8165,.T.);
#8165 = LINE('',#8166,#8167);
#8166 = CARTESIAN_POINT('',(-3.5,-2.17,0.285));
#8167 = VECTOR('',#8168,1.);
#8168 = DIRECTION('',(1.224646799147E-16,1.,-1.110223024625E-16));
#8169 = ORIENTED_EDGE('',*,*,#4115,.T.);
#8170 = ORIENTED_EDGE('',*,*,#8133,.T.);
#8171 = PLANE('',#8172);
#8172 = AXIS2_PLACEMENT_3D('',#8173,#8174,#8175);
#8173 = CARTESIAN_POINT('',(-3.5,-2.17,0.285));
#8174 = DIRECTION('',(-1.,1.224646799147E-16,0.));
#8175 = DIRECTION('',(1.359631073447E-32,1.110223024625E-16,1.));
#8176 = ADVANCED_FACE('',(#8177),#8183,.T.);
#8177 = FACE_BOUND('',#8178,.F.);
#8178 = EDGE_LOOP('',(#8179,#8180,#8181,#8182));
#8179 = ORIENTED_EDGE('',*,*,#3720,.F.);
#8180 = ORIENTED_EDGE('',*,*,#3752,.F.);
#8181 = ORIENTED_EDGE('',*,*,#3993,.F.);
#8182 = ORIENTED_EDGE('',*,*,#8150,.T.);
#8183 = PLANE('',#8184);
#8184 = AXIS2_PLACEMENT_3D('',#8185,#8186,#8187);
#8185 = CARTESIAN_POINT('',(-3.5,-0.312,1.32));
#8186 = DIRECTION('',(1.359631073447E-32,1.110223024625E-16,1.));
#8187 = DIRECTION('',(1.,-1.224646799147E-16,0.));
#8188 = ADVANCED_FACE('',(#8189),#8200,.T.);
#8189 = FACE_BOUND('',#8190,.T.);
#8190 = EDGE_LOOP('',(#8191,#8197,#8198,#8199));
#8191 = ORIENTED_EDGE('',*,*,#8192,.T.);
#8192 = EDGE_CURVE('',#997,#4028,#8193,.T.);
#8193 = LINE('',#8194,#8195);
#8194 = CARTESIAN_POINT('',(-3.25,-2.17,2.005));
#8195 = VECTOR('',#8196,1.);
#8196 = DIRECTION('',(1.224646799147E-16,1.,-1.110223024625E-16));
#8197 = ORIENTED_EDGE('',*,*,#4035,.F.);
#8198 = ORIENTED_EDGE('',*,*,#8157,.F.);
#8199 = ORIENTED_EDGE('',*,*,#996,.T.);
#8200 = CYLINDRICAL_SURFACE('',#8201,0.25);
#8201 = AXIS2_PLACEMENT_3D('',#8202,#8203,#8204);
#8202 = CARTESIAN_POINT('',(-3.25,-2.17,1.755));
#8203 = DIRECTION('',(1.224646799147E-16,1.,-1.110223024625E-16));
#8204 = DIRECTION('',(-1.,1.224646799147E-16,0.));
#8205 = ADVANCED_FACE('',(#8206),#8288,.T.);
#8206 = FACE_BOUND('',#8207,.F.);
#8207 = EDGE_LOOP('',(#8208,#8217,#8225,#8234,#8240,#8241,#8247,#8248,
    #8257,#8265,#8273,#8279,#8280,#8287));
#8208 = ORIENTED_EDGE('',*,*,#8209,.F.);
#8209 = EDGE_CURVE('',#8210,#2676,#8212,.T.);
#8210 = VERTEX_POINT('',#8211);
#8211 = CARTESIAN_POINT('',(2.049,0.58,2.005));
#8212 = CIRCLE('',#8213,0.1);
#8213 = AXIS2_PLACEMENT_3D('',#8214,#8215,#8216);
#8214 = CARTESIAN_POINT('',(2.049,0.48,2.005));
#8215 = DIRECTION('',(1.359631073447E-32,1.110223024625E-16,1.));
#8216 = DIRECTION('',(1.224646799147E-16,1.,-1.110223024625E-16));
#8217 = ORIENTED_EDGE('',*,*,#8218,.T.);
#8218 = EDGE_CURVE('',#8210,#8219,#8221,.T.);
#8219 = VERTEX_POINT('',#8220);
#8220 = CARTESIAN_POINT('',(2.939945256222,0.58,2.005));
#8221 = LINE('',#8222,#8223);
#8222 = CARTESIAN_POINT('',(2.049,0.58,2.005));
#8223 = VECTOR('',#8224,1.);
#8224 = DIRECTION('',(1.,-1.224646799147E-16,0.));
#8225 = ORIENTED_EDGE('',*,*,#8226,.T.);
#8226 = EDGE_CURVE('',#8219,#8227,#8229,.T.);
#8227 = VERTEX_POINT('',#8228);
#8228 = CARTESIAN_POINT('',(3.02396556961,0.561495418505,2.005));
#8229 = CIRCLE('',#8230,0.2);
#8230 = AXIS2_PLACEMENT_3D('',#8231,#8232,#8233);
#8231 = CARTESIAN_POINT('',(2.939945256222,0.38,2.005));
#8232 = DIRECTION('',(-1.359631073447E-32,-1.110223024625E-16,-1.));
#8233 = DIRECTION('',(1.224646799147E-16,1.,-1.110223024625E-16));
#8234 = ORIENTED_EDGE('',*,*,#8235,.T.);
#8235 = EDGE_CURVE('',#8227,#3929,#8236,.T.);
#8236 = LINE('',#8237,#8238);
#8237 = CARTESIAN_POINT('',(3.02396556961,0.561495418505,2.005));
#8238 = VECTOR('',#8239,1.);
#8239 = DIRECTION('',(0.907477092524,-0.420101566939,4.664064322967E-17)
  );
#8240 = ORIENTED_EDGE('',*,*,#3928,.T.);
#8241 = ORIENTED_EDGE('',*,*,#8242,.F.);
#8242 = EDGE_CURVE('',#813,#3920,#8243,.T.);
#8243 = LINE('',#8244,#8245);
#8244 = CARTESIAN_POINT('',(3.25,-2.17,2.005));
#8245 = VECTOR('',#8246,1.);
#8246 = DIRECTION('',(1.224646799147E-16,1.,-1.110223024625E-16));
#8247 = ORIENTED_EDGE('',*,*,#812,.F.);
#8248 = ORIENTED_EDGE('',*,*,#8249,.T.);
#8249 = EDGE_CURVE('',#805,#8250,#8252,.T.);
#8250 = VERTEX_POINT('',#8251);
#8251 = CARTESIAN_POINT('',(1.47,-1.97,2.005));
#8252 = CIRCLE('',#8253,0.2);
#8253 = AXIS2_PLACEMENT_3D('',#8254,#8255,#8256);
#8254 = CARTESIAN_POINT('',(1.67,-1.97,2.005));
#8255 = DIRECTION('',(-1.359631073447E-32,-1.110223024625E-16,-1.));
#8256 = DIRECTION('',(-1.224646799147E-16,-1.,1.110223024625E-16));
#8257 = ORIENTED_EDGE('',*,*,#8258,.T.);
#8258 = EDGE_CURVE('',#8250,#8259,#8261,.T.);
#8259 = VERTEX_POINT('',#8260);
#8260 = CARTESIAN_POINT('',(1.47,-1.62,2.005));
#8261 = LINE('',#8262,#8263);
#8262 = CARTESIAN_POINT('',(1.47,-1.97,2.005));
#8263 = VECTOR('',#8264,1.);
#8264 = DIRECTION('',(1.224646799147E-16,1.,-1.110223024625E-16));
#8265 = ORIENTED_EDGE('',*,*,#8266,.T.);
#8266 = EDGE_CURVE('',#8259,#8267,#8269,.T.);
#8267 = VERTEX_POINT('',#8268);
#8268 = CARTESIAN_POINT('',(1.709978667623,-1.62,2.00499999931));
#8269 = LINE('',#8270,#8271);
#8270 = CARTESIAN_POINT('',(1.47,-1.62,2.005));
#8271 = VECTOR('',#8272,1.);
#8272 = DIRECTION('',(1.,-1.224646802339E-16,-2.874689540636E-09));
#8273 = ORIENTED_EDGE('',*,*,#8274,.T.);
#8274 = EDGE_CURVE('',#8267,#2380,#8275,.T.);
#8275 = LINE('',#8276,#8277);
#8276 = CARTESIAN_POINT('',(1.709978667623,-1.62,2.00499999931));
#8277 = VECTOR('',#8278,1.);
#8278 = DIRECTION('',(-1.123348561165E-05,0.999999999937,
    3.630862335708E-10));
#8279 = ORIENTED_EDGE('',*,*,#2379,.T.);
#8280 = ORIENTED_EDGE('',*,*,#8281,.F.);
#8281 = EDGE_CURVE('',#2684,#2372,#8282,.T.);
#8282 = CIRCLE('',#8283,0.1);
#8283 = AXIS2_PLACEMENT_3D('',#8284,#8285,#8286);
#8284 = CARTESIAN_POINT('',(1.849,0.38,2.005));
#8285 = DIRECTION('',(-1.359631073447E-32,-1.110223024625E-16,-1.));
#8286 = DIRECTION('',(1.,-1.224646799147E-16,0.));
#8287 = ORIENTED_EDGE('',*,*,#2683,.T.);
#8288 = PLANE('',#8289);
#8289 = AXIS2_PLACEMENT_3D('',#8290,#8291,#8292);
#8290 = CARTESIAN_POINT('',(1.709957324001,-2.17,2.005));
#8291 = DIRECTION('',(1.359631073447E-32,1.110223024625E-16,1.));
#8292 = DIRECTION('',(1.,-1.224646799147E-16,0.));
#8293 = ADVANCED_FACE('',(#8294),#8371,.T.);
#8294 = FACE_BOUND('',#8295,.F.);
#8295 = EDGE_LOOP('',(#8296,#8305,#8313,#8320,#8321,#8329,#8337,#8345,
    #8352,#8353,#8354,#8355,#8363,#8370));
#8296 = ORIENTED_EDGE('',*,*,#8297,.F.);
#8297 = EDGE_CURVE('',#8298,#97,#8300,.T.);
#8298 = VERTEX_POINT('',#8299);
#8299 = CARTESIAN_POINT('',(-1.949,0.48,2.005));
#8300 = CIRCLE('',#8301,0.1);
#8301 = AXIS2_PLACEMENT_3D('',#8302,#8303,#8304);
#8302 = CARTESIAN_POINT('',(-2.049,0.48,2.005));
#8303 = DIRECTION('',(1.359631073447E-32,1.110223024625E-16,1.));
#8304 = DIRECTION('',(1.,-1.224646799147E-16,0.));
#8305 = ORIENTED_EDGE('',*,*,#8306,.T.);
#8306 = EDGE_CURVE('',#8298,#8307,#8309,.T.);
#8307 = VERTEX_POINT('',#8308);
#8308 = CARTESIAN_POINT('',(-1.949,0.38,2.005));
#8309 = LINE('',#8310,#8311);
#8310 = CARTESIAN_POINT('',(-1.949,0.48,2.005));
#8311 = VECTOR('',#8312,1.);
#8312 = DIRECTION('',(-1.224646799147E-16,-1.,1.110223024625E-16));
#8313 = ORIENTED_EDGE('',*,*,#8314,.F.);
#8314 = EDGE_CURVE('',#2422,#8307,#8315,.T.);
#8315 = CIRCLE('',#8316,0.1);
#8316 = AXIS2_PLACEMENT_3D('',#8317,#8318,#8319);
#8317 = CARTESIAN_POINT('',(-1.849,0.38,2.005));
#8318 = DIRECTION('',(-1.359631073447E-32,-1.110223024625E-16,-1.));
#8319 = DIRECTION('',(-1.224646799147E-16,-1.,1.110223024625E-16));
#8320 = ORIENTED_EDGE('',*,*,#2462,.F.);
#8321 = ORIENTED_EDGE('',*,*,#8322,.F.);
#8322 = EDGE_CURVE('',#8323,#2454,#8325,.T.);
#8323 = VERTEX_POINT('',#8324);
#8324 = CARTESIAN_POINT('',(-1.70998934225,-1.62,2.004999999655));
#8325 = LINE('',#8326,#8327);
#8326 = CARTESIAN_POINT('',(-1.70998934225,-1.62,2.004999999655));
#8327 = VECTOR('',#8328,1.);
#8328 = DIRECTION('',(1.685171000106E-05,0.999999999858,
    1.815430320435E-10));
#8329 = ORIENTED_EDGE('',*,*,#8330,.T.);
#8330 = EDGE_CURVE('',#8323,#8331,#8333,.T.);
#8331 = VERTEX_POINT('',#8332);
#8332 = CARTESIAN_POINT('',(-1.47,-1.62,2.005));
#8333 = LINE('',#8334,#8335);
#8334 = CARTESIAN_POINT('',(-1.70998934225,-1.62,2.004999999655));
#8335 = VECTOR('',#8336,1.);
#8336 = DIRECTION('',(1.,-1.224646797552E-16,1.437280375206E-09));
#8337 = ORIENTED_EDGE('',*,*,#8338,.T.);
#8338 = EDGE_CURVE('',#8331,#8339,#8341,.T.);
#8339 = VERTEX_POINT('',#8340);
#8340 = CARTESIAN_POINT('',(-1.47,-1.97,2.005));
#8341 = LINE('',#8342,#8343);
#8342 = CARTESIAN_POINT('',(-1.47,-1.62,2.005));
#8343 = VECTOR('',#8344,1.);
#8344 = DIRECTION('',(-1.224646799147E-16,-1.,1.110223024625E-16));
#8345 = ORIENTED_EDGE('',*,*,#8346,.T.);
#8346 = EDGE_CURVE('',#8339,#1006,#8347,.T.);
#8347 = CIRCLE('',#8348,0.2);
#8348 = AXIS2_PLACEMENT_3D('',#8349,#8350,#8351);
#8349 = CARTESIAN_POINT('',(-1.67,-1.97,2.005));
#8350 = DIRECTION('',(-1.359631073447E-32,-1.110223024625E-16,-1.));
#8351 = DIRECTION('',(1.,-1.224646799147E-16,0.));
#8352 = ORIENTED_EDGE('',*,*,#1005,.F.);
#8353 = ORIENTED_EDGE('',*,*,#8192,.T.);
#8354 = ORIENTED_EDGE('',*,*,#4027,.T.);
#8355 = ORIENTED_EDGE('',*,*,#8356,.T.);
#8356 = EDGE_CURVE('',#4020,#8357,#8359,.T.);
#8357 = VERTEX_POINT('',#8358);
#8358 = CARTESIAN_POINT('',(-3.02396556961,0.561495418505,2.005));
#8359 = LINE('',#8360,#8361);
#8360 = CARTESIAN_POINT('',(-3.092,0.53,2.005));
#8361 = VECTOR('',#8362,1.);
#8362 = DIRECTION('',(0.907477092524,0.420101566939,-4.664064322967E-17)
  );
#8363 = ORIENTED_EDGE('',*,*,#8364,.T.);
#8364 = EDGE_CURVE('',#8357,#105,#8365,.T.);
#8365 = CIRCLE('',#8366,0.2);
#8366 = AXIS2_PLACEMENT_3D('',#8367,#8368,#8369);
#8367 = CARTESIAN_POINT('',(-2.939945256222,0.38,2.005));
#8368 = DIRECTION('',(-1.232595164408E-32,-1.110223024625E-16,-1.));
#8369 = DIRECTION('',(-0.420101566939,0.907477092524,-1.00750196244E-16)
  );
#8370 = ORIENTED_EDGE('',*,*,#104,.T.);
#8371 = PLANE('',#8372);
#8372 = AXIS2_PLACEMENT_3D('',#8373,#8374,#8375);
#8373 = CARTESIAN_POINT('',(1.709957324001,-2.17,2.005));
#8374 = DIRECTION('',(1.359631073447E-32,1.110223024625E-16,1.));
#8375 = DIRECTION('',(1.,-1.224646799147E-16,0.));
#8376 = ADVANCED_FACE('',(#8377),#8388,.T.);
#8377 = FACE_BOUND('',#8378,.T.);
#8378 = EDGE_LOOP('',(#8379,#8385,#8386,#8387));
#8379 = ORIENTED_EDGE('',*,*,#8380,.F.);
#8380 = EDGE_CURVE('',#1650,#8210,#8381,.T.);
#8381 = LINE('',#8382,#8383);
#8382 = CARTESIAN_POINT('',(2.049,0.58,1.72));
#8383 = VECTOR('',#8384,1.);
#8384 = DIRECTION('',(1.359631073447E-32,1.110223024625E-16,1.));
#8385 = ORIENTED_EDGE('',*,*,#1657,.F.);
#8386 = ORIENTED_EDGE('',*,*,#2675,.T.);
#8387 = ORIENTED_EDGE('',*,*,#8209,.F.);
#8388 = CYLINDRICAL_SURFACE('',#8389,0.1);
#8389 = AXIS2_PLACEMENT_3D('',#8390,#8391,#8392);
#8390 = CARTESIAN_POINT('',(2.049,0.48,-2.5872));
#8391 = DIRECTION('',(1.359631073447E-32,1.110223024625E-16,1.));
#8392 = DIRECTION('',(1.224646799147E-16,1.,-1.110223024625E-16));
#8393 = ADVANCED_FACE('',(#8394),#8405,.T.);
#8394 = FACE_BOUND('',#8395,.F.);
#8395 = EDGE_LOOP('',(#8396,#8397,#8398,#8404));
#8396 = ORIENTED_EDGE('',*,*,#2713,.F.);
#8397 = ORIENTED_EDGE('',*,*,#2806,.T.);
#8398 = ORIENTED_EDGE('',*,*,#8399,.T.);
#8399 = EDGE_CURVE('',#2798,#339,#8400,.T.);
#8400 = LINE('',#8401,#8402);
#8401 = CARTESIAN_POINT('',(2.939945256222,0.58,3.5E-02));
#8402 = VECTOR('',#8403,1.);
#8403 = DIRECTION('',(1.359631073447E-32,1.110223024625E-16,1.));
#8404 = ORIENTED_EDGE('',*,*,#338,.F.);
#8405 = PLANE('',#8406);
#8406 = AXIS2_PLACEMENT_3D('',#8407,#8408,#8409);
#8407 = CARTESIAN_POINT('',(1.948945256222,0.58,3.5E-02));
#8408 = DIRECTION('',(1.224646799147E-16,1.,-1.110223024625E-16));
#8409 = DIRECTION('',(1.,-1.224646799147E-16,0.));
#8410 = ADVANCED_FACE('',(#8411),#8422,.T.);
#8411 = FACE_BOUND('',#8412,.F.);
#8412 = EDGE_LOOP('',(#8413,#8414,#8415,#8421));
#8413 = ORIENTED_EDGE('',*,*,#8380,.F.);
#8414 = ORIENTED_EDGE('',*,*,#1649,.T.);
#8415 = ORIENTED_EDGE('',*,*,#8416,.T.);
#8416 = EDGE_CURVE('',#1641,#8219,#8417,.T.);
#8417 = LINE('',#8418,#8419);
#8418 = CARTESIAN_POINT('',(2.939945256222,0.58,1.72));
#8419 = VECTOR('',#8420,1.);
#8420 = DIRECTION('',(-1.55820775386E-14,1.110223024625E-16,1.));
#8421 = ORIENTED_EDGE('',*,*,#8218,.F.);
#8422 = PLANE('',#8423);
#8423 = AXIS2_PLACEMENT_3D('',#8424,#8425,#8426);
#8424 = CARTESIAN_POINT('',(1.948945256222,0.58,3.5E-02));
#8425 = DIRECTION('',(1.224646799147E-16,1.,-1.110223024625E-16));
#8426 = DIRECTION('',(1.,-1.224646799147E-16,0.));
#8427 = ADVANCED_FACE('',(#8428),#8439,.T.);
#8428 = FACE_BOUND('',#8429,.T.);
#8429 = EDGE_LOOP('',(#8430,#8431,#8432,#8438));
#8430 = ORIENTED_EDGE('',*,*,#8416,.T.);
#8431 = ORIENTED_EDGE('',*,*,#8226,.T.);
#8432 = ORIENTED_EDGE('',*,*,#8433,.F.);
#8433 = EDGE_CURVE('',#1633,#8227,#8434,.T.);
#8434 = LINE('',#8435,#8436);
#8435 = CARTESIAN_POINT('',(3.02396556961,0.561495418505,1.72));
#8436 = VECTOR('',#8437,1.);
#8437 = DIRECTION('',(1.359631073447E-32,1.110223024625E-16,1.));
#8438 = ORIENTED_EDGE('',*,*,#1640,.F.);
#8439 = CYLINDRICAL_SURFACE('',#8440,0.2);
#8440 = AXIS2_PLACEMENT_3D('',#8441,#8442,#8443);
#8441 = CARTESIAN_POINT('',(2.939945256222,0.38,3.5E-02));
#8442 = DIRECTION('',(-1.359631073447E-32,-1.110223024625E-16,-1.));
#8443 = DIRECTION('',(-1.,1.224646799147E-16,0.));
#8444 = ADVANCED_FACE('',(#8445),#8456,.T.);
#8445 = FACE_BOUND('',#8446,.T.);
#8446 = EDGE_LOOP('',(#8447,#8453,#8454,#8455));
#8447 = ORIENTED_EDGE('',*,*,#8448,.F.);
#8448 = EDGE_CURVE('',#2790,#347,#8449,.T.);
#8449 = LINE('',#8450,#8451);
#8450 = CARTESIAN_POINT('',(3.02396556961,0.561495418505,3.5E-02));
#8451 = VECTOR('',#8452,1.);
#8452 = DIRECTION('',(1.359631073447E-32,1.110223024625E-16,1.));
#8453 = ORIENTED_EDGE('',*,*,#2797,.F.);
#8454 = ORIENTED_EDGE('',*,*,#8399,.T.);
#8455 = ORIENTED_EDGE('',*,*,#346,.T.);
#8456 = CYLINDRICAL_SURFACE('',#8457,0.2);
#8457 = AXIS2_PLACEMENT_3D('',#8458,#8459,#8460);
#8458 = CARTESIAN_POINT('',(2.939945256222,0.38,3.5E-02));
#8459 = DIRECTION('',(-1.359631073447E-32,-1.110223024625E-16,-1.));
#8460 = DIRECTION('',(-1.,1.224646799147E-16,0.));
#8461 = ADVANCED_FACE('',(#8462),#8468,.T.);
#8462 = FACE_BOUND('',#8463,.F.);
#8463 = EDGE_LOOP('',(#8464,#8465,#8466,#8467));
#8464 = ORIENTED_EDGE('',*,*,#3953,.T.);
#8465 = ORIENTED_EDGE('',*,*,#355,.F.);
#8466 = ORIENTED_EDGE('',*,*,#8448,.F.);
#8467 = ORIENTED_EDGE('',*,*,#2789,.T.);
#8468 = PLANE('',#8469);
#8469 = AXIS2_PLACEMENT_3D('',#8470,#8471,#8472);
#8470 = CARTESIAN_POINT('',(3.02396556961,0.561495418505,3.5E-02));
#8471 = DIRECTION('',(0.420101566939,0.907477092524,-1.00750196244E-16)
  );
#8472 = DIRECTION('',(0.907477092524,-0.420101566939,4.664064322967E-17)
  );
#8473 = ADVANCED_FACE('',(#8474),#8480,.T.);
#8474 = FACE_BOUND('',#8475,.F.);
#8475 = EDGE_LOOP('',(#8476,#8477,#8478,#8479));
#8476 = ORIENTED_EDGE('',*,*,#8235,.F.);
#8477 = ORIENTED_EDGE('',*,*,#8433,.F.);
#8478 = ORIENTED_EDGE('',*,*,#1632,.T.);
#8479 = ORIENTED_EDGE('',*,*,#3936,.T.);
#8480 = PLANE('',#8481);
#8481 = AXIS2_PLACEMENT_3D('',#8482,#8483,#8484);
#8482 = CARTESIAN_POINT('',(3.02396556961,0.561495418505,3.5E-02));
#8483 = DIRECTION('',(0.420101566939,0.907477092524,-1.00750196244E-16)
  );
#8484 = DIRECTION('',(0.907477092524,-0.420101566939,4.664064322967E-17)
  );
#8485 = ADVANCED_FACE('',(#8486),#8492,.T.);
#8486 = FACE_BOUND('',#8487,.T.);
#8487 = EDGE_LOOP('',(#8488,#8489,#8490,#8491));
#8488 = ORIENTED_EDGE('',*,*,#3186,.T.);
#8489 = ORIENTED_EDGE('',*,*,#3919,.F.);
#8490 = ORIENTED_EDGE('',*,*,#8242,.F.);
#8491 = ORIENTED_EDGE('',*,*,#820,.T.);
#8492 = CYLINDRICAL_SURFACE('',#8493,0.25);
#8493 = AXIS2_PLACEMENT_3D('',#8494,#8495,#8496);
#8494 = CARTESIAN_POINT('',(3.25,-2.17,1.755));
#8495 = DIRECTION('',(1.224646799147E-16,1.,-1.110223024625E-16));
#8496 = DIRECTION('',(-1.,1.224646799147E-16,0.));
#8497 = ADVANCED_FACE('',(#8498),#8509,.T.);
#8498 = FACE_BOUND('',#8499,.T.);
#8499 = EDGE_LOOP('',(#8500,#8501,#8507,#8508));
#8500 = ORIENTED_EDGE('',*,*,#8249,.T.);
#8501 = ORIENTED_EDGE('',*,*,#8502,.T.);
#8502 = EDGE_CURVE('',#8250,#1715,#8503,.T.);
#8503 = LINE('',#8504,#8505);
#8504 = CARTESIAN_POINT('',(1.47,-1.97,2.005));
#8505 = VECTOR('',#8506,1.);
#8506 = DIRECTION('',(-1.359631073447E-32,-1.110223024625E-16,-1.));
#8507 = ORIENTED_EDGE('',*,*,#1722,.F.);
#8508 = ORIENTED_EDGE('',*,*,#804,.F.);
#8509 = CYLINDRICAL_SURFACE('',#8510,0.2);
#8510 = AXIS2_PLACEMENT_3D('',#8511,#8512,#8513);
#8511 = CARTESIAN_POINT('',(1.67,-1.97,2.005));
#8512 = DIRECTION('',(-1.359631073447E-32,-1.110223024625E-16,-1.));
#8513 = DIRECTION('',(-1.,1.224646799147E-16,0.));
#8514 = ADVANCED_FACE('',(#8515),#8534,.F.);
#8515 = FACE_BOUND('',#8516,.F.);
#8516 = EDGE_LOOP('',(#8517,#8518,#8519,#8527,#8533));
#8517 = ORIENTED_EDGE('',*,*,#8502,.T.);
#8518 = ORIENTED_EDGE('',*,*,#1714,.T.);
#8519 = ORIENTED_EDGE('',*,*,#8520,.T.);
#8520 = EDGE_CURVE('',#1707,#8521,#8523,.T.);
#8521 = VERTEX_POINT('',#8522);
#8522 = CARTESIAN_POINT('',(1.47,-1.62,1.768959638711));
#8523 = LINE('',#8524,#8525);
#8524 = CARTESIAN_POINT('',(1.47,-1.62,1.72));
#8525 = VECTOR('',#8526,1.);
#8526 = DIRECTION('',(1.359631073447E-32,1.110223024625E-16,1.));
#8527 = ORIENTED_EDGE('',*,*,#8528,.F.);
#8528 = EDGE_CURVE('',#8259,#8521,#8529,.T.);
#8529 = LINE('',#8530,#8531);
#8530 = CARTESIAN_POINT('',(1.47,-1.62,2.005));
#8531 = VECTOR('',#8532,1.);
#8532 = DIRECTION('',(-1.359631073447E-32,-1.110223024625E-16,-1.));
#8533 = ORIENTED_EDGE('',*,*,#8258,.F.);
#8534 = PLANE('',#8535);
#8535 = AXIS2_PLACEMENT_3D('',#8536,#8537,#8538);
#8536 = CARTESIAN_POINT('',(1.47,-1.97,2.005));
#8537 = DIRECTION('',(1.,-1.224646799147E-16,0.));
#8538 = DIRECTION('',(1.224646799147E-16,1.,-1.110223024625E-16));
#8539 = ADVANCED_FACE('',(#8540),#8558,.F.);
#8540 = FACE_BOUND('',#8541,.F.);
#8541 = EDGE_LOOP('',(#8542,#8543,#8544,#8552));
#8542 = ORIENTED_EDGE('',*,*,#8520,.F.);
#8543 = ORIENTED_EDGE('',*,*,#1706,.T.);
#8544 = ORIENTED_EDGE('',*,*,#8545,.F.);
#8545 = EDGE_CURVE('',#8546,#1699,#8548,.T.);
#8546 = VERTEX_POINT('',#8547);
#8547 = CARTESIAN_POINT('',(1.454,-1.62,1.725));
#8548 = LINE('',#8549,#8550);
#8549 = CARTESIAN_POINT('',(1.454,-1.62,1.725));
#8550 = VECTOR('',#8551,1.);
#8551 = DIRECTION('',(-2.879789285341E-03,-1.106691696242E-16,
    -0.999995853398));
#8552 = ORIENTED_EDGE('',*,*,#8553,.T.);
#8553 = EDGE_CURVE('',#8546,#8521,#8554,.T.);
#8554 = LINE('',#8555,#8556);
#8555 = CARTESIAN_POINT('',(1.454,-1.62,1.725));
#8556 = VECTOR('',#8557,1.);
#8557 = DIRECTION('',(0.342020143326,6.244145098991E-17,0.939692620786)
  );
#8558 = PLANE('',#8559);
#8559 = AXIS2_PLACEMENT_3D('',#8560,#8561,#8562);
#8560 = CARTESIAN_POINT('',(2.265596578423E-16,-1.62,1.02));
#8561 = DIRECTION('',(1.224646799147E-16,1.,-1.110223024625E-16));
#8562 = DIRECTION('',(-1.,1.224646799147E-16,0.));
#8563 = ADVANCED_FACE('',(#8564),#8589,.F.);
#8564 = FACE_BOUND('',#8565,.F.);
#8565 = EDGE_LOOP('',(#8566,#8574,#8582,#8588));
#8566 = ORIENTED_EDGE('',*,*,#8567,.T.);
#8567 = EDGE_CURVE('',#1977,#8568,#8570,.T.);
#8568 = VERTEX_POINT('',#8569);
#8569 = CARTESIAN_POINT('',(-1.47,-1.62,1.768959638711));
#8570 = LINE('',#8571,#8572);
#8571 = CARTESIAN_POINT('',(-1.47,-1.62,1.72));
#8572 = VECTOR('',#8573,1.);
#8573 = DIRECTION('',(1.359631073447E-32,1.110223024625E-16,1.));
#8574 = ORIENTED_EDGE('',*,*,#8575,.T.);
#8575 = EDGE_CURVE('',#8568,#8576,#8578,.T.);
#8576 = VERTEX_POINT('',#8577);
#8577 = CARTESIAN_POINT('',(-1.454,-1.62,1.725));
#8578 = LINE('',#8579,#8580);
#8579 = CARTESIAN_POINT('',(-1.47,-1.62,1.768959638711));
#8580 = VECTOR('',#8581,1.);
#8581 = DIRECTION('',(0.342020143326,-1.462122257435E-16,-0.939692620786
    ));
#8582 = ORIENTED_EDGE('',*,*,#8583,.T.);
#8583 = EDGE_CURVE('',#8576,#1985,#8584,.T.);
#8584 = LINE('',#8585,#8586);
#8585 = CARTESIAN_POINT('',(-1.454,-1.62,1.725));
#8586 = VECTOR('',#8587,1.);
#8587 = DIRECTION('',(2.879789285297E-03,-1.113745145703E-16,
    -0.999995853398));
#8588 = ORIENTED_EDGE('',*,*,#1984,.T.);
#8589 = PLANE('',#8590);
#8590 = AXIS2_PLACEMENT_3D('',#8591,#8592,#8593);
#8591 = CARTESIAN_POINT('',(2.265596578423E-16,-1.62,1.02));
#8592 = DIRECTION('',(1.224646799147E-16,1.,-1.110223024625E-16));
#8593 = DIRECTION('',(-1.,1.224646799147E-16,0.));
#8594 = ADVANCED_FACE('',(#8595),#8606,.T.);
#8595 = FACE_BOUND('',#8596,.F.);
#8596 = EDGE_LOOP('',(#8597,#8598,#8599,#8600));
#8597 = ORIENTED_EDGE('',*,*,#8545,.T.);
#8598 = ORIENTED_EDGE('',*,*,#1698,.T.);
#8599 = ORIENTED_EDGE('',*,*,#2404,.T.);
#8600 = ORIENTED_EDGE('',*,*,#8601,.F.);
#8601 = EDGE_CURVE('',#8546,#2397,#8602,.T.);
#8602 = LINE('',#8603,#8604);
#8603 = CARTESIAN_POINT('',(1.454,-1.62,1.725));
#8604 = VECTOR('',#8605,1.);
#8605 = DIRECTION('',(1.224646799147E-16,1.,-1.110223024625E-16));
#8606 = PLANE('',#8607);
#8607 = AXIS2_PLACEMENT_3D('',#8608,#8609,#8610);
#8608 = CARTESIAN_POINT('',(1.449971355665,-2.17,0.326068609341));
#8609 = DIRECTION('',(-0.999995853398,1.227838929395E-16,
    2.879789285339E-03));
#8610 = DIRECTION('',(2.879789285339E-03,1.106691696242E-16,
    0.999995853398));
#8611 = ADVANCED_FACE('',(#8612),#8631,.T.);
#8612 = FACE_BOUND('',#8613,.F.);
#8613 = EDGE_LOOP('',(#8614,#8622,#8623,#8624,#8625));
#8614 = ORIENTED_EDGE('',*,*,#8615,.F.);
#8615 = EDGE_CURVE('',#8521,#8616,#8618,.T.);
#8616 = VERTEX_POINT('',#8617);
#8617 = CARTESIAN_POINT('',(1.503224947428,-1.62,1.860244431532));
#8618 = LINE('',#8619,#8620);
#8619 = CARTESIAN_POINT('',(1.47,-1.62,1.768959638711));
#8620 = VECTOR('',#8621,1.);
#8621 = DIRECTION('',(0.342020143326,6.244145098991E-17,0.939692620786)
  );
#8622 = ORIENTED_EDGE('',*,*,#8553,.F.);
#8623 = ORIENTED_EDGE('',*,*,#8601,.T.);
#8624 = ORIENTED_EDGE('',*,*,#2396,.T.);
#8625 = ORIENTED_EDGE('',*,*,#8626,.F.);
#8626 = EDGE_CURVE('',#8616,#2388,#8627,.T.);
#8627 = LINE('',#8628,#8629);
#8628 = CARTESIAN_POINT('',(1.503224947428,-1.62,1.860244431532));
#8629 = VECTOR('',#8630,1.);
#8630 = DIRECTION('',(1.224646799147E-16,1.,-1.110223024625E-16));
#8631 = PLANE('',#8632);
#8632 = AXIS2_PLACEMENT_3D('',#8633,#8634,#8635);
#8633 = CARTESIAN_POINT('',(1.454,-2.17,1.725));
#8634 = DIRECTION('',(-0.939692620786,1.530510198234E-16,0.342020143326)
  );
#8635 = DIRECTION('',(0.342020143326,6.244145098991E-17,0.939692620786)
  );
#8636 = ADVANCED_FACE('',(#8637),#8649,.F.);
#8637 = FACE_BOUND('',#8638,.F.);
#8638 = EDGE_LOOP('',(#8639,#8640,#8641,#8642));
#8639 = ORIENTED_EDGE('',*,*,#8266,.F.);
#8640 = ORIENTED_EDGE('',*,*,#8528,.T.);
#8641 = ORIENTED_EDGE('',*,*,#8615,.T.);
#8642 = ORIENTED_EDGE('',*,*,#8643,.T.);
#8643 = EDGE_CURVE('',#8616,#8267,#8644,.T.);
#8644 = CIRCLE('',#8645,0.22);
#8645 = AXIS2_PLACEMENT_3D('',#8646,#8647,#8648);
#8646 = CARTESIAN_POINT('',(1.709957324001,-1.62,1.785));
#8647 = DIRECTION('',(1.224646799147E-16,1.,-1.110223024625E-16));
#8648 = DIRECTION('',(-0.939692620786,1.530510198234E-16,0.342020143326)
  );
#8649 = PLANE('',#8650);
#8650 = AXIS2_PLACEMENT_3D('',#8651,#8652,#8653);
#8651 = CARTESIAN_POINT('',(1.47,-1.62,2.005));
#8652 = DIRECTION('',(-1.224646799147E-16,-1.,1.110223024625E-16));
#8653 = DIRECTION('',(1.,-1.224646799147E-16,0.));
#8654 = ADVANCED_FACE('',(#8655),#8661,.T.);
#8655 = FACE_BOUND('',#8656,.T.);
#8656 = EDGE_LOOP('',(#8657,#8658,#8659,#8660));
#8657 = ORIENTED_EDGE('',*,*,#8274,.T.);
#8658 = ORIENTED_EDGE('',*,*,#2387,.F.);
#8659 = ORIENTED_EDGE('',*,*,#8626,.F.);
#8660 = ORIENTED_EDGE('',*,*,#8643,.T.);
#8661 = CYLINDRICAL_SURFACE('',#8662,0.22);
#8662 = AXIS2_PLACEMENT_3D('',#8663,#8664,#8665);
#8663 = CARTESIAN_POINT('',(1.709957324001,-2.17,1.785));
#8664 = DIRECTION('',(1.224646799147E-16,1.,-1.110223024625E-16));
#8665 = DIRECTION('',(-1.,1.224646799147E-16,0.));
#8666 = ADVANCED_FACE('',(#8667),#8684,.F.);
#8667 = FACE_BOUND('',#8668,.F.);
#8668 = EDGE_LOOP('',(#8669,#8675,#8676,#8682,#8683));
#8669 = ORIENTED_EDGE('',*,*,#8670,.F.);
#8670 = EDGE_CURVE('',#8339,#1968,#8671,.T.);
#8671 = LINE('',#8672,#8673);
#8672 = CARTESIAN_POINT('',(-1.47,-1.97,2.005));
#8673 = VECTOR('',#8674,1.);
#8674 = DIRECTION('',(-1.359631073447E-32,-1.110223024625E-16,-1.));
#8675 = ORIENTED_EDGE('',*,*,#8338,.F.);
#8676 = ORIENTED_EDGE('',*,*,#8677,.T.);
#8677 = EDGE_CURVE('',#8331,#8568,#8678,.T.);
#8678 = LINE('',#8679,#8680);
#8679 = CARTESIAN_POINT('',(-1.47,-1.62,2.005));
#8680 = VECTOR('',#8681,1.);
#8681 = DIRECTION('',(-1.359631073447E-32,-1.110223024625E-16,-1.));
#8682 = ORIENTED_EDGE('',*,*,#8567,.F.);
#8683 = ORIENTED_EDGE('',*,*,#1976,.T.);
#8684 = PLANE('',#8685);
#8685 = AXIS2_PLACEMENT_3D('',#8686,#8687,#8688);
#8686 = CARTESIAN_POINT('',(-1.47,-1.62,2.005));
#8687 = DIRECTION('',(-1.,1.224646799147E-16,0.));
#8688 = DIRECTION('',(-1.224646799147E-16,-1.,1.110223024625E-16));
#8689 = ADVANCED_FACE('',(#8690),#8696,.T.);
#8690 = FACE_BOUND('',#8691,.T.);
#8691 = EDGE_LOOP('',(#8692,#8693,#8694,#8695));
#8692 = ORIENTED_EDGE('',*,*,#8346,.T.);
#8693 = ORIENTED_EDGE('',*,*,#1013,.T.);
#8694 = ORIENTED_EDGE('',*,*,#1967,.F.);
#8695 = ORIENTED_EDGE('',*,*,#8670,.F.);
#8696 = CYLINDRICAL_SURFACE('',#8697,0.2);
#8697 = AXIS2_PLACEMENT_3D('',#8698,#8699,#8700);
#8698 = CARTESIAN_POINT('',(-1.67,-1.97,2.005));
#8699 = DIRECTION('',(-1.359631073447E-32,-1.110223024625E-16,-1.));
#8700 = DIRECTION('',(-1.,1.224646799147E-16,0.));
#8701 = ADVANCED_FACE('',(#8702),#8721,.F.);
#8702 = FACE_BOUND('',#8703,.F.);
#8703 = EDGE_LOOP('',(#8704,#8705,#8714,#8720));
#8704 = ORIENTED_EDGE('',*,*,#8330,.F.);
#8705 = ORIENTED_EDGE('',*,*,#8706,.T.);
#8706 = EDGE_CURVE('',#8323,#8707,#8709,.T.);
#8707 = VERTEX_POINT('',#8708);
#8708 = CARTESIAN_POINT('',(-1.503224947428,-1.62,1.860244431532));
#8709 = CIRCLE('',#8710,0.22);
#8710 = AXIS2_PLACEMENT_3D('',#8711,#8712,#8713);
#8711 = CARTESIAN_POINT('',(-1.709957324001,-1.62,1.785));
#8712 = DIRECTION('',(1.224646799147E-16,1.,-1.110223024625E-16));
#8713 = DIRECTION('',(-1.94135215252E-04,1.110460750774E-16,
    0.999999981156));
#8714 = ORIENTED_EDGE('',*,*,#8715,.T.);
#8715 = EDGE_CURVE('',#8707,#8568,#8716,.T.);
#8716 = LINE('',#8717,#8718);
#8717 = CARTESIAN_POINT('',(-1.503224947428,-1.62,1.860244431532));
#8718 = VECTOR('',#8719,1.);
#8719 = DIRECTION('',(0.342020143326,-1.462122257435E-16,-0.939692620786
    ));
#8720 = ORIENTED_EDGE('',*,*,#8677,.F.);
#8721 = PLANE('',#8722);
#8722 = AXIS2_PLACEMENT_3D('',#8723,#8724,#8725);
#8723 = CARTESIAN_POINT('',(-1.71,-1.62,2.005));
#8724 = DIRECTION('',(-1.224646799147E-16,-1.,1.110223024625E-16));
#8725 = DIRECTION('',(1.,-1.224646799147E-16,0.));
#8726 = ADVANCED_FACE('',(#8727),#8738,.T.);
#8727 = FACE_BOUND('',#8728,.T.);
#8728 = EDGE_LOOP('',(#8729,#8735,#8736,#8737));
#8729 = ORIENTED_EDGE('',*,*,#8730,.T.);
#8730 = EDGE_CURVE('',#8707,#2446,#8731,.T.);
#8731 = LINE('',#8732,#8733);
#8732 = CARTESIAN_POINT('',(-1.503224947428,-1.62,1.860244431532));
#8733 = VECTOR('',#8734,1.);
#8734 = DIRECTION('',(1.224646799147E-16,1.,-1.110223024625E-16));
#8735 = ORIENTED_EDGE('',*,*,#2453,.F.);
#8736 = ORIENTED_EDGE('',*,*,#8322,.F.);
#8737 = ORIENTED_EDGE('',*,*,#8706,.T.);
#8738 = CYLINDRICAL_SURFACE('',#8739,0.22);
#8739 = AXIS2_PLACEMENT_3D('',#8740,#8741,#8742);
#8740 = CARTESIAN_POINT('',(-1.709957324001,-2.17,1.785));
#8741 = DIRECTION('',(1.224646799147E-16,1.,-1.110223024625E-16));
#8742 = DIRECTION('',(-1.,1.224646799147E-16,0.));
#8743 = ADVANCED_FACE('',(#8744),#8756,.T.);
#8744 = FACE_BOUND('',#8745,.F.);
#8745 = EDGE_LOOP('',(#8746,#8747,#8748,#8749,#8755));
#8746 = ORIENTED_EDGE('',*,*,#8715,.F.);
#8747 = ORIENTED_EDGE('',*,*,#8730,.T.);
#8748 = ORIENTED_EDGE('',*,*,#2445,.T.);
#8749 = ORIENTED_EDGE('',*,*,#8750,.F.);
#8750 = EDGE_CURVE('',#8576,#2438,#8751,.T.);
#8751 = LINE('',#8752,#8753);
#8752 = CARTESIAN_POINT('',(-1.454,-1.62,1.725));
#8753 = VECTOR('',#8754,1.);
#8754 = DIRECTION('',(1.224646799147E-16,1.,-1.110223024625E-16));
#8755 = ORIENTED_EDGE('',*,*,#8575,.F.);
#8756 = PLANE('',#8757);
#8757 = AXIS2_PLACEMENT_3D('',#8758,#8759,#8760);
#8758 = CARTESIAN_POINT('',(-1.503224947428,-2.17,1.860244431532));
#8759 = DIRECTION('',(0.939692620786,-7.71072922222E-17,0.342020143326)
  );
#8760 = DIRECTION('',(0.342020143326,-1.462122257435E-16,-0.939692620786
    ));
#8761 = ADVANCED_FACE('',(#8762),#8768,.T.);
#8762 = FACE_BOUND('',#8763,.F.);
#8763 = EDGE_LOOP('',(#8764,#8765,#8766,#8767));
#8764 = ORIENTED_EDGE('',*,*,#8583,.F.);
#8765 = ORIENTED_EDGE('',*,*,#8750,.T.);
#8766 = ORIENTED_EDGE('',*,*,#2437,.T.);
#8767 = ORIENTED_EDGE('',*,*,#1992,.F.);
#8768 = PLANE('',#8769);
#8769 = AXIS2_PLACEMENT_3D('',#8770,#8771,#8772);
#8770 = CARTESIAN_POINT('',(-1.454,-2.17,1.725));
#8771 = DIRECTION('',(0.999995853398,-1.221444512654E-16,
    2.879789285339E-03));
#8772 = DIRECTION('',(2.879789285339E-03,-1.113745145703E-16,
    -0.999995853398));
#8773 = ADVANCED_FACE('',(#8774),#8780,.F.);
#8774 = FACE_BOUND('',#8775,.F.);
#8775 = EDGE_LOOP('',(#8776,#8777,#8778,#8779));
#8776 = ORIENTED_EDGE('',*,*,#2371,.F.);
#8777 = ORIENTED_EDGE('',*,*,#2143,.T.);
#8778 = ORIENTED_EDGE('',*,*,#2691,.T.);
#8779 = ORIENTED_EDGE('',*,*,#8281,.T.);
#8780 = CYLINDRICAL_SURFACE('',#8781,0.1);
#8781 = AXIS2_PLACEMENT_3D('',#8782,#8783,#8784);
#8782 = CARTESIAN_POINT('',(1.849,0.38,-2.5872));
#8783 = DIRECTION('',(1.359631073447E-32,1.110223024625E-16,1.));
#8784 = DIRECTION('',(-1.224646799147E-16,-1.,1.110223024625E-16));
#8785 = ADVANCED_FACE('',(#8786),#8797,.T.);
#8786 = FACE_BOUND('',#8787,.T.);
#8787 = EDGE_LOOP('',(#8788,#8794,#8795,#8796));
#8788 = ORIENTED_EDGE('',*,*,#8789,.F.);
#8789 = EDGE_CURVE('',#2025,#8298,#8790,.T.);
#8790 = LINE('',#8791,#8792);
#8791 = CARTESIAN_POINT('',(-1.949,0.48,1.72));
#8792 = VECTOR('',#8793,1.);
#8793 = DIRECTION('',(1.359631073447E-32,1.110223024625E-16,1.));
#8794 = ORIENTED_EDGE('',*,*,#2032,.F.);
#8795 = ORIENTED_EDGE('',*,*,#94,.T.);
#8796 = ORIENTED_EDGE('',*,*,#8297,.F.);
#8797 = CYLINDRICAL_SURFACE('',#8798,0.1);
#8798 = AXIS2_PLACEMENT_3D('',#8799,#8800,#8801);
#8799 = CARTESIAN_POINT('',(-2.049,0.48,-2.5872));
#8800 = DIRECTION('',(1.359631073447E-32,1.110223024625E-16,1.));
#8801 = DIRECTION('',(1.,-1.224646799147E-16,0.));
#8802 = ADVANCED_FACE('',(#8803),#8820,.F.);
#8803 = FACE_BOUND('',#8804,.F.);
#8804 = EDGE_LOOP('',(#8805,#8806,#8807,#8813,#8819));
#8805 = ORIENTED_EDGE('',*,*,#32,.F.);
#8806 = ORIENTED_EDGE('',*,*,#2895,.T.);
#8807 = ORIENTED_EDGE('',*,*,#8808,.F.);
#8808 = EDGE_CURVE('',#2573,#2887,#8809,.T.);
#8809 = LINE('',#8810,#8811);
#8810 = CARTESIAN_POINT('',(-1.949,0.38,0.235));
#8811 = VECTOR('',#8812,1.);
#8812 = DIRECTION('',(-1.359631073447E-32,-1.110223024625E-16,-1.));
#8813 = ORIENTED_EDGE('',*,*,#8814,.F.);
#8814 = EDGE_CURVE('',#605,#2573,#8815,.T.);
#8815 = LINE('',#8816,#8817);
#8816 = CARTESIAN_POINT('',(-1.949,0.38,0.32));
#8817 = VECTOR('',#8818,1.);
#8818 = DIRECTION('',(-1.293249085743E-30,-1.056018018128E-14,-1.));
#8819 = ORIENTED_EDGE('',*,*,#604,.T.);
#8820 = PLANE('',#8821);
#8821 = AXIS2_PLACEMENT_3D('',#8822,#8823,#8824);
#8822 = CARTESIAN_POINT('',(-1.949,0.53,3.5E-02));
#8823 = DIRECTION('',(-1.,1.224646799147E-16,0.));
#8824 = DIRECTION('',(1.359631073447E-32,1.110223024625E-16,1.));
#8825 = ADVANCED_FACE('',(#8826),#8843,.F.);
#8826 = FACE_BOUND('',#8827,.F.);
#8827 = EDGE_LOOP('',(#8828,#8829,#8830,#8836,#8842));
#8828 = ORIENTED_EDGE('',*,*,#8789,.F.);
#8829 = ORIENTED_EDGE('',*,*,#2024,.T.);
#8830 = ORIENTED_EDGE('',*,*,#8831,.T.);
#8831 = EDGE_CURVE('',#2017,#2185,#8832,.T.);
#8832 = LINE('',#8833,#8834);
#8833 = CARTESIAN_POINT('',(-1.949,0.38,1.72));
#8834 = VECTOR('',#8835,1.);
#8835 = DIRECTION('',(1.359631073447E-32,1.110223024625E-16,1.));
#8836 = ORIENTED_EDGE('',*,*,#8837,.F.);
#8837 = EDGE_CURVE('',#8307,#2185,#8838,.T.);
#8838 = LINE('',#8839,#8840);
#8839 = CARTESIAN_POINT('',(-1.949,0.38,2.005));
#8840 = VECTOR('',#8841,1.);
#8841 = DIRECTION('',(-1.359631073447E-32,-1.110223024625E-16,-1.));
#8842 = ORIENTED_EDGE('',*,*,#8306,.F.);
#8843 = PLANE('',#8844);
#8844 = AXIS2_PLACEMENT_3D('',#8845,#8846,#8847);
#8845 = CARTESIAN_POINT('',(-1.949,0.53,3.5E-02));
#8846 = DIRECTION('',(-1.,1.224646799147E-16,0.));
#8847 = DIRECTION('',(1.359631073447E-32,1.110223024625E-16,1.));
#8848 = ADVANCED_FACE('',(#8849),#8855,.F.);
#8849 = FACE_BOUND('',#8850,.F.);
#8850 = EDGE_LOOP('',(#8851,#8852,#8853,#8854));
#8851 = ORIENTED_EDGE('',*,*,#2315,.F.);
#8852 = ORIENTED_EDGE('',*,*,#2572,.T.);
#8853 = ORIENTED_EDGE('',*,*,#8808,.T.);
#8854 = ORIENTED_EDGE('',*,*,#2886,.T.);
#8855 = CYLINDRICAL_SURFACE('',#8856,0.1);
#8856 = AXIS2_PLACEMENT_3D('',#8857,#8858,#8859);
#8857 = CARTESIAN_POINT('',(-1.849,0.38,4.6272));
#8858 = DIRECTION('',(-1.359631073447E-32,-1.110223024625E-16,-1.));
#8859 = DIRECTION('',(-1.224646799147E-16,-1.,1.110223024625E-16));
#8860 = ADVANCED_FACE('',(#8861),#8872,.T.);
#8861 = FACE_BOUND('',#8862,.F.);
#8862 = EDGE_LOOP('',(#8863,#8864,#8865,#8871));
#8863 = ORIENTED_EDGE('',*,*,#8814,.T.);
#8864 = ORIENTED_EDGE('',*,*,#2590,.T.);
#8865 = ORIENTED_EDGE('',*,*,#8866,.F.);
#8866 = EDGE_CURVE('',#613,#2583,#8867,.T.);
#8867 = LINE('',#8868,#8869);
#8868 = CARTESIAN_POINT('',(-1.7,0.38,0.32));
#8869 = VECTOR('',#8870,1.);
#8870 = DIRECTION('',(-1.359631073447E-32,-1.110223024625E-16,-1.));
#8871 = ORIENTED_EDGE('',*,*,#612,.F.);
#8872 = PLANE('',#8873);
#8873 = AXIS2_PLACEMENT_3D('',#8874,#8875,#8876);
#8874 = CARTESIAN_POINT('',(-2.72,0.38,0.32));
#8875 = DIRECTION('',(1.224646799147E-16,1.,-1.110223024625E-16));
#8876 = DIRECTION('',(1.,-1.224646799147E-16,0.));
#8877 = ADVANCED_FACE('',(#8878),#8884,.T.);
#8878 = FACE_BOUND('',#8879,.F.);
#8879 = EDGE_LOOP('',(#8880,#8881,#8882,#8883));
#8880 = ORIENTED_EDGE('',*,*,#1359,.F.);
#8881 = ORIENTED_EDGE('',*,*,#677,.T.);
#8882 = ORIENTED_EDGE('',*,*,#956,.T.);
#8883 = ORIENTED_EDGE('',*,*,#2527,.T.);
#8884 = PLANE('',#8885);
#8885 = AXIS2_PLACEMENT_3D('',#8886,#8887,#8888);
#8886 = CARTESIAN_POINT('',(-1.7,0.38,0.32));
#8887 = DIRECTION('',(1.,-1.224646799147E-16,0.));
#8888 = DIRECTION('',(-1.224646799147E-16,-1.,1.110223024625E-16));
#8889 = ADVANCED_FACE('',(#8890),#8896,.T.);
#8890 = FACE_BOUND('',#8891,.F.);
#8891 = EDGE_LOOP('',(#8892,#8893,#8894,#8895));
#8892 = ORIENTED_EDGE('',*,*,#620,.T.);
#8893 = ORIENTED_EDGE('',*,*,#8866,.T.);
#8894 = ORIENTED_EDGE('',*,*,#2582,.T.);
#8895 = ORIENTED_EDGE('',*,*,#2349,.F.);
#8896 = PLANE('',#8897);
#8897 = AXIS2_PLACEMENT_3D('',#8898,#8899,#8900);
#8898 = CARTESIAN_POINT('',(-1.7,0.38,0.32));
#8899 = DIRECTION('',(1.,-1.224646799147E-16,0.));
#8900 = DIRECTION('',(-1.224646799147E-16,-1.,1.110223024625E-16));
#8901 = ADVANCED_FACE('',(#8902),#8913,.F.);
#8902 = FACE_BOUND('',#8903,.F.);
#8903 = EDGE_LOOP('',(#8904,#8905,#8906,#8907));
#8904 = ORIENTED_EDGE('',*,*,#2195,.F.);
#8905 = ORIENTED_EDGE('',*,*,#8831,.F.);
#8906 = ORIENTED_EDGE('',*,*,#2016,.T.);
#8907 = ORIENTED_EDGE('',*,*,#8908,.T.);
#8908 = EDGE_CURVE('',#2009,#2196,#8909,.T.);
#8909 = LINE('',#8910,#8911);
#8910 = CARTESIAN_POINT('',(-1.7,0.38,1.72));
#8911 = VECTOR('',#8912,1.);
#8912 = DIRECTION('',(1.359631073447E-32,1.110223024625E-16,1.));
#8913 = PLANE('',#8914);
#8914 = AXIS2_PLACEMENT_3D('',#8915,#8916,#8917);
#8915 = CARTESIAN_POINT('',(-2.72,0.38,1.72));
#8916 = DIRECTION('',(-1.224646799147E-16,-1.,1.110223024625E-16));
#8917 = DIRECTION('',(1.,-1.224646799147E-16,0.));
#8918 = ADVANCED_FACE('',(#8919),#8925,.F.);
#8919 = FACE_BOUND('',#8920,.F.);
#8920 = EDGE_LOOP('',(#8921,#8922,#8923,#8924));
#8921 = ORIENTED_EDGE('',*,*,#2203,.F.);
#8922 = ORIENTED_EDGE('',*,*,#8908,.F.);
#8923 = ORIENTED_EDGE('',*,*,#2008,.F.);
#8924 = ORIENTED_EDGE('',*,*,#2430,.T.);
#8925 = PLANE('',#8926);
#8926 = AXIS2_PLACEMENT_3D('',#8927,#8928,#8929);
#8927 = CARTESIAN_POINT('',(-1.7,0.38,1.72));
#8928 = DIRECTION('',(-1.,1.224646799147E-16,0.));
#8929 = DIRECTION('',(-1.224646799147E-16,-1.,1.110223024625E-16));
#8930 = ADVANCED_FACE('',(#8931),#8937,.F.);
#8931 = FACE_BOUND('',#8932,.F.);
#8932 = EDGE_LOOP('',(#8933,#8934,#8935,#8936));
#8933 = ORIENTED_EDGE('',*,*,#2121,.F.);
#8934 = ORIENTED_EDGE('',*,*,#1029,.F.);
#8935 = ORIENTED_EDGE('',*,*,#1960,.F.);
#8936 = ORIENTED_EDGE('',*,*,#1304,.T.);
#8937 = PLANE('',#8938);
#8938 = AXIS2_PLACEMENT_3D('',#8939,#8940,#8941);
#8939 = CARTESIAN_POINT('',(-1.7,0.38,1.72));
#8940 = DIRECTION('',(-1.,1.224646799147E-16,0.));
#8941 = DIRECTION('',(-1.224646799147E-16,-1.,1.110223024625E-16));
#8942 = ADVANCED_FACE('',(#8943),#8949,.F.);
#8943 = FACE_BOUND('',#8944,.F.);
#8944 = EDGE_LOOP('',(#8945,#8946,#8947,#8948));
#8945 = ORIENTED_EDGE('',*,*,#2184,.T.);
#8946 = ORIENTED_EDGE('',*,*,#2421,.F.);
#8947 = ORIENTED_EDGE('',*,*,#8314,.T.);
#8948 = ORIENTED_EDGE('',*,*,#8837,.T.);
#8949 = CYLINDRICAL_SURFACE('',#8950,0.1);
#8950 = AXIS2_PLACEMENT_3D('',#8951,#8952,#8953);
#8951 = CARTESIAN_POINT('',(-1.849,0.38,4.6272));
#8952 = DIRECTION('',(-1.359631073447E-32,-1.110223024625E-16,-1.));
#8953 = DIRECTION('',(-1.224646799147E-16,-1.,1.110223024625E-16));
#8954 = ADVANCED_FACE('',(#8955),#8966,.T.);
#8955 = FACE_BOUND('',#8956,.F.);
#8956 = EDGE_LOOP('',(#8957,#8958,#8964,#8965));
#8957 = ORIENTED_EDGE('',*,*,#2049,.T.);
#8958 = ORIENTED_EDGE('',*,*,#8959,.T.);
#8959 = EDGE_CURVE('',#2041,#8357,#8960,.T.);
#8960 = LINE('',#8961,#8962);
#8961 = CARTESIAN_POINT('',(-3.02396556961,0.561495418505,1.72));
#8962 = VECTOR('',#8963,1.);
#8963 = DIRECTION('',(1.359631073447E-32,1.110223024625E-16,1.));
#8964 = ORIENTED_EDGE('',*,*,#8356,.F.);
#8965 = ORIENTED_EDGE('',*,*,#4019,.F.);
#8966 = PLANE('',#8967);
#8967 = AXIS2_PLACEMENT_3D('',#8968,#8969,#8970);
#8968 = CARTESIAN_POINT('',(-3.092,0.53,3.5E-02));
#8969 = DIRECTION('',(-0.420101566939,0.907477092524,-1.00750196244E-16)
  );
#8970 = DIRECTION('',(0.907477092524,0.420101566939,-4.664064322967E-17)
  );
#8971 = ADVANCED_FACE('',(#8972),#8983,.T.);
#8972 = FACE_BOUND('',#8973,.F.);
#8973 = EDGE_LOOP('',(#8974,#8975,#8976,#8977));
#8974 = ORIENTED_EDGE('',*,*,#587,.F.);
#8975 = ORIENTED_EDGE('',*,*,#4131,.F.);
#8976 = ORIENTED_EDGE('',*,*,#2831,.T.);
#8977 = ORIENTED_EDGE('',*,*,#8978,.T.);
#8978 = EDGE_CURVE('',#2823,#588,#8979,.T.);
#8979 = LINE('',#8980,#8981);
#8980 = CARTESIAN_POINT('',(-3.02396556961,0.561495418505,3.5E-02));
#8981 = VECTOR('',#8982,1.);
#8982 = DIRECTION('',(1.359631073447E-32,1.110223024625E-16,1.));
#8983 = PLANE('',#8984);
#8984 = AXIS2_PLACEMENT_3D('',#8985,#8986,#8987);
#8985 = CARTESIAN_POINT('',(-3.092,0.53,3.5E-02));
#8986 = DIRECTION('',(-0.420101566939,0.907477092524,-1.00750196244E-16)
  );
#8987 = DIRECTION('',(0.907477092524,0.420101566939,-4.664064322967E-17)
  );
#8988 = ADVANCED_FACE('',(#8989),#8995,.T.);
#8989 = FACE_BOUND('',#8990,.T.);
#8990 = EDGE_LOOP('',(#8991,#8992,#8993,#8994));
#8991 = ORIENTED_EDGE('',*,*,#8959,.T.);
#8992 = ORIENTED_EDGE('',*,*,#8364,.T.);
#8993 = ORIENTED_EDGE('',*,*,#112,.F.);
#8994 = ORIENTED_EDGE('',*,*,#2040,.F.);
#8995 = CYLINDRICAL_SURFACE('',#8996,0.2);
#8996 = AXIS2_PLACEMENT_3D('',#8997,#8998,#8999);
#8997 = CARTESIAN_POINT('',(-2.939945256222,0.38,3.5E-02));
#8998 = DIRECTION('',(-1.359631073447E-32,-1.110223024625E-16,-1.));
#8999 = DIRECTION('',(-1.,1.224646799147E-16,0.));
#9000 = ADVANCED_FACE('',(#9001),#9007,.T.);
#9001 = FACE_BOUND('',#9002,.T.);
#9002 = EDGE_LOOP('',(#9003,#9004,#9005,#9006));
#9003 = ORIENTED_EDGE('',*,*,#72,.F.);
#9004 = ORIENTED_EDGE('',*,*,#2822,.F.);
#9005 = ORIENTED_EDGE('',*,*,#8978,.T.);
#9006 = ORIENTED_EDGE('',*,*,#595,.T.);
#9007 = CYLINDRICAL_SURFACE('',#9008,0.2);
#9008 = AXIS2_PLACEMENT_3D('',#9009,#9010,#9011);
#9009 = CARTESIAN_POINT('',(-2.939945256222,0.38,3.5E-02));
#9010 = DIRECTION('',(-1.359631073447E-32,-1.110223024625E-16,-1.));
#9011 = DIRECTION('',(-1.,1.224646799147E-16,0.));
#9012 = ADVANCED_FACE('',(#9013),#9019,.T.);
#9013 = FACE_BOUND('',#9014,.T.);
#9014 = EDGE_LOOP('',(#9015,#9016,#9017,#9018));
#9015 = ORIENTED_EDGE('',*,*,#8164,.T.);
#9016 = ORIENTED_EDGE('',*,*,#4123,.F.);
#9017 = ORIENTED_EDGE('',*,*,#2847,.F.);
#9018 = ORIENTED_EDGE('',*,*,#979,.T.);
#9019 = CYLINDRICAL_SURFACE('',#9020,0.25);
#9020 = AXIS2_PLACEMENT_3D('',#9021,#9022,#9023);
#9021 = CARTESIAN_POINT('',(-3.25,-2.17,0.285));
#9022 = DIRECTION('',(1.224646799147E-16,1.,-1.110223024625E-16));
#9023 = DIRECTION('',(-1.,1.224646799147E-16,0.));
#9024 = ADVANCED_FACE('',(#9025),#9043,.T.);
#9025 = FACE_BOUND('',#9026,.F.);
#9026 = EDGE_LOOP('',(#9027,#9028,#9029,#9030,#9036,#9037));
#9027 = ORIENTED_EDGE('',*,*,#4450,.F.);
#9028 = ORIENTED_EDGE('',*,*,#1514,.T.);
#9029 = ORIENTED_EDGE('',*,*,#3979,.F.);
#9030 = ORIENTED_EDGE('',*,*,#9031,.T.);
#9031 = EDGE_CURVE('',#3971,#3662,#9032,.T.);
#9032 = LINE('',#9033,#9034);
#9033 = CARTESIAN_POINT('',(3.220710678119,0.53,0.524289321881));
#9034 = VECTOR('',#9035,1.);
#9035 = DIRECTION('',(1.224646799147E-16,1.,-1.110223024625E-16));
#9036 = ORIENTED_EDGE('',*,*,#3661,.T.);
#9037 = ORIENTED_EDGE('',*,*,#9038,.F.);
#9038 = EDGE_CURVE('',#4451,#3653,#9039,.T.);
#9039 = LINE('',#9040,#9041);
#9040 = CARTESIAN_POINT('',(3.070710678119,0.68,0.374289321881));
#9041 = VECTOR('',#9042,1.);
#9042 = DIRECTION('',(1.224646799147E-16,1.,-1.110223024625E-16));
#9043 = PLANE('',#9044);
#9044 = AXIS2_PLACEMENT_3D('',#9045,#9046,#9047);
#9045 = CARTESIAN_POINT('',(3.220710678119,-0.312,0.524289321881));
#9046 = DIRECTION('',(0.707106781187,-1.651002285577E-16,-0.707106781187
    ));
#9047 = DIRECTION('',(-0.707106781187,8.090982689361E-18,-0.707106781187
    ));
#9048 = ADVANCED_FACE('',(#9049),#9055,.T.);
#9049 = FACE_BOUND('',#9050,.T.);
#9050 = EDGE_LOOP('',(#9051,#9052,#9053,#9054));
#9051 = ORIENTED_EDGE('',*,*,#9031,.T.);
#9052 = ORIENTED_EDGE('',*,*,#3669,.F.);
#9053 = ORIENTED_EDGE('',*,*,#3354,.F.);
#9054 = ORIENTED_EDGE('',*,*,#3970,.T.);
#9055 = CYLINDRICAL_SURFACE('',#9056,0.1);
#9056 = AXIS2_PLACEMENT_3D('',#9057,#9058,#9059);
#9057 = CARTESIAN_POINT('',(3.15,-0.312,0.595));
#9058 = DIRECTION('',(1.224646799147E-16,1.,-1.110223024625E-16));
#9059 = DIRECTION('',(-1.,1.224646799147E-16,0.));
#9060 = ADVANCED_FACE('',(#9061),#9072,.T.);
#9061 = FACE_BOUND('',#9062,.T.);
#9062 = EDGE_LOOP('',(#9063,#9069,#9070,#9071));
#9063 = ORIENTED_EDGE('',*,*,#9064,.T.);
#9064 = EDGE_CURVE('',#4459,#3645,#9065,.T.);
#9065 = LINE('',#9066,#9067);
#9066 = CARTESIAN_POINT('',(3.,0.68,0.345));
#9067 = VECTOR('',#9068,1.);
#9068 = DIRECTION('',(1.224646799147E-16,1.,-1.110223024625E-16));
#9069 = ORIENTED_EDGE('',*,*,#3652,.F.);
#9070 = ORIENTED_EDGE('',*,*,#9038,.F.);
#9071 = ORIENTED_EDGE('',*,*,#4458,.T.);
#9072 = CYLINDRICAL_SURFACE('',#9073,0.1);
#9073 = AXIS2_PLACEMENT_3D('',#9074,#9075,#9076);
#9074 = CARTESIAN_POINT('',(3.,-0.312,0.445));
#9075 = DIRECTION('',(1.224646799147E-16,1.,-1.110223024625E-16));
#9076 = DIRECTION('',(-1.,1.224646799147E-16,0.));
#9077 = ADVANCED_FACE('',(#9078),#9089,.T.);
#9078 = FACE_BOUND('',#9079,.F.);
#9079 = EDGE_LOOP('',(#9080,#9081,#9082,#9083));
#9080 = ORIENTED_EDGE('',*,*,#4467,.F.);
#9081 = ORIENTED_EDGE('',*,*,#9064,.T.);
#9082 = ORIENTED_EDGE('',*,*,#3644,.T.);
#9083 = ORIENTED_EDGE('',*,*,#9084,.F.);
#9084 = EDGE_CURVE('',#4468,#3636,#9085,.T.);
#9085 = LINE('',#9086,#9087);
#9086 = CARTESIAN_POINT('',(2.099802646526,0.68,0.345));
#9087 = VECTOR('',#9088,1.);
#9088 = DIRECTION('',(1.224646799147E-16,1.,-1.110223024625E-16));
#9089 = PLANE('',#9090);
#9090 = AXIS2_PLACEMENT_3D('',#9091,#9092,#9093);
#9091 = CARTESIAN_POINT('',(3.,-0.312,0.345));
#9092 = DIRECTION('',(-1.359631073447E-32,-1.110223024625E-16,-1.));
#9093 = DIRECTION('',(-1.,1.224646799147E-16,0.));
#9094 = ADVANCED_FACE('',(#9095),#9106,.T.);
#9095 = FACE_BOUND('',#9096,.T.);
#9096 = EDGE_LOOP('',(#9097,#9103,#9104,#9105));
#9097 = ORIENTED_EDGE('',*,*,#9098,.T.);
#9098 = EDGE_CURVE('',#4476,#3627,#9099,.T.);
#9099 = LINE('',#9100,#9101);
#9100 = CARTESIAN_POINT('',(1.904901323263,0.68,0.500128247301));
#9101 = VECTOR('',#9102,1.);
#9102 = DIRECTION('',(-3.096378000959E-14,1.,8.537615059368E-14));
#9103 = ORIENTED_EDGE('',*,*,#3635,.F.);
#9104 = ORIENTED_EDGE('',*,*,#9084,.F.);
#9105 = ORIENTED_EDGE('',*,*,#4475,.T.);
#9106 = CYLINDRICAL_SURFACE('',#9107,0.2);
#9107 = AXIS2_PLACEMENT_3D('',#9108,#9109,#9110);
#9108 = CARTESIAN_POINT('',(2.099802646526,-0.312,0.545));
#9109 = DIRECTION('',(1.224646799147E-16,1.,-1.110223024625E-16));
#9110 = DIRECTION('',(-1.,1.224646799147E-16,0.));
#9111 = ADVANCED_FACE('',(#9112),#9123,.F.);
#9112 = FACE_BOUND('',#9113,.F.);
#9113 = EDGE_LOOP('',(#9114,#9115,#9116,#9117));
#9114 = ORIENTED_EDGE('',*,*,#4484,.T.);
#9115 = ORIENTED_EDGE('',*,*,#9098,.T.);
#9116 = ORIENTED_EDGE('',*,*,#3626,.T.);
#9117 = ORIENTED_EDGE('',*,*,#9118,.F.);
#9118 = EDGE_CURVE('',#4485,#3618,#9119,.T.);
#9119 = LINE('',#9120,#9121);
#9120 = CARTESIAN_POINT('',(1.755,0.68,0.650128247301));
#9121 = VECTOR('',#9122,1.);
#9122 = DIRECTION('',(1.224646799147E-16,1.,-1.110223024625E-16));
#9123 = CYLINDRICAL_SURFACE('',#9124,0.2);
#9124 = AXIS2_PLACEMENT_3D('',#9125,#9126,#9127);
#9125 = CARTESIAN_POINT('',(1.71,-0.312,0.455256494602));
#9126 = DIRECTION('',(1.224646799147E-16,1.,-1.110223024625E-16));
#9127 = DIRECTION('',(-1.,1.224646799147E-16,0.));
#9128 = ADVANCED_FACE('',(#9129),#9140,.T.);
#9129 = FACE_BOUND('',#9130,.T.);
#9130 = EDGE_LOOP('',(#9131,#9137,#9138,#9139));
#9131 = ORIENTED_EDGE('',*,*,#9132,.T.);
#9132 = EDGE_CURVE('',#4494,#3610,#9133,.T.);
#9133 = LINE('',#9134,#9135);
#9134 = CARTESIAN_POINT('',(1.6,0.68,0.845));
#9135 = VECTOR('',#9136,1.);
#9136 = DIRECTION('',(1.224646799147E-16,1.,-1.110223024625E-16));
#9137 = ORIENTED_EDGE('',*,*,#3617,.F.);
#9138 = ORIENTED_EDGE('',*,*,#9118,.F.);
#9139 = ORIENTED_EDGE('',*,*,#4493,.T.);
#9140 = CYLINDRICAL_SURFACE('',#9141,0.2);
#9141 = AXIS2_PLACEMENT_3D('',#9142,#9143,#9144);
#9142 = CARTESIAN_POINT('',(1.8,-0.312,0.845));
#9143 = DIRECTION('',(1.224646799147E-16,1.,-1.110223024625E-16));
#9144 = DIRECTION('',(-1.,1.224646799147E-16,0.));
#9145 = ADVANCED_FACE('',(#9146),#9157,.T.);
#9146 = FACE_BOUND('',#9147,.F.);
#9147 = EDGE_LOOP('',(#9148,#9149,#9150,#9151));
#9148 = ORIENTED_EDGE('',*,*,#4502,.F.);
#9149 = ORIENTED_EDGE('',*,*,#9132,.T.);
#9150 = ORIENTED_EDGE('',*,*,#3609,.T.);
#9151 = ORIENTED_EDGE('',*,*,#9152,.F.);
#9152 = EDGE_CURVE('',#4503,#3601,#9153,.T.);
#9153 = LINE('',#9154,#9155);
#9154 = CARTESIAN_POINT('',(1.6,0.68,1.195));
#9155 = VECTOR('',#9156,1.);
#9156 = DIRECTION('',(1.224646799147E-16,1.,-1.110223024625E-16));
#9157 = PLANE('',#9158);
#9158 = AXIS2_PLACEMENT_3D('',#9159,#9160,#9161);
#9159 = CARTESIAN_POINT('',(1.6,-0.312,0.845));
#9160 = DIRECTION('',(-1.,1.224646799147E-16,0.));
#9161 = DIRECTION('',(1.359631073447E-32,1.110223024625E-16,1.));
#9162 = ADVANCED_FACE('',(#9163),#9174,.T.);
#9163 = FACE_BOUND('',#9164,.T.);
#9164 = EDGE_LOOP('',(#9165,#9171,#9172,#9173));
#9165 = ORIENTED_EDGE('',*,*,#9166,.T.);
#9166 = EDGE_CURVE('',#4511,#3592,#9167,.T.);
#9167 = LINE('',#9168,#9169);
#9168 = CARTESIAN_POINT('',(1.755,0.68,1.389871752699));
#9169 = VECTOR('',#9170,1.);
#9170 = DIRECTION('',(1.122469492616E-14,1.,-1.110223024625E-16));
#9171 = ORIENTED_EDGE('',*,*,#3600,.F.);
#9172 = ORIENTED_EDGE('',*,*,#9152,.F.);
#9173 = ORIENTED_EDGE('',*,*,#4510,.T.);
#9174 = CYLINDRICAL_SURFACE('',#9175,0.2);
#9175 = AXIS2_PLACEMENT_3D('',#9176,#9177,#9178);
#9176 = CARTESIAN_POINT('',(1.8,-0.312,1.195));
#9177 = DIRECTION('',(1.224646799147E-16,1.,-1.110223024625E-16));
#9178 = DIRECTION('',(-1.,1.224646799147E-16,0.));
#9179 = ADVANCED_FACE('',(#9180),#9191,.F.);
#9180 = FACE_BOUND('',#9181,.F.);
#9181 = EDGE_LOOP('',(#9182,#9183,#9184,#9185));
#9182 = ORIENTED_EDGE('',*,*,#4519,.T.);
#9183 = ORIENTED_EDGE('',*,*,#9166,.T.);
#9184 = ORIENTED_EDGE('',*,*,#3591,.T.);
#9185 = ORIENTED_EDGE('',*,*,#9186,.F.);
#9186 = EDGE_CURVE('',#4520,#3583,#9187,.T.);
#9187 = LINE('',#9188,#9189);
#9188 = CARTESIAN_POINT('',(1.904901323263,0.68,1.539871752699));
#9189 = VECTOR('',#9190,1.);
#9190 = DIRECTION('',(-3.540467210809E-14,1.,-9.670042544485E-14));
#9191 = CYLINDRICAL_SURFACE('',#9192,0.2);
#9192 = AXIS2_PLACEMENT_3D('',#9193,#9194,#9195);
#9193 = CARTESIAN_POINT('',(1.71,-0.312,1.584743505398));
#9194 = DIRECTION('',(1.224646799147E-16,1.,-1.110223024625E-16));
#9195 = DIRECTION('',(-1.,1.224646799147E-16,0.));
#9196 = ADVANCED_FACE('',(#9197),#9208,.T.);
#9197 = FACE_BOUND('',#9198,.T.);
#9198 = EDGE_LOOP('',(#9199,#9205,#9206,#9207));
#9199 = ORIENTED_EDGE('',*,*,#9200,.T.);
#9200 = EDGE_CURVE('',#4529,#3575,#9201,.T.);
#9201 = LINE('',#9202,#9203);
#9202 = CARTESIAN_POINT('',(2.099802646526,0.68,1.695));
#9203 = VECTOR('',#9204,1.);
#9204 = DIRECTION('',(1.224646799147E-16,1.,-1.110223024625E-16));
#9205 = ORIENTED_EDGE('',*,*,#3582,.F.);
#9206 = ORIENTED_EDGE('',*,*,#9186,.F.);
#9207 = ORIENTED_EDGE('',*,*,#4528,.T.);
#9208 = CYLINDRICAL_SURFACE('',#9209,0.2);
#9209 = AXIS2_PLACEMENT_3D('',#9210,#9211,#9212);
#9210 = CARTESIAN_POINT('',(2.099802646526,-0.312,1.495));
#9211 = DIRECTION('',(1.224646799147E-16,1.,-1.110223024625E-16));
#9212 = DIRECTION('',(-1.,1.224646799147E-16,0.));
#9213 = ADVANCED_FACE('',(#9214),#9225,.T.);
#9214 = FACE_BOUND('',#9215,.F.);
#9215 = EDGE_LOOP('',(#9216,#9217,#9218,#9219));
#9216 = ORIENTED_EDGE('',*,*,#4537,.F.);
#9217 = ORIENTED_EDGE('',*,*,#9200,.T.);
#9218 = ORIENTED_EDGE('',*,*,#3574,.T.);
#9219 = ORIENTED_EDGE('',*,*,#9220,.F.);
#9220 = EDGE_CURVE('',#4538,#3566,#9221,.T.);
#9221 = LINE('',#9222,#9223);
#9222 = CARTESIAN_POINT('',(3.,0.68,1.695));
#9223 = VECTOR('',#9224,1.);
#9224 = DIRECTION('',(1.224646799147E-16,1.,-1.110223024625E-16));
#9225 = PLANE('',#9226);
#9226 = AXIS2_PLACEMENT_3D('',#9227,#9228,#9229);
#9227 = CARTESIAN_POINT('',(2.099802646526,-0.312,1.695));
#9228 = DIRECTION('',(1.359631073447E-32,1.110223024625E-16,1.));
#9229 = DIRECTION('',(1.,-1.224646799147E-16,0.));
#9230 = ADVANCED_FACE('',(#9231),#9237,.T.);
#9231 = FACE_BOUND('',#9232,.T.);
#9232 = EDGE_LOOP('',(#9233,#9234,#9235,#9236));
#9233 = ORIENTED_EDGE('',*,*,#4160,.T.);
#9234 = ORIENTED_EDGE('',*,*,#3565,.F.);
#9235 = ORIENTED_EDGE('',*,*,#9220,.F.);
#9236 = ORIENTED_EDGE('',*,*,#4545,.T.);
#9237 = CYLINDRICAL_SURFACE('',#9238,0.1);
#9238 = AXIS2_PLACEMENT_3D('',#9239,#9240,#9241);
#9239 = CARTESIAN_POINT('',(3.,-0.312,1.595));
#9240 = DIRECTION('',(1.224646799147E-16,1.,-1.110223024625E-16));
#9241 = DIRECTION('',(-1.,1.224646799147E-16,0.));
#9242 = ADVANCED_FACE('',(#9243),#9254,.T.);
#9243 = FACE_BOUND('',#9244,.T.);
#9244 = EDGE_LOOP('',(#9245,#9251,#9252,#9253));
#9245 = ORIENTED_EDGE('',*,*,#9246,.T.);
#9246 = EDGE_CURVE('',#3874,#3541,#9247,.T.);
#9247 = LINE('',#9248,#9249);
#9248 = CARTESIAN_POINT('',(3.25,0.53,1.445));
#9249 = VECTOR('',#9250,1.);
#9250 = DIRECTION('',(1.224646799147E-16,1.,-1.110223024625E-16));
#9251 = ORIENTED_EDGE('',*,*,#3548,.F.);
#9252 = ORIENTED_EDGE('',*,*,#4167,.F.);
#9253 = ORIENTED_EDGE('',*,*,#3873,.T.);
#9254 = CYLINDRICAL_SURFACE('',#9255,0.1);
#9255 = AXIS2_PLACEMENT_3D('',#9256,#9257,#9258);
#9256 = CARTESIAN_POINT('',(3.15,-0.312,1.445));
#9257 = DIRECTION('',(1.224646799147E-16,1.,-1.110223024625E-16));
#9258 = DIRECTION('',(-1.,1.224646799147E-16,0.));
#9259 = ADVANCED_FACE('',(#9260),#9271,.T.);
#9260 = FACE_BOUND('',#9261,.F.);
#9261 = EDGE_LOOP('',(#9262,#9263,#9269,#9270));
#9262 = ORIENTED_EDGE('',*,*,#3540,.T.);
#9263 = ORIENTED_EDGE('',*,*,#9264,.F.);
#9264 = EDGE_CURVE('',#3883,#3217,#9265,.T.);
#9265 = LINE('',#9266,#9267);
#9266 = CARTESIAN_POINT('',(3.25,0.53,1.42));
#9267 = VECTOR('',#9268,1.);
#9268 = DIRECTION('',(1.224646799147E-16,1.,-1.110223024625E-16));
#9269 = ORIENTED_EDGE('',*,*,#3882,.F.);
#9270 = ORIENTED_EDGE('',*,*,#9246,.T.);
#9271 = PLANE('',#9272);
#9272 = AXIS2_PLACEMENT_3D('',#9273,#9274,#9275);
#9273 = CARTESIAN_POINT('',(3.25,-0.312,1.445));
#9274 = DIRECTION('',(1.,-1.224646799147E-16,0.));
#9275 = DIRECTION('',(-1.359631073447E-32,-1.110223024625E-16,-1.));
#9276 = ADVANCED_FACE('',(#9277),#9288,.F.);
#9277 = FACE_BOUND('',#9278,.F.);
#9278 = EDGE_LOOP('',(#9279,#9280,#9286,#9287));
#9279 = ORIENTED_EDGE('',*,*,#3226,.F.);
#9280 = ORIENTED_EDGE('',*,*,#9281,.F.);
#9281 = EDGE_CURVE('',#3891,#3227,#9282,.T.);
#9282 = LINE('',#9283,#9284);
#9283 = CARTESIAN_POINT('',(3.442653128049,0.53,1.32));
#9284 = VECTOR('',#9285,1.);
#9285 = DIRECTION('',(1.224646799147E-16,1.,-1.110223024625E-16));
#9286 = ORIENTED_EDGE('',*,*,#3890,.T.);
#9287 = ORIENTED_EDGE('',*,*,#9264,.T.);
#9288 = SURFACE_OF_LINEAR_EXTRUSION('',#9289,#9309);
#9289 = B_SPLINE_CURVE_WITH_KNOTS('',3,(#9290,#9291,#9292,#9293,#9294,
    #9295,#9296,#9297,#9298,#9299,#9300,#9301,#9302,#9303,#9304,#9305,
    #9306,#9307,#9308),.UNSPECIFIED.,.F.,.F.,(4,1,1,1,1,1,1,1,1,1,1,1,1,
    1,1,1,4),(0.,2.448015725074E-02,0.102486728528,0.190067949913,
    0.284137188584,0.380042255352,0.471033699192,0.554194337924,
    0.629280137795,0.696808692032,0.757267091511,0.81102047917,
    0.858633306782,0.901002726808,0.939552749199,0.975561944749,1.),
  .UNSPECIFIED.);
#9290 = CARTESIAN_POINT('',(3.448655296642,-0.312,1.32009346322));
#9291 = CARTESIAN_POINT('',(3.44665510586,-0.312,1.320030195031));
#9292 = CARTESIAN_POINT('',(3.438278131579,-0.312,1.319903782855));
#9293 = CARTESIAN_POINT('',(3.422739244354,-0.312,1.320650828525));
#9294 = CARTESIAN_POINT('',(3.401651864318,-0.312,1.32317977068));
#9295 = CARTESIAN_POINT('',(3.379329419732,-0.312,1.327324880986));
#9296 = CARTESIAN_POINT('',(3.357053738248,-0.312,1.332982841073));
#9297 = CARTESIAN_POINT('',(3.336042329506,-0.312,1.339804085251));
#9298 = CARTESIAN_POINT('',(3.317129781854,-0.312,1.347429573668));
#9299 = CARTESIAN_POINT('',(3.300605925668,-0.312,1.355699325749));
#9300 = CARTESIAN_POINT('',(3.286473846062,-0.312,1.364455755788));
#9301 = CARTESIAN_POINT('',(3.274697006662,-0.312,1.373561387952));
#9302 = CARTESIAN_POINT('',(3.265274409293,-0.312,1.382902893117));
#9303 = CARTESIAN_POINT('',(3.258212181626,-0.312,1.392353376805));
#9304 = CARTESIAN_POINT('',(3.253380072743,-0.312,1.401743517329));
#9305 = CARTESIAN_POINT('',(3.250607170963,-0.312,1.410946978347));
#9306 = CARTESIAN_POINT('',(3.249800989362,-0.312,1.41905908287));
#9307 = CARTESIAN_POINT('',(3.250135060861,-0.312,1.423991854752));
#9308 = CARTESIAN_POINT('',(3.250412198087,-0.312,1.425962930814));
#9309 = VECTOR('',#9310,1.);
#9310 = DIRECTION('',(1.224646799147E-16,1.,-1.110223024625E-16));
#9311 = ADVANCED_FACE('',(#9312),#9318,.T.);
#9312 = FACE_BOUND('',#9313,.F.);
#9313 = EDGE_LOOP('',(#9314,#9315,#9316,#9317));
#9314 = ORIENTED_EDGE('',*,*,#3243,.F.);
#9315 = ORIENTED_EDGE('',*,*,#3202,.F.);
#9316 = ORIENTED_EDGE('',*,*,#3912,.T.);
#9317 = ORIENTED_EDGE('',*,*,#9281,.T.);
#9318 = PLANE('',#9319);
#9319 = AXIS2_PLACEMENT_3D('',#9320,#9321,#9322);
#9320 = CARTESIAN_POINT('',(3.442653128049,-0.312,1.32));
#9321 = DIRECTION('',(1.359631073447E-32,1.110223024625E-16,1.));
#9322 = DIRECTION('',(1.,-1.224646799147E-16,0.));
#9323 = ADVANCED_FACE('',(#9324),#9330,.T.);
#9324 = FACE_BOUND('',#9325,.F.);
#9325 = EDGE_LOOP('',(#9326,#9327,#9328,#9329));
#9326 = ORIENTED_EDGE('',*,*,#3251,.F.);
#9327 = ORIENTED_EDGE('',*,*,#3314,.F.);
#9328 = ORIENTED_EDGE('',*,*,#3962,.F.);
#9329 = ORIENTED_EDGE('',*,*,#3170,.T.);
#9330 = PLANE('',#9331);
#9331 = AXIS2_PLACEMENT_3D('',#9332,#9333,#9334);
#9332 = CARTESIAN_POINT('',(3.5,-0.312,0.72));
#9333 = DIRECTION('',(-1.359631073447E-32,-1.110223024625E-16,-1.));
#9334 = DIRECTION('',(-1.,1.224646799147E-16,0.));
#9335 = ADVANCED_FACE('',(#9336),#9342,.F.);
#9336 = FACE_BOUND('',#9337,.F.);
#9337 = EDGE_LOOP('',(#9338,#9339,#9340,#9341));
#9338 = ORIENTED_EDGE('',*,*,#2170,.F.);
#9339 = ORIENTED_EDGE('',*,*,#2245,.F.);
#9340 = ORIENTED_EDGE('',*,*,#1674,.T.);
#9341 = ORIENTED_EDGE('',*,*,#2697,.T.);
#9342 = PLANE('',#9343);
#9343 = AXIS2_PLACEMENT_3D('',#9344,#9345,#9346);
#9344 = CARTESIAN_POINT('',(1.7,0.38,1.72));
#9345 = DIRECTION('',(-1.224646799147E-16,-1.,1.110223024625E-16));
#9346 = DIRECTION('',(1.,-1.224646799147E-16,0.));
#9347 = ADVANCED_FACE('',(#9348),#9354,.T.);
#9348 = FACE_BOUND('',#9349,.F.);
#9349 = EDGE_LOOP('',(#9350,#9351,#9352,#9353));
#9350 = ORIENTED_EDGE('',*,*,#1375,.T.);
#9351 = ORIENTED_EDGE('',*,*,#2534,.T.);
#9352 = ORIENTED_EDGE('',*,*,#940,.F.);
#9353 = ORIENTED_EDGE('',*,*,#174,.F.);
#9354 = PLANE('',#9355);
#9355 = AXIS2_PLACEMENT_3D('',#9356,#9357,#9358);
#9356 = CARTESIAN_POINT('',(-2.72,-2.22,0.32));
#9357 = DIRECTION('',(-1.,1.224646799147E-16,0.));
#9358 = DIRECTION('',(1.224646799147E-16,1.,-1.110223024625E-16));
#9359 = ADVANCED_FACE('',(#9360),#9366,.F.);
#9360 = FACE_BOUND('',#9361,.F.);
#9361 = EDGE_LOOP('',(#9362,#9363,#9364,#9365));
#9362 = ORIENTED_EDGE('',*,*,#2128,.F.);
#9363 = ORIENTED_EDGE('',*,*,#1288,.F.);
#9364 = ORIENTED_EDGE('',*,*,#1585,.T.);
#9365 = ORIENTED_EDGE('',*,*,#1045,.T.);
#9366 = PLANE('',#9367);
#9367 = AXIS2_PLACEMENT_3D('',#9368,#9369,#9370);
#9368 = CARTESIAN_POINT('',(-2.72,-2.22,1.72));
#9369 = DIRECTION('',(1.,-1.224646799147E-16,0.));
#9370 = DIRECTION('',(1.224646799147E-16,1.,-1.110223024625E-16));
#9371 = ADVANCED_FACE('',(#9372),#9378,.T.);
#9372 = FACE_BOUND('',#9373,.F.);
#9373 = EDGE_LOOP('',(#9374,#9375,#9376,#9377));
#9374 = ORIENTED_EDGE('',*,*,#1398,.T.);
#9375 = ORIENTED_EDGE('',*,*,#1454,.T.);
#9376 = ORIENTED_EDGE('',*,*,#917,.F.);
#9377 = ORIENTED_EDGE('',*,*,#1116,.F.);
#9378 = PLANE('',#9379);
#9379 = AXIS2_PLACEMENT_3D('',#9380,#9381,#9382);
#9380 = CARTESIAN_POINT('',(-3.2,-2.22,1.495));
#9381 = DIRECTION('',(-0.996815278536,7.974522228289E-02,
    -8.853498188232E-18));
#9382 = DIRECTION('',(7.974522228289E-02,0.996815278536,
    -1.106687273529E-16));
#9383 = MANIFOLD_SOLID_BREP('',#9384);
#9384 = CLOSED_SHELL('',(#9385,#9451,#9482,#9506,#9531,#9555,#9579,#9604
    ,#9621));
#9385 = ADVANCED_FACE('',(#9386),#9446,.T.);
#9386 = FACE_BOUND('',#9387,.F.);
#9387 = EDGE_LOOP('',(#9388,#9398,#9406,#9415,#9423,#9431,#9440));
#9388 = ORIENTED_EDGE('',*,*,#9389,.F.);
#9389 = EDGE_CURVE('',#9390,#9392,#9394,.T.);
#9390 = VERTEX_POINT('',#9391);
#9391 = CARTESIAN_POINT('',(1.1,-1.393,1.319855827444));
#9392 = VERTEX_POINT('',#9393);
#9393 = CARTESIAN_POINT('',(1.1,-2.447,1.319855827445));
#9394 = LINE('',#9395,#9396);
#9395 = CARTESIAN_POINT('',(1.1,-1.393,1.319855827444));
#9396 = VECTOR('',#9397,1.);
#9397 = DIRECTION('',(-1.224646799147E-16,-1.,1.110223024625E-16));
#9398 = ORIENTED_EDGE('',*,*,#9399,.F.);
#9399 = EDGE_CURVE('',#9400,#9390,#9402,.T.);
#9400 = VERTEX_POINT('',#9401);
#9401 = CARTESIAN_POINT('',(1.1,-1.933917310096,1.243834857179));
#9402 = LINE('',#9403,#9404);
#9403 = CARTESIAN_POINT('',(1.1,-1.933917310096,1.243834857179));
#9404 = VECTOR('',#9405,1.);
#9405 = DIRECTION('',(1.212728620682E-16,0.990268068742,0.13917310096));
#9406 = ORIENTED_EDGE('',*,*,#9407,.F.);
#9407 = EDGE_CURVE('',#9408,#9400,#9410,.T.);
#9408 = VERTEX_POINT('',#9409);
#9409 = CARTESIAN_POINT('',(1.1,-2.02,1.144808050304));
#9410 = CIRCLE('',#9411,0.1);
#9411 = AXIS2_PLACEMENT_3D('',#9412,#9413,#9414);
#9412 = CARTESIAN_POINT('',(1.1,-1.92,1.144808050304));
#9413 = DIRECTION('',(-1.,1.224646799147E-16,0.));
#9414 = DIRECTION('',(-1.224646799147E-16,-1.,1.110223024625E-16));
#9415 = ORIENTED_EDGE('',*,*,#9416,.F.);
#9416 = EDGE_CURVE('',#9417,#9408,#9419,.T.);
#9417 = VERTEX_POINT('',#9418);
#9418 = CARTESIAN_POINT('',(1.1,-2.02,1.11));
#9419 = LINE('',#9420,#9421);
#9420 = CARTESIAN_POINT('',(1.1,-2.02,1.11));
#9421 = VECTOR('',#9422,1.);
#9422 = DIRECTION('',(1.359631073447E-32,1.110223024625E-16,1.));
#9423 = ORIENTED_EDGE('',*,*,#9424,.F.);
#9424 = EDGE_CURVE('',#9425,#9417,#9427,.T.);
#9425 = VERTEX_POINT('',#9426);
#9426 = CARTESIAN_POINT('',(1.1,-2.1,1.11));
#9427 = LINE('',#9428,#9429);
#9428 = CARTESIAN_POINT('',(1.1,-2.1,1.11));
#9429 = VECTOR('',#9430,1.);
#9430 = DIRECTION('',(1.224646799147E-16,1.,-1.110223024625E-16));
#9431 = ORIENTED_EDGE('',*,*,#9432,.F.);
#9432 = EDGE_CURVE('',#9433,#9425,#9435,.T.);
#9433 = VERTEX_POINT('',#9434);
#9434 = CARTESIAN_POINT('',(1.1,-2.186036465453,1.137127193357));
#9435 = CIRCLE('',#9436,0.15);
#9436 = AXIS2_PLACEMENT_3D('',#9437,#9438,#9439);
#9437 = CARTESIAN_POINT('',(1.1,-2.1,1.26));
#9438 = DIRECTION('',(1.,-1.224646799147E-16,-1.232595164408E-32));
#9439 = DIRECTION('',(-7.024285468436E-17,-0.573576436351,
    -0.819152044289));
#9440 = ORIENTED_EDGE('',*,*,#9441,.F.);
#9441 = EDGE_CURVE('',#9392,#9433,#9442,.T.);
#9442 = LINE('',#9443,#9444);
#9443 = CARTESIAN_POINT('',(1.1,-2.447,1.319855827445));
#9444 = VECTOR('',#9445,1.);
#9445 = DIRECTION('',(1.003171929054E-16,0.819152044289,-0.573576436351)
  );
#9446 = PLANE('',#9447);
#9447 = AXIS2_PLACEMENT_3D('',#9448,#9449,#9450);
#9448 = CARTESIAN_POINT('',(1.1,-3.47,1.02));
#9449 = DIRECTION('',(1.,-1.224646799147E-16,0.));
#9450 = DIRECTION('',(-1.224646799147E-16,-1.,1.110223024625E-16));
#9451 = ADVANCED_FACE('',(#9452),#9477,.T.);
#9452 = FACE_BOUND('',#9453,.F.);
#9453 = EDGE_LOOP('',(#9454,#9455,#9463,#9471));
#9454 = ORIENTED_EDGE('',*,*,#9389,.T.);
#9455 = ORIENTED_EDGE('',*,*,#9456,.T.);
#9456 = EDGE_CURVE('',#9392,#9457,#9459,.T.);
#9457 = VERTEX_POINT('',#9458);
#9458 = CARTESIAN_POINT('',(0.9,-2.447,1.319855827445));
#9459 = LINE('',#9460,#9461);
#9460 = CARTESIAN_POINT('',(1.1,-2.447,1.319855827445));
#9461 = VECTOR('',#9462,1.);
#9462 = DIRECTION('',(-1.,1.224646799147E-16,0.));
#9463 = ORIENTED_EDGE('',*,*,#9464,.F.);
#9464 = EDGE_CURVE('',#9465,#9457,#9467,.T.);
#9465 = VERTEX_POINT('',#9466);
#9466 = CARTESIAN_POINT('',(0.9,-1.393,1.319855827444));
#9467 = LINE('',#9468,#9469);
#9468 = CARTESIAN_POINT('',(0.9,-1.393,1.319855827444));
#9469 = VECTOR('',#9470,1.);
#9470 = DIRECTION('',(-1.224646799147E-16,-1.,1.110223024625E-16));
#9471 = ORIENTED_EDGE('',*,*,#9472,.F.);
#9472 = EDGE_CURVE('',#9390,#9465,#9473,.T.);
#9473 = LINE('',#9474,#9475);
#9474 = CARTESIAN_POINT('',(1.1,-1.393,1.319855827444));
#9475 = VECTOR('',#9476,1.);
#9476 = DIRECTION('',(-1.,1.224646799147E-16,0.));
#9477 = PLANE('',#9478);
#9478 = AXIS2_PLACEMENT_3D('',#9479,#9480,#9481);
#9479 = CARTESIAN_POINT('',(1.1,-1.393,1.319855827444));
#9480 = DIRECTION('',(1.359631073447E-32,1.110223024625E-16,1.));
#9481 = DIRECTION('',(-1.224646799147E-16,-1.,1.110223024625E-16));
#9482 = ADVANCED_FACE('',(#9483),#9501,.T.);
#9483 = FACE_BOUND('',#9484,.F.);
#9484 = EDGE_LOOP('',(#9485,#9486,#9494,#9500));
#9485 = ORIENTED_EDGE('',*,*,#9441,.T.);
#9486 = ORIENTED_EDGE('',*,*,#9487,.T.);
#9487 = EDGE_CURVE('',#9433,#9488,#9490,.T.);
#9488 = VERTEX_POINT('',#9489);
#9489 = CARTESIAN_POINT('',(0.9,-2.186036465453,1.137127193357));
#9490 = LINE('',#9491,#9492);
#9491 = CARTESIAN_POINT('',(1.1,-2.186036465453,1.137127193357));
#9492 = VECTOR('',#9493,1.);
#9493 = DIRECTION('',(-1.,1.224646799147E-16,0.));
#9494 = ORIENTED_EDGE('',*,*,#9495,.F.);
#9495 = EDGE_CURVE('',#9457,#9488,#9496,.T.);
#9496 = LINE('',#9497,#9498);
#9497 = CARTESIAN_POINT('',(0.9,-2.447,1.319855827445));
#9498 = VECTOR('',#9499,1.);
#9499 = DIRECTION('',(1.003171929054E-16,0.819152044289,-0.573576436351)
  );
#9500 = ORIENTED_EDGE('',*,*,#9456,.F.);
#9501 = PLANE('',#9502);
#9502 = AXIS2_PLACEMENT_3D('',#9503,#9504,#9505);
#9503 = CARTESIAN_POINT('',(1.1,-2.447,1.319855827445));
#9504 = DIRECTION('',(-7.024285468436E-17,-0.573576436351,
    -0.819152044289));
#9505 = DIRECTION('',(1.003171929054E-16,0.819152044289,-0.573576436351)
  );
#9506 = ADVANCED_FACE('',(#9507),#9526,.T.);
#9507 = FACE_BOUND('',#9508,.T.);
#9508 = EDGE_LOOP('',(#9509,#9510,#9519,#9525));
#9509 = ORIENTED_EDGE('',*,*,#9487,.T.);
#9510 = ORIENTED_EDGE('',*,*,#9511,.T.);
#9511 = EDGE_CURVE('',#9488,#9512,#9514,.T.);
#9512 = VERTEX_POINT('',#9513);
#9513 = CARTESIAN_POINT('',(0.9,-2.1,1.11));
#9514 = CIRCLE('',#9515,0.15);
#9515 = AXIS2_PLACEMENT_3D('',#9516,#9517,#9518);
#9516 = CARTESIAN_POINT('',(0.9,-2.1,1.26));
#9517 = DIRECTION('',(1.,-1.224646799147E-16,-1.232595164408E-32));
#9518 = DIRECTION('',(-7.024285468436E-17,-0.573576436351,
    -0.819152044289));
#9519 = ORIENTED_EDGE('',*,*,#9520,.F.);
#9520 = EDGE_CURVE('',#9425,#9512,#9521,.T.);
#9521 = LINE('',#9522,#9523);
#9522 = CARTESIAN_POINT('',(1.1,-2.1,1.11));
#9523 = VECTOR('',#9524,1.);
#9524 = DIRECTION('',(-1.,1.224646799147E-16,0.));
#9525 = ORIENTED_EDGE('',*,*,#9432,.F.);
#9526 = CYLINDRICAL_SURFACE('',#9527,0.15);
#9527 = AXIS2_PLACEMENT_3D('',#9528,#9529,#9530);
#9528 = CARTESIAN_POINT('',(1.1,-2.1,1.26));
#9529 = DIRECTION('',(1.,-1.224646799147E-16,0.));
#9530 = DIRECTION('',(-1.224646799147E-16,-1.,1.110223024625E-16));
#9531 = ADVANCED_FACE('',(#9532),#9550,.T.);
#9532 = FACE_BOUND('',#9533,.F.);
#9533 = EDGE_LOOP('',(#9534,#9535,#9543,#9549));
#9534 = ORIENTED_EDGE('',*,*,#9424,.T.);
#9535 = ORIENTED_EDGE('',*,*,#9536,.T.);
#9536 = EDGE_CURVE('',#9417,#9537,#9539,.T.);
#9537 = VERTEX_POINT('',#9538);
#9538 = CARTESIAN_POINT('',(0.9,-2.02,1.11));
#9539 = LINE('',#9540,#9541);
#9540 = CARTESIAN_POINT('',(1.1,-2.02,1.11));
#9541 = VECTOR('',#9542,1.);
#9542 = DIRECTION('',(-1.,1.224646799147E-16,0.));
#9543 = ORIENTED_EDGE('',*,*,#9544,.F.);
#9544 = EDGE_CURVE('',#9512,#9537,#9545,.T.);
#9545 = LINE('',#9546,#9547);
#9546 = CARTESIAN_POINT('',(0.9,-2.1,1.11));
#9547 = VECTOR('',#9548,1.);
#9548 = DIRECTION('',(1.224646799147E-16,1.,-1.110223024625E-16));
#9549 = ORIENTED_EDGE('',*,*,#9520,.F.);
#9550 = PLANE('',#9551);
#9551 = AXIS2_PLACEMENT_3D('',#9552,#9553,#9554);
#9552 = CARTESIAN_POINT('',(1.1,-2.1,1.11));
#9553 = DIRECTION('',(-1.359631073447E-32,-1.110223024625E-16,-1.));
#9554 = DIRECTION('',(1.224646799147E-16,1.,-1.110223024625E-16));
#9555 = ADVANCED_FACE('',(#9556),#9574,.T.);
#9556 = FACE_BOUND('',#9557,.F.);
#9557 = EDGE_LOOP('',(#9558,#9559,#9567,#9573));
#9558 = ORIENTED_EDGE('',*,*,#9416,.T.);
#9559 = ORIENTED_EDGE('',*,*,#9560,.T.);
#9560 = EDGE_CURVE('',#9408,#9561,#9563,.T.);
#9561 = VERTEX_POINT('',#9562);
#9562 = CARTESIAN_POINT('',(0.9,-2.02,1.144808050304));
#9563 = LINE('',#9564,#9565);
#9564 = CARTESIAN_POINT('',(1.1,-2.02,1.144808050304));
#9565 = VECTOR('',#9566,1.);
#9566 = DIRECTION('',(-1.,1.224646799147E-16,0.));
#9567 = ORIENTED_EDGE('',*,*,#9568,.F.);
#9568 = EDGE_CURVE('',#9537,#9561,#9569,.T.);
#9569 = LINE('',#9570,#9571);
#9570 = CARTESIAN_POINT('',(0.9,-2.02,1.11));
#9571 = VECTOR('',#9572,1.);
#9572 = DIRECTION('',(1.359631073447E-32,1.110223024625E-16,1.));
#9573 = ORIENTED_EDGE('',*,*,#9536,.F.);
#9574 = PLANE('',#9575);
#9575 = AXIS2_PLACEMENT_3D('',#9576,#9577,#9578);
#9576 = CARTESIAN_POINT('',(1.1,-2.02,1.11));
#9577 = DIRECTION('',(1.224646799147E-16,1.,-1.110223024625E-16));
#9578 = DIRECTION('',(1.359631073447E-32,1.110223024625E-16,1.));
#9579 = ADVANCED_FACE('',(#9580),#9599,.F.);
#9580 = FACE_BOUND('',#9581,.F.);
#9581 = EDGE_LOOP('',(#9582,#9583,#9591,#9598));
#9582 = ORIENTED_EDGE('',*,*,#9407,.T.);
#9583 = ORIENTED_EDGE('',*,*,#9584,.T.);
#9584 = EDGE_CURVE('',#9400,#9585,#9587,.T.);
#9585 = VERTEX_POINT('',#9586);
#9586 = CARTESIAN_POINT('',(0.9,-1.933917310096,1.243834857179));
#9587 = LINE('',#9588,#9589);
#9588 = CARTESIAN_POINT('',(1.1,-1.933917310096,1.243834857179));
#9589 = VECTOR('',#9590,1.);
#9590 = DIRECTION('',(-1.,1.224646799147E-16,0.));
#9591 = ORIENTED_EDGE('',*,*,#9592,.F.);
#9592 = EDGE_CURVE('',#9561,#9585,#9593,.T.);
#9593 = CIRCLE('',#9594,0.1);
#9594 = AXIS2_PLACEMENT_3D('',#9595,#9596,#9597);
#9595 = CARTESIAN_POINT('',(0.9,-1.92,1.144808050304));
#9596 = DIRECTION('',(-1.,1.224646799147E-16,0.));
#9597 = DIRECTION('',(-1.224646799147E-16,-1.,1.110223024625E-16));
#9598 = ORIENTED_EDGE('',*,*,#9560,.F.);
#9599 = CYLINDRICAL_SURFACE('',#9600,0.1);
#9600 = AXIS2_PLACEMENT_3D('',#9601,#9602,#9603);
#9601 = CARTESIAN_POINT('',(1.1,-1.92,1.144808050304));
#9602 = DIRECTION('',(1.,-1.224646799147E-16,0.));
#9603 = DIRECTION('',(-1.224646799147E-16,-1.,1.110223024625E-16));
#9604 = ADVANCED_FACE('',(#9605),#9616,.T.);
#9605 = FACE_BOUND('',#9606,.F.);
#9606 = EDGE_LOOP('',(#9607,#9608,#9609,#9615));
#9607 = ORIENTED_EDGE('',*,*,#9399,.T.);
#9608 = ORIENTED_EDGE('',*,*,#9472,.T.);
#9609 = ORIENTED_EDGE('',*,*,#9610,.F.);
#9610 = EDGE_CURVE('',#9585,#9465,#9611,.T.);
#9611 = LINE('',#9612,#9613);
#9612 = CARTESIAN_POINT('',(0.9,-1.933917310096,1.243834857179));
#9613 = VECTOR('',#9614,1.);
#9614 = DIRECTION('',(1.212728620682E-16,0.990268068742,0.13917310096));
#9615 = ORIENTED_EDGE('',*,*,#9584,.F.);
#9616 = PLANE('',#9617);
#9617 = AXIS2_PLACEMENT_3D('',#9618,#9619,#9620);
#9618 = CARTESIAN_POINT('',(1.1,-1.933917310096,1.243834857179));
#9619 = DIRECTION('',(1.704378926182E-17,0.13917310096,-0.990268068742)
  );
#9620 = DIRECTION('',(1.212728620682E-16,0.990268068742,0.13917310096));
#9621 = ADVANCED_FACE('',(#9622),#9631,.F.);
#9622 = FACE_BOUND('',#9623,.F.);
#9623 = EDGE_LOOP('',(#9624,#9625,#9626,#9627,#9628,#9629,#9630));
#9624 = ORIENTED_EDGE('',*,*,#9464,.T.);
#9625 = ORIENTED_EDGE('',*,*,#9495,.T.);
#9626 = ORIENTED_EDGE('',*,*,#9511,.T.);
#9627 = ORIENTED_EDGE('',*,*,#9544,.T.);
#9628 = ORIENTED_EDGE('',*,*,#9568,.T.);
#9629 = ORIENTED_EDGE('',*,*,#9592,.T.);
#9630 = ORIENTED_EDGE('',*,*,#9610,.T.);
#9631 = PLANE('',#9632);
#9632 = AXIS2_PLACEMENT_3D('',#9633,#9634,#9635);
#9633 = CARTESIAN_POINT('',(0.9,-3.47,1.02));
#9634 = DIRECTION('',(1.,-1.224646799147E-16,0.));
#9635 = DIRECTION('',(-1.224646799147E-16,-1.,1.110223024625E-16));
#9636 = MANIFOLD_SOLID_BREP('',#9637);
#9637 = CLOSED_SHELL('',(#9638,#9704,#9735,#9759,#9784,#9808,#9832,#9857
    ,#9874));
#9638 = ADVANCED_FACE('',(#9639),#9699,.T.);
#9639 = FACE_BOUND('',#9640,.F.);
#9640 = EDGE_LOOP('',(#9641,#9651,#9659,#9668,#9676,#9684,#9693));
#9641 = ORIENTED_EDGE('',*,*,#9642,.F.);
#9642 = EDGE_CURVE('',#9643,#9645,#9647,.T.);
#9643 = VERTEX_POINT('',#9644);
#9644 = CARTESIAN_POINT('',(0.6,-1.393,1.319855827444));
#9645 = VERTEX_POINT('',#9646);
#9646 = CARTESIAN_POINT('',(0.6,-2.447,1.319855827445));
#9647 = LINE('',#9648,#9649);
#9648 = CARTESIAN_POINT('',(0.6,-1.393,1.319855827444));
#9649 = VECTOR('',#9650,1.);
#9650 = DIRECTION('',(-1.224646799147E-16,-1.,1.110223024625E-16));
#9651 = ORIENTED_EDGE('',*,*,#9652,.F.);
#9652 = EDGE_CURVE('',#9653,#9643,#9655,.T.);
#9653 = VERTEX_POINT('',#9654);
#9654 = CARTESIAN_POINT('',(0.6,-1.933917310096,1.243834857179));
#9655 = LINE('',#9656,#9657);
#9656 = CARTESIAN_POINT('',(0.6,-1.933917310096,1.243834857179));
#9657 = VECTOR('',#9658,1.);
#9658 = DIRECTION('',(1.212728620682E-16,0.990268068742,0.13917310096));
#9659 = ORIENTED_EDGE('',*,*,#9660,.F.);
#9660 = EDGE_CURVE('',#9661,#9653,#9663,.T.);
#9661 = VERTEX_POINT('',#9662);
#9662 = CARTESIAN_POINT('',(0.6,-2.02,1.144808050304));
#9663 = CIRCLE('',#9664,0.1);
#9664 = AXIS2_PLACEMENT_3D('',#9665,#9666,#9667);
#9665 = CARTESIAN_POINT('',(0.6,-1.92,1.144808050304));
#9666 = DIRECTION('',(-1.,1.224646799147E-16,0.));
#9667 = DIRECTION('',(-1.224646799147E-16,-1.,1.110223024625E-16));
#9668 = ORIENTED_EDGE('',*,*,#9669,.F.);
#9669 = EDGE_CURVE('',#9670,#9661,#9672,.T.);
#9670 = VERTEX_POINT('',#9671);
#9671 = CARTESIAN_POINT('',(0.6,-2.02,1.11));
#9672 = LINE('',#9673,#9674);
#9673 = CARTESIAN_POINT('',(0.6,-2.02,1.11));
#9674 = VECTOR('',#9675,1.);
#9675 = DIRECTION('',(1.359631073447E-32,1.110223024625E-16,1.));
#9676 = ORIENTED_EDGE('',*,*,#9677,.F.);
#9677 = EDGE_CURVE('',#9678,#9670,#9680,.T.);
#9678 = VERTEX_POINT('',#9679);
#9679 = CARTESIAN_POINT('',(0.6,-2.1,1.11));
#9680 = LINE('',#9681,#9682);
#9681 = CARTESIAN_POINT('',(0.6,-2.1,1.11));
#9682 = VECTOR('',#9683,1.);
#9683 = DIRECTION('',(1.224646799147E-16,1.,-1.110223024625E-16));
#9684 = ORIENTED_EDGE('',*,*,#9685,.F.);
#9685 = EDGE_CURVE('',#9686,#9678,#9688,.T.);
#9686 = VERTEX_POINT('',#9687);
#9687 = CARTESIAN_POINT('',(0.6,-2.186036465453,1.137127193357));
#9688 = CIRCLE('',#9689,0.15);
#9689 = AXIS2_PLACEMENT_3D('',#9690,#9691,#9692);
#9690 = CARTESIAN_POINT('',(0.6,-2.1,1.26));
#9691 = DIRECTION('',(1.,-1.224646799147E-16,-1.232595164408E-32));
#9692 = DIRECTION('',(-7.024285468436E-17,-0.573576436351,
    -0.819152044289));
#9693 = ORIENTED_EDGE('',*,*,#9694,.F.);
#9694 = EDGE_CURVE('',#9645,#9686,#9695,.T.);
#9695 = LINE('',#9696,#9697);
#9696 = CARTESIAN_POINT('',(0.6,-2.447,1.319855827445));
#9697 = VECTOR('',#9698,1.);
#9698 = DIRECTION('',(1.003171929054E-16,0.819152044289,-0.573576436351)
  );
#9699 = PLANE('',#9700);
#9700 = AXIS2_PLACEMENT_3D('',#9701,#9702,#9703);
#9701 = CARTESIAN_POINT('',(0.6,-3.47,1.02));
#9702 = DIRECTION('',(1.,-1.224646799147E-16,0.));
#9703 = DIRECTION('',(-1.224646799147E-16,-1.,1.110223024625E-16));
#9704 = ADVANCED_FACE('',(#9705),#9730,.T.);
#9705 = FACE_BOUND('',#9706,.F.);
#9706 = EDGE_LOOP('',(#9707,#9708,#9716,#9724));
#9707 = ORIENTED_EDGE('',*,*,#9642,.T.);
#9708 = ORIENTED_EDGE('',*,*,#9709,.T.);
#9709 = EDGE_CURVE('',#9645,#9710,#9712,.T.);
#9710 = VERTEX_POINT('',#9711);
#9711 = CARTESIAN_POINT('',(0.4,-2.447,1.319855827445));
#9712 = LINE('',#9713,#9714);
#9713 = CARTESIAN_POINT('',(0.6,-2.447,1.319855827445));
#9714 = VECTOR('',#9715,1.);
#9715 = DIRECTION('',(-1.,1.224646799147E-16,0.));
#9716 = ORIENTED_EDGE('',*,*,#9717,.F.);
#9717 = EDGE_CURVE('',#9718,#9710,#9720,.T.);
#9718 = VERTEX_POINT('',#9719);
#9719 = CARTESIAN_POINT('',(0.4,-1.393,1.319855827444));
#9720 = LINE('',#9721,#9722);
#9721 = CARTESIAN_POINT('',(0.4,-1.393,1.319855827444));
#9722 = VECTOR('',#9723,1.);
#9723 = DIRECTION('',(-1.224646799147E-16,-1.,1.110223024625E-16));
#9724 = ORIENTED_EDGE('',*,*,#9725,.F.);
#9725 = EDGE_CURVE('',#9643,#9718,#9726,.T.);
#9726 = LINE('',#9727,#9728);
#9727 = CARTESIAN_POINT('',(0.6,-1.393,1.319855827444));
#9728 = VECTOR('',#9729,1.);
#9729 = DIRECTION('',(-1.,1.224646799147E-16,0.));
#9730 = PLANE('',#9731);
#9731 = AXIS2_PLACEMENT_3D('',#9732,#9733,#9734);
#9732 = CARTESIAN_POINT('',(0.6,-1.393,1.319855827444));
#9733 = DIRECTION('',(1.359631073447E-32,1.110223024625E-16,1.));
#9734 = DIRECTION('',(-1.224646799147E-16,-1.,1.110223024625E-16));
#9735 = ADVANCED_FACE('',(#9736),#9754,.T.);
#9736 = FACE_BOUND('',#9737,.F.);
#9737 = EDGE_LOOP('',(#9738,#9739,#9747,#9753));
#9738 = ORIENTED_EDGE('',*,*,#9694,.T.);
#9739 = ORIENTED_EDGE('',*,*,#9740,.T.);
#9740 = EDGE_CURVE('',#9686,#9741,#9743,.T.);
#9741 = VERTEX_POINT('',#9742);
#9742 = CARTESIAN_POINT('',(0.4,-2.186036465453,1.137127193357));
#9743 = LINE('',#9744,#9745);
#9744 = CARTESIAN_POINT('',(0.6,-2.186036465453,1.137127193357));
#9745 = VECTOR('',#9746,1.);
#9746 = DIRECTION('',(-1.,1.224646799147E-16,0.));
#9747 = ORIENTED_EDGE('',*,*,#9748,.F.);
#9748 = EDGE_CURVE('',#9710,#9741,#9749,.T.);
#9749 = LINE('',#9750,#9751);
#9750 = CARTESIAN_POINT('',(0.4,-2.447,1.319855827445));
#9751 = VECTOR('',#9752,1.);
#9752 = DIRECTION('',(1.003171929054E-16,0.819152044289,-0.573576436351)
  );
#9753 = ORIENTED_EDGE('',*,*,#9709,.F.);
#9754 = PLANE('',#9755);
#9755 = AXIS2_PLACEMENT_3D('',#9756,#9757,#9758);
#9756 = CARTESIAN_POINT('',(0.6,-2.447,1.319855827445));
#9757 = DIRECTION('',(-7.024285468436E-17,-0.573576436351,
    -0.819152044289));
#9758 = DIRECTION('',(1.003171929054E-16,0.819152044289,-0.573576436351)
  );
#9759 = ADVANCED_FACE('',(#9760),#9779,.T.);
#9760 = FACE_BOUND('',#9761,.T.);
#9761 = EDGE_LOOP('',(#9762,#9763,#9772,#9778));
#9762 = ORIENTED_EDGE('',*,*,#9740,.T.);
#9763 = ORIENTED_EDGE('',*,*,#9764,.T.);
#9764 = EDGE_CURVE('',#9741,#9765,#9767,.T.);
#9765 = VERTEX_POINT('',#9766);
#9766 = CARTESIAN_POINT('',(0.4,-2.1,1.11));
#9767 = CIRCLE('',#9768,0.15);
#9768 = AXIS2_PLACEMENT_3D('',#9769,#9770,#9771);
#9769 = CARTESIAN_POINT('',(0.4,-2.1,1.26));
#9770 = DIRECTION('',(1.,-1.224646799147E-16,-1.232595164408E-32));
#9771 = DIRECTION('',(-7.024285468436E-17,-0.573576436351,
    -0.819152044289));
#9772 = ORIENTED_EDGE('',*,*,#9773,.F.);
#9773 = EDGE_CURVE('',#9678,#9765,#9774,.T.);
#9774 = LINE('',#9775,#9776);
#9775 = CARTESIAN_POINT('',(0.6,-2.1,1.11));
#9776 = VECTOR('',#9777,1.);
#9777 = DIRECTION('',(-1.,1.224646799147E-16,0.));
#9778 = ORIENTED_EDGE('',*,*,#9685,.F.);
#9779 = CYLINDRICAL_SURFACE('',#9780,0.15);
#9780 = AXIS2_PLACEMENT_3D('',#9781,#9782,#9783);
#9781 = CARTESIAN_POINT('',(0.6,-2.1,1.26));
#9782 = DIRECTION('',(1.,-1.224646799147E-16,0.));
#9783 = DIRECTION('',(-1.224646799147E-16,-1.,1.110223024625E-16));
#9784 = ADVANCED_FACE('',(#9785),#9803,.T.);
#9785 = FACE_BOUND('',#9786,.F.);
#9786 = EDGE_LOOP('',(#9787,#9788,#9796,#9802));
#9787 = ORIENTED_EDGE('',*,*,#9677,.T.);
#9788 = ORIENTED_EDGE('',*,*,#9789,.T.);
#9789 = EDGE_CURVE('',#9670,#9790,#9792,.T.);
#9790 = VERTEX_POINT('',#9791);
#9791 = CARTESIAN_POINT('',(0.4,-2.02,1.11));
#9792 = LINE('',#9793,#9794);
#9793 = CARTESIAN_POINT('',(0.6,-2.02,1.11));
#9794 = VECTOR('',#9795,1.);
#9795 = DIRECTION('',(-1.,1.224646799147E-16,0.));
#9796 = ORIENTED_EDGE('',*,*,#9797,.F.);
#9797 = EDGE_CURVE('',#9765,#9790,#9798,.T.);
#9798 = LINE('',#9799,#9800);
#9799 = CARTESIAN_POINT('',(0.4,-2.1,1.11));
#9800 = VECTOR('',#9801,1.);
#9801 = DIRECTION('',(1.224646799147E-16,1.,-1.110223024625E-16));
#9802 = ORIENTED_EDGE('',*,*,#9773,.F.);
#9803 = PLANE('',#9804);
#9804 = AXIS2_PLACEMENT_3D('',#9805,#9806,#9807);
#9805 = CARTESIAN_POINT('',(0.6,-2.1,1.11));
#9806 = DIRECTION('',(-1.359631073447E-32,-1.110223024625E-16,-1.));
#9807 = DIRECTION('',(1.224646799147E-16,1.,-1.110223024625E-16));
#9808 = ADVANCED_FACE('',(#9809),#9827,.T.);
#9809 = FACE_BOUND('',#9810,.F.);
#9810 = EDGE_LOOP('',(#9811,#9812,#9820,#9826));
#9811 = ORIENTED_EDGE('',*,*,#9669,.T.);
#9812 = ORIENTED_EDGE('',*,*,#9813,.T.);
#9813 = EDGE_CURVE('',#9661,#9814,#9816,.T.);
#9814 = VERTEX_POINT('',#9815);
#9815 = CARTESIAN_POINT('',(0.4,-2.02,1.144808050304));
#9816 = LINE('',#9817,#9818);
#9817 = CARTESIAN_POINT('',(0.6,-2.02,1.144808050304));
#9818 = VECTOR('',#9819,1.);
#9819 = DIRECTION('',(-1.,1.224646799147E-16,0.));
#9820 = ORIENTED_EDGE('',*,*,#9821,.F.);
#9821 = EDGE_CURVE('',#9790,#9814,#9822,.T.);
#9822 = LINE('',#9823,#9824);
#9823 = CARTESIAN_POINT('',(0.4,-2.02,1.11));
#9824 = VECTOR('',#9825,1.);
#9825 = DIRECTION('',(1.359631073447E-32,1.110223024625E-16,1.));
#9826 = ORIENTED_EDGE('',*,*,#9789,.F.);
#9827 = PLANE('',#9828);
#9828 = AXIS2_PLACEMENT_3D('',#9829,#9830,#9831);
#9829 = CARTESIAN_POINT('',(0.6,-2.02,1.11));
#9830 = DIRECTION('',(1.224646799147E-16,1.,-1.110223024625E-16));
#9831 = DIRECTION('',(1.359631073447E-32,1.110223024625E-16,1.));
#9832 = ADVANCED_FACE('',(#9833),#9852,.F.);
#9833 = FACE_BOUND('',#9834,.F.);
#9834 = EDGE_LOOP('',(#9835,#9836,#9844,#9851));
#9835 = ORIENTED_EDGE('',*,*,#9660,.T.);
#9836 = ORIENTED_EDGE('',*,*,#9837,.T.);
#9837 = EDGE_CURVE('',#9653,#9838,#9840,.T.);
#9838 = VERTEX_POINT('',#9839);
#9839 = CARTESIAN_POINT('',(0.4,-1.933917310096,1.243834857179));
#9840 = LINE('',#9841,#9842);
#9841 = CARTESIAN_POINT('',(0.6,-1.933917310096,1.243834857179));
#9842 = VECTOR('',#9843,1.);
#9843 = DIRECTION('',(-1.,1.224646799147E-16,0.));
#9844 = ORIENTED_EDGE('',*,*,#9845,.F.);
#9845 = EDGE_CURVE('',#9814,#9838,#9846,.T.);
#9846 = CIRCLE('',#9847,0.1);
#9847 = AXIS2_PLACEMENT_3D('',#9848,#9849,#9850);
#9848 = CARTESIAN_POINT('',(0.4,-1.92,1.144808050304));
#9849 = DIRECTION('',(-1.,1.224646799147E-16,0.));
#9850 = DIRECTION('',(-1.224646799147E-16,-1.,1.110223024625E-16));
#9851 = ORIENTED_EDGE('',*,*,#9813,.F.);
#9852 = CYLINDRICAL_SURFACE('',#9853,0.1);
#9853 = AXIS2_PLACEMENT_3D('',#9854,#9855,#9856);
#9854 = CARTESIAN_POINT('',(0.6,-1.92,1.144808050304));
#9855 = DIRECTION('',(1.,-1.224646799147E-16,0.));
#9856 = DIRECTION('',(-1.224646799147E-16,-1.,1.110223024625E-16));
#9857 = ADVANCED_FACE('',(#9858),#9869,.T.);
#9858 = FACE_BOUND('',#9859,.F.);
#9859 = EDGE_LOOP('',(#9860,#9861,#9862,#9868));
#9860 = ORIENTED_EDGE('',*,*,#9652,.T.);
#9861 = ORIENTED_EDGE('',*,*,#9725,.T.);
#9862 = ORIENTED_EDGE('',*,*,#9863,.F.);
#9863 = EDGE_CURVE('',#9838,#9718,#9864,.T.);
#9864 = LINE('',#9865,#9866);
#9865 = CARTESIAN_POINT('',(0.4,-1.933917310096,1.243834857179));
#9866 = VECTOR('',#9867,1.);
#9867 = DIRECTION('',(1.212728620682E-16,0.990268068742,0.13917310096));
#9868 = ORIENTED_EDGE('',*,*,#9837,.F.);
#9869 = PLANE('',#9870);
#9870 = AXIS2_PLACEMENT_3D('',#9871,#9872,#9873);
#9871 = CARTESIAN_POINT('',(0.6,-1.933917310096,1.243834857179));
#9872 = DIRECTION('',(1.704378926182E-17,0.13917310096,-0.990268068742)
  );
#9873 = DIRECTION('',(1.212728620682E-16,0.990268068742,0.13917310096));
#9874 = ADVANCED_FACE('',(#9875),#9884,.F.);
#9875 = FACE_BOUND('',#9876,.F.);
#9876 = EDGE_LOOP('',(#9877,#9878,#9879,#9880,#9881,#9882,#9883));
#9877 = ORIENTED_EDGE('',*,*,#9717,.T.);
#9878 = ORIENTED_EDGE('',*,*,#9748,.T.);
#9879 = ORIENTED_EDGE('',*,*,#9764,.T.);
#9880 = ORIENTED_EDGE('',*,*,#9797,.T.);
#9881 = ORIENTED_EDGE('',*,*,#9821,.T.);
#9882 = ORIENTED_EDGE('',*,*,#9845,.T.);
#9883 = ORIENTED_EDGE('',*,*,#9863,.T.);
#9884 = PLANE('',#9885);
#9885 = AXIS2_PLACEMENT_3D('',#9886,#9887,#9888);
#9886 = CARTESIAN_POINT('',(0.4,-3.47,1.02));
#9887 = DIRECTION('',(1.,-1.224646799147E-16,0.));
#9888 = DIRECTION('',(-1.224646799147E-16,-1.,1.110223024625E-16));
#9889 = MANIFOLD_SOLID_BREP('',#9890);
#9890 = CLOSED_SHELL('',(#9891,#9957,#9988,#10012,#10037,#10061,#10085,
    #10110,#10127));
#9891 = ADVANCED_FACE('',(#9892),#9952,.T.);
#9892 = FACE_BOUND('',#9893,.F.);
#9893 = EDGE_LOOP('',(#9894,#9904,#9912,#9921,#9929,#9937,#9946));
#9894 = ORIENTED_EDGE('',*,*,#9895,.F.);
#9895 = EDGE_CURVE('',#9896,#9898,#9900,.T.);
#9896 = VERTEX_POINT('',#9897);
#9897 = CARTESIAN_POINT('',(0.1,-1.393,1.319855827444));
#9898 = VERTEX_POINT('',#9899);
#9899 = CARTESIAN_POINT('',(0.1,-2.447,1.319855827445));
#9900 = LINE('',#9901,#9902);
#9901 = CARTESIAN_POINT('',(0.1,-1.393,1.319855827444));
#9902 = VECTOR('',#9903,1.);
#9903 = DIRECTION('',(-1.224646799147E-16,-1.,1.110223024625E-16));
#9904 = ORIENTED_EDGE('',*,*,#9905,.F.);
#9905 = EDGE_CURVE('',#9906,#9896,#9908,.T.);
#9906 = VERTEX_POINT('',#9907);
#9907 = CARTESIAN_POINT('',(0.1,-1.933917310096,1.243834857179));
#9908 = LINE('',#9909,#9910);
#9909 = CARTESIAN_POINT('',(0.1,-1.933917310096,1.243834857179));
#9910 = VECTOR('',#9911,1.);
#9911 = DIRECTION('',(1.212728620682E-16,0.990268068742,0.13917310096));
#9912 = ORIENTED_EDGE('',*,*,#9913,.F.);
#9913 = EDGE_CURVE('',#9914,#9906,#9916,.T.);
#9914 = VERTEX_POINT('',#9915);
#9915 = CARTESIAN_POINT('',(0.1,-2.02,1.144808050304));
#9916 = CIRCLE('',#9917,0.1);
#9917 = AXIS2_PLACEMENT_3D('',#9918,#9919,#9920);
#9918 = CARTESIAN_POINT('',(0.1,-1.92,1.144808050304));
#9919 = DIRECTION('',(-1.,1.224646799147E-16,0.));
#9920 = DIRECTION('',(-1.224646799147E-16,-1.,1.110223024625E-16));
#9921 = ORIENTED_EDGE('',*,*,#9922,.F.);
#9922 = EDGE_CURVE('',#9923,#9914,#9925,.T.);
#9923 = VERTEX_POINT('',#9924);
#9924 = CARTESIAN_POINT('',(0.1,-2.02,1.11));
#9925 = LINE('',#9926,#9927);
#9926 = CARTESIAN_POINT('',(0.1,-2.02,1.11));
#9927 = VECTOR('',#9928,1.);
#9928 = DIRECTION('',(1.359631073447E-32,1.110223024625E-16,1.));
#9929 = ORIENTED_EDGE('',*,*,#9930,.F.);
#9930 = EDGE_CURVE('',#9931,#9923,#9933,.T.);
#9931 = VERTEX_POINT('',#9932);
#9932 = CARTESIAN_POINT('',(0.1,-2.1,1.11));
#9933 = LINE('',#9934,#9935);
#9934 = CARTESIAN_POINT('',(0.1,-2.1,1.11));
#9935 = VECTOR('',#9936,1.);
#9936 = DIRECTION('',(1.224646799147E-16,1.,-1.110223024625E-16));
#9937 = ORIENTED_EDGE('',*,*,#9938,.F.);
#9938 = EDGE_CURVE('',#9939,#9931,#9941,.T.);
#9939 = VERTEX_POINT('',#9940);
#9940 = CARTESIAN_POINT('',(0.1,-2.186036465453,1.137127193357));
#9941 = CIRCLE('',#9942,0.15);
#9942 = AXIS2_PLACEMENT_3D('',#9943,#9944,#9945);
#9943 = CARTESIAN_POINT('',(0.1,-2.1,1.26));
#9944 = DIRECTION('',(1.,-1.224646799147E-16,-1.232595164408E-32));
#9945 = DIRECTION('',(-7.024285468436E-17,-0.573576436351,
    -0.819152044289));
#9946 = ORIENTED_EDGE('',*,*,#9947,.F.);
#9947 = EDGE_CURVE('',#9898,#9939,#9948,.T.);
#9948 = LINE('',#9949,#9950);
#9949 = CARTESIAN_POINT('',(0.1,-2.447,1.319855827445));
#9950 = VECTOR('',#9951,1.);
#9951 = DIRECTION('',(1.003171929054E-16,0.819152044289,-0.573576436351)
  );
#9952 = PLANE('',#9953);
#9953 = AXIS2_PLACEMENT_3D('',#9954,#9955,#9956);
#9954 = CARTESIAN_POINT('',(0.1,-3.47,1.02));
#9955 = DIRECTION('',(1.,-1.224646799147E-16,0.));
#9956 = DIRECTION('',(-1.224646799147E-16,-1.,1.110223024625E-16));
#9957 = ADVANCED_FACE('',(#9958),#9983,.T.);
#9958 = FACE_BOUND('',#9959,.F.);
#9959 = EDGE_LOOP('',(#9960,#9961,#9969,#9977));
#9960 = ORIENTED_EDGE('',*,*,#9895,.T.);
#9961 = ORIENTED_EDGE('',*,*,#9962,.T.);
#9962 = EDGE_CURVE('',#9898,#9963,#9965,.T.);
#9963 = VERTEX_POINT('',#9964);
#9964 = CARTESIAN_POINT('',(-1.E-01,-2.447,1.319855827445));
#9965 = LINE('',#9966,#9967);
#9966 = CARTESIAN_POINT('',(0.1,-2.447,1.319855827445));
#9967 = VECTOR('',#9968,1.);
#9968 = DIRECTION('',(-1.,1.224646799147E-16,0.));
#9969 = ORIENTED_EDGE('',*,*,#9970,.F.);
#9970 = EDGE_CURVE('',#9971,#9963,#9973,.T.);
#9971 = VERTEX_POINT('',#9972);
#9972 = CARTESIAN_POINT('',(-1.E-01,-1.393,1.319855827444));
#9973 = LINE('',#9974,#9975);
#9974 = CARTESIAN_POINT('',(-1.E-01,-1.393,1.319855827444));
#9975 = VECTOR('',#9976,1.);
#9976 = DIRECTION('',(-1.224646799147E-16,-1.,1.110223024625E-16));
#9977 = ORIENTED_EDGE('',*,*,#9978,.F.);
#9978 = EDGE_CURVE('',#9896,#9971,#9979,.T.);
#9979 = LINE('',#9980,#9981);
#9980 = CARTESIAN_POINT('',(0.1,-1.393,1.319855827444));
#9981 = VECTOR('',#9982,1.);
#9982 = DIRECTION('',(-1.,1.224646799147E-16,0.));
#9983 = PLANE('',#9984);
#9984 = AXIS2_PLACEMENT_3D('',#9985,#9986,#9987);
#9985 = CARTESIAN_POINT('',(0.1,-1.393,1.319855827444));
#9986 = DIRECTION('',(1.359631073447E-32,1.110223024625E-16,1.));
#9987 = DIRECTION('',(-1.224646799147E-16,-1.,1.110223024625E-16));
#9988 = ADVANCED_FACE('',(#9989),#10007,.T.);
#9989 = FACE_BOUND('',#9990,.F.);
#9990 = EDGE_LOOP('',(#9991,#9992,#10000,#10006));
#9991 = ORIENTED_EDGE('',*,*,#9947,.T.);
#9992 = ORIENTED_EDGE('',*,*,#9993,.T.);
#9993 = EDGE_CURVE('',#9939,#9994,#9996,.T.);
#9994 = VERTEX_POINT('',#9995);
#9995 = CARTESIAN_POINT('',(-1.E-01,-2.186036465453,1.137127193357));
#9996 = LINE('',#9997,#9998);
#9997 = CARTESIAN_POINT('',(0.1,-2.186036465453,1.137127193357));
#9998 = VECTOR('',#9999,1.);
#9999 = DIRECTION('',(-1.,1.224646799147E-16,0.));
#10000 = ORIENTED_EDGE('',*,*,#10001,.F.);
#10001 = EDGE_CURVE('',#9963,#9994,#10002,.T.);
#10002 = LINE('',#10003,#10004);
#10003 = CARTESIAN_POINT('',(-1.E-01,-2.447,1.319855827445));
#10004 = VECTOR('',#10005,1.);
#10005 = DIRECTION('',(1.003171929054E-16,0.819152044289,-0.573576436351
    ));
#10006 = ORIENTED_EDGE('',*,*,#9962,.F.);
#10007 = PLANE('',#10008);
#10008 = AXIS2_PLACEMENT_3D('',#10009,#10010,#10011);
#10009 = CARTESIAN_POINT('',(0.1,-2.447,1.319855827445));
#10010 = DIRECTION('',(-7.024285468436E-17,-0.573576436351,
    -0.819152044289));
#10011 = DIRECTION('',(1.003171929054E-16,0.819152044289,-0.573576436351
    ));
#10012 = ADVANCED_FACE('',(#10013),#10032,.T.);
#10013 = FACE_BOUND('',#10014,.T.);
#10014 = EDGE_LOOP('',(#10015,#10016,#10025,#10031));
#10015 = ORIENTED_EDGE('',*,*,#9993,.T.);
#10016 = ORIENTED_EDGE('',*,*,#10017,.T.);
#10017 = EDGE_CURVE('',#9994,#10018,#10020,.T.);
#10018 = VERTEX_POINT('',#10019);
#10019 = CARTESIAN_POINT('',(-1.E-01,-2.1,1.11));
#10020 = CIRCLE('',#10021,0.15);
#10021 = AXIS2_PLACEMENT_3D('',#10022,#10023,#10024);
#10022 = CARTESIAN_POINT('',(-1.E-01,-2.1,1.26));
#10023 = DIRECTION('',(1.,-1.224646799147E-16,-1.232595164408E-32));
#10024 = DIRECTION('',(-7.024285468436E-17,-0.573576436351,
    -0.819152044289));
#10025 = ORIENTED_EDGE('',*,*,#10026,.F.);
#10026 = EDGE_CURVE('',#9931,#10018,#10027,.T.);
#10027 = LINE('',#10028,#10029);
#10028 = CARTESIAN_POINT('',(0.1,-2.1,1.11));
#10029 = VECTOR('',#10030,1.);
#10030 = DIRECTION('',(-1.,1.224646799147E-16,0.));
#10031 = ORIENTED_EDGE('',*,*,#9938,.F.);
#10032 = CYLINDRICAL_SURFACE('',#10033,0.15);
#10033 = AXIS2_PLACEMENT_3D('',#10034,#10035,#10036);
#10034 = CARTESIAN_POINT('',(0.1,-2.1,1.26));
#10035 = DIRECTION('',(1.,-1.224646799147E-16,0.));
#10036 = DIRECTION('',(-1.224646799147E-16,-1.,1.110223024625E-16));
#10037 = ADVANCED_FACE('',(#10038),#10056,.T.);
#10038 = FACE_BOUND('',#10039,.F.);
#10039 = EDGE_LOOP('',(#10040,#10041,#10049,#10055));
#10040 = ORIENTED_EDGE('',*,*,#9930,.T.);
#10041 = ORIENTED_EDGE('',*,*,#10042,.T.);
#10042 = EDGE_CURVE('',#9923,#10043,#10045,.T.);
#10043 = VERTEX_POINT('',#10044);
#10044 = CARTESIAN_POINT('',(-1.E-01,-2.02,1.11));
#10045 = LINE('',#10046,#10047);
#10046 = CARTESIAN_POINT('',(0.1,-2.02,1.11));
#10047 = VECTOR('',#10048,1.);
#10048 = DIRECTION('',(-1.,1.224646799147E-16,0.));
#10049 = ORIENTED_EDGE('',*,*,#10050,.F.);
#10050 = EDGE_CURVE('',#10018,#10043,#10051,.T.);
#10051 = LINE('',#10052,#10053);
#10052 = CARTESIAN_POINT('',(-1.E-01,-2.1,1.11));
#10053 = VECTOR('',#10054,1.);
#10054 = DIRECTION('',(1.224646799147E-16,1.,-1.110223024625E-16));
#10055 = ORIENTED_EDGE('',*,*,#10026,.F.);
#10056 = PLANE('',#10057);
#10057 = AXIS2_PLACEMENT_3D('',#10058,#10059,#10060);
#10058 = CARTESIAN_POINT('',(0.1,-2.1,1.11));
#10059 = DIRECTION('',(-1.359631073447E-32,-1.110223024625E-16,-1.));
#10060 = DIRECTION('',(1.224646799147E-16,1.,-1.110223024625E-16));
#10061 = ADVANCED_FACE('',(#10062),#10080,.T.);
#10062 = FACE_BOUND('',#10063,.F.);
#10063 = EDGE_LOOP('',(#10064,#10065,#10073,#10079));
#10064 = ORIENTED_EDGE('',*,*,#9922,.T.);
#10065 = ORIENTED_EDGE('',*,*,#10066,.T.);
#10066 = EDGE_CURVE('',#9914,#10067,#10069,.T.);
#10067 = VERTEX_POINT('',#10068);
#10068 = CARTESIAN_POINT('',(-1.E-01,-2.02,1.144808050304));
#10069 = LINE('',#10070,#10071);
#10070 = CARTESIAN_POINT('',(0.1,-2.02,1.144808050304));
#10071 = VECTOR('',#10072,1.);
#10072 = DIRECTION('',(-1.,1.224646799147E-16,0.));
#10073 = ORIENTED_EDGE('',*,*,#10074,.F.);
#10074 = EDGE_CURVE('',#10043,#10067,#10075,.T.);
#10075 = LINE('',#10076,#10077);
#10076 = CARTESIAN_POINT('',(-1.E-01,-2.02,1.11));
#10077 = VECTOR('',#10078,1.);
#10078 = DIRECTION('',(1.359631073447E-32,1.110223024625E-16,1.));
#10079 = ORIENTED_EDGE('',*,*,#10042,.F.);
#10080 = PLANE('',#10081);
#10081 = AXIS2_PLACEMENT_3D('',#10082,#10083,#10084);
#10082 = CARTESIAN_POINT('',(0.1,-2.02,1.11));
#10083 = DIRECTION('',(1.224646799147E-16,1.,-1.110223024625E-16));
#10084 = DIRECTION('',(1.359631073447E-32,1.110223024625E-16,1.));
#10085 = ADVANCED_FACE('',(#10086),#10105,.F.);
#10086 = FACE_BOUND('',#10087,.F.);
#10087 = EDGE_LOOP('',(#10088,#10089,#10097,#10104));
#10088 = ORIENTED_EDGE('',*,*,#9913,.T.);
#10089 = ORIENTED_EDGE('',*,*,#10090,.T.);
#10090 = EDGE_CURVE('',#9906,#10091,#10093,.T.);
#10091 = VERTEX_POINT('',#10092);
#10092 = CARTESIAN_POINT('',(-1.E-01,-1.933917310096,1.243834857179));
#10093 = LINE('',#10094,#10095);
#10094 = CARTESIAN_POINT('',(0.1,-1.933917310096,1.243834857179));
#10095 = VECTOR('',#10096,1.);
#10096 = DIRECTION('',(-1.,1.224646799147E-16,0.));
#10097 = ORIENTED_EDGE('',*,*,#10098,.F.);
#10098 = EDGE_CURVE('',#10067,#10091,#10099,.T.);
#10099 = CIRCLE('',#10100,0.1);
#10100 = AXIS2_PLACEMENT_3D('',#10101,#10102,#10103);
#10101 = CARTESIAN_POINT('',(-1.E-01,-1.92,1.144808050304));
#10102 = DIRECTION('',(-1.,1.224646799147E-16,0.));
#10103 = DIRECTION('',(-1.224646799147E-16,-1.,1.110223024625E-16));
#10104 = ORIENTED_EDGE('',*,*,#10066,.F.);
#10105 = CYLINDRICAL_SURFACE('',#10106,0.1);
#10106 = AXIS2_PLACEMENT_3D('',#10107,#10108,#10109);
#10107 = CARTESIAN_POINT('',(0.1,-1.92,1.144808050304));
#10108 = DIRECTION('',(1.,-1.224646799147E-16,0.));
#10109 = DIRECTION('',(-1.224646799147E-16,-1.,1.110223024625E-16));
#10110 = ADVANCED_FACE('',(#10111),#10122,.T.);
#10111 = FACE_BOUND('',#10112,.F.);
#10112 = EDGE_LOOP('',(#10113,#10114,#10115,#10121));
#10113 = ORIENTED_EDGE('',*,*,#9905,.T.);
#10114 = ORIENTED_EDGE('',*,*,#9978,.T.);
#10115 = ORIENTED_EDGE('',*,*,#10116,.F.);
#10116 = EDGE_CURVE('',#10091,#9971,#10117,.T.);
#10117 = LINE('',#10118,#10119);
#10118 = CARTESIAN_POINT('',(-1.E-01,-1.933917310096,1.243834857179));
#10119 = VECTOR('',#10120,1.);
#10120 = DIRECTION('',(1.212728620682E-16,0.990268068742,0.13917310096)
  );
#10121 = ORIENTED_EDGE('',*,*,#10090,.F.);
#10122 = PLANE('',#10123);
#10123 = AXIS2_PLACEMENT_3D('',#10124,#10125,#10126);
#10124 = CARTESIAN_POINT('',(0.1,-1.933917310096,1.243834857179));
#10125 = DIRECTION('',(1.704378926182E-17,0.13917310096,-0.990268068742)
  );
#10126 = DIRECTION('',(1.212728620682E-16,0.990268068742,0.13917310096)
  );
#10127 = ADVANCED_FACE('',(#10128),#10137,.F.);
#10128 = FACE_BOUND('',#10129,.F.);
#10129 = EDGE_LOOP('',(#10130,#10131,#10132,#10133,#10134,#10135,#10136)
  );
#10130 = ORIENTED_EDGE('',*,*,#9970,.T.);
#10131 = ORIENTED_EDGE('',*,*,#10001,.T.);
#10132 = ORIENTED_EDGE('',*,*,#10017,.T.);
#10133 = ORIENTED_EDGE('',*,*,#10050,.T.);
#10134 = ORIENTED_EDGE('',*,*,#10074,.T.);
#10135 = ORIENTED_EDGE('',*,*,#10098,.T.);
#10136 = ORIENTED_EDGE('',*,*,#10116,.T.);
#10137 = PLANE('',#10138);
#10138 = AXIS2_PLACEMENT_3D('',#10139,#10140,#10141);
#10139 = CARTESIAN_POINT('',(-0.1,-3.47,1.02));
#10140 = DIRECTION('',(1.,-1.224646799147E-16,0.));
#10141 = DIRECTION('',(-1.224646799147E-16,-1.,1.110223024625E-16));
#10142 = MANIFOLD_SOLID_BREP('',#10143);
#10143 = CLOSED_SHELL('',(#10144,#10210,#10241,#10265,#10290,#10314,
    #10338,#10363,#10380));
#10144 = ADVANCED_FACE('',(#10145),#10205,.T.);
#10145 = FACE_BOUND('',#10146,.F.);
#10146 = EDGE_LOOP('',(#10147,#10157,#10165,#10174,#10182,#10190,#10199)
  );
#10147 = ORIENTED_EDGE('',*,*,#10148,.F.);
#10148 = EDGE_CURVE('',#10149,#10151,#10153,.T.);
#10149 = VERTEX_POINT('',#10150);
#10150 = CARTESIAN_POINT('',(-0.4,-1.393,1.319855827444));
#10151 = VERTEX_POINT('',#10152);
#10152 = CARTESIAN_POINT('',(-0.4,-2.447,1.319855827445));
#10153 = LINE('',#10154,#10155);
#10154 = CARTESIAN_POINT('',(-0.4,-1.393,1.319855827444));
#10155 = VECTOR('',#10156,1.);
#10156 = DIRECTION('',(-1.224646799147E-16,-1.,1.110223024625E-16));
#10157 = ORIENTED_EDGE('',*,*,#10158,.F.);
#10158 = EDGE_CURVE('',#10159,#10149,#10161,.T.);
#10159 = VERTEX_POINT('',#10160);
#10160 = CARTESIAN_POINT('',(-0.4,-1.933917310096,1.243834857179));
#10161 = LINE('',#10162,#10163);
#10162 = CARTESIAN_POINT('',(-0.4,-1.933917310096,1.243834857179));
#10163 = VECTOR('',#10164,1.);
#10164 = DIRECTION('',(1.212728620682E-16,0.990268068742,0.13917310096)
  );
#10165 = ORIENTED_EDGE('',*,*,#10166,.F.);
#10166 = EDGE_CURVE('',#10167,#10159,#10169,.T.);
#10167 = VERTEX_POINT('',#10168);
#10168 = CARTESIAN_POINT('',(-0.4,-2.02,1.144808050304));
#10169 = CIRCLE('',#10170,0.1);
#10170 = AXIS2_PLACEMENT_3D('',#10171,#10172,#10173);
#10171 = CARTESIAN_POINT('',(-0.4,-1.92,1.144808050304));
#10172 = DIRECTION('',(-1.,1.224646799147E-16,0.));
#10173 = DIRECTION('',(-1.224646799147E-16,-1.,1.110223024625E-16));
#10174 = ORIENTED_EDGE('',*,*,#10175,.F.);
#10175 = EDGE_CURVE('',#10176,#10167,#10178,.T.);
#10176 = VERTEX_POINT('',#10177);
#10177 = CARTESIAN_POINT('',(-0.4,-2.02,1.11));
#10178 = LINE('',#10179,#10180);
#10179 = CARTESIAN_POINT('',(-0.4,-2.02,1.11));
#10180 = VECTOR('',#10181,1.);
#10181 = DIRECTION('',(1.359631073447E-32,1.110223024625E-16,1.));
#10182 = ORIENTED_EDGE('',*,*,#10183,.F.);
#10183 = EDGE_CURVE('',#10184,#10176,#10186,.T.);
#10184 = VERTEX_POINT('',#10185);
#10185 = CARTESIAN_POINT('',(-0.4,-2.1,1.11));
#10186 = LINE('',#10187,#10188);
#10187 = CARTESIAN_POINT('',(-0.4,-2.1,1.11));
#10188 = VECTOR('',#10189,1.);
#10189 = DIRECTION('',(1.224646799147E-16,1.,-1.110223024625E-16));
#10190 = ORIENTED_EDGE('',*,*,#10191,.F.);
#10191 = EDGE_CURVE('',#10192,#10184,#10194,.T.);
#10192 = VERTEX_POINT('',#10193);
#10193 = CARTESIAN_POINT('',(-0.4,-2.186036465453,1.137127193357));
#10194 = CIRCLE('',#10195,0.15);
#10195 = AXIS2_PLACEMENT_3D('',#10196,#10197,#10198);
#10196 = CARTESIAN_POINT('',(-0.4,-2.1,1.26));
#10197 = DIRECTION('',(1.,-1.224646799147E-16,-1.232595164408E-32));
#10198 = DIRECTION('',(-7.024285468436E-17,-0.573576436351,
    -0.819152044289));
#10199 = ORIENTED_EDGE('',*,*,#10200,.F.);
#10200 = EDGE_CURVE('',#10151,#10192,#10201,.T.);
#10201 = LINE('',#10202,#10203);
#10202 = CARTESIAN_POINT('',(-0.4,-2.447,1.319855827445));
#10203 = VECTOR('',#10204,1.);
#10204 = DIRECTION('',(1.003171929054E-16,0.819152044289,-0.573576436351
    ));
#10205 = PLANE('',#10206);
#10206 = AXIS2_PLACEMENT_3D('',#10207,#10208,#10209);
#10207 = CARTESIAN_POINT('',(-0.4,-3.47,1.02));
#10208 = DIRECTION('',(1.,-1.224646799147E-16,0.));
#10209 = DIRECTION('',(-1.224646799147E-16,-1.,1.110223024625E-16));
#10210 = ADVANCED_FACE('',(#10211),#10236,.T.);
#10211 = FACE_BOUND('',#10212,.F.);
#10212 = EDGE_LOOP('',(#10213,#10214,#10222,#10230));
#10213 = ORIENTED_EDGE('',*,*,#10148,.T.);
#10214 = ORIENTED_EDGE('',*,*,#10215,.T.);
#10215 = EDGE_CURVE('',#10151,#10216,#10218,.T.);
#10216 = VERTEX_POINT('',#10217);
#10217 = CARTESIAN_POINT('',(-0.6,-2.447,1.319855827445));
#10218 = LINE('',#10219,#10220);
#10219 = CARTESIAN_POINT('',(-0.4,-2.447,1.319855827445));
#10220 = VECTOR('',#10221,1.);
#10221 = DIRECTION('',(-1.,1.224646799147E-16,0.));
#10222 = ORIENTED_EDGE('',*,*,#10223,.F.);
#10223 = EDGE_CURVE('',#10224,#10216,#10226,.T.);
#10224 = VERTEX_POINT('',#10225);
#10225 = CARTESIAN_POINT('',(-0.6,-1.393,1.319855827444));
#10226 = LINE('',#10227,#10228);
#10227 = CARTESIAN_POINT('',(-0.6,-1.393,1.319855827444));
#10228 = VECTOR('',#10229,1.);
#10229 = DIRECTION('',(-1.224646799147E-16,-1.,1.110223024625E-16));
#10230 = ORIENTED_EDGE('',*,*,#10231,.F.);
#10231 = EDGE_CURVE('',#10149,#10224,#10232,.T.);
#10232 = LINE('',#10233,#10234);
#10233 = CARTESIAN_POINT('',(-0.4,-1.393,1.319855827444));
#10234 = VECTOR('',#10235,1.);
#10235 = DIRECTION('',(-1.,1.224646799147E-16,0.));
#10236 = PLANE('',#10237);
#10237 = AXIS2_PLACEMENT_3D('',#10238,#10239,#10240);
#10238 = CARTESIAN_POINT('',(-0.4,-1.393,1.319855827444));
#10239 = DIRECTION('',(1.359631073447E-32,1.110223024625E-16,1.));
#10240 = DIRECTION('',(-1.224646799147E-16,-1.,1.110223024625E-16));
#10241 = ADVANCED_FACE('',(#10242),#10260,.T.);
#10242 = FACE_BOUND('',#10243,.F.);
#10243 = EDGE_LOOP('',(#10244,#10245,#10253,#10259));
#10244 = ORIENTED_EDGE('',*,*,#10200,.T.);
#10245 = ORIENTED_EDGE('',*,*,#10246,.T.);
#10246 = EDGE_CURVE('',#10192,#10247,#10249,.T.);
#10247 = VERTEX_POINT('',#10248);
#10248 = CARTESIAN_POINT('',(-0.6,-2.186036465453,1.137127193357));
#10249 = LINE('',#10250,#10251);
#10250 = CARTESIAN_POINT('',(-0.4,-2.186036465453,1.137127193357));
#10251 = VECTOR('',#10252,1.);
#10252 = DIRECTION('',(-1.,1.224646799147E-16,0.));
#10253 = ORIENTED_EDGE('',*,*,#10254,.F.);
#10254 = EDGE_CURVE('',#10216,#10247,#10255,.T.);
#10255 = LINE('',#10256,#10257);
#10256 = CARTESIAN_POINT('',(-0.6,-2.447,1.319855827445));
#10257 = VECTOR('',#10258,1.);
#10258 = DIRECTION('',(1.003171929054E-16,0.819152044289,-0.573576436351
    ));
#10259 = ORIENTED_EDGE('',*,*,#10215,.F.);
#10260 = PLANE('',#10261);
#10261 = AXIS2_PLACEMENT_3D('',#10262,#10263,#10264);
#10262 = CARTESIAN_POINT('',(-0.4,-2.447,1.319855827445));
#10263 = DIRECTION('',(-7.024285468436E-17,-0.573576436351,
    -0.819152044289));
#10264 = DIRECTION('',(1.003171929054E-16,0.819152044289,-0.573576436351
    ));
#10265 = ADVANCED_FACE('',(#10266),#10285,.T.);
#10266 = FACE_BOUND('',#10267,.T.);
#10267 = EDGE_LOOP('',(#10268,#10269,#10278,#10284));
#10268 = ORIENTED_EDGE('',*,*,#10246,.T.);
#10269 = ORIENTED_EDGE('',*,*,#10270,.T.);
#10270 = EDGE_CURVE('',#10247,#10271,#10273,.T.);
#10271 = VERTEX_POINT('',#10272);
#10272 = CARTESIAN_POINT('',(-0.6,-2.1,1.11));
#10273 = CIRCLE('',#10274,0.15);
#10274 = AXIS2_PLACEMENT_3D('',#10275,#10276,#10277);
#10275 = CARTESIAN_POINT('',(-0.6,-2.1,1.26));
#10276 = DIRECTION('',(1.,-1.224646799147E-16,-1.232595164408E-32));
#10277 = DIRECTION('',(-7.024285468436E-17,-0.573576436351,
    -0.819152044289));
#10278 = ORIENTED_EDGE('',*,*,#10279,.F.);
#10279 = EDGE_CURVE('',#10184,#10271,#10280,.T.);
#10280 = LINE('',#10281,#10282);
#10281 = CARTESIAN_POINT('',(-0.4,-2.1,1.11));
#10282 = VECTOR('',#10283,1.);
#10283 = DIRECTION('',(-1.,1.224646799147E-16,0.));
#10284 = ORIENTED_EDGE('',*,*,#10191,.F.);
#10285 = CYLINDRICAL_SURFACE('',#10286,0.15);
#10286 = AXIS2_PLACEMENT_3D('',#10287,#10288,#10289);
#10287 = CARTESIAN_POINT('',(-0.4,-2.1,1.26));
#10288 = DIRECTION('',(1.,-1.224646799147E-16,0.));
#10289 = DIRECTION('',(-1.224646799147E-16,-1.,1.110223024625E-16));
#10290 = ADVANCED_FACE('',(#10291),#10309,.T.);
#10291 = FACE_BOUND('',#10292,.F.);
#10292 = EDGE_LOOP('',(#10293,#10294,#10302,#10308));
#10293 = ORIENTED_EDGE('',*,*,#10183,.T.);
#10294 = ORIENTED_EDGE('',*,*,#10295,.T.);
#10295 = EDGE_CURVE('',#10176,#10296,#10298,.T.);
#10296 = VERTEX_POINT('',#10297);
#10297 = CARTESIAN_POINT('',(-0.6,-2.02,1.11));
#10298 = LINE('',#10299,#10300);
#10299 = CARTESIAN_POINT('',(-0.4,-2.02,1.11));
#10300 = VECTOR('',#10301,1.);
#10301 = DIRECTION('',(-1.,1.224646799147E-16,0.));
#10302 = ORIENTED_EDGE('',*,*,#10303,.F.);
#10303 = EDGE_CURVE('',#10271,#10296,#10304,.T.);
#10304 = LINE('',#10305,#10306);
#10305 = CARTESIAN_POINT('',(-0.6,-2.1,1.11));
#10306 = VECTOR('',#10307,1.);
#10307 = DIRECTION('',(1.224646799147E-16,1.,-1.110223024625E-16));
#10308 = ORIENTED_EDGE('',*,*,#10279,.F.);
#10309 = PLANE('',#10310);
#10310 = AXIS2_PLACEMENT_3D('',#10311,#10312,#10313);
#10311 = CARTESIAN_POINT('',(-0.4,-2.1,1.11));
#10312 = DIRECTION('',(-1.359631073447E-32,-1.110223024625E-16,-1.));
#10313 = DIRECTION('',(1.224646799147E-16,1.,-1.110223024625E-16));
#10314 = ADVANCED_FACE('',(#10315),#10333,.T.);
#10315 = FACE_BOUND('',#10316,.F.);
#10316 = EDGE_LOOP('',(#10317,#10318,#10326,#10332));
#10317 = ORIENTED_EDGE('',*,*,#10175,.T.);
#10318 = ORIENTED_EDGE('',*,*,#10319,.T.);
#10319 = EDGE_CURVE('',#10167,#10320,#10322,.T.);
#10320 = VERTEX_POINT('',#10321);
#10321 = CARTESIAN_POINT('',(-0.6,-2.02,1.144808050304));
#10322 = LINE('',#10323,#10324);
#10323 = CARTESIAN_POINT('',(-0.4,-2.02,1.144808050304));
#10324 = VECTOR('',#10325,1.);
#10325 = DIRECTION('',(-1.,1.224646799147E-16,0.));
#10326 = ORIENTED_EDGE('',*,*,#10327,.F.);
#10327 = EDGE_CURVE('',#10296,#10320,#10328,.T.);
#10328 = LINE('',#10329,#10330);
#10329 = CARTESIAN_POINT('',(-0.6,-2.02,1.11));
#10330 = VECTOR('',#10331,1.);
#10331 = DIRECTION('',(1.359631073447E-32,1.110223024625E-16,1.));
#10332 = ORIENTED_EDGE('',*,*,#10295,.F.);
#10333 = PLANE('',#10334);
#10334 = AXIS2_PLACEMENT_3D('',#10335,#10336,#10337);
#10335 = CARTESIAN_POINT('',(-0.4,-2.02,1.11));
#10336 = DIRECTION('',(1.224646799147E-16,1.,-1.110223024625E-16));
#10337 = DIRECTION('',(1.359631073447E-32,1.110223024625E-16,1.));
#10338 = ADVANCED_FACE('',(#10339),#10358,.F.);
#10339 = FACE_BOUND('',#10340,.F.);
#10340 = EDGE_LOOP('',(#10341,#10342,#10350,#10357));
#10341 = ORIENTED_EDGE('',*,*,#10166,.T.);
#10342 = ORIENTED_EDGE('',*,*,#10343,.T.);
#10343 = EDGE_CURVE('',#10159,#10344,#10346,.T.);
#10344 = VERTEX_POINT('',#10345);
#10345 = CARTESIAN_POINT('',(-0.6,-1.933917310096,1.243834857179));
#10346 = LINE('',#10347,#10348);
#10347 = CARTESIAN_POINT('',(-0.4,-1.933917310096,1.243834857179));
#10348 = VECTOR('',#10349,1.);
#10349 = DIRECTION('',(-1.,1.224646799147E-16,0.));
#10350 = ORIENTED_EDGE('',*,*,#10351,.F.);
#10351 = EDGE_CURVE('',#10320,#10344,#10352,.T.);
#10352 = CIRCLE('',#10353,0.1);
#10353 = AXIS2_PLACEMENT_3D('',#10354,#10355,#10356);
#10354 = CARTESIAN_POINT('',(-0.6,-1.92,1.144808050304));
#10355 = DIRECTION('',(-1.,1.224646799147E-16,0.));
#10356 = DIRECTION('',(-1.224646799147E-16,-1.,1.110223024625E-16));
#10357 = ORIENTED_EDGE('',*,*,#10319,.F.);
#10358 = CYLINDRICAL_SURFACE('',#10359,0.1);
#10359 = AXIS2_PLACEMENT_3D('',#10360,#10361,#10362);
#10360 = CARTESIAN_POINT('',(-0.4,-1.92,1.144808050304));
#10361 = DIRECTION('',(1.,-1.224646799147E-16,0.));
#10362 = DIRECTION('',(-1.224646799147E-16,-1.,1.110223024625E-16));
#10363 = ADVANCED_FACE('',(#10364),#10375,.T.);
#10364 = FACE_BOUND('',#10365,.F.);
#10365 = EDGE_LOOP('',(#10366,#10367,#10368,#10374));
#10366 = ORIENTED_EDGE('',*,*,#10158,.T.);
#10367 = ORIENTED_EDGE('',*,*,#10231,.T.);
#10368 = ORIENTED_EDGE('',*,*,#10369,.F.);
#10369 = EDGE_CURVE('',#10344,#10224,#10370,.T.);
#10370 = LINE('',#10371,#10372);
#10371 = CARTESIAN_POINT('',(-0.6,-1.933917310096,1.243834857179));
#10372 = VECTOR('',#10373,1.);
#10373 = DIRECTION('',(1.212728620682E-16,0.990268068742,0.13917310096)
  );
#10374 = ORIENTED_EDGE('',*,*,#10343,.F.);
#10375 = PLANE('',#10376);
#10376 = AXIS2_PLACEMENT_3D('',#10377,#10378,#10379);
#10377 = CARTESIAN_POINT('',(-0.4,-1.933917310096,1.243834857179));
#10378 = DIRECTION('',(1.704378926182E-17,0.13917310096,-0.990268068742)
  );
#10379 = DIRECTION('',(1.212728620682E-16,0.990268068742,0.13917310096)
  );
#10380 = ADVANCED_FACE('',(#10381),#10390,.F.);
#10381 = FACE_BOUND('',#10382,.F.);
#10382 = EDGE_LOOP('',(#10383,#10384,#10385,#10386,#10387,#10388,#10389)
  );
#10383 = ORIENTED_EDGE('',*,*,#10223,.T.);
#10384 = ORIENTED_EDGE('',*,*,#10254,.T.);
#10385 = ORIENTED_EDGE('',*,*,#10270,.T.);
#10386 = ORIENTED_EDGE('',*,*,#10303,.T.);
#10387 = ORIENTED_EDGE('',*,*,#10327,.T.);
#10388 = ORIENTED_EDGE('',*,*,#10351,.T.);
#10389 = ORIENTED_EDGE('',*,*,#10369,.T.);
#10390 = PLANE('',#10391);
#10391 = AXIS2_PLACEMENT_3D('',#10392,#10393,#10394);
#10392 = CARTESIAN_POINT('',(-0.6,-3.47,1.02));
#10393 = DIRECTION('',(1.,-1.224646799147E-16,0.));
#10394 = DIRECTION('',(-1.224646799147E-16,-1.,1.110223024625E-16));
#10395 = MANIFOLD_SOLID_BREP('',#10396);
#10396 = CLOSED_SHELL('',(#10397,#10463,#10494,#10518,#10543,#10567,
    #10591,#10616,#10633));
#10397 = ADVANCED_FACE('',(#10398),#10458,.T.);
#10398 = FACE_BOUND('',#10399,.F.);
#10399 = EDGE_LOOP('',(#10400,#10410,#10418,#10427,#10435,#10443,#10452)
  );
#10400 = ORIENTED_EDGE('',*,*,#10401,.F.);
#10401 = EDGE_CURVE('',#10402,#10404,#10406,.T.);
#10402 = VERTEX_POINT('',#10403);
#10403 = CARTESIAN_POINT('',(-0.9,-1.393,1.319855827444));
#10404 = VERTEX_POINT('',#10405);
#10405 = CARTESIAN_POINT('',(-0.9,-2.447,1.319855827445));
#10406 = LINE('',#10407,#10408);
#10407 = CARTESIAN_POINT('',(-0.9,-1.393,1.319855827444));
#10408 = VECTOR('',#10409,1.);
#10409 = DIRECTION('',(-1.224646799147E-16,-1.,1.110223024625E-16));
#10410 = ORIENTED_EDGE('',*,*,#10411,.F.);
#10411 = EDGE_CURVE('',#10412,#10402,#10414,.T.);
#10412 = VERTEX_POINT('',#10413);
#10413 = CARTESIAN_POINT('',(-0.9,-1.933917310096,1.243834857179));
#10414 = LINE('',#10415,#10416);
#10415 = CARTESIAN_POINT('',(-0.9,-1.933917310096,1.243834857179));
#10416 = VECTOR('',#10417,1.);
#10417 = DIRECTION('',(1.212728620682E-16,0.990268068742,0.13917310096)
  );
#10418 = ORIENTED_EDGE('',*,*,#10419,.F.);
#10419 = EDGE_CURVE('',#10420,#10412,#10422,.T.);
#10420 = VERTEX_POINT('',#10421);
#10421 = CARTESIAN_POINT('',(-0.9,-2.02,1.144808050304));
#10422 = CIRCLE('',#10423,0.1);
#10423 = AXIS2_PLACEMENT_3D('',#10424,#10425,#10426);
#10424 = CARTESIAN_POINT('',(-0.9,-1.92,1.144808050304));
#10425 = DIRECTION('',(-1.,1.224646799147E-16,0.));
#10426 = DIRECTION('',(-1.224646799147E-16,-1.,1.110223024625E-16));
#10427 = ORIENTED_EDGE('',*,*,#10428,.F.);
#10428 = EDGE_CURVE('',#10429,#10420,#10431,.T.);
#10429 = VERTEX_POINT('',#10430);
#10430 = CARTESIAN_POINT('',(-0.9,-2.02,1.11));
#10431 = LINE('',#10432,#10433);
#10432 = CARTESIAN_POINT('',(-0.9,-2.02,1.11));
#10433 = VECTOR('',#10434,1.);
#10434 = DIRECTION('',(1.359631073447E-32,1.110223024625E-16,1.));
#10435 = ORIENTED_EDGE('',*,*,#10436,.F.);
#10436 = EDGE_CURVE('',#10437,#10429,#10439,.T.);
#10437 = VERTEX_POINT('',#10438);
#10438 = CARTESIAN_POINT('',(-0.9,-2.1,1.11));
#10439 = LINE('',#10440,#10441);
#10440 = CARTESIAN_POINT('',(-0.9,-2.1,1.11));
#10441 = VECTOR('',#10442,1.);
#10442 = DIRECTION('',(1.224646799147E-16,1.,-1.110223024625E-16));
#10443 = ORIENTED_EDGE('',*,*,#10444,.F.);
#10444 = EDGE_CURVE('',#10445,#10437,#10447,.T.);
#10445 = VERTEX_POINT('',#10446);
#10446 = CARTESIAN_POINT('',(-0.9,-2.186036465453,1.137127193357));
#10447 = CIRCLE('',#10448,0.15);
#10448 = AXIS2_PLACEMENT_3D('',#10449,#10450,#10451);
#10449 = CARTESIAN_POINT('',(-0.9,-2.1,1.26));
#10450 = DIRECTION('',(1.,-1.224646799147E-16,-1.232595164408E-32));
#10451 = DIRECTION('',(-7.024285468436E-17,-0.573576436351,
    -0.819152044289));
#10452 = ORIENTED_EDGE('',*,*,#10453,.F.);
#10453 = EDGE_CURVE('',#10404,#10445,#10454,.T.);
#10454 = LINE('',#10455,#10456);
#10455 = CARTESIAN_POINT('',(-0.9,-2.447,1.319855827445));
#10456 = VECTOR('',#10457,1.);
#10457 = DIRECTION('',(1.003171929054E-16,0.819152044289,-0.573576436351
    ));
#10458 = PLANE('',#10459);
#10459 = AXIS2_PLACEMENT_3D('',#10460,#10461,#10462);
#10460 = CARTESIAN_POINT('',(-0.9,-3.47,1.02));
#10461 = DIRECTION('',(1.,-1.224646799147E-16,0.));
#10462 = DIRECTION('',(-1.224646799147E-16,-1.,1.110223024625E-16));
#10463 = ADVANCED_FACE('',(#10464),#10489,.T.);
#10464 = FACE_BOUND('',#10465,.F.);
#10465 = EDGE_LOOP('',(#10466,#10467,#10475,#10483));
#10466 = ORIENTED_EDGE('',*,*,#10401,.T.);
#10467 = ORIENTED_EDGE('',*,*,#10468,.T.);
#10468 = EDGE_CURVE('',#10404,#10469,#10471,.T.);
#10469 = VERTEX_POINT('',#10470);
#10470 = CARTESIAN_POINT('',(-1.1,-2.447,1.319855827445));
#10471 = LINE('',#10472,#10473);
#10472 = CARTESIAN_POINT('',(-0.9,-2.447,1.319855827445));
#10473 = VECTOR('',#10474,1.);
#10474 = DIRECTION('',(-1.,1.224646799147E-16,0.));
#10475 = ORIENTED_EDGE('',*,*,#10476,.F.);
#10476 = EDGE_CURVE('',#10477,#10469,#10479,.T.);
#10477 = VERTEX_POINT('',#10478);
#10478 = CARTESIAN_POINT('',(-1.1,-1.393,1.319855827444));
#10479 = LINE('',#10480,#10481);
#10480 = CARTESIAN_POINT('',(-1.1,-1.393,1.319855827444));
#10481 = VECTOR('',#10482,1.);
#10482 = DIRECTION('',(-1.224646799147E-16,-1.,1.110223024625E-16));
#10483 = ORIENTED_EDGE('',*,*,#10484,.F.);
#10484 = EDGE_CURVE('',#10402,#10477,#10485,.T.);
#10485 = LINE('',#10486,#10487);
#10486 = CARTESIAN_POINT('',(-0.9,-1.393,1.319855827444));
#10487 = VECTOR('',#10488,1.);
#10488 = DIRECTION('',(-1.,1.224646799147E-16,0.));
#10489 = PLANE('',#10490);
#10490 = AXIS2_PLACEMENT_3D('',#10491,#10492,#10493);
#10491 = CARTESIAN_POINT('',(-0.9,-1.393,1.319855827444));
#10492 = DIRECTION('',(1.359631073447E-32,1.110223024625E-16,1.));
#10493 = DIRECTION('',(-1.224646799147E-16,-1.,1.110223024625E-16));
#10494 = ADVANCED_FACE('',(#10495),#10513,.T.);
#10495 = FACE_BOUND('',#10496,.F.);
#10496 = EDGE_LOOP('',(#10497,#10498,#10506,#10512));
#10497 = ORIENTED_EDGE('',*,*,#10453,.T.);
#10498 = ORIENTED_EDGE('',*,*,#10499,.T.);
#10499 = EDGE_CURVE('',#10445,#10500,#10502,.T.);
#10500 = VERTEX_POINT('',#10501);
#10501 = CARTESIAN_POINT('',(-1.1,-2.186036465453,1.137127193357));
#10502 = LINE('',#10503,#10504);
#10503 = CARTESIAN_POINT('',(-0.9,-2.186036465453,1.137127193357));
#10504 = VECTOR('',#10505,1.);
#10505 = DIRECTION('',(-1.,1.224646799147E-16,0.));
#10506 = ORIENTED_EDGE('',*,*,#10507,.F.);
#10507 = EDGE_CURVE('',#10469,#10500,#10508,.T.);
#10508 = LINE('',#10509,#10510);
#10509 = CARTESIAN_POINT('',(-1.1,-2.447,1.319855827445));
#10510 = VECTOR('',#10511,1.);
#10511 = DIRECTION('',(1.003171929054E-16,0.819152044289,-0.573576436351
    ));
#10512 = ORIENTED_EDGE('',*,*,#10468,.F.);
#10513 = PLANE('',#10514);
#10514 = AXIS2_PLACEMENT_3D('',#10515,#10516,#10517);
#10515 = CARTESIAN_POINT('',(-0.9,-2.447,1.319855827445));
#10516 = DIRECTION('',(-7.024285468436E-17,-0.573576436351,
    -0.819152044289));
#10517 = DIRECTION('',(1.003171929054E-16,0.819152044289,-0.573576436351
    ));
#10518 = ADVANCED_FACE('',(#10519),#10538,.T.);
#10519 = FACE_BOUND('',#10520,.T.);
#10520 = EDGE_LOOP('',(#10521,#10522,#10531,#10537));
#10521 = ORIENTED_EDGE('',*,*,#10499,.T.);
#10522 = ORIENTED_EDGE('',*,*,#10523,.T.);
#10523 = EDGE_CURVE('',#10500,#10524,#10526,.T.);
#10524 = VERTEX_POINT('',#10525);
#10525 = CARTESIAN_POINT('',(-1.1,-2.1,1.11));
#10526 = CIRCLE('',#10527,0.15);
#10527 = AXIS2_PLACEMENT_3D('',#10528,#10529,#10530);
#10528 = CARTESIAN_POINT('',(-1.1,-2.1,1.26));
#10529 = DIRECTION('',(1.,-1.224646799147E-16,-1.232595164408E-32));
#10530 = DIRECTION('',(-7.024285468436E-17,-0.573576436351,
    -0.819152044289));
#10531 = ORIENTED_EDGE('',*,*,#10532,.F.);
#10532 = EDGE_CURVE('',#10437,#10524,#10533,.T.);
#10533 = LINE('',#10534,#10535);
#10534 = CARTESIAN_POINT('',(-0.9,-2.1,1.11));
#10535 = VECTOR('',#10536,1.);
#10536 = DIRECTION('',(-1.,1.224646799147E-16,0.));
#10537 = ORIENTED_EDGE('',*,*,#10444,.F.);
#10538 = CYLINDRICAL_SURFACE('',#10539,0.15);
#10539 = AXIS2_PLACEMENT_3D('',#10540,#10541,#10542);
#10540 = CARTESIAN_POINT('',(-0.9,-2.1,1.26));
#10541 = DIRECTION('',(1.,-1.224646799147E-16,0.));
#10542 = DIRECTION('',(-1.224646799147E-16,-1.,1.110223024625E-16));
#10543 = ADVANCED_FACE('',(#10544),#10562,.T.);
#10544 = FACE_BOUND('',#10545,.F.);
#10545 = EDGE_LOOP('',(#10546,#10547,#10555,#10561));
#10546 = ORIENTED_EDGE('',*,*,#10436,.T.);
#10547 = ORIENTED_EDGE('',*,*,#10548,.T.);
#10548 = EDGE_CURVE('',#10429,#10549,#10551,.T.);
#10549 = VERTEX_POINT('',#10550);
#10550 = CARTESIAN_POINT('',(-1.1,-2.02,1.11));
#10551 = LINE('',#10552,#10553);
#10552 = CARTESIAN_POINT('',(-0.9,-2.02,1.11));
#10553 = VECTOR('',#10554,1.);
#10554 = DIRECTION('',(-1.,1.224646799147E-16,0.));
#10555 = ORIENTED_EDGE('',*,*,#10556,.F.);
#10556 = EDGE_CURVE('',#10524,#10549,#10557,.T.);
#10557 = LINE('',#10558,#10559);
#10558 = CARTESIAN_POINT('',(-1.1,-2.1,1.11));
#10559 = VECTOR('',#10560,1.);
#10560 = DIRECTION('',(1.224646799147E-16,1.,-1.110223024625E-16));
#10561 = ORIENTED_EDGE('',*,*,#10532,.F.);
#10562 = PLANE('',#10563);
#10563 = AXIS2_PLACEMENT_3D('',#10564,#10565,#10566);
#10564 = CARTESIAN_POINT('',(-0.9,-2.1,1.11));
#10565 = DIRECTION('',(-1.359631073447E-32,-1.110223024625E-16,-1.));
#10566 = DIRECTION('',(1.224646799147E-16,1.,-1.110223024625E-16));
#10567 = ADVANCED_FACE('',(#10568),#10586,.T.);
#10568 = FACE_BOUND('',#10569,.F.);
#10569 = EDGE_LOOP('',(#10570,#10571,#10579,#10585));
#10570 = ORIENTED_EDGE('',*,*,#10428,.T.);
#10571 = ORIENTED_EDGE('',*,*,#10572,.T.);
#10572 = EDGE_CURVE('',#10420,#10573,#10575,.T.);
#10573 = VERTEX_POINT('',#10574);
#10574 = CARTESIAN_POINT('',(-1.1,-2.02,1.144808050304));
#10575 = LINE('',#10576,#10577);
#10576 = CARTESIAN_POINT('',(-0.9,-2.02,1.144808050304));
#10577 = VECTOR('',#10578,1.);
#10578 = DIRECTION('',(-1.,1.224646799147E-16,0.));
#10579 = ORIENTED_EDGE('',*,*,#10580,.F.);
#10580 = EDGE_CURVE('',#10549,#10573,#10581,.T.);
#10581 = LINE('',#10582,#10583);
#10582 = CARTESIAN_POINT('',(-1.1,-2.02,1.11));
#10583 = VECTOR('',#10584,1.);
#10584 = DIRECTION('',(1.359631073447E-32,1.110223024625E-16,1.));
#10585 = ORIENTED_EDGE('',*,*,#10548,.F.);
#10586 = PLANE('',#10587);
#10587 = AXIS2_PLACEMENT_3D('',#10588,#10589,#10590);
#10588 = CARTESIAN_POINT('',(-0.9,-2.02,1.11));
#10589 = DIRECTION('',(1.224646799147E-16,1.,-1.110223024625E-16));
#10590 = DIRECTION('',(1.359631073447E-32,1.110223024625E-16,1.));
#10591 = ADVANCED_FACE('',(#10592),#10611,.F.);
#10592 = FACE_BOUND('',#10593,.F.);
#10593 = EDGE_LOOP('',(#10594,#10595,#10603,#10610));
#10594 = ORIENTED_EDGE('',*,*,#10419,.T.);
#10595 = ORIENTED_EDGE('',*,*,#10596,.T.);
#10596 = EDGE_CURVE('',#10412,#10597,#10599,.T.);
#10597 = VERTEX_POINT('',#10598);
#10598 = CARTESIAN_POINT('',(-1.1,-1.933917310096,1.243834857179));
#10599 = LINE('',#10600,#10601);
#10600 = CARTESIAN_POINT('',(-0.9,-1.933917310096,1.243834857179));
#10601 = VECTOR('',#10602,1.);
#10602 = DIRECTION('',(-1.,1.224646799147E-16,0.));
#10603 = ORIENTED_EDGE('',*,*,#10604,.F.);
#10604 = EDGE_CURVE('',#10573,#10597,#10605,.T.);
#10605 = CIRCLE('',#10606,0.1);
#10606 = AXIS2_PLACEMENT_3D('',#10607,#10608,#10609);
#10607 = CARTESIAN_POINT('',(-1.1,-1.92,1.144808050304));
#10608 = DIRECTION('',(-1.,1.224646799147E-16,0.));
#10609 = DIRECTION('',(-1.224646799147E-16,-1.,1.110223024625E-16));
#10610 = ORIENTED_EDGE('',*,*,#10572,.F.);
#10611 = CYLINDRICAL_SURFACE('',#10612,0.1);
#10612 = AXIS2_PLACEMENT_3D('',#10613,#10614,#10615);
#10613 = CARTESIAN_POINT('',(-0.9,-1.92,1.144808050304));
#10614 = DIRECTION('',(1.,-1.224646799147E-16,0.));
#10615 = DIRECTION('',(-1.224646799147E-16,-1.,1.110223024625E-16));
#10616 = ADVANCED_FACE('',(#10617),#10628,.T.);
#10617 = FACE_BOUND('',#10618,.F.);
#10618 = EDGE_LOOP('',(#10619,#10620,#10621,#10627));
#10619 = ORIENTED_EDGE('',*,*,#10411,.T.);
#10620 = ORIENTED_EDGE('',*,*,#10484,.T.);
#10621 = ORIENTED_EDGE('',*,*,#10622,.F.);
#10622 = EDGE_CURVE('',#10597,#10477,#10623,.T.);
#10623 = LINE('',#10624,#10625);
#10624 = CARTESIAN_POINT('',(-1.1,-1.933917310096,1.243834857179));
#10625 = VECTOR('',#10626,1.);
#10626 = DIRECTION('',(1.212728620682E-16,0.990268068742,0.13917310096)
  );
#10627 = ORIENTED_EDGE('',*,*,#10596,.F.);
#10628 = PLANE('',#10629);
#10629 = AXIS2_PLACEMENT_3D('',#10630,#10631,#10632);
#10630 = CARTESIAN_POINT('',(-0.9,-1.933917310096,1.243834857179));
#10631 = DIRECTION('',(1.704378926182E-17,0.13917310096,-0.990268068742)
  );
#10632 = DIRECTION('',(1.212728620682E-16,0.990268068742,0.13917310096)
  );
#10633 = ADVANCED_FACE('',(#10634),#10643,.F.);
#10634 = FACE_BOUND('',#10635,.F.);
#10635 = EDGE_LOOP('',(#10636,#10637,#10638,#10639,#10640,#10641,#10642)
  );
#10636 = ORIENTED_EDGE('',*,*,#10476,.T.);
#10637 = ORIENTED_EDGE('',*,*,#10507,.T.);
#10638 = ORIENTED_EDGE('',*,*,#10523,.T.);
#10639 = ORIENTED_EDGE('',*,*,#10556,.T.);
#10640 = ORIENTED_EDGE('',*,*,#10580,.T.);
#10641 = ORIENTED_EDGE('',*,*,#10604,.T.);
#10642 = ORIENTED_EDGE('',*,*,#10622,.T.);
#10643 = PLANE('',#10644);
#10644 = AXIS2_PLACEMENT_3D('',#10645,#10646,#10647);
#10645 = CARTESIAN_POINT('',(-1.1,-3.47,1.02));
#10646 = DIRECTION('',(1.,-1.224646799147E-16,0.));
#10647 = DIRECTION('',(-1.224646799147E-16,-1.,1.110223024625E-16));
#10648 = ( GEOMETRIC_REPRESENTATION_CONTEXT(3) 
GLOBAL_UNCERTAINTY_ASSIGNED_CONTEXT((#10652)) 
GLOBAL_UNIT_ASSIGNED_CONTEXT((#10649,#10650,#10651)) 
REPRESENTATION_CONTEXT('Context #1',
  '3D Context with UNIT and UNCERTAINTY') );
#10649 = ( LENGTH_UNIT() NAMED_UNIT(*) SI_UNIT(.MILLI.,.METRE.) );
#10650 = ( NAMED_UNIT(*) PLANE_ANGLE_UNIT() SI_UNIT($,.RADIAN.) );
#10651 = ( NAMED_UNIT(*) SI_UNIT($,.STERADIAN.) SOLID_ANGLE_UNIT() );
#10652 = UNCERTAINTY_MEASURE_WITH_UNIT(LENGTH_MEASURE(5.E-07),#10649,
  'distance_accuracy_value','confusion accuracy');
#10653 = PRODUCT_RELATED_PRODUCT_CATEGORY('part',$,(#7));
ENDSEC;
END-ISO-10303-21;
